sample,elapsed_s,total_ms,decode_wait_ms,prepare_ms,submit_to_flip_ms,other_ms
0,0.003391,5.713,4.604,0.083,0.826,0.2
1,0.011528,5.906,4.584,0.09,1.036,0.196
2,0.020143,5.625,4.614,0.094,0.734,0.183
3,0.028112,5.985,4.599,0.077,1.123,0.186
4,0.037374,5.689,4.598,0.09,0.814,0.187
5,0.044706,6.679,4.486,0.142,1.787,0.264
6,0.053524,6.214,4.49,0.096,1.436,0.192
7,0.063397,5.507,4.563,0.075,0.637,0.232
8,0.072013,5.551,4.531,0.088,0.73,0.202
9,0.08008,5.786,4.497,0.074,1.022,0.193
10,0.088582,5.605,4.483,0.072,0.852,0.198
11,0.096987,5.54,4.522,0.089,0.749,0.18
12,0.105162,5.676,4.487,0.084,0.923,0.182
13,0.113736,5.456,4.469,0.094,0.712,0.181
14,0.122261,5.476,4.501,0.078,0.658,0.239
15,0.132375,5.541,4.617,0.069,0.632,0.223
16,0.141058,5.47,4.497,0.096,0.673,0.204
17,0.151116,5.598,4.603,0.083,0.721,0.191
18,0.159123,5.953,4.488,0.24,1.039,0.186
19,0.167566,5.828,4.435,0.144,1.031,0.218
20,0.176269,5.718,4.485,0.143,0.798,0.292
21,0.184613,5.734,4.533,0.095,0.775,0.331
22,0.193332,6.146,4.578,0.224,1.009,0.335
23,0.201314,6.43,4.609,0.13,1.43,0.261
24,0.209532,6.508,4.573,0.094,1.6,0.241
25,0.217801,6.566,4.573,0.102,1.657,0.234
26,0.226471,6.236,4.571,0.155,1.26,0.25
27,0.234366,6.662,4.617,0.102,1.712,0.231
28,0.243055,6.366,4.581,0.265,1.251,0.269
29,0.252987,5.836,4.585,0.15,0.84,0.261
30,0.261425,5.844,4.524,0.154,0.864,0.302
31,0.270356,5.916,4.565,0.148,0.78,0.423
32,0.278141,6.35,4.579,0.153,1.34,0.278
33,0.287476,5.749,4.528,0.152,0.811,0.258
34,0.294961,6.688,4.575,0.145,1.63,0.338
35,0.30351,6.501,4.526,0.177,1.408,0.39
36,0.312072,6.287,4.555,0.145,1.179,0.408
37,0.322149,6.039,4.54,0.164,0.959,0.376
38,0.330653,5.908,4.527,0.148,0.841,0.392
39,0.338642,6.171,4.585,0.136,1.106,0.344
40,0.34724,5.985,4.434,0.124,1.007,0.42
41,0.355639,5.931,4.451,0.14,0.95,0.39
42,0.363576,6.297,4.468,0.128,1.344,0.357
43,0.372151,6.094,4.447,0.107,1.156,0.384
44,0.382801,6.052,4.501,0.183,0.928,0.44
45,0.392934,5.963,4.518,0.119,0.937,0.389
46,0.401122,6.097,4.449,0.143,1.113,0.392
47,0.409366,6.17,4.478,0.122,1.222,0.348
48,0.417881,6.0,4.479,0.14,1.032,0.349
49,0.426644,5.81,4.462,0.154,0.816,0.378
50,0.434595,6.133,4.459,0.225,1.106,0.343
51,0.443271,5.803,4.504,0.096,0.863,0.34
52,0.451042,6.308,4.496,0.08,1.449,0.283
53,0.459794,5.849,4.464,0.071,1.049,0.265
54,0.467615,6.359,4.456,0.068,1.57,0.265
55,0.476287,6.008,4.497,0.07,1.195,0.246
56,0.484467,6.157,4.484,0.07,1.363,0.24
57,0.493086,6.004,4.596,0.081,1.077,0.25
58,0.503194,5.699,4.613,0.091,0.793,0.202
59,0.511566,5.735,4.558,0.078,0.875,0.224
60,0.520779,5.54,4.554,0.074,0.682,0.23
61,0.528314,6.478,4.596,0.066,1.447,0.369
62,0.536776,6.256,4.61,0.062,1.313,0.271
63,0.54492,6.422,4.61,0.074,1.502,0.236
64,0.553453,6.219,4.551,0.076,1.348,0.244
65,0.563694,5.545,4.575,0.062,0.668,0.24
66,0.571952,5.703,4.609,0.087,0.813,0.194
67,0.580379,5.692,4.584,0.069,0.812,0.227
68,0.588668,5.751,4.566,0.063,0.865,0.257
69,0.596819,5.905,4.605,0.081,1.021,0.198
70,0.605167,5.91,4.62,0.07,1.008,0.212
71,0.613543,5.851,4.584,0.094,0.971,0.202
72,0.622053,5.693,4.622,0.08,0.795,0.196
73,0.63112,5.687,4.585,0.068,0.824,0.21
74,0.640591,5.707,4.564,0.087,0.855,0.201
75,0.649106,5.839,4.642,0.078,0.841,0.278
76,0.657353,5.838,4.589,0.078,0.894,0.277
77,0.665869,5.721,4.612,0.069,0.814,0.226
78,0.673864,6.05,4.599,0.064,1.166,0.221
79,0.68253,5.718,4.578,0.059,0.859,0.222
80,0.690609,6.068,4.592,0.171,1.101,0.204
81,0.700897,5.696,4.593,0.074,0.806,0.223
82,0.709531,5.545,4.57,0.061,0.695,0.219
83,0.717863,5.765,4.588,0.071,0.901,0.205
84,0.725962,6.01,4.608,0.058,1.116,0.228
85,0.734637,5.691,4.574,0.052,0.834,0.231
86,0.742645,6.006,4.574,0.077,1.151,0.204
87,0.751148,5.856,4.593,0.071,0.964,0.228
88,0.759807,5.71,4.628,0.06,0.811,0.211
89,0.769647,5.648,4.586,0.068,0.784,0.21
90,0.778354,5.584,4.621,0.06,0.69,0.213
91,0.786773,5.723,4.619,0.062,0.824,0.218
92,0.795156,5.767,4.45,0.089,0.916,0.312
93,0.803115,6.103,4.505,0.06,1.264,0.274
94,0.811575,5.926,4.489,0.059,1.15,0.228
95,0.821924,5.775,4.589,0.102,0.863,0.221
96,0.832371,5.694,4.601,0.078,0.743,0.272
97,0.840749,5.598,4.479,0.085,0.822,0.212
98,0.849383,5.545,4.55,0.07,0.731,0.194
99,0.857448,5.818,4.54,0.06,0.999,0.219
100,0.865452,6.134,4.519,0.057,1.359,0.199
101,0.87439,5.55,4.53,0.057,0.736,0.227
102,0.882322,5.973,4.517,0.057,1.151,0.248
103,0.890726,5.874,4.482,0.07,1.111,0.211
104,0.8992,5.818,4.516,0.066,0.938,0.298
105,0.907422,5.984,4.468,0.049,1.055,0.412
106,0.916075,5.603,4.525,0.064,0.741,0.273
107,0.924127,5.868,4.51,0.064,1.03,0.264
108,0.932307,5.988,4.518,0.059,1.176,0.235
109,0.942655,5.909,4.567,0.107,0.934,0.301
110,0.951131,5.841,4.597,0.16,0.825,0.259
111,0.959692,5.769,4.622,0.074,0.862,0.211
112,0.967807,5.995,4.563,0.069,1.132,0.231
113,0.975983,6.166,4.707,0.057,1.154,0.248
114,0.984604,5.983,4.578,0.104,0.962,0.339
115,0.992867,5.907,4.57,0.079,1.083,0.175
116,1.002951,5.736,4.568,0.071,0.848,0.249
117,1.01175,5.595,4.596,0.06,0.656,0.283
118,1.019898,5.733,4.616,0.077,0.825,0.215
119,1.028297,5.713,4.629,0.065,0.8,0.219
120,1.036812,5.743,4.622,0.066,0.838,0.217
121,1.044893,5.999,4.607,0.111,1.087,0.194
122,1.053437,5.773,4.579,0.062,0.926,0.206
123,1.061598,5.975,4.571,0.063,1.106,0.235
124,1.07003,5.863,4.613,0.072,0.97,0.208
125,1.080179,5.768,4.615,0.066,0.853,0.234
126,1.09058,5.965,4.579,0.102,1.036,0.248
127,1.099463,5.926,4.549,0.084,0.915,0.378
128,1.107428,6.225,4.575,0.064,1.309,0.277
129,1.115664,6.28,4.588,0.071,1.397,0.224
130,1.124127,6.281,4.604,0.078,1.246,0.353
131,1.132263,6.345,4.595,0.064,1.454,0.232
132,1.140851,6.083,4.59,0.088,1.185,0.22
133,1.149172,6.097,4.592,0.101,1.167,0.237
134,1.157617,6.116,4.532,0.062,1.139,0.383
135,1.165705,6.299,4.601,0.055,1.345,0.298
136,1.174132,6.157,4.6,0.064,1.249,0.244
137,1.182223,6.382,4.61,0.066,1.477,0.229
138,1.193171,5.751,4.595,0.077,0.859,0.22
139,1.201316,5.925,4.553,0.087,1.035,0.25
140,1.209253,6.333,4.612,0.072,1.402,0.247
141,1.217694,6.217,4.564,0.094,1.354,0.205
142,1.22635,5.896,4.624,0.066,0.994,0.212
143,1.234752,5.871,4.608,0.102,0.966,0.195
144,1.243047,6.097,4.617,0.086,1.03,0.364
145,1.251512,5.872,4.449,0.091,1.043,0.289
146,1.261616,5.603,4.571,0.083,0.708,0.241
147,1.270299,5.512,4.518,0.074,0.706,0.214
148,1.278057,6.102,4.507,0.069,1.316,0.21
149,1.286906,5.562,4.513,0.086,0.766,0.197
150,1.294977,5.814,4.554,0.08,1.013,0.167
151,1.303378,5.838,4.482,0.077,0.995,0.284
152,1.31185,5.657,4.488,0.066,0.861,0.242
153,1.321857,5.723,4.587,0.095,0.76,0.281
154,1.330215,5.647,4.477,0.067,0.862,0.241
155,1.338533,5.696,4.467,0.082,0.888,0.259
156,1.346837,5.685,4.504,0.074,0.885,0.222
157,1.355625,5.452,4.453,0.074,0.686,0.239
158,1.363654,5.749,4.488,0.07,0.972,0.219
159,1.372217,5.522,4.489,0.061,0.716,0.256
160,1.382651,5.562,4.536,0.087,0.725,0.214
161,1.39089,5.719,4.458,0.071,0.904,0.286
162,1.399308,5.806,4.617,0.069,0.908,0.212
163,1.407198,6.281,4.644,0.08,1.323,0.234
164,1.415945,5.856,4.633,0.089,0.942,0.192
165,1.423866,6.255,4.58,0.07,1.375,0.23
166,1.432243,6.205,4.587,0.175,1.219,0.224
167,1.4408,5.957,4.64,0.13,0.998,0.189
168,1.451291,5.848,4.619,0.082,0.839,0.308
169,1.45944,5.981,4.587,0.072,1.061,0.261
170,1.467722,6.001,4.581,0.075,1.119,0.226
171,1.476444,5.824,4.589,0.074,0.897,0.264
172,1.484482,6.083,4.548,0.072,1.232,0.231
173,1.492884,6.008,4.613,0.066,1.091,0.238
174,1.503426,5.708,4.588,0.072,0.838,0.21
175,1.513461,5.742,4.609,0.066,0.836,0.231
176,1.521868,5.881,4.618,0.081,0.914,0.268
177,1.530274,5.755,4.605,0.07,0.856,0.224
178,1.538533,5.815,4.588,0.141,0.896,0.19
179,1.54667,6.017,4.453,0.117,1.224,0.223
180,1.555269,5.766,4.501,0.069,0.961,0.235
181,1.563359,5.995,4.534,0.082,1.17,0.209
182,1.572183,5.689,4.506,0.106,0.73,0.347
183,1.580654,5.734,4.454,0.167,0.852,0.261
184,1.588557,6.099,4.468,0.137,1.313,0.181
185,1.597513,5.49,4.479,0.072,0.727,0.212
186,1.605161,6.173,4.489,0.065,1.401,0.218
187,1.613735,5.982,4.492,0.065,1.162,0.263
188,1.622261,5.776,4.513,0.091,0.947,0.225
189,1.632413,5.731,4.543,0.07,0.839,0.279
190,1.640808,5.653,4.477,0.069,0.844,0.263
191,1.648867,5.928,4.468,0.067,1.026,0.367
192,1.657251,5.866,4.496,0.061,1.008,0.301
193,1.665668,6.076,4.472,0.066,0.984,0.554
194,1.674243,5.55,4.523,0.064,0.694,0.269
195,1.682537,5.558,4.473,0.083,0.785,0.217
196,1.692618,5.541,4.593,0.076,0.642,0.23
197,1.702082,6.763,4.614,0.174,0.944,1.031
198,1.709746,6.758,4.612,0.081,1.689,0.376
199,1.717738,6.981,4.592,0.09,2.026,0.273
200,1.72623,6.786,4.614,0.07,1.874,0.228
201,1.734597,6.734,4.573,0.074,1.887,0.2
202,1.742843,6.822,4.633,0.088,1.914,0.187
203,1.753631,5.724,4.588,0.069,0.831,0.236
204,1.76355,5.688,4.553,0.072,0.829,0.234
205,1.771899,5.743,4.61,0.091,0.795,0.247
206,1.780267,5.808,4.615,0.078,0.885,0.23
207,1.788434,5.961,4.579,0.072,1.11,0.2
208,1.796751,5.996,4.582,0.145,1.034,0.235
209,1.805213,5.907,4.568,0.126,0.886,0.327
210,1.81353,5.909,4.527,0.077,1.026,0.279
211,1.821763,5.99,4.643,0.097,1.042,0.208
212,1.830575,5.795,4.571,0.091,0.912,0.221
213,1.838481,6.219,4.565,0.085,1.339,0.23
214,1.847162,6.017,4.513,0.072,1.066,0.366
215,1.855577,5.829,4.463,0.087,1.028,0.251
216,1.863636,6.102,4.449,0.104,0.867,0.682
217,1.87209,5.998,4.503,0.078,0.846,0.571
218,1.880728,5.862,4.481,0.148,1.019,0.214
219,1.890766,5.797,4.558,0.098,0.929,0.212
220,1.898872,6.011,4.491,0.084,1.21,0.226
221,1.907423,6.019,4.497,0.115,0.722,0.685
222,1.915996,5.784,4.521,0.09,0.713,0.46
223,1.924495,5.601,4.475,0.077,0.69,0.359
224,1.932432,5.982,4.479,0.121,0.674,0.708
225,1.941084,5.67,4.502,0.075,0.655,0.438
226,1.951016,6.147,4.624,0.1,0.616,0.807
227,1.959589,5.885,4.457,0.081,0.599,0.748
228,1.967492,6.374,4.454,0.121,0.636,1.163
229,1.97628,5.949,4.514,0.076,0.651,0.708
230,1.984293,6.258,4.5,0.108,0.633,1.017
231,1.992894,6.16,4.489,0.082,0.755,0.834
232,2.00348,5.533,4.538,0.074,0.666,0.255
233,2.013448,5.467,4.526,0.068,0.624,0.249
234,2.02182,5.567,4.621,0.078,0.645,0.223
235,2.030104,5.611,4.602,0.073,0.754,0.182
236,2.038509,5.643,4.574,0.082,0.806,0.181
237,2.046528,5.982,4.573,0.072,1.134,0.203
238,2.055291,5.732,4.6,0.069,0.837,0.226
239,2.063816,5.587,4.637,0.072,0.66,0.218
240,2.071825,6.556,4.613,0.089,0.736,1.118
241,2.080178,6.573,4.64,0.112,0.755,1.066
242,2.088863,6.207,4.616,0.068,0.741,0.782
243,2.096875,6.547,4.61,0.099,0.726,1.112
244,2.105385,6.403,4.574,0.064,0.725,1.04
245,2.113487,6.686,4.542,0.068,0.738,1.338
246,2.122027,6.481,4.603,0.119,0.726,1.033
247,2.130811,6.313,4.611,0.124,0.823,0.755
248,2.140399,5.798,4.534,0.066,0.963,0.235
249,2.149075,5.82,4.619,0.084,0.774,0.343
250,2.157653,5.574,4.571,0.072,0.642,0.289
251,2.165484,6.949,4.6,0.064,0.792,1.493
252,2.174609,6.261,4.599,0.132,0.88,0.65
253,2.182013,7.172,4.602,0.124,0.858,1.588
254,2.193035,5.68,4.611,0.088,0.792,0.189
255,2.201077,6.765,4.608,0.07,0.73,1.357
256,2.209313,6.968,4.585,0.072,0.736,1.575
257,2.217938,6.666,4.584,0.123,0.754,1.205
258,2.226176,6.817,4.582,0.126,0.74,1.369
259,2.234512,6.755,4.566,0.083,0.717,1.389
260,2.242657,6.976,4.606,0.144,0.705,1.521
261,2.253484,5.765,4.553,0.089,0.876,0.247
262,2.263466,5.729,4.593,0.086,0.838,0.212
263,2.27197,5.808,4.6,0.091,0.806,0.311
264,2.280082,5.972,4.592,0.104,1.017,0.259
265,2.28847,5.881,4.556,0.065,1.033,0.227
266,2.296622,6.064,4.561,0.077,1.208,0.218
267,2.305282,5.744,4.613,0.067,0.84,0.224
268,2.313435,5.927,4.58,0.06,1.061,0.226
269,2.322044,5.995,4.6,0.12,1.002,0.273
270,2.330843,5.743,4.569,0.091,0.878,0.205
271,2.338574,6.378,4.57,0.065,1.489,0.254
272,2.347041,6.233,4.612,0.066,1.323,0.232
273,2.355302,6.299,4.608,0.061,1.392,0.238
274,2.363855,6.09,4.589,0.047,1.191,0.263
275,2.372023,6.337,4.589,0.081,1.358,0.309
276,2.380512,6.079,4.572,0.079,1.21,0.218
277,2.390863,7.063,4.573,0.088,0.753,1.649
278,2.39886,7.419,4.607,0.084,0.738,1.99
279,2.408142,6.721,4.587,0.07,0.722,1.342
280,2.415519,7.514,4.596,0.078,0.778,2.062
281,2.424094,7.381,4.622,0.124,0.824,1.811
282,2.43256,7.189,4.569,0.092,0.801,1.727
283,2.44259,7.495,4.57,0.128,0.687,2.11
284,2.451,7.44,4.517,0.104,0.676,2.143
285,2.45967,7.105,4.485,0.105,0.68,1.835
286,2.467569,7.576,4.461,0.081,0.691,2.343
287,2.476356,7.196,4.454,0.104,0.762,1.876
288,2.484778,7.179,4.513,0.111,0.781,1.774
289,2.492617,7.639,4.46,0.079,0.759,2.341
290,2.501283,7.309,4.506,0.183,0.687,1.933
291,2.51167,7.306,4.585,0.069,0.675,1.977
292,2.521801,5.689,4.593,0.1,0.778,0.218
293,2.53019,5.622,4.514,0.075,0.801,0.232
294,2.538479,5.668,4.486,0.073,0.782,0.327
295,2.547165,5.619,4.512,0.125,0.803,0.179
296,2.555185,6.034,4.505,0.091,1.053,0.385
297,2.56392,7.437,4.519,0.085,0.831,2.002
298,2.571838,7.906,4.493,0.188,0.886,2.339
299,2.580399,7.673,4.499,0.158,0.869,2.147
300,2.588702,7.864,4.447,0.139,0.85,2.428
301,2.597071,7.753,4.509,0.118,0.83,2.296
302,2.605024,8.219,4.616,0.113,0.956,2.534
303,2.613448,8.11,4.536,0.115,0.934,2.525
304,2.621994,8.068,4.593,0.131,0.914,2.43
305,2.630551,7.656,4.545,0.081,0.897,2.133
306,2.641259,5.892,4.583,0.1,0.931,0.278
307,2.648827,6.59,4.584,0.105,1.376,0.525
308,2.657377,6.386,4.589,0.073,1.357,0.367
309,2.665825,6.251,4.607,0.067,1.339,0.238
310,2.673875,6.526,4.65,0.099,1.312,0.465
311,2.682506,6.245,4.557,0.075,1.297,0.316
312,2.692512,8.225,4.616,0.109,0.773,2.727
313,2.701363,7.813,4.602,0.083,0.768,2.36
314,2.709793,7.679,4.602,0.101,0.757,2.219
315,2.718157,7.718,4.6,0.097,0.808,2.213
316,2.726189,8.027,4.624,0.079,0.79,2.534
317,2.73442,8.101,4.593,0.146,0.748,2.614
318,2.742715,8.136,4.567,0.102,0.746,2.721
319,2.753422,5.759,4.549,0.084,0.726,0.4
320,2.763419,6.389,4.542,0.111,0.898,0.838
321,2.771966,6.192,4.51,0.147,0.88,0.655
322,2.780452,5.99,4.497,0.12,0.856,0.517
323,2.788479,6.319,4.494,0.078,0.838,0.909
324,2.79687,6.273,4.489,0.07,0.817,0.897
325,2.805103,6.341,4.496,0.111,0.797,0.937
326,2.813499,6.295,4.464,0.103,0.779,0.949
327,2.821734,8.553,4.475,0.135,0.83,3.113
328,2.830432,8.213,4.428,0.149,0.81,2.826
329,2.838427,8.496,4.518,0.122,0.787,3.069
330,2.846837,8.422,4.486,0.093,0.762,3.081
331,2.855264,9.941,4.501,0.163,2.303,2.974
332,2.864071,10.095,4.524,0.119,2.317,3.135
333,2.871911,9.989,4.508,0.13,2.295,3.056
334,2.880665,9.571,4.481,0.112,2.281,2.697
335,2.890585,8.734,4.599,0.092,0.893,3.15
336,2.899125,8.504,4.58,0.106,0.873,2.945
337,2.907331,8.673,4.613,0.091,0.877,3.092
338,2.915958,8.436,4.573,0.172,0.89,2.801
339,2.923933,8.955,4.585,0.225,0.952,3.193
340,2.932581,8.626,4.576,0.134,0.965,2.951
341,2.942731,6.778,4.599,0.091,0.953,1.135
342,2.951382,6.416,4.561,0.129,0.937,0.789
343,2.959399,6.739,4.58,0.123,0.916,1.12
344,2.968246,6.236,4.621,0.135,0.892,0.588
345,2.97634,8.392,4.583,0.125,0.74,2.944
346,2.984592,8.797,4.563,0.086,0.884,3.264
347,2.992731,9.161,4.658,0.296,1.048,3.159
348,3.003439,6.955,4.572,0.125,1.093,1.165
349,3.01384,5.863,4.662,0.091,0.808,0.302
350,3.021848,6.12,4.607,0.158,1.08,0.275
351,3.030334,5.942,4.572,0.094,1.053,0.223
352,3.038454,6.164,4.566,0.082,1.287,0.229
353,3.046702,6.24,4.46,0.084,1.472,0.224
354,3.055138,6.156,4.505,0.067,1.349,0.235
355,3.063815,8.568,4.497,0.074,0.672,3.325
356,3.071864,9.011,4.56,0.256,0.75,3.445
357,3.080281,8.914,4.509,0.103,0.727,3.575
358,3.088833,8.689,4.512,0.109,0.71,3.358
359,3.096944,8.923,4.533,0.104,0.689,3.597
360,3.105451,8.68,4.493,0.113,0.668,3.406
361,3.113684,8.961,4.549,0.081,0.711,3.62
362,3.122089,8.79,4.5,0.13,0.691,3.469
363,3.132308,8.928,4.57,0.081,0.602,3.675
364,3.141014,13.112,4.528,0.091,5.123,3.37
365,3.148884,13.634,4.511,0.137,5.1,3.886
366,3.157479,13.389,4.475,0.119,5.083,3.712
367,3.166683,13.219,4.43,0.202,5.058,3.529
368,3.174676,13.62,4.425,0.204,5.244,3.747
369,3.182248,14.012,4.622,0.088,5.228,4.074
370,3.191255,13.153,4.465,0.083,5.204,3.401
371,3.201572,11.069,4.553,0.076,3.096,3.344
372,3.210418,11.236,4.52,0.154,3.081,3.481
373,3.218267,13.784,4.567,0.128,5.593,3.496
374,3.226164,14.148,4.636,0.098,5.574,3.84
375,3.234313,14.19,4.639,0.082,5.554,3.915
376,3.242901,14.029,4.498,0.147,5.537,3.847
377,3.25153,13.764,4.552,0.159,5.512,3.541
378,3.261203,12.361,4.63,0.115,5.49,2.126
379,3.269814,12.124,4.598,0.185,5.472,1.869
380,3.278782,11.428,4.63,0.111,5.465,1.222
381,3.286374,12.11,4.577,0.109,5.459,1.965
382,3.295022,11.842,4.629,0.093,5.462,1.658
383,3.302998,12.181,4.626,0.083,5.46,2.012
384,3.311683,11.815,4.632,0.09,5.449,1.644
385,3.321828,10.0,4.636,0.181,1.292,3.891
386,3.330621,13.657,4.498,0.109,5.148,3.902
387,3.33853,13.938,4.613,0.14,5.2,3.985
388,3.346983,13.782,4.678,0.105,5.2,3.799
389,3.355947,13.549,4.623,0.082,5.617,3.227
390,3.363854,14.088,4.733,0.107,5.617,3.631
391,3.3743,11.85,4.581,0.1,5.623,1.546
392,3.380583,13.99,4.515,0.114,5.617,3.744
393,3.390499,13.831,4.564,4.579,0.748,3.94
394,3.398753,14.169,0.0,0.033,5.285,8.851
395,3.40754,13.799,4.547,0.056,5.314,3.882
396,3.415453,14.468,4.24,0.09,5.575,4.563
397,3.424321,14.116,4.742,0.062,5.608,3.704
398,3.43285,13.801,4.682,0.06,5.631,3.428
399,3.441129,13.808,4.541,0.058,5.654,3.555
400,3.451352,11.846,4.61,0.098,3.606,3.532
401,3.460935,10.576,4.595,0.273,3.627,2.081
402,3.469953,10.117,4.615,0.104,3.651,1.747
403,3.477859,10.32,4.529,0.106,3.655,2.03
404,3.486533,10.24,4.532,0.15,3.681,1.877
405,3.495157,9.82,4.59,0.169,3.702,1.359
406,3.503252,10.161,4.604,0.219,3.714,1.624
407,3.511549,10.037,4.537,0.126,1.648,3.726
408,3.520221,13.549,4.556,0.157,5.463,3.373
409,3.528231,13.859,4.598,0.122,5.482,3.657
410,3.536771,13.753,4.67,0.12,5.511,3.452
411,3.545084,13.691,4.544,0.102,5.531,3.514
412,3.553138,13.988,4.682,0.067,5.553,3.686
413,3.561746,13.664,4.722,0.11,5.567,3.265
414,3.572361,11.364,4.565,0.113,3.526,3.16
415,3.580407,11.72,4.558,0.11,3.541,3.511
416,3.588977,11.399,4.55,0.109,3.557,3.183
417,3.597016,11.737,4.571,0.101,3.588,3.477
418,3.605551,11.495,4.516,0.092,3.594,3.293
419,3.613612,11.8,4.55,0.134,3.614,3.502
420,3.622181,11.574,4.595,0.128,3.64,3.211
421,3.632635,9.467,4.594,0.094,3.67,1.109
422,3.641105,9.28,4.617,0.07,3.695,0.898
423,3.6489,9.754,4.603,0.09,3.71,1.351
424,3.65749,9.516,4.559,0.065,1.646,3.246
425,3.665533,9.806,4.633,0.099,1.67,3.404
426,3.674105,9.529,4.583,0.089,1.689,3.168
427,3.682396,9.58,4.566,0.061,1.705,3.248
428,3.690873,9.445,4.594,0.087,1.731,3.033
429,3.699748,8.888,4.631,0.084,1.756,2.417
430,3.709293,7.699,4.586,0.053,1.777,1.283
431,3.717829,7.483,4.568,0.069,1.796,1.05
432,3.726286,7.363,4.577,0.052,1.818,0.916
433,3.734466,7.508,4.545,0.086,1.836,1.041
434,3.742785,7.701,4.612,0.082,1.86,1.147
435,3.751481,7.291,4.532,0.074,1.878,0.807
436,3.761817,8.201,4.608,0.114,0.69,2.789
437,3.769839,8.432,4.584,0.049,0.707,3.092
438,3.77811,8.518,4.574,0.066,0.733,3.145
439,3.786534,8.408,4.554,0.049,0.754,3.051
440,3.795042,8.274,4.516,0.074,0.772,2.912
441,3.802986,8.635,4.509,0.061,0.792,3.273
442,3.811668,8.287,4.461,0.067,0.815,2.944
443,3.822565,5.811,4.607,0.087,0.797,0.32
444,3.83041,6.24,4.473,0.052,0.854,0.861
445,3.839288,7.44,4.477,0.078,0.588,2.297
446,3.846956,8.141,4.498,0.057,0.613,2.973
447,3.85557,7.86,4.455,0.048,0.667,2.69
448,3.86361,8.354,4.468,0.07,0.712,3.104
449,3.871863,8.301,4.496,0.083,0.731,2.991
450,3.882271,6.238,4.586,0.107,0.752,0.793
451,3.892625,5.537,4.552,0.08,0.657,0.248
452,3.901227,5.425,4.48,0.067,0.622,0.256
453,3.909522,5.454,4.505,0.07,0.642,0.237
454,3.917496,5.826,4.454,0.05,1.05,0.272
455,3.926093,5.577,4.483,0.082,0.76,0.252
456,3.934211,5.791,4.495,0.066,0.972,0.258
457,3.94271,5.651,4.474,0.065,0.851,0.261
458,3.951267,7.773,4.566,0.071,0.672,2.464
459,3.959376,8.014,4.549,0.047,0.686,2.732
460,3.967832,7.882,4.596,0.058,0.713,2.515
461,3.975824,8.23,4.575,0.083,0.733,2.839
462,3.984463,7.919,4.548,0.045,0.752,2.574
463,3.992844,7.87,4.55,0.063,0.773,2.484
464,4.001096,7.953,4.572,0.056,0.797,2.528
465,4.011443,5.947,4.532,0.047,0.817,0.551
466,4.020026,5.725,4.612,0.076,0.802,0.235
467,4.028269,5.791,4.547,0.041,0.872,0.331
468,4.036709,5.707,4.584,0.071,0.78,0.272
469,4.044779,7.746,4.578,0.071,0.629,2.468
470,4.053297,7.576,4.561,0.081,0.65,2.284
471,4.061479,7.704,4.564,0.054,0.667,2.419
472,4.071951,5.72,4.643,0.065,0.77,0.242
473,4.080275,5.693,4.604,0.05,0.795,0.244
474,4.088903,7.239,4.599,0.067,0.597,1.976
475,4.09689,7.569,4.489,0.053,0.609,2.418
476,4.105429,7.365,4.478,0.049,0.63,2.208
477,4.113481,7.632,4.462,0.034,0.651,2.485
478,4.122105,7.505,4.51,0.069,0.762,2.164
479,4.132089,5.864,4.603,0.063,0.779,0.419
480,4.140768,5.564,4.49,0.059,0.738,0.277
481,4.149114,5.517,4.498,0.045,0.732,0.242
482,4.157219,7.51,4.486,0.039,0.577,2.408
483,4.165977,7.095,4.502,0.068,0.607,1.918
484,4.173911,7.52,4.506,0.06,0.627,2.327
485,4.18269,7.055,4.453,0.069,0.647,1.886
486,4.192558,5.561,4.538,0.049,0.676,0.298
487,4.201231,5.513,4.489,0.067,0.719,0.238
488,4.209621,5.485,4.455,0.044,0.698,0.288
489,4.217984,5.48,4.481,0.069,0.678,0.252
490,4.225827,5.964,4.46,0.044,1.121,0.339
491,4.234453,5.658,4.473,0.048,0.874,0.263
492,4.243204,5.63,4.491,0.061,0.817,0.261
493,4.253441,7.134,4.568,0.094,0.802,1.67
494,4.261528,7.381,4.569,0.055,0.82,1.937
495,4.26984,7.389,4.602,0.057,0.844,1.886
496,4.278484,7.09,4.574,0.073,0.863,1.58
497,4.28671,7.171,4.607,0.062,0.882,1.62
498,4.295077,7.161,4.602,0.079,0.907,1.573
499,4.303124,7.44,4.6,0.08,0.93,1.83
500,4.311622,7.274,4.604,0.084,0.948,1.638
501,4.319888,7.324,4.601,0.099,0.971,1.653
502,4.330015,5.729,4.6,0.073,0.798,0.258
503,4.338594,5.754,4.574,0.081,0.888,0.211
504,4.347205,6.811,4.619,0.062,0.744,1.386
505,4.355201,7.163,4.618,0.082,0.813,1.65
506,4.363783,6.951,4.589,0.07,0.835,1.457
507,4.37193,7.144,4.598,0.057,0.858,1.631
508,4.380566,6.831,4.563,0.075,0.876,1.317
509,4.390704,5.495,4.599,0.057,0.604,0.235
510,4.399169,5.48,4.522,0.078,0.663,0.217
511,4.407128,7.079,4.521,0.078,0.66,1.82
512,4.416368,6.145,4.521,0.075,0.687,0.862
513,4.424236,6.625,4.51,0.091,0.7,1.324
514,4.432252,6.956,4.512,0.076,0.724,1.644
515,4.440659,6.867,4.472,0.087,0.746,1.562
516,4.451275,5.513,4.577,0.058,0.615,0.263
517,4.459268,5.844,4.498,0.12,1.021,0.205
518,4.467846,5.616,4.476,0.073,0.818,0.249
519,4.475753,6.024,4.485,0.078,1.24,0.221
520,4.484378,5.747,4.488,0.066,0.949,0.244
521,4.492841,5.597,4.518,0.072,0.776,0.231
522,4.502901,6.918,4.616,0.082,0.685,1.535
523,4.511542,6.611,4.471,0.075,0.705,1.36
524,4.519806,6.692,4.497,0.078,0.729,1.388
525,4.528179,6.635,4.481,0.075,0.749,1.33
526,4.536614,6.557,4.472,0.059,0.767,1.259
527,4.544821,6.67,4.475,0.095,0.793,1.307
528,4.553122,6.717,4.556,0.092,0.828,1.241
529,4.563762,6.471,4.669,0.091,0.857,0.854
530,4.572054,6.579,4.594,0.069,0.875,1.041
531,4.579913,7.034,4.615,0.087,0.907,1.425
532,4.588613,6.676,4.596,0.061,0.927,1.092
533,4.596781,6.817,4.609,0.085,0.948,1.175
534,4.605345,6.609,4.579,0.072,0.97,0.988
535,4.613814,6.444,4.622,0.06,0.989,0.773
536,4.621994,6.615,4.61,0.072,1.008,0.925
537,4.630455,6.476,4.544,0.078,1.032,0.822
538,4.640916,6.668,4.615,0.056,1.26,0.737
539,4.649096,6.792,4.632,0.08,1.28,0.8
540,4.657136,7.121,4.61,0.096,1.302,1.113
541,4.665983,6.6,4.616,0.072,1.32,0.592
542,4.673967,6.952,4.596,0.144,1.302,0.91
543,4.682136,7.079,4.586,0.092,1.363,1.038
544,4.690902,6.671,4.605,0.095,1.379,0.592
545,4.701326,5.744,4.58,0.065,0.856,0.243
546,4.711387,5.698,4.554,0.059,0.834,0.251
547,4.719706,5.713,4.49,0.091,0.911,0.221
548,4.728024,5.713,4.508,0.082,0.925,0.198
549,4.736229,5.838,4.461,0.083,1.082,0.212
550,4.744734,5.679,4.513,0.073,0.879,0.214
551,4.752962,6.26,4.521,0.102,0.696,0.941
552,4.761429,6.125,4.488,0.077,0.716,0.844
553,4.77007,6.037,4.492,0.111,0.742,0.692
554,4.778069,6.214,4.51,0.087,0.761,0.856
555,4.786386,6.184,4.469,0.077,0.781,0.857
556,4.795022,5.899,4.497,0.083,0.803,0.516
557,4.803078,6.16,4.518,0.083,0.822,0.737
558,4.811649,5.935,4.456,0.069,0.842,0.568
559,4.820343,5.595,4.505,0.056,0.773,0.261
560,4.830353,5.705,4.583,0.053,0.781,0.288
561,4.838443,6.029,4.494,0.064,0.734,0.737
562,4.847026,5.841,4.51,0.068,0.753,0.51
563,4.855182,5.961,4.603,0.071,0.755,0.532
564,4.863524,5.955,4.574,0.091,0.796,0.494
565,4.872199,5.747,4.624,0.084,0.812,0.227
566,4.882713,5.715,4.602,0.085,0.799,0.229
567,4.890889,5.892,4.576,0.089,0.958,0.269
568,4.899041,6.075,4.596,0.079,1.15,0.25
569,4.907305,6.114,4.59,0.068,1.093,0.363
570,4.915694,6.08,4.606,0.06,1.114,0.3
571,4.923888,6.215,4.607,0.069,1.134,0.405
572,4.932388,6.054,4.569,0.064,1.153,0.268
573,4.943066,5.676,4.596,0.058,0.772,0.25
574,4.952999,5.808,4.601,0.088,0.889,0.23
575,4.961471,5.797,4.567,0.071,0.851,0.308
576,4.969721,5.854,4.613,0.09,0.925,0.226
577,4.977811,6.083,4.585,0.083,1.195,0.22
578,4.986305,5.922,4.558,0.066,1.05,0.248
579,4.994584,5.989,4.576,0.08,1.091,0.242
580,5.002846,6.033,4.498,0.064,1.225,0.246
581,5.011799,5.57,4.502,0.079,0.699,0.29
582,5.019582,6.07,4.476,0.067,1.275,0.252
583,5.028109,5.876,4.504,0.088,1.044,0.24
584,5.036559,5.763,4.456,0.069,0.979,0.259
585,5.045584,6.478,4.405,0.073,0.885,1.115
586,5.054302,6.234,4.456,0.093,0.865,0.82
587,5.064425,6.259,4.54,0.073,0.831,0.815
588,5.072377,6.645,4.43,0.066,1.289,0.86
589,5.080604,6.384,4.465,0.067,1.408,0.444
590,5.088315,6.853,4.504,0.074,1.98,0.295
591,5.096912,6.562,4.52,0.1,1.702,0.24
592,5.105015,6.812,4.512,0.075,1.96,0.265
593,5.113409,6.707,4.486,0.067,1.924,0.23
594,5.122008,6.455,4.507,0.072,1.64,0.236
595,5.132681,5.68,4.614,0.073,0.731,0.262
596,5.140566,6.09,4.463,0.059,1.334,0.234
597,5.149062,6.102,4.489,0.09,1.143,0.38
598,5.157442,5.893,4.561,0.088,1.047,0.197
599,5.165482,6.2,4.557,0.114,1.304,0.225
600,5.174082,5.948,4.6,0.084,1.004,0.26
601,5.182179,6.169,4.598,0.089,1.251,0.231
602,5.190649,6.015,4.555,0.095,1.132,0.233
603,5.202031,6.567,4.54,0.077,0.908,1.042
604,5.211365,5.744,4.548,0.085,0.68,0.431
605,5.219803,5.76,4.603,0.08,0.791,0.286
606,5.228213,5.755,4.576,0.089,0.831,0.259
607,5.236097,6.181,4.56,0.082,1.323,0.216
608,5.244741,5.882,4.6,0.065,0.971,0.246
609,5.252927,6.098,4.595,0.104,1.106,0.293
610,5.261502,5.805,4.553,0.071,0.921,0.26
611,5.270083,5.709,4.591,0.091,0.802,0.225
612,5.278402,5.724,4.567,0.072,0.848,0.237
613,5.286784,5.728,4.558,0.084,0.858,0.228
614,5.294944,5.949,4.609,0.091,0.98,0.269
615,5.302991,6.175,4.52,0.078,1.375,0.202
616,5.311587,5.958,4.464,0.09,1.152,0.252
617,5.320253,5.639,4.492,0.104,0.777,0.266
618,5.329977,5.936,4.585,0.1,0.99,0.261
619,5.338494,5.726,4.466,0.09,0.962,0.208
620,5.347075,5.571,4.499,0.084,0.751,0.237
621,5.355114,5.842,4.492,0.089,1.036,0.225
622,5.363771,5.535,4.502,0.095,0.724,0.214
623,5.37429,5.599,4.59,0.07,0.697,0.242
624,5.382274,5.941,4.522,0.09,1.112,0.217
625,5.391024,5.518,4.511,0.077,0.725,0.205
626,5.398717,6.154,4.469,0.104,1.394,0.187
627,5.407273,5.95,4.477,0.088,1.175,0.21
628,5.415833,5.725,4.489,0.091,0.908,0.237
629,5.424036,5.92,4.509,0.093,1.034,0.284
630,5.432267,5.969,4.499,0.101,1.142,0.227
631,5.443181,5.619,4.593,0.108,0.703,0.215
632,5.453001,5.824,4.598,0.101,0.855,0.27
633,5.462146,6.716,4.514,0.087,1.044,1.071
634,5.470032,6.896,4.581,0.06,1.444,0.811
635,5.478487,6.674,4.562,0.073,1.364,0.675
636,5.486672,6.897,4.574,0.082,1.482,0.759
637,5.495073,6.75,4.568,0.075,1.443,0.664
638,5.503298,6.948,4.568,0.055,1.532,0.793
639,5.511889,6.448,4.592,0.081,1.271,0.504
640,5.519674,6.757,4.581,0.087,1.801,0.288
641,5.528027,6.702,4.631,0.087,1.761,0.223
642,5.536613,6.421,4.577,0.089,1.534,0.221
643,5.544656,6.71,4.551,0.094,1.841,0.224
644,5.553294,6.437,4.586,0.066,1.523,0.262
645,5.561461,6.598,4.546,0.066,1.714,0.272
646,5.571759,5.781,4.576,0.089,0.9,0.216
647,5.580312,5.678,4.576,0.056,0.813,0.233
648,5.588475,5.85,4.582,0.063,0.972,0.233
649,5.596861,5.802,4.6,0.098,0.879,0.225
650,5.605051,5.932,4.483,0.089,1.168,0.192
651,5.613558,5.853,4.477,0.069,1.021,0.286
652,5.622158,5.608,4.475,0.059,0.793,0.281
653,5.632107,5.751,4.615,0.155,0.752,0.229
654,5.640731,5.721,4.522,0.183,0.775,0.241
655,5.649266,5.795,4.411,0.281,0.696,0.407
656,5.65719,6.152,4.433,0.049,1.302,0.368
657,5.66581,5.89,4.495,0.079,1.043,0.273
658,5.673563,6.443,4.474,0.069,1.66,0.24
659,5.682362,5.993,4.491,0.048,1.179,0.275
660,5.693427,5.664,4.627,0.084,0.731,0.222
661,5.702915,5.636,4.407,0.112,0.798,0.319
662,5.711363,5.517,4.491,0.052,0.712,0.262
663,5.719689,5.531,4.473,0.064,0.746,0.248
664,5.727925,5.625,4.525,0.074,0.803,0.223
665,5.736248,5.623,4.479,0.067,0.849,0.228
666,5.744613,5.585,4.471,0.111,0.799,0.204
667,5.752926,5.643,4.574,0.069,0.793,0.207
668,5.761627,5.933,4.592,0.115,0.785,0.441
669,5.77001,5.751,4.618,0.079,0.778,0.276
670,5.777797,6.269,4.59,0.12,1.296,0.263
671,5.787074,5.789,4.615,0.092,0.864,0.218
672,5.794993,6.247,4.627,0.121,1.234,0.265
673,5.803379,6.193,4.574,0.075,1.25,0.294
674,5.811727,6.146,4.624,0.137,1.143,0.242
675,5.821727,5.809,4.629,0.094,0.87,0.216
676,5.830252,5.762,4.614,0.067,0.818,0.263
677,5.838402,5.966,4.587,0.069,1.036,0.274
678,5.846786,5.903,4.554,0.107,0.99,0.252
679,5.855372,5.656,4.538,0.069,0.78,0.269
680,5.863607,5.729,4.575,0.072,0.838,0.244
681,5.871865,5.822,4.563,0.097,0.896,0.266
682,5.880761,5.792,4.623,0.08,0.873,0.216
683,5.890797,5.827,4.61,0.071,0.893,0.253
684,5.899063,5.901,4.589,0.093,1.0,0.219
685,5.907493,5.806,4.452,0.055,1.026,0.273
686,5.915555,6.068,4.456,0.093,1.292,0.227
687,5.923922,6.037,4.516,0.073,1.215,0.233
688,5.932191,6.086,4.502,0.071,1.279,0.234
689,5.940686,5.936,4.49,0.079,1.132,0.235
690,5.950972,5.633,4.598,0.072,0.693,0.27
691,5.961352,5.579,4.542,0.08,0.723,0.234
692,5.969581,5.684,4.456,0.051,0.902,0.275
693,5.977805,5.781,4.527,0.066,0.963,0.225
694,5.986147,5.771,4.52,0.072,0.954,0.225
695,5.994679,5.649,4.462,0.08,0.81,0.297
696,6.003005,5.617,4.499,0.061,0.802,0.255
697,6.011381,5.559,4.484,0.048,0.761,0.266
698,6.019898,5.505,4.514,0.045,0.697,0.249
699,6.028353,5.531,4.475,0.047,0.716,0.293
700,6.036723,5.513,4.487,0.061,0.736,0.229
701,6.045052,5.626,4.488,0.092,0.746,0.3
702,6.053074,5.981,4.578,0.077,0.98,0.346
703,6.061592,5.692,4.604,0.105,0.733,0.25
704,6.070172,5.739,4.618,0.086,0.8,0.235
705,6.079767,5.669,4.573,0.086,0.764,0.246
706,6.088712,5.765,4.601,0.087,0.848,0.229
707,6.096566,6.256,4.551,0.091,1.364,0.25
708,6.10509,6.033,4.573,0.082,1.154,0.224
709,6.113897,5.789,4.622,0.096,0.874,0.197
710,6.121918,6.103,4.608,0.087,1.179,0.229
711,6.130664,5.773,4.625,0.098,0.812,0.238
712,6.140524,5.794,4.6,0.078,0.853,0.263
713,6.148914,5.763,4.599,0.082,0.806,0.276
714,6.156996,5.97,4.615,0.063,1.057,0.235
715,6.165695,5.719,4.633,0.061,0.803,0.222
716,6.173618,6.139,4.615,0.063,1.232,0.229
717,6.18236,5.716,4.581,0.055,0.849,0.231
718,6.193052,5.894,4.628,0.148,0.903,0.215
719,6.202937,5.766,4.617,0.082,0.825,0.242
720,6.211444,5.769,4.57,0.107,0.818,0.274
721,6.219575,5.956,4.581,0.052,1.057,0.266
722,6.227847,6.021,4.61,0.105,1.095,0.211
723,6.236513,5.691,4.573,0.073,0.796,0.249
724,6.244589,5.96,4.621,0.063,1.009,0.267
725,6.253041,5.85,4.63,0.086,0.902,0.232
726,6.261259,5.935,4.61,0.054,1.013,0.258
727,6.269968,5.72,4.58,0.075,0.808,0.257
728,6.278081,5.91,4.586,0.045,1.031,0.248
729,6.286216,6.099,4.595,0.043,1.229,0.232
730,6.294942,5.721,4.633,0.077,0.817,0.194
731,6.303151,5.853,4.62,0.043,0.929,0.261
732,6.311477,5.871,4.577,0.096,0.947,0.251
733,6.322157,5.607,4.587,0.073,0.705,0.242
734,6.330532,5.663,4.62,0.106,0.705,0.232
735,6.338431,6.093,4.583,0.083,1.199,0.228
736,6.346959,5.93,4.591,0.095,0.981,0.263
737,6.355617,5.642,4.613,0.079,0.724,0.226
738,6.363595,6.012,4.474,0.085,1.212,0.241
739,6.371892,6.049,4.518,0.079,1.228,0.224
740,6.380381,5.874,4.48,0.058,1.08,0.256
741,6.39043,5.647,4.58,0.062,0.747,0.258
742,6.398957,5.549,4.507,0.078,0.719,0.245
743,6.408004,5.502,4.511,0.057,0.682,0.252
744,6.415585,6.232,4.47,0.056,1.445,0.261
745,6.424287,5.868,4.512,0.062,1.043,0.251
746,6.432548,5.937,4.488,0.062,1.138,0.249
747,6.44301,5.747,4.641,0.084,0.752,0.27
748,6.452822,5.626,4.621,0.08,0.692,0.233
749,6.461431,5.568,4.464,0.061,0.798,0.245
750,6.469783,5.554,4.531,0.05,0.722,0.251
751,6.477789,5.876,4.481,0.071,1.082,0.242
752,6.486196,5.793,4.471,0.066,1.021,0.235
753,6.494537,5.803,4.478,0.044,1.006,0.275
754,6.503087,5.628,4.528,0.069,0.816,0.215
755,6.511615,5.664,4.578,0.049,0.778,0.259
756,6.520051,5.592,4.621,0.074,0.668,0.229
757,6.527992,5.981,4.615,0.047,1.04,0.279
758,6.536509,5.814,4.57,0.071,0.909,0.264
759,6.54471,5.901,4.609,0.047,0.997,0.248
760,6.552993,5.978,4.606,0.045,1.078,0.249
761,6.561377,5.9,4.55,0.05,1.055,0.245
762,6.57213,5.732,4.606,0.077,0.807,0.242
763,6.580332,5.871,4.571,0.049,0.984,0.267
764,6.588498,6.034,4.59,0.05,1.144,0.25
765,6.596987,5.886,4.616,0.075,0.978,0.217
766,6.605007,6.198,4.614,0.044,1.271,0.269
767,6.613443,6.081,4.577,0.048,1.198,0.258
768,6.621645,6.227,4.604,0.074,1.229,0.32
769,6.630891,6.323,4.559,0.097,0.891,0.776
770,6.641099,6.064,4.517,0.087,0.897,0.563
771,6.649444,6.415,4.525,0.078,0.873,0.939
772,6.657861,6.12,4.576,0.087,0.756,0.701
773,6.666319,6.109,4.564,0.085,0.819,0.641
774,6.674279,6.52,4.577,0.06,1.18,0.703
775,6.682971,6.19,4.609,0.092,0.8,0.689
776,6.692905,6.305,4.545,0.095,0.795,0.87
777,6.701403,6.327,4.554,0.088,0.847,0.838
778,6.709343,6.232,4.549,0.135,1.247,0.301
779,6.718096,6.217,4.571,0.104,1.148,0.394
780,6.726062,6.626,4.601,0.14,1.437,0.448
781,6.73457,6.317,4.553,0.107,1.375,0.282
782,6.74296,6.496,4.534,0.1,1.291,0.571
783,6.751598,5.943,4.529,0.071,1.055,0.288
784,6.761542,5.865,4.486,0.094,0.927,0.358
785,6.770082,5.798,4.51,0.102,0.779,0.407
786,6.777925,6.3,4.534,0.12,0.841,0.805
787,6.78654,6.03,4.544,0.098,0.824,0.564
788,6.794966,6.023,4.58,0.129,0.804,0.51
789,6.80325,5.996,4.52,0.113,0.785,0.578
790,6.811599,6.001,4.404,0.11,0.762,0.725
791,6.822044,6.224,4.53,0.159,0.821,0.714
792,6.830492,5.811,4.41,0.084,0.916,0.401
793,6.838568,6.064,4.454,0.115,1.126,0.369
794,6.847239,5.812,4.477,0.136,0.752,0.447
795,6.85531,6.031,4.483,0.116,1.013,0.419
796,6.863731,5.829,4.515,0.086,0.944,0.284
797,6.871843,6.036,4.498,0.106,1.178,0.254
798,6.880169,6.018,4.525,0.106,1.159,0.228
799,6.890832,5.933,4.621,0.083,0.695,0.534
800,6.900763,5.594,4.618,0.091,0.669,0.216
801,6.90933,5.371,4.504,0.061,0.582,0.224
802,6.917587,5.44,4.46,0.066,0.702,0.212
803,6.925919,5.46,4.499,0.093,0.658,0.21
804,6.934121,5.57,4.494,0.066,0.799,0.211
805,6.942508,5.506,4.471,0.094,0.757,0.184
806,6.950917,6.42,4.463,0.093,0.665,1.199
807,6.959425,6.269,4.504,0.096,0.73,0.939
808,6.967547,6.521,4.608,0.075,0.749,1.089
809,6.976003,6.483,4.586,0.098,0.784,1.015
810,6.984691,6.123,4.615,0.093,0.778,0.637
811,6.992841,6.315,4.563,0.099,0.762,0.891
812,7.001046,6.491,4.595,0.087,0.745,1.064
813,7.00969,6.219,4.581,0.071,0.823,0.744
814,7.019713,6.591,4.573,0.088,0.759,1.171
815,7.028042,6.61,4.589,0.095,0.761,1.165
816,7.036472,6.624,4.565,0.083,0.808,1.168
817,7.045138,6.325,4.621,0.096,0.854,0.754
818,7.053152,6.657,4.563,0.089,0.836,1.169
819,7.062065,6.085,4.596,0.081,0.818,0.59
820,7.071469,5.738,4.575,0.078,0.837,0.248
821,7.080177,5.739,4.585,0.101,0.821,0.232
822,7.08889,6.276,4.611,0.107,0.723,0.835
823,7.096837,6.69,4.626,0.091,0.707,1.266
824,7.105431,6.502,4.587,0.107,0.785,1.023
825,7.113509,6.758,4.563,0.097,0.766,1.332
826,7.121715,6.914,4.56,0.083,0.756,1.515
827,7.132217,6.813,4.612,0.082,0.741,1.378
828,7.142563,5.753,4.596,0.069,0.819,0.269
829,7.150999,5.808,4.619,0.085,0.814,0.29
830,7.159279,5.81,4.586,0.074,0.904,0.246
831,7.167564,5.855,4.609,0.076,0.932,0.238
832,7.17578,5.992,4.599,0.089,1.06,0.244
833,7.184075,6.03,4.609,0.109,1.07,0.242
834,7.192588,5.85,4.604,0.1,0.911,0.235
835,7.201139,6.762,4.589,0.083,0.69,1.4
836,7.209439,6.874,4.556,0.096,0.728,1.494
837,7.217869,6.872,4.599,0.089,0.809,1.375
838,7.225787,7.286,4.605,0.073,0.786,1.822
839,7.234778,6.657,4.605,0.101,0.792,1.159
840,7.24299,6.828,4.603,0.091,0.769,1.365
841,7.253033,5.59,4.594,0.086,0.663,0.247
842,7.261233,5.723,4.618,0.073,0.775,0.257
843,7.26964,7.268,4.585,0.114,0.78,1.789
844,7.277938,7.425,4.604,0.096,0.796,1.929
845,7.286544,7.111,4.604,0.102,0.787,1.618
846,7.29502,7.145,4.419,0.086,0.758,1.882
847,7.30407,7.044,4.553,0.091,0.743,1.657
848,7.312468,6.613,4.576,0.079,0.724,1.234
849,7.32216,5.952,4.59,0.096,0.63,0.636
850,7.330735,5.902,4.573,0.1,0.633,0.596
851,7.338942,7.172,4.583,0.077,0.641,1.871
852,7.347186,7.277,4.569,0.074,0.707,1.927
853,7.355792,7.172,4.539,0.075,0.756,1.802
854,7.36373,7.486,4.531,0.101,0.753,2.101
855,7.371936,7.428,4.63,0.106,0.738,1.954
856,7.380637,7.293,4.581,0.084,0.725,1.903
857,7.391757,6.143,4.583,0.086,0.825,0.649
858,7.401127,6.053,4.544,0.091,0.773,0.645
859,7.409688,6.093,4.542,0.092,0.798,0.661
860,7.417908,6.19,4.581,0.077,0.892,0.64
861,7.426377,5.971,4.565,0.069,0.773,0.564
862,7.434429,6.248,4.602,0.061,1.019,0.566
863,7.442981,6.066,4.598,0.089,0.8,0.579
864,7.451379,5.939,4.552,0.064,0.783,0.54
865,7.459669,6.123,4.59,0.08,0.781,0.672
866,7.468115,5.949,4.571,0.095,0.683,0.6
867,7.47605,6.314,4.574,0.148,1.023,0.569
868,7.485307,6.136,4.534,0.07,0.811,0.721
869,7.493243,6.44,4.618,0.071,1.143,0.608
870,7.503288,12.54,4.543,0.103,5.35,2.544
871,7.510028,13.984,4.629,0.071,7.424,1.86
872,7.520295,12.094,4.604,0.077,6.837,0.576
873,7.52816,12.535,4.592,0.111,7.305,0.527
874,7.536875,12.207,4.6,0.108,6.911,0.588
875,7.54507,12.31,4.585,0.131,5.245,2.349
876,7.553099,12.493,4.597,0.157,5.228,2.511
877,7.56231,11.833,4.601,0.122,5.213,1.897
878,7.572467,9.897,4.557,0.09,4.711,0.539
879,7.580328,10.354,4.559,0.079,5.169,0.547
880,7.588688,10.436,4.603,0.111,5.079,0.643
881,7.597042,10.381,4.611,0.097,5.078,0.595
882,7.605752,10.016,4.625,0.204,4.528,0.659
883,7.614079,10.179,4.606,0.087,4.719,0.767
884,7.622271,10.128,4.578,0.077,4.895,0.578
885,7.630857,9.859,4.589,0.078,4.631,0.561
886,7.641199,7.874,4.566,0.049,0.86,2.399
887,7.649338,8.039,4.549,0.071,0.899,2.52
888,7.657805,8.077,4.558,0.071,0.89,2.558
889,7.666023,8.067,4.564,0.065,0.869,2.569
890,7.67425,8.081,4.568,0.056,0.845,2.612
891,7.682617,7.977,4.553,0.085,0.828,2.511
892,7.69098,8.071,4.597,0.079,0.81,2.585
893,7.701213,8.164,4.567,0.054,0.729,2.814
894,7.709877,7.919,4.578,0.068,0.721,2.552
895,7.718686,7.398,4.558,0.063,0.707,2.07
896,7.726222,8.286,4.572,0.069,0.781,2.864
897,7.734848,8.039,4.554,0.065,0.758,2.662
898,7.742745,8.405,4.595,0.066,0.744,3.0
899,7.751332,8.153,4.542,0.064,0.756,2.791
900,7.761783,6.15,4.552,0.058,0.738,0.802
901,7.770369,5.932,4.532,0.056,0.718,0.626
902,7.777977,6.63,4.642,0.07,0.696,1.222
903,7.786839,6.082,4.578,0.092,0.676,0.736
904,7.795212,8.16,4.57,0.046,0.713,2.831
905,7.803421,8.263,4.528,0.062,0.705,2.968
906,7.812317,7.866,4.53,0.063,0.765,2.508
907,7.822104,6.444,4.601,0.062,0.826,0.955
908,7.830596,6.103,4.544,0.063,0.806,0.69
909,7.838766,8.485,4.571,0.048,0.589,3.277
910,7.847314,8.202,4.523,0.061,0.6,3.018
911,7.855344,8.63,4.527,0.111,0.752,3.24
912,7.863904,8.569,4.591,0.082,0.784,3.112
913,7.872312,8.458,4.559,0.081,0.78,3.038
914,7.88306,8.184,4.601,0.078,0.757,2.748
915,7.890942,8.515,4.617,0.061,0.74,3.097
916,7.899532,8.344,4.564,0.07,0.728,2.982
917,7.907625,8.604,4.605,0.084,0.71,3.205
918,7.916067,8.462,4.597,0.07,0.691,3.104
919,7.924096,8.903,4.574,0.109,0.871,3.349
920,7.932789,9.144,4.575,0.058,1.261,3.25
921,7.943516,6.823,4.546,0.068,1.247,0.962
922,7.951429,8.568,4.537,0.085,0.615,3.331
923,7.960114,8.435,4.601,0.052,0.68,3.102
924,7.96831,8.644,4.576,0.092,0.866,3.11
925,7.976187,9.12,4.569,0.116,0.833,3.602
926,7.984941,8.712,4.607,0.064,0.825,3.216
927,7.99303,9.059,4.619,0.152,0.971,3.317
928,8.003687,7.092,4.609,0.079,0.954,1.45
929,8.01205,6.893,4.581,0.072,0.934,1.306
930,8.022343,6.562,4.565,0.07,0.649,1.278
931,8.03063,6.651,4.446,0.052,0.636,1.517
932,8.03884,6.81,4.499,0.075,0.617,1.619
933,8.047286,6.673,4.492,0.062,0.605,1.514
934,8.055544,6.74,4.457,0.103,0.589,1.591
935,8.064217,6.546,4.503,0.092,0.594,1.357
936,8.072152,6.948,4.488,0.081,0.653,1.726
937,8.080503,7.532,4.449,0.059,1.248,1.776
938,8.089048,7.6,4.461,0.076,1.225,1.838
939,8.097628,7.232,4.432,0.089,1.206,1.505
940,8.105892,7.334,4.437,0.079,1.184,1.634
941,8.114167,7.343,4.429,0.082,1.168,1.664
942,8.123019,6.69,4.492,0.065,1.148,0.985
943,8.132505,9.335,4.42,0.082,0.686,4.147
944,8.141174,8.915,4.604,0.08,0.66,3.571
945,8.14956,8.89,4.474,0.065,0.644,3.707
946,8.157576,9.169,4.494,0.1,0.645,3.93
947,8.166073,9.238,4.479,0.091,0.711,3.957
948,8.17414,9.442,4.702,0.106,0.725,3.909
949,8.182705,9.366,4.469,0.092,0.713,4.092
950,8.191391,8.921,4.575,0.082,0.692,3.572
951,8.201421,9.212,4.538,0.125,0.621,3.928
952,8.210301,9.043,4.507,0.113,0.744,3.679
953,8.218072,9.458,4.66,0.119,0.743,3.936
954,8.226455,9.419,4.586,0.121,0.745,3.967
955,8.234814,9.41,4.662,0.109,0.743,3.896
956,8.24322,9.288,4.571,0.085,0.739,3.893
957,8.251562,9.339,4.535,0.114,0.801,3.889
958,8.259967,9.303,4.642,0.127,0.786,3.748
959,8.270535,9.198,4.564,0.117,0.75,3.767
960,8.280444,7.551,4.52,0.088,0.768,2.175
961,8.288774,7.54,4.565,0.085,0.839,2.051
962,8.297299,7.368,4.538,0.079,0.848,1.903
963,8.305615,7.441,4.541,0.145,0.837,1.918
964,8.313995,7.529,4.559,0.085,0.847,2.038
965,8.322144,7.606,4.598,0.09,0.842,2.076
966,8.330353,7.637,4.545,0.078,0.849,2.165
967,8.338841,7.627,4.562,0.083,0.845,2.137
968,8.347312,7.382,4.542,0.104,0.84,1.896
969,8.355822,7.245,4.598,0.096,0.842,1.709
970,8.36406,7.455,4.565,0.085,0.846,1.959
971,8.372842,6.859,4.573,0.109,0.842,1.335
972,8.382387,14.396,4.54,0.087,5.451,4.318
973,8.391146,14.074,4.594,0.121,5.456,3.903
974,8.399162,14.052,4.695,4.54,1.114,3.703
975,8.407125,14.344,0.0,0.049,5.455,8.84
976,8.415423,14.345,4.166,0.07,5.464,4.645
977,8.423779,14.372,4.47,0.08,5.483,4.339
978,8.432029,14.456,4.156,0.063,5.514,4.723
979,8.440861,13.941,4.827,0.049,5.541,3.524
980,8.451241,13.395,4.611,0.084,5.023,3.677
981,8.45932,13.654,4.502,0.095,5.034,4.023
982,8.467733,13.577,4.467,0.05,5.047,4.013
983,8.475637,14.001,4.054,0.083,5.074,4.79
984,8.484343,13.756,4.434,0.051,5.221,4.05
985,8.492889,13.588,4.528,0.049,5.237,3.774
986,8.50139,13.715,4.488,0.059,5.264,3.904
987,8.511876,11.264,4.614,0.102,5.294,1.254
988,8.521893,9.605,4.61,0.089,4.637,0.269
989,8.530403,9.378,4.471,0.083,4.603,0.221
990,8.538364,9.739,4.483,0.067,4.961,0.228
991,8.546828,9.605,4.513,0.08,4.8,0.212
992,8.555169,9.586,4.53,0.148,4.72,0.188
993,8.563515,9.604,4.475,0.091,4.82,0.218
994,8.571735,9.777,4.482,0.121,4.891,0.283
995,8.580363,13.387,4.494,0.096,5.223,3.574
996,8.588325,13.708,4.506,0.061,5.226,3.915
997,8.597125,13.32,4.475,0.091,5.259,3.495
998,8.605276,13.435,4.52,0.078,5.268,3.569
999,8.613646,13.446,4.613,0.151,5.291,3.391
1000,8.62256,12.809,4.614,0.116,5.321,2.758
1001,8.632545,11.175,4.64,0.09,5.346,1.099
1002,8.640407,11.65,4.58,0.079,5.363,1.628
1003,8.648974,11.382,4.626,0.091,5.383,1.282
1004,8.657029,11.661,4.612,0.087,3.314,3.648
1005,8.665581,13.564,4.621,0.108,5.432,3.403
1006,8.673733,13.769,4.585,0.086,5.45,3.648
1007,8.682348,13.515,4.581,0.082,5.485,3.367
1008,8.692433,11.7,4.573,0.079,5.511,1.537
1009,8.701005,11.477,4.613,0.08,5.528,1.256
1010,8.709416,11.395,4.577,0.08,5.549,1.189
1011,8.717397,11.758,4.599,0.108,5.57,1.481
1012,8.72597,11.565,4.62,0.1,3.508,3.337
1013,8.73443,11.391,4.585,0.082,3.538,3.186
1014,8.742547,11.574,4.497,0.076,3.557,3.444
1015,8.751332,11.153,4.604,0.073,3.578,2.898
1016,8.761942,8.881,4.594,0.079,3.6,0.608
1017,8.771913,7.303,4.549,0.068,2.366,0.32
1018,8.780007,7.468,4.609,0.06,2.552,0.247
1019,8.788491,7.328,4.566,0.069,2.443,0.25
1020,8.796784,7.379,4.581,0.052,2.467,0.279
1021,8.805023,7.444,4.593,0.068,2.555,0.228
1022,8.813445,7.363,4.562,0.064,2.499,0.238
1023,8.821855,8.438,4.55,0.054,0.725,3.109
1024,8.830293,8.401,4.578,0.068,0.835,2.92
1025,8.838604,8.426,4.574,0.058,0.863,2.931
1026,8.84678,8.574,4.585,0.062,0.88,3.047
1027,8.855427,8.393,4.518,0.076,0.902,2.897
1028,8.86363,8.426,4.625,0.097,0.92,2.784
1029,8.872333,8.038,4.543,0.07,0.943,2.482
1030,8.880327,8.397,4.573,0.065,0.961,2.798
1031,8.890441,6.639,4.547,0.072,0.985,1.035
1032,8.89878,6.592,4.594,0.077,1.001,0.92
1033,8.907338,6.351,4.552,0.066,1.026,0.707
1034,8.915247,6.814,4.578,0.109,1.042,1.085
1035,8.923925,6.53,4.483,0.087,1.06,0.9
1036,8.932196,6.511,4.509,0.132,1.077,0.793
1037,8.940499,6.543,4.479,0.067,1.099,0.898
1038,8.951135,7.975,4.586,0.083,0.698,2.608
1039,8.959144,8.276,4.499,0.081,0.715,2.981
1040,8.967769,8.059,4.512,0.093,0.795,2.659
1041,8.976256,7.925,4.494,0.069,0.809,2.553
1042,8.984344,8.14,4.48,0.095,0.828,2.737
1043,8.992712,8.13,4.497,0.084,0.853,2.696
1044,9.001103,8.904,4.501,0.084,1.733,2.586
1045,9.009566,8.774,4.494,0.104,1.752,2.424
1046,9.019685,7.028,4.568,0.108,1.771,0.581
1047,9.028158,6.86,4.493,0.085,1.788,0.494
1048,9.036569,6.794,4.465,0.08,1.807,0.442
1049,9.04476,6.925,4.518,0.065,1.832,0.51
1050,9.053228,6.784,4.486,0.086,1.852,0.36
1051,9.061269,7.076,4.49,0.068,1.874,0.644
1052,9.071527,8.24,4.592,0.09,0.794,2.764
1053,9.080098,7.983,4.603,0.093,0.825,2.462
1054,9.088299,8.11,4.552,0.068,0.845,2.645
1055,9.096721,8.025,4.586,0.084,0.865,2.49
1056,9.105859,7.233,4.585,0.084,0.887,1.677
1057,9.113441,8.021,4.573,0.07,0.946,2.432
1058,9.122019,7.828,4.603,0.092,0.975,2.158
1059,9.130537,7.618,4.55,0.089,0.996,1.983
1060,9.140433,6.038,4.562,0.126,1.017,0.333
1061,9.148941,5.899,4.607,0.094,0.948,0.25
1062,9.157055,7.803,4.546,0.075,0.668,2.514
1063,9.165466,7.792,4.553,0.094,0.771,2.374
1064,9.173642,7.961,4.545,0.094,0.786,2.536
1065,9.182211,7.734,4.594,0.066,0.811,2.263
1066,9.190832,7.42,4.556,0.072,0.833,1.959
1067,9.20123,7.534,4.574,0.067,0.693,2.2
1068,9.211086,5.778,4.599,0.085,0.716,0.378
1069,9.219744,5.668,4.504,0.09,0.845,0.229
1070,9.227947,5.83,4.463,0.078,0.983,0.306
1071,9.236301,5.778,4.471,0.084,0.966,0.257
1072,9.244622,5.863,4.525,0.205,0.875,0.258
1073,9.252945,5.851,4.506,0.098,1.003,0.244
1074,9.26157,5.566,4.458,0.097,0.768,0.243
1075,9.269487,5.966,4.468,0.103,1.126,0.269
1076,9.278044,5.72,4.49,0.099,0.918,0.213
1077,9.28661,5.494,4.458,0.069,0.745,0.222
1078,9.294571,5.884,4.489,0.064,1.088,0.243
1079,9.303252,5.506,4.506,0.064,0.717,0.219
1080,9.313792,7.026,4.585,0.071,0.634,1.736
1081,9.32159,7.546,4.355,0.102,0.794,2.295
1082,9.330378,7.123,4.61,0.125,0.817,1.571
1083,9.338296,7.525,4.523,0.119,0.833,2.05
1084,9.346808,7.331,4.515,0.084,0.856,1.876
1085,9.355878,6.579,4.501,0.072,0.88,1.126
1086,9.363398,7.415,4.477,0.111,0.899,1.928
1087,9.37198,7.176,4.638,0.089,0.919,1.53
1088,9.382189,7.301,4.569,0.251,0.657,1.824
1089,9.390875,6.872,4.482,0.111,0.729,1.55
1090,9.398496,7.519,4.638,0.078,0.756,2.047
1091,9.40719,7.135,4.615,0.112,0.772,1.636
1092,9.415642,7.105,4.583,0.118,0.796,1.608
1093,9.423735,7.296,4.612,0.123,0.816,1.745
1094,9.432085,7.249,4.612,0.115,0.835,1.687
1095,9.440975,6.926,4.606,0.094,0.857,1.369
1096,9.451224,5.483,4.554,0.074,0.609,0.246
1097,9.461036,5.656,4.621,0.068,0.723,0.244
1098,9.469556,5.606,4.635,0.099,0.674,0.198
1099,9.477926,5.625,4.62,0.072,0.668,0.265
1100,9.486391,5.487,4.573,0.063,0.608,0.243
1101,9.494923,5.523,4.594,0.068,0.618,0.243
1102,9.502947,5.794,4.621,0.068,0.898,0.207
1103,9.51165,6.565,4.594,0.098,0.75,1.123
1104,9.519839,6.721,4.604,0.11,0.77,1.237
1105,9.527925,6.954,4.628,0.115,0.787,1.424
1106,9.536375,6.865,4.601,0.093,0.81,1.361
1107,9.544601,6.942,4.626,0.101,0.83,1.385
1108,9.552785,7.096,4.573,0.097,0.831,1.595
1109,9.561313,6.898,4.59,0.074,0.872,1.362
1110,9.572001,6.511,4.615,0.128,0.777,0.991
1111,9.580008,6.869,4.592,0.106,0.799,1.372
1112,9.588934,6.251,4.625,0.07,0.82,0.736
1113,9.596788,6.734,4.588,0.101,0.84,1.205
1114,9.605316,6.528,4.571,0.067,0.86,1.03
1115,9.613349,6.827,4.581,0.05,0.877,1.319
1116,9.621938,6.577,4.625,0.076,0.901,0.975
1117,9.632273,6.427,4.578,0.114,0.696,1.039
1118,9.640514,6.539,4.621,0.07,0.717,1.131
1119,9.648732,6.638,4.581,0.065,0.737,1.255
1120,9.657293,6.407,4.59,0.108,0.74,0.969
1121,9.665494,6.544,4.552,0.073,0.773,1.146
1122,9.673713,6.654,4.517,0.109,0.794,1.234
1123,9.682781,5.935,4.507,0.069,0.813,0.546
1124,9.692465,5.453,4.539,0.094,0.604,0.216
1125,9.701131,6.053,4.487,0.103,0.608,0.855
1126,9.709486,6.045,4.5,0.106,0.626,0.813
1127,9.717424,6.448,4.459,0.07,0.646,1.273
1128,9.7259,6.311,4.537,0.109,0.67,0.995
1129,9.733976,6.539,4.52,0.101,0.689,1.229
1130,9.742585,6.293,4.48,0.106,0.711,0.996
1131,9.751295,5.904,4.486,0.065,0.729,0.624
1132,9.761327,6.117,4.576,0.083,0.584,0.874
1133,9.76995,5.935,4.564,0.075,0.689,0.607
1134,9.7778,6.424,4.5,0.189,0.699,1.036
1135,9.786524,6.047,4.46,0.068,0.731,0.788
1136,9.794506,6.372,4.477,0.11,0.749,1.036
1137,9.803088,6.11,4.511,0.103,0.768,0.728
1138,9.811469,6.068,4.477,0.114,0.792,0.685
1139,9.821867,5.953,4.597,0.084,0.688,0.584
1140,9.830113,6.048,4.637,0.114,0.714,0.583
1141,9.838683,5.81,4.616,0.093,0.736,0.365
1142,9.846776,6.134,4.603,0.129,0.757,0.645
1143,9.855335,6.055,4.531,0.416,0.826,0.282
1144,9.86344,6.303,4.531,0.131,1.012,0.629
1145,9.871957,6.232,4.563,0.191,1.032,0.446
1146,9.882086,6.195,4.512,0.089,0.667,0.927
1147,9.891046,5.802,4.589,0.071,0.815,0.327
1148,9.898879,6.338,4.59,0.08,1.011,0.657
1149,9.907466,6.096,4.532,0.08,1.05,0.434
1150,9.91563,6.17,4.544,0.057,1.073,0.496
1151,9.924032,6.183,4.595,0.128,1.094,0.366
1152,9.932635,6.113,4.607,0.18,1.076,0.25
1153,9.941029,6.214,4.543,0.144,1.116,0.411
1154,9.951197,6.427,4.576,0.298,1.184,0.369
1155,9.95958,6.559,4.605,0.214,1.195,0.545
1156,9.967838,6.461,4.521,0.132,1.476,0.332
1157,9.975631,6.917,4.486,0.138,2.032,0.261
1158,9.984458,6.394,4.473,0.171,1.52,0.23
1159,9.992956,6.264,4.485,0.126,1.401,0.252
1160,10.001161,6.482,4.414,0.154,1.517,0.397
1161,10.011272,5.783,4.512,0.155,0.837,0.279
1162,10.020134,5.757,4.441,0.155,0.817,0.344
1163,10.028029,6.176,4.464,0.255,1.145,0.312
1164,10.036622,5.944,4.476,0.168,0.982,0.318
1165,10.044846,5.96,4.482,0.179,1.054,0.245
1166,10.052954,6.257,4.475,0.15,1.271,0.361
1167,10.061487,6.071,4.437,0.141,1.152,0.341
1168,10.070051,5.927,4.479,0.151,0.896,0.401
1169,10.080006,5.947,4.559,0.136,0.874,0.378
1170,10.088593,5.584,4.448,0.111,0.774,0.251
1171,10.097004,5.757,4.55,0.162,0.863,0.182
1172,10.105079,6.076,4.476,0.209,1.091,0.3
1173,10.113654,6.182,4.502,0.238,1.133,0.309
1174,10.121959,6.25,4.623,0.133,1.178,0.316
1175,10.130481,5.964,4.604,0.123,1.002,0.235
1176,10.140359,5.608,4.574,0.089,0.696,0.249
1177,10.148939,5.671,4.618,0.085,0.75,0.218
1178,10.157458,5.863,4.588,0.129,0.877,0.269
1179,10.165866,5.778,4.614,0.097,0.864,0.203
1180,10.174185,5.806,4.596,0.087,0.876,0.247
1181,10.182382,5.915,4.613,0.168,0.952,0.182
1182,10.192499,5.994,4.621,0.185,0.955,0.233
1183,10.200927,5.969,4.627,0.098,0.968,0.276
1184,10.20878,6.408,4.574,0.093,1.44,0.301
1185,10.217389,6.103,4.583,0.094,1.214,0.212
1186,10.225872,5.968,4.613,0.105,1.043,0.207
1187,10.234487,5.738,4.611,0.081,0.808,0.238
1188,10.242914,5.769,4.607,0.083,0.843,0.236
1189,10.251072,5.917,4.628,0.091,1.003,0.195
1190,10.259645,5.751,4.61,0.104,0.807,0.23
1191,10.269427,5.593,4.587,0.093,0.696,0.217
1192,10.278107,5.848,4.484,0.256,0.742,0.366
1193,10.286368,5.903,4.383,0.093,1.13,0.297
1194,10.294644,5.978,4.515,0.093,1.16,0.21
1195,10.302932,5.987,4.508,0.093,1.186,0.2
1196,10.311522,5.768,4.46,0.123,0.962,0.223
1197,10.321621,5.59,4.582,0.083,0.707,0.218
1198,10.330815,5.548,4.457,0.115,0.763,0.213
1199,10.338336,6.344,4.478,0.093,1.576,0.197
1200,10.346616,6.394,4.512,0.089,1.599,0.194
1201,10.354873,6.479,4.486,0.178,1.604,0.211
1202,10.363367,6.297,4.486,0.135,1.486,0.19
1203,10.37191,6.098,4.498,0.117,1.299,0.184
1204,10.381991,5.622,4.588,0.094,0.734,0.206
1205,10.390829,5.797,4.446,0.121,0.896,0.334
1206,10.39937,5.551,4.473,0.099,0.765,0.214
1207,10.407495,5.769,4.466,0.067,0.971,0.265
1208,10.415445,6.145,4.493,0.066,1.347,0.239
1209,10.423939,5.968,4.602,0.084,1.075,0.207
1210,10.432059,6.204,4.611,0.071,1.283,0.239
1211,10.440422,6.148,4.566,0.069,1.287,0.226
1212,10.449139,5.781,4.601,0.073,0.873,0.234
1213,10.458893,5.855,4.593,0.079,0.898,0.285
1214,10.467472,5.981,4.615,0.285,0.865,0.216
1215,10.475741,6.041,4.56,0.08,1.174,0.227
1216,10.484365,5.756,4.565,0.101,0.855,0.235
1217,10.493035,5.615,4.593,0.075,0.71,0.237
1218,10.501221,5.811,4.58,0.087,0.943,0.201
1219,10.511445,6.094,4.565,0.173,1.121,0.235
1220,10.519643,6.341,4.589,0.081,1.319,0.352
1221,10.528125,6.2,4.591,0.077,1.173,0.359
1222,10.536524,6.007,4.566,0.085,1.117,0.239
1223,10.54483,6.082,4.584,0.08,1.138,0.28
1224,10.552681,6.521,4.607,0.087,1.601,0.226
1225,10.561321,6.214,4.587,0.12,1.279,0.228
1226,10.572435,5.541,4.574,0.078,0.673,0.216
1227,10.580255,6.191,4.441,0.156,1.169,0.425
1228,10.588586,6.061,4.564,0.123,1.155,0.219
1229,10.596625,6.509,4.485,0.108,1.555,0.361
1230,10.605303,6.148,4.464,0.133,1.195,0.356
1231,10.613849,5.957,4.534,0.119,0.963,0.341
1232,10.621776,6.344,4.512,0.08,1.379,0.373
1233,10.630425,6.028,4.457,0.094,1.113,0.364
1234,10.640909,5.799,4.621,0.111,0.756,0.311
1235,10.650817,5.976,4.595,0.157,0.889,0.335
1236,10.659169,5.904,4.531,0.132,0.987,0.254
1237,10.667379,6.011,4.458,0.105,1.249,0.199
1238,10.675622,6.103,4.508,0.085,1.282,0.228
1239,10.68428,5.779,4.494,0.09,0.986,0.209
1240,10.692546,5.977,4.449,0.096,1.089,0.343
1241,10.70123,5.608,4.503,0.087,0.687,0.331
1242,10.709374,5.724,4.465,0.171,0.851,0.237
1243,10.717391,6.011,4.453,0.087,1.243,0.228
1244,10.726336,5.697,4.44,0.079,0.795,0.383
1245,10.734267,6.071,4.641,0.093,1.028,0.309
1246,10.743257,5.61,4.557,0.077,0.653,0.323
1247,10.751096,6.132,4.642,0.099,1.07,0.321
1248,10.759554,5.927,4.599,0.103,0.966,0.259
1249,10.769733,5.629,4.583,0.075,0.749,0.222
1250,10.777883,5.817,4.646,0.085,0.9,0.186
1251,10.786429,5.856,4.615,0.102,0.816,0.323
1252,10.794536,6.1,4.612,0.094,1.051,0.343
1253,10.802977,5.902,4.59,0.09,0.989,0.233
1254,10.811634,5.858,4.566,0.102,0.847,0.343
1255,10.821529,5.746,4.579,0.096,0.859,0.212
1256,10.829762,5.847,4.613,0.074,0.946,0.214
1257,10.838403,5.572,4.553,0.093,0.721,0.205
1258,10.846988,5.942,4.654,0.104,0.839,0.345
1259,10.855048,6.138,4.607,0.093,1.157,0.281
1260,10.86354,5.951,4.584,0.081,1.011,0.275
1261,10.872018,5.851,4.622,0.076,0.871,0.282
1262,10.881863,5.629,4.577,0.07,0.627,0.355
1263,10.890727,5.659,4.586,0.085,0.763,0.225
1264,10.899363,5.749,4.574,0.106,0.81,0.259
1265,10.907028,6.525,4.699,0.092,1.363,0.371
1266,10.915756,5.987,4.63,0.077,1.075,0.205
1267,10.923906,6.256,4.602,0.074,1.288,0.292
1268,10.93217,6.357,4.626,0.081,1.332,0.318
1269,10.940652,6.208,4.612,0.088,1.18,0.328
1270,10.951193,5.662,4.58,0.093,0.763,0.226
1271,10.959207,5.979,4.62,0.124,1.027,0.208
1272,10.967694,5.796,4.593,0.088,0.906,0.209
1273,10.976316,5.812,4.582,0.078,0.799,0.353
1274,10.984333,6.031,4.561,0.098,1.117,0.255
1275,10.992791,5.883,4.606,0.083,0.982,0.212
1276,11.001008,6.069,4.616,0.103,1.087,0.263
1277,11.011639,5.8,4.594,0.147,0.743,0.316
1278,11.01923,6.45,4.544,0.086,1.574,0.246
1279,11.028068,6.042,4.477,0.09,1.146,0.329
1280,11.036411,5.955,4.471,0.095,1.137,0.252
1281,11.044582,6.113,4.513,0.09,1.263,0.247
1282,11.052985,6.019,4.524,0.126,1.167,0.202
1283,11.061323,5.994,4.478,0.098,1.208,0.21
1284,11.071579,5.541,4.61,0.077,0.636,0.218
1285,11.080213,5.461,4.525,0.078,0.66,0.198
1286,11.088083,5.941,4.508,0.124,1.092,0.217
1287,11.096576,5.758,4.464,0.091,1.019,0.184
1288,11.105183,5.799,4.49,0.201,0.888,0.22
1289,11.113537,5.801,4.486,0.084,1.012,0.219
1290,11.121719,5.946,4.483,0.161,1.105,0.197
1291,11.132808,5.588,4.61,0.085,0.695,0.198
1292,11.14044,6.268,4.492,0.09,1.502,0.184
1293,11.14904,6.025,4.507,0.106,1.19,0.222
1294,11.157364,6.009,4.475,0.089,1.249,0.196
1295,11.165428,6.275,4.468,0.077,1.535,0.195
1296,11.17408,5.957,4.486,0.08,1.182,0.209
1297,11.181983,6.39,4.64,0.069,1.489,0.192
1298,11.190759,5.956,4.599,0.088,1.085,0.184
1299,11.20074,5.684,4.649,0.101,0.777,0.157
1300,11.20932,5.806,4.589,0.087,0.92,0.21
1301,11.217717,5.742,4.584,0.081,0.878,0.199
1302,11.226309,5.674,4.546,0.081,0.831,0.216
1303,11.234381,5.937,4.59,0.084,1.061,0.202
1304,11.242589,6.078,4.615,0.105,1.158,0.2
1305,11.25093,6.065,4.622,0.098,1.164,0.181
1306,11.261552,5.679,4.612,0.111,0.741,0.215
1307,11.271757,5.52,4.579,0.075,0.64,0.226
1308,11.280007,5.73,4.589,0.071,0.843,0.227
1309,11.28852,5.564,4.618,0.094,0.673,0.179
1310,11.296717,5.697,4.573,0.079,0.824,0.221
1311,11.304872,5.876,4.597,0.079,0.998,0.202
1312,11.31326,5.82,4.537,0.08,0.999,0.204
1313,11.321699,5.713,4.589,0.073,0.855,0.196
1314,11.330395,5.683,4.591,0.075,0.805,0.212
1315,11.338383,6.046,4.588,0.096,1.166,0.196
1316,11.346782,5.974,4.632,0.101,1.071,0.17
1317,11.354814,6.269,4.585,0.088,1.398,0.198
1318,11.363206,6.217,4.56,0.073,1.361,0.223
1319,11.371691,6.055,4.613,0.087,1.164,0.191
1320,11.380145,5.923,4.608,0.082,1.04,0.193
1321,11.390643,5.571,4.583,0.091,0.695,0.202
1322,11.39892,5.651,4.609,0.085,0.757,0.2
1323,11.407322,5.685,4.574,0.084,0.826,0.201
1324,11.415755,5.755,4.629,0.098,0.858,0.17
1325,11.423929,5.902,4.609,0.072,1.038,0.183
1326,11.432352,5.822,4.566,0.079,0.959,0.218
1327,11.442243,5.787,4.604,0.132,0.856,0.195
1328,11.450801,5.741,4.616,0.115,0.836,0.174
1329,11.459389,5.673,4.591,0.11,0.791,0.181
1330,11.467331,6.064,4.576,0.078,1.213,0.197
1331,11.476305,5.427,4.521,0.072,0.628,0.206
1332,11.484335,5.755,4.46,0.07,0.995,0.23
1333,11.492529,5.867,4.474,0.129,1.079,0.185
1334,11.500851,6.056,4.508,0.082,1.114,0.352
1335,11.511439,5.749,4.618,0.095,0.705,0.331
1336,11.521851,5.609,4.599,0.094,0.672,0.244
1337,11.530039,5.715,4.515,0.068,0.881,0.251
1338,11.538713,5.678,4.509,0.094,0.718,0.357
1339,11.546728,5.865,4.492,0.094,1.057,0.222
1340,11.55479,6.127,4.523,0.104,1.322,0.178
1341,11.563279,5.966,4.483,0.081,1.193,0.209
1342,11.571674,5.895,4.473,0.071,1.06,0.291
1343,11.580396,5.511,4.48,0.07,0.759,0.202
1344,11.588247,5.997,4.478,0.079,1.019,0.421
1345,11.596701,5.87,4.494,0.096,1.005,0.275
1346,11.6053,5.598,4.491,0.075,0.827,0.205
1347,11.613193,6.039,4.485,0.076,0.96,0.518
1348,11.621945,5.648,4.527,0.067,0.844,0.21
1349,11.632425,5.671,4.62,0.072,0.766,0.213
1350,11.640382,6.034,4.568,0.115,0.994,0.357
1351,11.648921,5.856,4.576,0.072,0.968,0.24
1352,11.65691,6.218,4.593,0.076,0.952,0.597
1353,11.665519,5.904,4.612,0.074,0.934,0.284
1354,11.67386,5.904,4.62,0.067,0.916,0.301
1355,11.682286,5.812,4.614,0.084,0.895,0.219
1356,11.692665,5.876,4.599,0.221,0.865,0.191
1357,11.700698,6.154,4.535,0.124,0.889,0.606
1358,11.709356,5.853,4.591,0.071,0.87,0.321
1359,11.71732,6.22,4.571,0.108,0.851,0.69
1360,11.726398,5.654,4.561,0.069,0.792,0.232
1361,11.734355,6.022,4.586,0.069,0.974,0.393
1362,11.742526,6.179,4.619,0.086,0.953,0.521
1363,11.750684,6.356,4.59,0.116,0.934,0.716
1364,11.761318,5.562,4.541,0.09,0.701,0.23
1365,11.771816,5.491,4.575,0.077,0.652,0.187
1366,11.780008,5.641,4.607,0.071,0.728,0.235
1367,11.78809,5.883,4.583,0.066,1.002,0.232
1368,11.796725,5.772,4.633,0.109,0.838,0.192
1369,11.804907,5.941,4.617,0.087,1.05,0.187
1370,11.813239,5.937,4.554,0.079,1.08,0.224
1371,11.821682,5.812,4.576,0.07,0.941,0.225
1372,11.829961,5.882,4.581,0.072,1.005,0.224
1373,11.838719,5.892,4.636,0.08,0.64,0.536
1374,11.846961,5.903,4.529,0.079,0.71,0.585
1375,11.854957,6.439,4.61,0.112,0.837,0.88
1376,11.863463,6.24,4.608,0.115,0.817,0.7
1377,11.871584,6.447,4.623,0.072,0.797,0.955
1378,11.880565,5.803,4.629,0.07,0.779,0.325
1379,11.890241,5.662,4.614,0.073,0.77,0.205
1380,11.89858,5.73,4.643,0.082,0.776,0.229
1381,11.907213,6.216,4.609,0.072,0.674,0.861
1382,11.91585,6.156,4.614,0.149,0.734,0.659
1383,11.924085,6.126,4.584,0.155,0.723,0.664
1384,11.932149,6.372,4.478,0.076,0.706,1.112
1385,11.940734,6.296,4.499,0.14,0.852,0.805
1386,11.950857,6.481,4.631,0.125,0.722,1.003
1387,11.959572,6.078,4.503,0.109,0.701,0.765
1388,11.967677,6.451,4.484,0.075,0.68,1.212
1389,11.975862,6.573,4.525,0.07,0.659,1.319
1390,11.984129,6.546,4.503,0.104,0.659,1.28
1391,11.992479,6.598,4.468,0.093,0.711,1.326
1392,12.000713,6.692,4.492,0.087,0.693,1.42
1393,12.009407,6.329,4.449,0.12,0.677,1.083
1394,12.019459,6.721,4.618,0.113,0.662,1.328
1395,12.028125,6.379,4.51,0.111,0.644,1.114
1396,12.036871,6.134,4.517,0.067,0.627,0.923
1397,12.044745,6.779,4.49,0.14,0.818,1.331
1398,12.053671,6.187,4.48,0.223,0.797,0.687
1399,12.061416,6.662,4.483,0.095,0.778,1.306
1400,12.069988,6.432,4.519,0.09,0.763,1.06
1401,12.080084,5.978,4.64,0.08,0.884,0.374
1402,12.088228,6.086,4.587,0.115,1.112,0.272
1403,12.096721,5.866,4.637,0.125,0.895,0.209
1404,12.104718,6.205,4.611,0.093,1.287,0.214
1405,12.11322,6.998,4.578,0.111,0.723,1.586
1406,12.121924,6.635,4.621,0.109,0.704,1.201
1407,12.130905,6.158,4.619,0.094,0.705,0.74
1408,12.138803,6.507,4.61,0.089,0.738,1.07
1409,12.14901,5.868,4.554,0.123,0.839,0.352
1410,12.157391,5.761,4.583,0.08,0.856,0.242
1411,12.165398,6.086,4.578,0.088,1.208,0.212
1412,12.173745,6.078,4.606,0.079,1.166,0.227
1413,12.182094,7.035,4.619,0.098,0.715,1.603
1414,12.190373,7.17,4.585,0.128,0.781,1.676
1415,12.20069,7.213,4.601,0.093,0.701,1.818
1416,12.209402,6.936,4.587,0.174,0.743,1.432
1417,12.217795,6.888,4.617,0.114,0.782,1.375
1418,12.225821,7.197,4.571,0.072,0.761,1.793
1419,12.234247,7.141,4.568,0.07,0.778,1.725
1420,12.242763,6.972,4.623,0.149,0.771,1.429
1421,12.250767,7.319,4.607,0.099,0.758,1.855
1422,12.25959,6.933,4.591,0.196,0.808,1.338
1423,12.269654,7.231,4.61,0.112,0.77,1.739
1424,12.277946,7.284,4.623,0.121,0.753,1.787
1425,12.286685,7.019,4.584,0.186,0.867,1.382
1426,12.294753,7.252,4.58,0.12,0.85,1.702
1427,12.302952,7.411,4.616,0.128,0.831,1.836
1428,12.31147,7.227,4.59,0.115,0.811,1.711
1429,12.321382,5.623,4.562,0.079,0.789,0.193
1430,12.329852,5.72,4.583,0.071,0.834,0.232
1431,12.338648,5.754,4.613,0.082,0.858,0.201
1432,12.346805,5.952,4.641,0.094,1.03,0.187
1433,12.355057,6.009,4.631,0.077,1.101,0.2
1434,12.363839,5.825,4.599,0.074,0.933,0.219
1435,12.371673,6.377,4.639,0.052,1.388,0.298
1436,12.380368,6.003,4.569,0.064,1.106,0.264
1437,12.390535,7.56,4.598,0.102,0.801,2.059
1438,12.400797,5.743,4.618,0.094,0.827,0.204
1439,12.408996,5.884,4.586,0.086,0.896,0.316
1440,12.417488,5.712,4.616,0.075,0.78,0.241
1441,12.426077,5.727,4.62,0.074,0.796,0.237
1442,12.434073,6.043,4.58,0.103,1.108,0.252
1443,12.442508,5.93,4.598,0.154,0.958,0.22
1444,12.450653,7.894,4.615,0.152,0.736,2.391
1445,12.459332,7.558,4.564,0.089,0.72,2.185
1446,12.467372,7.851,4.566,0.128,0.713,2.444
1447,12.476156,7.4,4.604,0.106,0.694,1.996
1448,12.484216,7.726,4.568,0.078,0.717,2.363
1449,12.492696,7.683,4.609,0.109,0.8,2.165
1450,12.503257,5.792,4.585,0.106,0.894,0.207
1451,12.511241,6.133,4.567,0.096,1.085,0.385
1452,12.519928,5.746,4.59,0.086,0.865,0.205
1453,12.528127,5.891,4.611,0.076,0.973,0.231
1454,12.536157,6.208,4.577,0.11,1.023,0.498
1455,12.544906,5.867,4.611,0.079,0.891,0.286
1456,12.553117,5.936,4.581,0.093,0.984,0.278
1457,12.561682,5.894,4.584,0.096,0.871,0.343
1458,12.569863,5.996,4.633,0.099,1.021,0.243
1459,12.579867,8.215,4.58,0.106,0.799,2.73
1460,12.588683,7.916,4.571,0.133,0.781,2.431
1461,12.597182,7.619,4.567,0.164,0.765,2.123
1462,12.604876,8.235,4.591,0.078,0.743,2.823
1463,12.613684,7.799,4.606,0.095,0.766,2.332
1464,12.621824,8.017,4.622,0.111,0.746,2.538
1465,12.630497,7.652,4.572,0.118,0.723,2.239
1466,12.640135,6.403,4.628,0.077,0.793,0.905
1467,12.648866,8.154,4.608,0.091,0.775,2.68
1468,12.657259,8.065,4.536,0.12,0.762,2.647
1469,12.665429,8.218,4.583,0.109,0.743,2.783
1470,12.673883,8.16,4.626,0.137,0.763,2.634
1471,12.684236,6.141,4.557,0.132,0.745,0.707
1472,12.691029,7.661,4.496,0.135,0.724,2.306
1473,12.700632,6.5,4.575,0.099,0.808,1.018
1474,12.709244,6.212,4.506,0.134,0.787,0.785
1475,12.717625,8.186,4.492,0.106,0.702,2.886
1476,12.725674,8.461,4.5,0.11,0.692,3.159
1477,12.734349,8.137,4.478,0.074,0.671,2.914
1478,12.742473,8.341,4.453,0.089,0.668,3.131
1479,12.751042,8.135,4.474,0.093,0.674,2.894
1480,12.76099,8.786,4.642,0.131,0.832,3.181
1481,12.769812,8.612,4.469,0.077,0.813,3.253
1482,12.778096,8.379,4.487,0.117,0.791,2.984
1483,12.786317,8.545,4.478,0.128,0.77,3.169
1484,12.794522,8.633,4.492,0.111,0.752,3.278
1485,12.803002,8.486,4.5,0.124,0.737,3.125
1486,12.811375,8.547,4.443,0.105,0.834,3.165
1487,12.821709,6.587,4.559,0.114,0.811,1.103
1488,12.831967,5.553,4.573,0.092,0.672,0.216
1489,12.840622,5.739,4.622,0.08,0.792,0.245
1490,12.848625,6.061,4.567,0.096,1.169,0.229
1491,12.856853,6.894,4.617,0.122,0.781,1.374
1492,12.865471,6.574,4.574,0.087,0.759,1.154
1493,12.873456,6.94,4.612,0.09,0.741,1.497
1494,12.882401,6.436,4.588,0.202,0.841,0.805
1495,12.890382,8.929,4.628,0.134,0.873,3.294
1496,12.899138,8.707,4.582,0.126,0.851,3.148
1497,12.907609,8.443,4.547,0.082,0.831,2.983
1498,12.915694,8.68,4.522,0.093,0.812,3.253
1499,12.923837,8.958,4.52,0.12,0.795,3.523
1500,12.932261,8.832,4.536,0.122,0.839,3.335
1501,12.940929,8.507,4.606,0.114,0.82,2.967
1502,12.950696,7.028,4.567,0.123,0.802,1.536
1503,12.95936,8.77,4.546,0.078,0.768,3.378
1504,12.967525,9.149,4.644,0.099,0.742,3.664
1505,12.975968,8.972,4.678,0.124,0.833,3.337
1506,12.984883,12.957,4.643,0.204,5.351,2.759
1507,12.992343,13.78,4.742,0.169,5.332,3.537
1508,13.001354,13.107,4.55,0.153,5.31,3.094
1509,13.011535,11.272,4.626,0.166,5.294,1.186
1510,13.019466,11.661,4.583,0.12,3.179,3.779
1511,13.027992,13.544,4.516,0.135,5.191,3.702
1512,13.036062,13.737,4.701,0.157,5.175,3.704
1513,13.044818,13.584,4.631,0.108,5.372,3.473
1514,13.052835,13.888,4.705,0.131,5.346,3.706
1515,13.061624,13.462,4.568,0.144,5.333,3.417
1516,13.071649,11.753,4.624,0.123,5.31,1.696
1517,13.080236,11.488,4.58,0.142,5.286,1.48
1518,13.088465,11.587,4.627,0.087,5.269,1.604
1519,13.09685,11.542,4.604,0.08,5.246,1.612
1520,13.104774,11.918,4.636,0.108,5.232,1.942
1521,13.113525,13.518,4.606,0.118,5.128,3.666
1522,13.121577,13.749,4.5,0.124,5.108,4.017
1523,13.130292,13.556,4.62,0.156,5.094,3.686
1524,13.140476,11.573,4.659,0.144,5.079,1.691
1525,13.14888,11.518,4.652,0.086,5.08,1.7
1526,13.15735,13.6,4.569,0.107,5.238,3.686
1527,13.165438,13.977,4.641,0.094,5.362,3.88
1528,13.173904,13.858,4.808,4.688,0.869,3.493
1529,13.181945,14.108,0.0,0.033,5.374,8.701
1530,13.190418,14.378,4.544,0.068,5.732,4.034
1531,13.198967,14.225,4.903,0.07,5.745,3.507
1532,13.208984,12.496,4.645,0.143,5.782,1.926
1533,13.217884,11.999,4.613,0.13,5.793,1.463
1534,13.225885,13.778,4.605,0.098,5.226,3.849
1535,13.234161,13.871,4.559,0.067,5.26,3.985
1536,13.242433,13.828,4.662,0.077,5.269,3.82
1537,13.251033,13.643,4.598,0.118,5.267,3.66
1538,13.261071,11.941,4.571,0.198,5.32,1.852
1539,13.269879,11.448,4.575,0.129,5.338,1.406
1540,13.277992,11.713,4.57,0.187,5.368,1.588
1541,13.28642,11.597,4.593,0.132,5.376,1.496
1542,13.295305,11.054,4.553,0.133,5.404,0.964
1543,13.302895,11.851,4.579,0.143,5.418,1.711
1544,13.31144,11.581,4.545,0.174,5.435,1.427
1545,13.320063,11.293,4.538,0.136,3.379,3.24
1546,13.329848,9.797,4.549,0.095,3.395,1.758
1547,13.338321,9.602,4.511,0.078,1.348,3.665
1548,13.346993,9.326,4.548,0.168,1.357,3.253
1549,13.355477,9.201,4.638,0.259,1.379,2.925
1550,13.363798,9.251,4.624,0.129,1.4,3.098
1551,13.371865,9.605,4.591,0.088,1.419,3.507
1552,13.380266,9.368,4.614,0.146,1.443,3.165
1553,13.389201,8.755,4.544,0.089,1.464,2.658
1554,13.398907,7.434,4.585,0.075,1.484,1.29
1555,13.407306,8.708,4.591,0.159,0.831,3.127
1556,13.415453,8.884,4.758,0.108,0.854,3.164
1557,13.423971,13.324,4.53,0.084,5.472,3.238
1558,13.431889,13.781,4.597,0.072,5.501,3.611
1559,13.440666,13.331,4.581,0.124,5.546,3.08
1560,13.453178,9.139,4.572,0.092,1.411,3.064
1561,13.461554,9.307,4.645,0.139,3.518,1.005
1562,13.469414,9.56,4.603,0.099,3.538,1.32
1563,13.477896,9.575,4.624,0.089,3.555,1.307
1564,13.486243,9.534,4.621,0.086,3.578,1.249
1565,13.494432,9.529,4.62,0.091,3.595,1.223
1566,13.503098,9.356,4.611,0.074,3.612,1.059
1567,13.511231,9.408,4.603,0.125,3.638,1.042
1568,13.519674,9.414,4.626,0.095,1.575,3.118
1569,13.528679,8.76,4.651,0.115,1.594,2.4
1570,13.536181,9.456,4.59,0.099,1.616,3.151
1571,13.544875,9.238,4.618,0.097,1.639,2.884
1572,13.552974,9.476,4.607,0.08,1.655,3.134
1573,13.561343,9.455,4.575,0.119,1.68,3.081
1574,13.570161,8.947,4.604,0.1,1.699,2.544
1575,13.580261,7.056,4.569,0.103,1.714,0.67
1576,13.58797,7.659,4.587,0.099,1.737,1.236
1577,13.596757,7.205,4.611,0.073,1.76,0.761
1578,13.605577,6.703,4.606,0.076,1.78,0.241
1579,13.613279,7.334,4.587,0.096,1.798,0.853
1580,13.622349,6.731,4.582,0.091,1.72,0.338
1581,13.632341,8.007,4.587,0.105,0.724,2.591
1582,13.640483,8.174,4.602,0.078,0.745,2.749
1583,13.648849,8.138,4.604,0.084,0.765,2.685
1584,13.657349,7.982,4.573,0.091,0.785,2.533
1585,13.66529,8.363,4.568,0.077,0.802,2.916
1586,13.674021,8.046,4.575,0.153,0.826,2.492
1587,13.681996,8.376,4.57,0.117,0.845,2.844
1588,13.690498,8.16,4.618,0.083,0.844,2.615
1589,13.70077,8.088,4.61,0.084,0.66,2.734
1590,13.709509,7.916,4.585,0.11,0.774,2.447
1591,13.71756,8.182,4.651,0.09,0.796,2.645
1592,13.72612,7.938,4.555,0.151,0.811,2.421
1593,13.734392,7.874,4.48,0.094,0.83,2.47
1594,13.7428,8.011,4.531,0.088,0.851,2.541
1595,13.751096,7.856,4.489,0.075,0.864,2.428
1596,13.761275,6.01,4.582,0.128,0.89,0.41
1597,13.769892,5.876,4.491,0.079,0.913,0.393
1598,13.778265,5.716,4.472,0.091,0.902,0.251
1599,13.786396,5.89,4.482,0.071,0.956,0.381
1600,13.795042,7.54,4.469,0.068,0.692,2.311
1601,13.803059,7.818,4.464,0.069,0.711,2.574
1602,13.811479,7.737,4.436,0.103,0.744,2.454
1603,13.822037,5.845,4.586,0.076,0.756,0.427
1604,13.829996,6.191,4.498,0.163,1.089,0.441
1605,13.838354,7.714,4.486,0.085,0.691,2.452
1606,13.846736,7.659,4.505,0.085,0.729,2.34
1607,13.854819,7.9,4.505,0.075,0.751,2.569
1608,13.863499,7.706,4.487,0.108,0.772,2.339
1609,13.872509,7.259,4.495,0.098,1.027,1.639
1610,13.880002,7.983,4.479,0.07,1.044,2.39
1611,13.890312,5.995,4.554,0.098,1.064,0.279
1612,13.898827,5.821,4.618,0.088,0.881,0.234
1613,13.907529,5.784,4.605,0.096,0.872,0.211
1614,13.915288,6.362,4.569,0.103,1.49,0.2
1615,13.923842,6.17,4.63,0.133,1.21,0.197
1616,13.931987,6.329,4.578,0.074,1.462,0.215
1617,13.940536,6.113,4.616,0.079,1.215,0.203
1618,13.950745,7.489,4.628,0.075,0.653,2.133
1619,13.959455,7.106,4.583,0.085,0.686,1.752
1620,13.967338,7.567,4.577,0.085,0.718,2.187
1621,13.975903,7.362,4.616,0.099,0.773,1.874
1622,13.984095,7.513,4.616,0.089,0.797,2.011
1623,13.992563,7.377,4.616,0.081,0.816,1.864
1624,14.003187,5.735,4.597,0.085,0.873,0.18
1625,14.010882,7.742,4.595,0.153,0.809,2.185
1626,14.019546,7.531,4.58,0.155,0.925,1.871
1627,14.028565,6.82,4.698,0.187,0.942,0.993
1628,14.036221,7.526,4.487,0.135,0.964,1.94
1629,14.044708,7.386,4.494,0.082,0.985,1.825
1630,14.052637,7.767,4.516,0.114,1.005,2.132
1631,14.061509,7.404,4.498,0.148,1.025,1.733
1632,14.069876,7.234,4.523,0.108,1.044,1.559
1633,14.080239,5.507,4.577,0.083,0.634,0.213
1634,14.090619,5.567,4.611,0.077,0.665,0.214
1635,14.098879,5.642,4.511,0.079,0.858,0.194
1636,14.107022,5.811,4.478,0.083,1.069,0.181
1637,14.11557,5.617,4.498,0.093,0.834,0.192
1638,14.123837,5.678,4.486,0.111,0.892,0.189
1639,14.132359,5.556,4.465,0.161,0.744,0.186
1640,14.140463,5.761,4.461,0.083,1.04,0.177
1641,14.148799,5.77,4.484,0.079,1.011,0.196
1642,14.157394,6.687,4.47,0.071,0.621,1.525
1643,14.165386,7.076,4.458,0.105,0.751,1.762
1644,14.174005,6.873,4.508,0.141,0.769,1.455
1645,14.182326,6.842,4.452,0.103,0.794,1.493
1646,14.190421,7.011,4.605,0.109,0.815,1.482
1647,14.200867,6.87,4.534,0.125,0.753,1.458
1648,14.209597,6.536,4.579,0.07,0.776,1.111
1649,14.217536,6.975,4.596,0.128,0.794,1.457
1650,14.225926,6.859,4.583,0.162,0.82,1.294
1651,14.234102,6.993,4.615,0.091,0.839,1.448
1652,14.242568,6.843,4.614,0.115,0.861,1.253
1653,14.253154,5.669,4.552,0.082,0.832,0.203
1654,14.261186,5.974,4.587,0.092,1.102,0.193
1655,14.269868,5.704,4.58,0.105,0.775,0.244
1656,14.278018,5.977,4.615,0.09,0.916,0.356
1657,14.28685,5.851,4.612,0.079,0.822,0.338
1658,14.294527,6.367,4.597,0.075,1.47,0.225
1659,14.303046,6.309,4.606,0.095,1.268,0.34
1660,14.311292,6.312,4.424,0.093,1.422,0.373
1661,14.31971,6.515,4.626,0.108,0.768,1.013
1662,14.329699,5.579,4.555,0.088,0.726,0.21
1663,14.338272,5.564,4.564,0.139,0.666,0.195
1664,14.346867,5.673,4.617,0.077,0.773,0.206
1665,14.355527,5.697,4.599,0.084,0.801,0.213
1666,14.363307,6.261,4.58,0.078,1.38,0.223
1667,14.371772,6.138,4.618,0.13,1.206,0.184
1668,14.381908,6.589,4.616,0.096,0.704,1.173
1669,14.390344,6.472,4.566,0.08,0.723,1.103
1670,14.398853,6.287,4.621,0.114,0.748,0.804
1671,14.406845,6.656,4.559,0.112,0.793,1.192
1672,14.415351,6.493,4.572,0.121,0.81,0.99
1673,14.423536,6.667,4.724,0.118,0.831,0.994
1674,14.432116,6.448,4.616,0.117,0.888,0.827
1675,14.440269,6.618,4.582,0.128,0.909,0.999
1676,14.450752,6.349,4.63,0.11,0.737,0.872
1677,14.459363,6.101,4.602,0.076,0.757,0.666
1678,14.467304,6.463,4.57,0.134,0.777,0.982
1679,14.475855,6.247,4.571,0.125,0.798,0.753
1680,14.484524,5.943,4.495,0.08,0.818,0.55
1681,14.492417,6.354,4.382,0.135,0.837,1.0
1682,14.501109,6.096,4.494,0.076,0.857,0.669
1683,14.511383,5.696,4.619,0.073,0.658,0.346
1684,14.51999,5.89,4.471,0.124,0.771,0.524
1685,14.528017,6.187,4.51,0.082,0.79,0.805
1686,14.536393,6.124,4.453,0.076,0.809,0.786
1687,14.545116,5.68,4.502,0.087,0.812,0.279
1688,14.553121,5.967,4.489,0.106,0.851,0.521
1689,14.561454,5.956,4.453,0.09,0.872,0.541
1690,14.569747,5.983,4.527,0.126,0.891,0.439
1691,14.579765,5.649,4.581,0.095,0.706,0.267
1692,14.58871,5.503,4.506,0.086,0.658,0.253
1693,14.596728,5.795,4.613,0.078,0.678,0.426
1694,14.604884,5.966,4.492,0.081,0.7,0.693
1695,14.613415,5.778,4.452,0.077,0.718,0.531
1696,14.62152,6.019,4.506,0.144,0.761,0.608
1697,14.630564,5.414,4.499,0.097,0.629,0.189
1698,14.638622,5.808,4.625,0.088,0.906,0.189
1699,14.648515,5.58,4.613,0.088,0.684,0.195
1700,14.657249,5.656,4.534,0.078,0.774,0.27
1701,14.665795,5.767,4.641,0.073,0.844,0.209
1702,14.673531,6.339,4.612,0.097,1.138,0.492
1703,14.682018,6.183,4.627,0.087,1.151,0.318
1704,14.690599,5.963,4.62,0.094,1.037,0.212
1705,14.700571,5.747,4.605,0.083,0.856,0.203
1706,14.709299,5.653,4.582,0.076,0.796,0.199
1707,14.717291,6.0,4.561,0.081,1.151,0.207
1708,14.726203,5.68,4.556,0.086,0.839,0.199
1709,14.73435,5.881,4.579,0.09,1.019,0.193
1710,14.74272,5.843,4.581,0.068,0.992,0.202
1711,14.750913,6.003,4.607,0.069,1.112,0.215
1712,14.75938,5.844,4.557,0.074,0.996,0.217
1713,14.769273,5.878,4.554,0.09,0.797,0.437
1714,14.777963,5.856,4.573,0.076,0.809,0.398
1715,14.786383,5.717,4.551,0.073,0.744,0.349
1716,14.794855,5.852,4.614,0.073,0.794,0.371
1717,14.802987,5.896,4.573,0.074,1.015,0.234
1718,14.811282,6.035,4.575,0.065,1.047,0.348
1719,14.821812,5.872,4.604,0.093,0.832,0.343
1720,14.830159,5.817,4.539,0.093,0.849,0.336
1721,14.838304,5.991,4.542,0.079,1.046,0.324
1722,14.846641,5.889,4.571,0.077,1.001,0.24
1723,14.855116,5.739,4.578,0.066,0.862,0.233
1724,14.863224,5.951,4.581,0.074,1.091,0.205
1725,14.871835,5.752,4.607,0.102,0.819,0.224
1726,14.8825,5.574,4.604,0.082,0.687,0.201
1727,14.892523,5.875,4.615,0.084,0.808,0.368
1728,14.900984,5.882,4.607,0.075,0.857,0.343
1729,14.909316,5.863,4.529,0.076,0.92,0.338
1730,14.917365,6.038,4.537,0.068,1.196,0.237
1731,14.925812,5.974,4.621,0.173,0.909,0.271
1732,14.934167,5.91,4.588,0.079,1.027,0.216
1733,14.942447,5.951,4.612,0.079,1.074,0.186
1734,14.950936,5.831,4.61,0.073,0.925,0.223
1735,14.959389,5.672,4.589,0.073,0.816,0.194
1736,14.967455,5.945,4.575,0.074,1.077,0.219
1737,14.975905,5.827,4.606,0.088,0.955,0.178
1738,14.984044,6.004,4.568,0.083,1.158,0.195
1739,14.99291,5.532,4.605,0.077,0.679,0.171
1740,15.001139,5.787,4.585,0.082,0.892,0.228
1741,15.011568,5.783,4.558,0.092,0.921,0.212
1742,15.019319,6.36,4.58,0.076,1.494,0.21
1743,15.028147,5.872,4.579,0.094,0.988,0.211
1744,15.036124,6.225,4.567,0.082,1.36,0.216
1745,15.044686,6.01,4.602,0.096,1.12,0.192
1746,15.052793,6.24,4.601,0.085,1.347,0.207
1747,15.061366,5.989,4.58,0.087,1.091,0.231
1748,15.071812,5.745,4.597,0.094,0.83,0.224
1749,15.080256,5.62,4.571,0.08,0.725,0.244
1750,15.088235,5.952,4.507,0.077,1.176,0.192
1751,15.096815,5.711,4.521,0.076,0.913,0.201
1752,15.105215,5.629,4.49,0.073,0.867,0.199
1753,15.11307,6.103,4.509,0.09,1.316,0.188
1754,15.121767,5.785,4.492,0.101,0.981,0.211
1755,15.132479,5.652,4.602,0.095,0.707,0.248
1756,15.140555,5.907,4.491,0.081,1.127,0.208
1757,15.148864,5.942,4.507,0.078,1.151,0.206
1758,15.156896,6.231,4.477,0.074,1.457,0.223
1759,15.165644,5.998,4.474,0.096,1.021,0.407
1760,15.174001,5.858,4.493,0.154,0.944,0.267
1761,15.182139,6.049,4.499,0.089,1.191,0.27
1762,15.190384,6.088,4.47,0.084,1.308,0.226
1763,15.200784,5.685,4.623,0.08,0.708,0.274
1764,15.2097,5.508,4.515,0.082,0.669,0.242
1765,15.217298,6.269,4.45,0.073,1.46,0.286
1766,15.225853,6.006,4.495,0.082,1.21,0.219
1767,15.23393,6.25,4.505,0.086,1.465,0.194
1768,15.242643,6.023,4.628,0.088,0.941,0.366
1769,15.251171,5.755,4.581,0.091,0.836,0.247
1770,15.261088,5.706,4.616,0.082,0.786,0.222
1771,15.269589,5.811,4.627,0.086,0.858,0.24
1772,15.277894,5.91,4.575,0.101,0.913,0.321
1773,15.286291,5.751,4.566,0.082,0.882,0.221
1774,15.294399,6.011,4.623,0.096,1.052,0.24
1775,15.303223,5.594,4.564,0.096,0.708,0.226
1776,15.311493,5.992,4.584,0.131,0.931,0.346
1777,15.321808,5.841,4.623,0.109,0.854,0.255
1778,15.332007,6.002,4.627,0.143,0.874,0.358
1779,15.340555,5.836,4.601,0.103,0.761,0.371
1780,15.348875,5.772,4.608,0.085,0.855,0.224
1781,15.356901,6.054,4.546,0.096,1.184,0.228
1782,15.36567,5.687,4.527,0.08,0.775,0.305
1783,15.373818,5.965,4.583,0.167,0.86,0.355
1784,15.382317,5.937,4.585,0.163,0.822,0.367
1785,15.390265,6.186,4.568,0.086,1.286,0.246
1786,15.398916,5.856,4.614,0.088,0.956,0.198
1787,15.407188,5.893,4.57,0.09,1.038,0.195
1788,15.415416,6.016,4.616,0.161,1.012,0.227
1789,15.423756,6.007,4.622,0.099,1.099,0.187
1790,15.432118,6.302,4.589,0.242,1.169,0.302
1791,15.440656,6.153,4.636,0.112,1.045,0.36
1792,15.451157,5.781,4.573,0.091,0.786,0.331
1793,15.459365,5.896,4.551,0.124,0.882,0.339
1794,15.46755,5.902,4.569,0.099,1.036,0.198
1795,15.475804,6.128,4.597,0.132,1.043,0.356
1796,15.484218,5.964,4.552,0.099,1.06,0.253
1797,15.492279,6.202,4.569,0.089,1.321,0.223
1798,15.500979,5.829,4.621,0.101,0.915,0.192
1799,15.509483,5.726,4.615,0.079,0.811,0.221
1800,15.519637,5.612,4.626,0.084,0.707,0.195
1801,15.527955,5.738,4.648,0.088,0.727,0.275
1802,15.536507,5.504,4.482,0.069,0.653,0.3
1803,15.544532,5.912,4.511,0.085,0.946,0.37
1804,15.55307,5.688,4.502,0.086,0.741,0.359
1805,15.561406,5.559,4.492,0.078,0.77,0.219
1806,15.56975,5.533,4.49,0.091,0.765,0.187
1807,15.580071,5.589,4.59,0.075,0.697,0.227
1808,15.588755,5.656,4.504,0.073,0.697,0.382
1809,15.597158,5.533,4.529,0.089,0.674,0.241
1810,15.605309,5.845,4.49,0.087,0.91,0.358
1811,15.614149,5.637,4.477,0.082,0.684,0.394
1812,15.621642,6.329,4.491,0.079,1.517,0.242
1813,15.63051,5.911,4.469,0.078,1.008,0.356
1814,15.640353,5.702,4.603,0.077,0.664,0.358
1815,15.6489,5.484,4.507,0.069,0.689,0.219
1816,15.656913,5.908,4.491,0.13,0.985,0.302
1817,15.665608,5.675,4.501,0.127,0.816,0.231
1818,15.673784,6.017,4.497,0.082,1.072,0.366
1819,15.682242,5.738,4.463,0.076,0.971,0.228
1820,15.692786,5.689,4.573,0.073,0.802,0.241
1821,15.700905,5.91,4.614,0.071,1.014,0.211
1822,15.709422,5.707,4.616,0.086,0.806,0.199
1823,15.717344,6.116,4.594,0.071,1.234,0.217
1824,15.725968,5.844,4.612,0.088,0.935,0.209
1825,15.733882,6.247,4.581,0.078,1.373,0.215
1826,15.742568,5.894,4.593,0.072,1.027,0.202
1827,15.75079,6.036,4.595,0.078,1.151,0.212
1828,15.759465,5.708,4.577,0.086,0.827,0.218
1829,15.769673,5.724,4.613,0.089,0.802,0.22
1830,15.779857,5.685,4.589,0.079,0.826,0.191
1831,15.788312,5.707,4.591,0.073,0.839,0.204
1832,15.796836,5.72,4.563,0.074,0.865,0.218
1833,15.804977,5.917,4.59,0.14,0.989,0.198
1834,15.813184,6.011,4.605,0.127,1.104,0.175
1835,15.821999,5.88,4.618,0.08,0.82,0.362
1836,15.830138,5.932,4.587,0.073,1.056,0.216
1837,15.838436,6.075,4.454,0.077,1.204,0.34
1838,15.846818,5.937,4.496,0.07,1.148,0.223
1839,15.854892,6.197,4.51,0.072,1.395,0.22
1840,15.863481,5.907,4.477,0.107,1.139,0.184
1841,15.871832,5.911,4.516,0.084,1.115,0.196
1842,15.880341,5.716,4.456,0.082,0.978,0.2
1843,15.890418,5.516,4.575,0.075,0.646,0.22
1844,15.898787,5.645,4.51,0.073,0.705,0.357
1845,15.907058,5.758,4.494,0.117,0.827,0.32
1846,15.915377,5.641,4.47,0.116,0.826,0.229
1847,15.924225,5.611,4.456,0.092,0.698,0.365
1848,15.93207,5.985,4.524,0.095,1.125,0.241
1849,15.940974,5.688,4.519,0.085,0.684,0.4
1850,15.950675,5.711,4.602,0.074,0.658,0.377
1851,15.959286,5.479,4.5,0.081,0.686,0.212
1852,15.967265,5.826,4.485,0.082,1.058,0.201
1853,15.975931,5.561,4.499,0.071,0.71,0.281
1854,15.984016,5.888,4.501,0.075,0.95,0.362
1855,15.992552,5.677,4.607,0.071,0.639,0.36
1856,16.001277,5.972,4.613,0.074,1.057,0.228
1857,16.011192,5.925,4.553,0.099,0.866,0.407
1858,16.019803,5.921,4.613,0.102,0.848,0.358
1859,16.027771,6.19,4.58,0.088,1.26,0.262
1860,16.036328,5.913,4.568,0.071,1.026,0.248
1861,16.04439,6.29,4.609,0.1,1.256,0.325
1862,16.053069,5.967,4.603,0.116,0.903,0.345
1863,16.061499,5.849,4.606,0.094,0.82,0.329
1864,16.0716,5.837,4.596,0.088,0.815,0.338
1865,16.080401,5.729,4.582,0.08,0.731,0.336
1866,16.088598,5.882,4.603,0.074,0.858,0.347
1867,16.096547,6.16,4.555,0.074,1.28,0.251
1868,16.105272,5.879,4.601,0.087,0.856,0.335
1869,16.113103,6.228,4.549,0.094,1.393,0.192
1870,16.12178,5.953,4.604,0.077,1.023,0.249
1871,16.132335,5.524,4.565,0.068,0.643,0.248
1872,16.14092,5.777,4.637,0.074,0.744,0.322
1873,16.148828,6.22,4.6,0.068,1.211,0.341
1874,16.157519,5.797,4.609,0.085,0.882,0.221
1875,16.165328,6.31,4.555,0.083,1.452,0.22
1876,16.174326,5.771,4.576,0.085,0.777,0.333
1877,16.182238,6.089,4.586,0.077,1.191,0.235
1878,16.192873,5.667,4.604,0.07,0.747,0.246
1879,16.202878,5.648,4.622,0.094,0.755,0.177
1880,16.210939,5.947,4.57,0.088,1.024,0.265
1881,16.219377,5.838,4.542,0.094,0.978,0.224
1882,16.227569,5.968,4.577,0.076,1.084,0.231
1883,16.236014,5.838,4.549,0.084,0.994,0.211
1884,16.244237,5.95,4.574,0.073,1.113,0.19
1885,16.252697,5.907,4.587,0.162,0.968,0.19
1886,16.261148,5.761,4.562,0.106,0.903,0.19
1887,16.269931,5.642,4.625,0.087,0.743,0.187
1888,16.277728,6.178,4.605,0.072,1.3,0.201
1889,16.286443,5.801,4.468,0.071,1.027,0.235
1890,16.294523,6.042,4.518,0.084,1.201,0.239
1891,16.302865,6.219,4.49,0.081,1.27,0.378
1892,16.311743,5.513,4.513,0.073,0.701,0.226
1893,16.319667,5.907,4.509,0.08,1.121,0.197
1894,16.329809,5.541,4.608,0.08,0.654,0.199
1895,16.338245,5.442,4.47,0.08,0.672,0.22
1896,16.346742,5.464,4.521,0.075,0.651,0.217
1897,16.354593,6.068,4.47,0.147,0.951,0.5
1898,16.363789,5.727,4.516,0.177,0.831,0.203
1899,16.371756,6.134,4.51,0.091,1.29,0.243
1900,16.38021,5.946,4.479,0.106,1.181,0.18
1901,16.390593,5.624,4.585,0.103,0.695,0.241
1902,16.398615,5.901,4.501,0.088,0.966,0.346
1903,16.406971,5.942,4.463,0.046,0.943,0.49
1904,16.41543,5.765,4.449,0.086,0.92,0.31
1905,16.423569,5.953,4.522,0.093,0.9,0.438
1906,16.432082,6.034,4.482,0.196,1.104,0.252
1907,16.442476,5.898,4.503,0.118,0.805,0.472
1908,16.451181,5.813,4.521,0.141,0.836,0.315
1909,16.459625,6.373,4.553,0.249,1.082,0.489
1910,16.46785,6.335,4.605,0.127,1.311,0.292
1911,16.475948,6.574,4.555,0.196,1.507,0.316
1912,16.484096,6.706,4.572,0.128,1.593,0.413
1913,16.492365,6.85,4.497,0.26,1.564,0.529
1914,16.501112,6.397,4.517,0.129,1.456,0.295
1915,16.511377,5.988,4.607,0.125,0.896,0.36
1916,16.51954,6.101,4.518,0.153,0.873,0.557
1917,16.527928,6.071,4.57,0.154,0.896,0.451
1918,16.53666,5.872,4.52,0.128,0.844,0.38
1919,16.544559,6.243,4.531,0.146,0.975,0.591
1920,16.553063,6.13,4.569,0.149,0.953,0.459
1921,16.562016,5.961,4.556,0.141,0.908,0.356
1922,16.569978,6.343,4.569,0.062,1.312,0.4
1923,16.579976,5.755,4.6,0.149,0.731,0.275
1924,16.588398,6.039,4.459,0.191,0.801,0.588
1925,16.596511,6.274,4.461,0.161,0.781,0.871
1926,16.605,6.143,4.527,0.105,0.766,0.745
1927,16.613177,6.264,4.475,0.132,0.762,0.895
1928,16.621508,6.248,4.472,0.134,0.749,0.893
1929,16.631847,5.709,4.614,0.083,0.804,0.208
1930,16.640289,5.616,4.465,0.089,0.845,0.217
1931,16.648896,5.717,4.515,0.132,0.852,0.218
1932,16.656881,6.107,4.515,0.104,1.23,0.258
1933,16.665332,6.102,4.493,0.086,1.121,0.402
1934,16.673953,5.666,4.521,0.075,0.821,0.249
1935,16.682269,6.03,4.475,0.112,0.719,0.724
1936,16.690442,6.246,4.517,0.121,0.716,0.892
1937,16.700905,5.7,4.663,0.16,0.665,0.212
1938,16.709094,5.818,4.523,0.087,1.019,0.189
1939,16.718027,5.438,4.513,0.071,0.648,0.206
1940,16.725714,6.43,4.511,0.2,0.712,1.007
1941,16.734442,6.043,4.501,0.106,0.706,0.73
1942,16.742464,6.375,4.614,0.07,0.7,0.991
1943,16.751055,6.201,4.613,0.124,0.782,0.682
1944,16.76123,5.596,4.601,0.078,0.708,0.209
1945,16.769557,5.67,4.6,0.072,0.821,0.177
1946,16.777881,5.797,4.631,0.07,0.833,0.263
1947,16.785976,6.008,4.606,0.094,1.096,0.212
1948,16.794487,5.876,4.62,0.075,0.913,0.268
1949,16.802984,5.924,4.583,0.109,1.01,0.222
1950,16.811646,5.795,4.62,0.095,0.895,0.185
1951,16.819834,5.951,4.599,0.081,1.053,0.218
1952,16.829924,6.604,4.614,0.113,0.67,1.207
1953,16.840045,5.569,4.61,0.075,0.659,0.225
1954,16.848565,5.976,4.593,0.155,1.046,0.182
1955,16.85699,5.871,4.662,0.097,0.935,0.177
1956,16.865283,6.016,4.58,0.078,1.067,0.291
1957,16.873893,5.682,4.607,0.074,0.78,0.221
1958,16.882294,5.735,4.602,0.072,0.845,0.216
1959,16.890372,5.977,4.601,0.069,1.106,0.201
1960,16.89876,5.953,4.619,0.08,1.032,0.222
1961,16.906924,6.1,4.607,0.071,1.211,0.211
1962,16.915473,6.836,4.599,0.081,0.851,1.305
1963,16.92382,6.811,4.584,0.115,0.831,1.281
1964,16.931843,7.118,4.63,0.081,0.81,1.597
1965,16.94041,6.899,4.642,0.118,0.788,1.351
1966,16.94885,6.8,4.617,0.158,0.776,1.249
1967,16.959127,5.686,4.623,0.086,0.729,0.248
1968,16.967871,5.814,4.587,0.082,0.939,0.206
1969,16.975861,6.14,4.63,0.086,1.236,0.188
1970,16.983872,6.467,4.624,0.074,1.573,0.196
1971,16.992406,6.281,4.616,0.077,1.369,0.219
1972,17.001048,6.738,4.637,0.107,0.703,1.291
1973,17.011274,5.72,4.608,0.09,0.817,0.205
1974,17.019257,6.062,4.59,0.074,1.185,0.213
1975,17.027872,5.789,4.614,0.081,0.857,0.237
1976,17.036453,5.521,4.538,0.073,0.708,0.202
1977,17.044487,7.215,4.493,0.137,0.738,1.847
1978,17.053261,6.774,4.466,0.09,0.716,1.502
1979,17.061766,6.626,4.491,0.081,0.707,1.347
1980,17.071503,5.655,4.627,0.084,0.722,0.222
1981,17.080444,5.478,4.473,0.121,0.664,0.22
1982,17.08821,6.039,4.462,0.078,1.263,0.236
1983,17.096782,5.85,4.505,0.094,1.012,0.239
1984,17.104747,6.179,4.504,0.077,1.362,0.236
1985,17.113499,7.104,4.511,0.123,0.701,1.769
1986,17.121581,7.377,4.536,0.071,0.745,2.025
1987,17.132319,5.541,4.565,0.09,0.655,0.231
1988,17.140411,5.752,4.484,0.15,0.876,0.242
1989,17.148965,5.59,4.507,0.088,0.736,0.259
1990,17.156919,7.49,4.537,0.086,0.676,2.191
1991,17.165446,7.316,4.507,0.098,0.681,2.03
1992,17.173751,7.355,4.53,0.112,0.666,2.047
1993,17.181824,7.722,4.523,0.129,0.776,2.294
1994,17.190796,7.145,4.607,0.084,0.76,1.694
1995,17.200602,5.754,4.627,0.077,0.788,0.262
1996,17.209273,5.747,4.59,0.08,0.858,0.219
1997,17.218176,5.613,4.575,0.077,0.75,0.211
1998,17.225767,7.762,4.606,0.082,0.849,2.225
1999,17.234571,7.252,4.6,0.079,0.829,1.744
2000,17.242792,7.411,4.601,0.084,0.811,1.915
2001,17.250795,7.746,4.591,0.127,0.826,2.202
2002,17.259266,7.611,4.64,0.131,0.803,2.037
2003,17.269637,5.801,4.607,0.074,0.871,0.249
2004,17.279853,5.733,4.583,0.076,0.799,0.275
2005,17.288256,5.764,4.591,0.076,0.842,0.255
2006,17.296458,5.942,4.589,0.071,0.799,0.483
2007,17.304826,5.86,4.616,0.096,0.776,0.372
2008,17.313164,5.848,4.571,0.077,0.758,0.442
2009,17.321537,6.093,4.57,0.08,1.015,0.428
2010,17.330207,5.758,4.556,0.09,0.875,0.237
2011,17.338294,6.017,4.543,0.08,0.976,0.418
2012,17.346849,5.856,4.608,0.079,0.875,0.294
2013,17.35512,5.845,4.575,0.121,0.921,0.228
2014,17.363303,5.999,4.561,0.071,0.918,0.449
2015,17.372142,5.651,4.562,0.054,0.739,0.296
2016,17.379876,6.241,4.609,0.091,1.022,0.519
2017,17.389056,7.3,4.624,0.093,0.82,1.763
2018,17.399047,5.865,4.596,0.097,0.813,0.359
2019,17.407071,6.064,4.616,0.085,0.898,0.465
2020,17.415554,5.95,4.628,0.074,0.926,0.322
2021,17.423897,5.951,4.647,0.105,0.91,0.289
2022,17.431855,8.311,4.624,0.113,0.779,2.795
2023,17.440704,8.03,4.596,0.143,0.965,2.326
2024,17.450701,8.299,4.641,0.085,0.752,2.821
2025,17.459376,7.907,4.609,0.145,0.756,2.397
2026,17.467548,8.066,4.628,0.112,0.754,2.572
2027,17.475586,8.379,4.599,0.093,0.732,2.955
2028,17.484162,8.132,4.514,0.105,0.717,2.796
2029,17.492586,8.121,4.502,0.158,0.788,2.673
2030,17.500817,8.306,4.467,0.144,0.813,2.882
2031,17.509217,8.234,4.489,0.111,0.791,2.843
2032,17.519452,8.299,4.612,0.113,0.661,2.913
2033,17.528534,7.638,4.512,0.107,0.706,2.313
2034,17.536394,8.17,4.465,0.11,0.771,2.824
2035,17.544451,8.487,4.479,0.103,0.752,3.153
2036,17.552931,8.664,4.481,0.274,0.976,2.933
2037,17.56161,8.364,4.527,0.117,1.028,2.692
2038,17.56986,8.39,4.468,0.079,1.011,2.832
2039,17.580246,6.321,4.569,0.113,0.993,0.646
2040,17.58813,6.744,4.495,0.094,0.968,1.187
2041,17.596685,6.582,4.546,0.141,0.948,0.947
2042,17.604934,6.65,4.508,0.123,0.926,1.093
2043,17.613451,8.235,4.517,0.076,0.624,3.018
2044,17.621999,8.39,4.489,0.107,0.981,2.813
2045,17.630063,8.655,4.495,0.115,0.964,3.081
2046,17.640328,6.737,4.54,0.072,0.942,1.183
2047,17.648851,6.548,4.61,0.127,0.925,0.886
2048,17.656937,8.659,4.565,0.113,0.684,3.297
2049,17.665388,8.656,4.525,0.127,0.775,3.229
2050,17.673876,8.662,4.593,0.073,0.907,3.089
2051,17.681925,9.004,4.632,0.126,0.884,3.362
2052,17.690787,8.613,4.577,0.089,0.864,3.083
2053,17.699306,8.269,4.54,0.111,0.844,2.774
2054,17.708962,6.928,4.576,0.114,0.825,1.413
2055,17.717353,6.837,4.577,0.107,0.805,1.348
2056,17.725872,6.684,4.601,0.104,0.787,1.192
2057,17.733854,7.011,4.612,0.081,0.767,1.551
2058,17.742489,6.714,4.566,0.111,0.742,1.295
2059,17.750806,6.875,4.558,0.125,0.79,1.402
2060,17.761164,9.064,4.542,0.102,0.869,3.551
2061,17.769566,9.079,4.631,0.133,0.847,3.468
2062,17.778418,13.122,4.577,0.103,5.477,2.965
2063,17.785936,13.942,4.516,0.116,5.455,3.855
2064,17.79481,13.488,4.673,0.134,5.426,3.255
2065,17.80383,13.589,4.553,0.185,5.414,3.437
2066,17.812016,13.439,4.599,0.174,5.394,3.272
2067,17.821851,11.894,4.57,0.212,3.292,3.82
2068,17.830558,11.486,4.58,0.163,3.275,3.468
2069,17.838751,11.62,4.577,0.228,3.24,3.575
2070,17.84676,11.757,4.584,0.153,3.228,3.792
2071,17.855119,11.567,4.566,0.076,3.211,3.714
2072,17.863568,11.318,4.502,0.118,3.193,3.505
2073,17.872039,11.393,4.637,0.159,3.172,3.425
2074,17.882847,8.721,4.498,0.105,1.055,3.063
2075,17.890601,9.354,4.647,0.138,1.034,3.535
2076,17.898946,13.605,4.602,0.153,5.231,3.619
2077,17.907063,13.797,4.625,0.156,5.305,3.711
2078,17.915394,13.812,4.746,0.082,5.283,3.701
2079,17.923568,13.924,4.6,0.085,5.26,3.979
2080,17.931863,13.976,4.463,0.112,5.242,4.159
2081,17.942239,11.916,4.607,0.184,5.236,1.889
2082,17.950988,11.492,4.641,0.084,5.239,1.528
2083,17.959382,11.447,4.646,0.116,5.237,1.448
2084,17.967273,11.875,4.582,0.116,5.234,1.943
2085,17.97602,13.368,4.61,0.105,5.061,3.592
2086,17.983957,13.871,4.531,4.712,0.734,3.894
2087,17.992201,14.399,0.0,0.046,5.607,8.746
2088,18.000926,14.112,4.875,0.074,5.626,3.537
2089,18.01126,12.057,4.582,0.089,5.657,1.729
2090,18.019242,12.35,4.576,0.1,5.675,1.999
2091,18.028242,11.682,4.578,0.086,5.7,1.318
2092,18.036067,12.193,4.614,0.103,5.718,1.758
2093,18.044859,11.715,4.644,0.144,3.644,3.283
2094,18.053185,13.386,4.493,0.092,5.243,3.558
2095,18.061119,13.717,4.557,0.053,5.251,3.856
2096,18.069919,13.342,4.666,0.093,5.28,3.303
2097,18.080166,11.32,4.597,0.081,5.302,1.34
2098,18.090308,9.524,4.583,0.076,3.248,1.617
2099,18.098575,9.653,4.612,0.085,3.268,1.688
2100,18.107342,9.165,4.635,0.094,3.295,1.141
2101,18.115226,9.603,4.591,0.085,3.311,1.616
2102,18.123567,9.59,4.607,0.078,3.334,1.571
2103,18.131894,9.6,4.635,0.082,3.351,1.532
2104,18.140485,9.352,4.629,0.101,3.372,1.25
2105,18.148797,9.389,4.625,0.084,3.383,1.297
2106,18.157064,9.438,4.612,0.072,3.412,1.342
2107,18.165552,9.279,4.622,0.068,3.431,1.158
2108,18.173681,9.486,4.616,0.07,3.45,1.35
2109,18.181985,9.5,4.631,0.09,3.469,1.31
2110,18.190408,9.419,4.633,0.073,3.495,1.218
2111,18.198702,9.491,4.581,0.101,3.514,1.295
2112,18.20927,8.612,4.563,0.096,0.756,3.197
2113,18.21732,8.888,4.554,0.091,0.779,3.464
2114,18.225839,8.691,4.504,0.058,0.8,3.329
2115,18.234127,8.744,4.515,0.084,0.816,3.329
2116,18.242814,8.52,4.601,0.07,0.833,3.016
2117,18.251049,8.683,4.61,0.07,0.859,3.144
2118,18.259507,8.407,4.583,0.071,0.879,2.874
2119,18.26987,8.301,4.642,0.091,0.635,2.933
2120,18.277915,8.632,4.624,0.089,0.669,3.25
2121,18.286467,8.383,4.598,0.09,0.69,3.005
2122,18.294243,8.846,4.56,0.141,0.709,3.436
2123,18.302924,8.734,4.622,0.092,0.944,3.076
2124,18.311433,8.502,4.609,0.089,0.954,2.85
2125,18.321677,8.525,4.583,0.08,0.66,3.202
2126,18.330281,8.201,4.593,0.081,0.678,2.849
2127,18.338531,8.195,4.628,0.05,0.707,2.81
2128,18.346866,8.155,4.639,0.081,0.725,2.71
2129,18.35496,8.578,4.62,0.074,0.747,3.137
2130,18.363425,8.293,4.612,0.088,0.768,2.825
2131,18.371554,8.493,4.574,0.073,0.785,3.061
2132,18.380144,8.375,4.566,0.077,0.85,2.882
2133,18.390334,6.497,4.498,0.089,0.877,1.033
2134,18.398828,6.276,4.508,0.076,0.898,0.794
2135,18.407081,8.259,4.51,0.082,0.756,2.911
2136,18.415679,8.04,4.52,0.08,0.773,2.667
2137,18.423884,8.17,4.51,0.078,0.794,2.788
2138,18.431819,8.483,4.529,0.084,0.814,3.056
2139,18.440548,8.114,4.488,0.08,0.835,2.711
2140,18.450658,6.496,4.595,0.067,0.854,0.98
2141,18.459174,6.285,4.468,0.074,0.877,0.866
2142,18.468035,5.635,4.513,0.071,0.806,0.245
2143,18.475631,6.368,4.526,0.075,0.915,0.852
2144,18.484144,6.172,4.477,0.047,0.933,0.715
2145,18.492306,6.312,4.446,0.072,0.956,0.838
2146,18.500802,6.159,4.518,0.071,0.978,0.592
2147,18.51096,8.115,4.58,0.086,0.569,2.88
2148,18.51963,7.918,4.498,0.067,0.593,2.76
2149,18.528057,7.749,4.502,0.077,0.697,2.473
2150,18.536271,7.866,4.466,0.095,0.722,2.583
2151,18.545075,7.386,4.577,0.087,0.744,1.978
2152,18.552838,7.984,4.623,0.078,0.768,2.515
2153,18.561485,8.022,4.609,0.078,0.786,2.549
2154,18.569556,7.969,4.499,0.094,0.808,2.568
2155,18.580166,7.569,4.582,0.084,0.653,2.25
2156,18.587914,8.143,4.618,0.099,0.674,2.752
2157,18.596444,7.944,4.602,0.083,0.692,2.567
2158,18.605063,7.682,4.583,0.077,0.719,2.303
2159,18.613169,7.89,4.571,0.068,0.732,2.519
2160,18.621931,7.45,4.567,0.087,0.758,2.038
2161,18.630291,7.447,4.562,0.082,0.778,2.025
2162,18.640384,5.67,4.749,0.075,0.646,0.2
2163,18.648851,5.62,4.593,0.085,0.722,0.22
2164,18.656835,6.003,4.582,0.075,0.942,0.404
2165,18.665308,5.856,4.594,0.091,0.946,0.225
2166,18.673953,5.585,4.575,0.084,0.647,0.279
2167,18.68184,6.015,4.592,0.083,1.029,0.311
2168,18.690214,7.636,4.457,0.074,0.624,2.481
2169,18.698671,7.531,4.492,0.073,0.647,2.319
2170,18.708873,5.669,4.627,0.127,0.701,0.214
2171,18.717413,5.571,4.597,0.076,0.631,0.267
2172,18.725796,5.493,4.511,0.068,0.704,0.21
2173,18.733753,7.747,4.488,0.082,0.621,2.556
2174,18.742414,7.418,4.487,0.079,0.639,2.213
2175,18.751123,7.042,4.479,0.074,0.663,1.826
2176,18.760777,5.821,4.599,0.069,0.631,0.522
2177,18.769352,5.554,4.485,0.083,0.755,0.231
2178,18.777992,7.11,4.521,0.088,0.59,1.911
2179,18.786383,7.13,4.518,0.133,0.689,1.79
2180,18.795015,6.817,4.516,0.087,0.71,1.504
2181,18.802562,7.618,4.513,0.075,0.733,2.297
2182,18.811222,7.282,4.494,0.132,0.745,1.911
2183,18.821307,7.484,4.588,0.076,0.646,2.174
2184,18.83018,6.945,4.488,0.113,0.663,1.681
2185,18.837876,7.575,4.533,0.107,0.686,2.249
2186,18.846591,7.2,4.559,0.071,0.706,1.864
2187,18.854976,7.147,4.616,0.081,0.719,1.731
2188,18.863252,7.208,4.56,0.106,0.745,1.797
2189,18.871529,7.259,4.611,0.074,0.765,1.809
2190,18.880123,7.039,4.594,0.143,0.821,1.481
2191,18.890532,5.503,4.602,0.068,0.618,0.215
2192,18.90028,5.558,4.592,0.066,0.652,0.248
2193,18.908823,5.628,4.579,0.069,0.74,0.24
2194,18.917061,5.72,4.589,0.07,0.842,0.219
2195,18.925523,5.717,4.604,0.073,0.806,0.234
2196,18.933976,5.617,4.543,0.066,0.803,0.205
2197,18.942178,5.789,4.589,0.091,0.9,0.209
2198,18.950982,5.699,4.603,0.071,0.77,0.255
2199,18.959317,5.68,4.623,0.076,0.761,0.22
2200,18.967344,5.993,4.604,0.075,1.075,0.239
2201,18.975828,6.844,4.602,0.071,0.739,1.432
2202,18.984216,6.801,4.607,0.119,0.787,1.288
2203,18.992619,6.743,4.598,0.081,0.807,1.257
2204,19.00065,7.096,4.614,0.115,0.825,1.542
2205,19.009282,6.756,4.604,0.098,0.849,1.205
2206,19.019163,5.522,4.582,0.116,0.618,0.206
2207,19.027909,5.598,4.619,0.095,0.699,0.185
2208,19.036109,5.762,4.573,0.116,0.849,0.224
2209,19.044748,5.571,4.625,0.078,0.662,0.206
2210,19.0529,5.74,4.617,0.098,0.808,0.217
2211,19.061404,5.583,4.607,0.079,0.675,0.222
2212,19.071396,6.814,4.612,0.129,0.667,1.406
2213,19.080074,6.596,4.498,0.132,0.808,1.158
2214,19.088318,6.67,4.56,0.115,0.835,1.16
2215,19.096404,6.911,4.557,0.115,0.851,1.388
2216,19.105029,6.631,4.594,0.085,0.872,1.08
2217,19.113238,6.775,4.593,0.202,0.821,1.159
2218,19.121994,6.349,4.581,0.106,0.913,0.749
2219,19.132238,6.289,4.574,0.113,0.701,0.901
2220,19.142241,5.725,4.516,0.079,0.774,0.356
2221,19.150541,5.713,4.6,0.08,0.789,0.244
2222,19.158781,5.812,4.588,0.067,0.929,0.228
2223,19.167094,5.832,4.558,0.068,0.976,0.23
2224,19.175688,5.699,4.616,0.091,0.769,0.223
2225,19.18405,5.742,4.589,0.095,0.846,0.212
2226,19.192176,5.948,4.588,0.078,1.063,0.219
2227,19.201032,6.094,4.529,0.08,0.982,0.503
2228,19.208889,6.48,4.591,0.09,1.494,0.305
2229,19.217431,6.186,4.585,0.066,1.292,0.243
2230,19.226108,5.91,4.588,0.214,0.816,0.292
2231,19.234103,6.164,4.586,0.072,1.303,0.203
2232,19.242855,6.13,4.5,0.108,1.14,0.382
2233,19.25079,6.454,4.589,0.102,0.908,0.855
2234,19.260892,5.765,4.587,0.1,0.793,0.285
2235,19.269415,5.714,4.594,0.085,0.815,0.22
2236,19.278192,5.531,4.567,0.066,0.682,0.216
2237,19.286436,5.667,4.608,0.085,0.778,0.196
2238,19.294764,5.992,4.546,0.07,0.631,0.745
2239,19.302822,6.405,4.569,0.074,0.802,0.96
2240,19.311238,6.241,4.591,0.097,0.823,0.73
2241,19.319857,5.903,4.597,0.083,0.844,0.379
2242,19.32979,5.719,4.567,0.071,0.833,0.248
2243,19.338401,6.468,4.571,0.072,1.13,0.695
2244,19.346282,6.76,4.54,0.089,1.15,0.981
2245,19.35471,6.7,4.59,0.078,1.17,0.862
2246,19.36347,6.254,4.603,0.085,1.189,0.377
2247,19.372022,6.046,4.59,0.064,1.131,0.261
2248,19.38229,5.699,4.538,0.089,0.897,0.175
2249,19.39241,5.666,4.61,0.086,0.766,0.204
2250,19.400698,5.798,4.586,0.092,0.836,0.284
2251,19.408898,5.9,4.619,0.073,0.941,0.267
2252,19.417142,5.94,4.592,0.072,1.06,0.216
2253,19.425899,5.848,4.542,0.058,0.801,0.447
2254,19.433884,6.069,4.605,0.095,1.118,0.251
2255,19.442318,5.929,4.456,0.069,1.177,0.227
2256,19.451072,5.508,4.46,0.077,0.761,0.21
2257,19.458862,6.253,4.487,0.068,0.798,0.9
2258,19.467521,5.904,4.494,0.079,0.819,0.512
2259,19.475992,5.609,4.477,0.101,0.81,0.221
2260,19.483899,6.052,4.478,0.06,0.865,0.649
2261,19.492524,5.87,4.455,0.081,0.878,0.456
2262,19.500949,5.809,4.46,0.092,0.885,0.372
2263,19.511006,5.563,4.59,0.08,0.615,0.278
2264,19.519231,5.577,4.485,0.07,0.827,0.195
2265,19.528387,5.318,4.455,0.085,0.534,0.244
2266,19.536265,5.896,4.476,0.062,0.985,0.373
2267,19.544875,5.538,4.504,0.075,0.681,0.278
2268,19.552828,5.889,4.484,0.1,1.065,0.24
2269,19.56143,5.686,4.514,0.074,0.787,0.311
2270,19.571378,5.647,4.559,0.091,0.663,0.334
2271,19.57994,5.516,4.524,0.108,0.59,0.294
2272,19.588377,5.518,4.45,0.089,0.628,0.351
2273,19.597085,6.175,4.489,0.076,0.539,1.071
2274,19.604963,6.098,4.53,0.133,0.948,0.487
2275,19.613802,6.015,4.576,0.093,0.832,0.514
2276,19.622696,6.184,4.518,0.098,0.647,0.921
2277,19.632871,6.169,4.566,0.095,0.63,0.878
2278,19.642631,6.117,4.563,0.086,0.828,0.64
2279,19.650882,6.095,4.618,0.097,0.855,0.525
2280,19.659296,6.084,4.55,0.093,0.84,0.601
2281,19.667331,6.396,4.578,0.088,1.11,0.62
2282,19.675637,6.289,4.517,0.078,1.21,0.484
2283,19.684876,6.325,4.54,0.09,0.758,0.937
2284,19.692511,6.498,4.57,0.139,1.384,0.405
2285,19.700788,6.523,4.632,0.186,1.35,0.355
2286,19.709024,6.584,4.554,0.135,1.582,0.313
2287,19.717527,6.551,4.582,0.09,1.421,0.458
2288,19.725805,6.476,4.571,0.115,1.463,0.327
2289,19.734115,6.693,4.513,0.119,1.537,0.524
2290,19.742772,6.359,4.446,0.138,1.292,0.483
2291,19.750998,6.476,4.44,0.107,1.423,0.506
2292,19.761371,6.03,4.482,0.072,0.895,0.581
2293,19.769968,5.715,4.462,0.081,0.68,0.492
2294,19.778459,5.899,4.461,0.096,0.785,0.557
2295,19.786519,6.259,4.416,0.063,1.074,0.706
2296,19.794968,6.136,4.465,0.131,1.005,0.535
2297,19.802969,6.45,4.477,0.117,1.327,0.529
2298,19.81169,6.166,4.487,0.153,0.906,0.62
2299,19.821934,5.724,4.524,0.133,0.593,0.474
2300,19.83002,5.967,4.523,0.082,0.906,0.456
2301,19.838343,6.042,4.43,0.102,0.973,0.537
2302,19.847491,6.358,4.494,0.104,0.78,0.98
2303,19.855693,6.223,4.461,0.084,0.987,0.691
2304,19.863646,6.558,4.495,0.072,1.337,0.654
2305,19.872027,6.646,4.47,0.087,1.285,0.804
2306,19.882218,6.0,4.55,0.054,0.654,0.742
2307,19.890627,5.834,4.47,0.067,0.703,0.594
2308,19.898913,5.819,4.569,0.074,0.64,0.536
2309,19.907201,5.899,4.534,0.059,0.718,0.588
2310,19.915622,5.945,4.56,0.085,0.795,0.505
2311,19.923763,6.081,4.586,0.077,0.958,0.46
2312,19.932492,6.207,4.545,0.067,0.849,0.746
2313,19.940712,6.118,4.628,0.081,0.897,0.512
2314,19.951533,6.165,4.524,0.112,0.769,0.76
2315,19.959537,6.46,4.537,0.098,1.139,0.686
2316,19.96766,6.669,4.563,0.066,1.385,0.655
2317,19.976447,6.414,4.501,0.068,0.968,0.877
2318,19.984261,6.768,4.538,0.061,1.475,0.694
2319,19.992551,6.708,4.555,0.084,1.491,0.578
2320,20.001073,6.481,4.534,0.066,1.323,0.558
2321,20.012185,5.822,4.543,0.066,0.655,0.558
2322,20.019644,6.702,4.56,0.083,1.517,0.542
2323,20.028122,6.613,4.548,0.067,1.375,0.623
2324,20.036751,6.432,4.539,0.088,1.082,0.723
2325,20.044831,6.534,4.582,0.092,1.303,0.557
2326,20.053425,6.319,4.567,0.086,1.048,0.618
2327,20.06148,6.532,4.568,0.079,1.335,0.55
2328,20.069932,6.414,4.538,0.098,1.233,0.545
2329,20.080384,5.998,4.546,0.077,0.611,0.764
2330,20.090564,5.858,4.563,0.086,0.608,0.601
2331,20.098628,6.106,4.557,0.077,0.898,0.574
2332,20.107179,5.972,4.54,0.083,0.684,0.665
2333,20.115499,5.965,4.54,0.084,0.682,0.659
2334,20.12391,6.203,4.512,0.066,0.794,0.831
2335,20.132343,6.033,4.587,0.083,0.661,0.702
2336,20.140554,6.011,4.545,0.074,0.816,0.576
2337,20.148739,6.143,4.593,0.08,0.948,0.522
2338,20.157411,5.809,4.571,0.085,0.645,0.508
2339,20.165518,6.033,4.575,0.13,0.818,0.51
2340,20.174244,5.847,4.545,0.086,0.621,0.595
2341,20.18222,6.151,4.57,0.07,0.971,0.54
2342,20.190851,5.829,4.601,0.091,0.638,0.499
2343,20.199844,6.087,4.53,0.081,0.549,0.927
2344,20.209404,6.131,4.565,0.113,0.79,0.663
2345,20.21788,6.153,4.592,0.105,0.859,0.597
2346,20.226263,6.21,4.513,0.08,0.899,0.718
2347,20.234293,6.388,4.607,0.07,1.124,0.587
2348,20.242768,6.191,4.581,0.087,1.016,0.507
2349,20.25088,6.389,4.583,0.105,1.216,0.485
2350,20.261544,5.941,4.57,0.081,0.648,0.642
2351,20.269839,5.924,4.591,0.07,0.674,0.589
2352,20.278523,5.748,4.62,0.08,0.678,0.37
2353,20.286251,6.593,4.592,0.092,1.299,0.61
2354,20.294903,6.22,4.574,0.099,0.998,0.549
2355,20.302915,6.502,4.578,0.08,1.318,0.526
2356,20.31172,6.065,4.577,0.091,0.853,0.544
2357,20.319881,6.205,4.58,0.089,1.007,0.529
2358,20.330293,5.853,4.529,0.073,0.634,0.617
2359,20.340845,5.997,4.594,0.086,0.773,0.544
2360,20.348704,6.463,4.586,0.086,1.273,0.518
2361,20.35708,6.395,4.593,0.066,1.22,0.516
2362,20.365455,6.375,4.601,0.086,1.161,0.527
2363,20.373859,6.403,4.57,0.136,1.061,0.636
2364,20.38267,5.94,4.575,0.088,0.715,0.562
2365,20.390441,6.458,4.618,0.075,1.235,0.53
2366,20.399085,6.171,4.596,0.063,0.945,0.567
2367,20.407096,6.49,4.552,0.063,1.313,0.562
2368,20.415453,6.461,4.603,0.092,1.223,0.543
2369,20.424207,5.923,4.562,0.065,0.861,0.435
2370,20.432557,6.258,4.558,0.088,0.825,0.787
2371,20.440998,5.953,4.581,0.06,0.71,0.602
2372,20.450983,5.993,4.59,0.063,0.793,0.547
2373,20.459319,5.994,4.54,0.09,0.829,0.535
2374,20.468083,6.332,4.508,0.086,0.751,0.987
2375,20.476369,6.15,4.532,0.09,0.823,0.705
2376,20.484409,6.301,4.575,0.083,1.08,0.563
2377,20.49283,6.17,4.582,0.063,0.982,0.543
2378,20.500855,6.47,4.492,0.076,1.376,0.526
2379,20.50944,6.213,4.499,0.067,1.128,0.519
2380,20.520117,5.918,4.538,0.079,0.569,0.732
2381,20.528623,5.861,4.473,0.08,0.699,0.609
2382,20.536646,6.218,4.445,0.093,1.034,0.646
2383,20.544728,6.358,4.426,0.083,1.293,0.556
2384,20.553214,6.213,4.457,0.062,1.125,0.569
2385,20.561269,6.533,4.454,0.09,1.406,0.583
2386,20.571387,5.71,4.561,0.096,0.663,0.39
2387,20.580294,5.812,4.437,0.123,0.639,0.613
2388,20.588599,5.867,4.443,0.108,0.698,0.618
2389,20.596964,5.987,4.413,0.094,0.699,0.781
2390,20.605758,5.725,4.491,0.088,0.556,0.59
2391,20.613798,6.01,4.492,0.095,0.83,0.593
2392,20.622495,5.954,4.452,0.075,0.621,0.806
2393,20.630502,6.084,4.487,0.072,0.932,0.593
2394,20.640855,5.867,4.596,0.089,0.633,0.549
2395,20.648897,6.118,4.564,0.087,0.96,0.507
2396,20.657378,6.034,4.586,0.102,0.84,0.506
2397,20.665895,6.006,4.571,0.092,0.683,0.66
2398,20.67433,5.973,4.571,0.08,0.614,0.708
2399,20.682311,6.209,4.581,0.087,0.964,0.577
2400,20.690653,6.197,4.562,0.085,0.952,0.598
2401,20.701129,5.721,4.525,0.06,0.551,0.585
2402,20.707744,7.471,4.579,0.076,2.227,0.589
2403,20.717946,5.937,4.522,0.066,0.569,0.78
2404,20.726506,6.07,4.589,0.073,0.62,0.788
2405,20.734162,6.527,4.59,0.061,1.313,0.563
2406,20.742727,6.296,4.55,0.079,1.13,0.537
2407,20.750941,6.389,4.597,0.06,1.199,0.533
2408,20.762064,5.712,4.552,0.074,0.57,0.516
2409,20.771824,5.912,4.576,0.087,0.633,0.616
2410,20.780092,5.902,4.563,0.067,0.751,0.521
2411,20.78822,6.221,4.519,0.1,0.978,0.624
2412,20.796906,5.849,4.569,0.097,0.595,0.588
2413,20.80503,6.026,4.551,0.06,0.839,0.576
2414,20.813434,5.996,4.605,0.084,0.708,0.599
2415,20.822149,5.937,4.525,0.064,0.628,0.72
2416,20.830042,6.252,4.547,0.063,1.058,0.584
2417,20.838369,6.275,4.547,0.076,1.072,0.58
2418,20.847439,6.954,4.556,0.079,1.269,1.05
2419,20.855238,7.249,4.529,0.094,1.793,0.833
2420,20.863732,6.979,4.606,0.07,1.607,0.696
2421,20.872379,6.38,4.565,0.099,1.308,0.408
2422,20.880377,6.94,4.578,0.067,1.655,0.64
2423,20.890698,6.139,4.577,0.087,0.851,0.624
2424,20.898882,6.225,4.597,0.079,0.989,0.56
2425,20.907151,6.303,4.552,0.06,1.098,0.593
2426,20.915956,6.171,4.552,0.107,0.597,0.915
2427,20.923983,6.262,4.591,0.069,0.914,0.688
2428,20.932365,6.181,4.591,0.075,0.872,0.643
2429,20.943069,5.782,4.551,0.062,0.569,0.6
2430,20.951375,5.893,4.552,0.071,0.622,0.648
2431,20.959457,6.089,4.614,0.086,0.81,0.579
2432,20.967651,6.43,4.513,0.065,1.046,0.806
2433,20.97624,6.027,4.554,0.082,0.755,0.636
2434,20.984522,6.068,4.577,0.075,0.775,0.641
2435,20.992929,5.998,4.585,0.066,0.785,0.562
2436,21.000861,6.403,4.611,0.085,1.166,0.541
2437,21.011636,5.906,4.596,0.074,0.612,0.624
2438,21.022097,6.17,4.524,0.064,0.749,0.833
2439,21.030208,6.17,4.545,0.065,0.97,0.59
2440,21.03854,6.368,4.549,0.086,0.94,0.793
2441,21.046711,6.445,4.54,0.084,1.14,0.681
2442,21.054874,6.541,4.605,0.094,1.236,0.606
2443,21.063774,6.201,4.514,0.094,0.734,0.859
2444,21.071748,6.412,4.575,0.08,1.06,0.697
2445,21.080605,5.964,4.561,0.078,0.624,0.701
2446,21.088404,6.452,4.588,0.086,1.14,0.638
2447,21.096997,6.184,4.59,0.06,0.881,0.653
2448,21.105077,6.409,4.55,0.063,1.178,0.618
2449,21.113855,6.191,4.537,0.078,0.709,0.867
2450,21.122634,6.108,4.57,0.076,0.823,0.639
2451,21.13043,6.64,4.55,0.071,1.376,0.643
2452,21.140664,5.933,4.579,0.08,0.642,0.632
2453,21.148804,6.065,4.559,0.076,0.858,0.572
2454,21.157254,5.967,4.581,0.091,0.697,0.598
2455,21.165486,5.977,4.626,0.077,0.774,0.5
2456,21.173823,6.114,4.6,0.086,0.794,0.634
2457,21.182003,6.19,4.582,0.072,0.966,0.57
2458,21.190796,5.83,4.546,0.077,0.677,0.53
2459,21.199498,5.854,4.586,0.073,0.623,0.572
2460,21.209111,5.952,4.558,0.059,0.788,0.547
2461,21.217872,5.873,4.54,0.076,0.592,0.665
2462,21.225888,6.152,4.553,0.091,0.902,0.606
2463,21.234538,6.073,4.53,0.073,0.806,0.664
2464,21.242586,6.356,4.583,0.08,1.07,0.623
2465,21.251284,5.885,4.549,0.073,0.727,0.536
2466,21.26233,6.074,4.576,0.079,0.642,0.777
2467,21.27173,6.032,4.557,0.076,0.786,0.613
2468,21.280057,5.986,4.552,0.069,0.8,0.565
2469,21.288508,6.036,4.544,0.071,0.686,0.735
2470,21.296624,6.141,4.517,0.078,0.933,0.613
2471,21.304975,6.121,4.572,0.061,0.857,0.631
2472,21.313247,6.012,4.492,0.05,1.015,0.455
2473,21.321619,6.249,4.557,0.083,0.905,0.704
2474,21.330284,5.784,4.546,0.078,0.58,0.58
2475,21.338774,6.012,4.581,0.095,0.761,0.575
2476,21.347059,5.994,4.554,0.063,0.845,0.532
2477,21.355695,6.003,4.541,0.076,0.804,0.582
2478,21.363787,6.223,4.589,0.094,0.997,0.543
2479,21.371832,6.522,4.574,0.089,1.28,0.579
2480,21.380588,6.124,4.571,0.091,0.874,0.588
2481,21.390416,6.001,4.554,0.09,0.819,0.538
2482,21.398743,6.181,4.555,0.067,0.721,0.838
2483,21.407359,6.039,4.583,0.075,0.765,0.616
2484,21.415666,6.095,4.566,0.075,0.768,0.686
2485,21.424295,6.047,4.528,0.08,0.851,0.588
2486,21.432523,6.07,4.566,0.085,0.903,0.516
2487,21.440842,6.109,4.575,0.096,0.922,0.516
2488,21.451263,5.756,4.546,0.09,0.609,0.511
2489,21.459461,5.995,4.581,0.085,0.793,0.536
2490,21.468339,6.471,4.584,0.092,1.241,0.554
2491,21.476103,7.309,4.51,0.087,1.664,1.048
2492,21.484618,6.947,4.563,0.083,1.645,0.656
2493,21.492418,7.433,4.55,0.06,1.628,1.195
2494,21.500856,7.251,4.536,0.08,1.608,1.027
2495,21.511747,5.903,4.571,0.096,0.626,0.61
2496,21.519919,6.261,4.572,0.08,0.825,0.784
2497,21.528375,6.185,4.571,0.079,0.834,0.701
2498,21.536293,6.622,4.549,0.093,0.813,1.167
2499,21.545,6.196,4.541,0.061,0.798,0.796
2500,21.552909,6.724,4.543,0.092,0.882,1.207
2501,21.561876,6.28,4.56,0.095,0.842,0.783
2502,21.571539,6.101,4.527,0.103,0.789,0.682
2503,21.580115,5.825,4.54,0.068,0.634,0.583
2504,21.588801,6.279,4.594,0.067,0.788,0.83
2505,21.596829,6.652,4.589,0.185,0.708,1.17
2506,21.605665,6.157,4.595,0.106,0.831,0.625
2507,21.61343,6.701,4.597,0.069,0.811,1.224
2508,21.621876,6.514,4.573,0.115,0.788,1.038
2509,21.630502,6.301,4.564,0.067,0.82,0.85
2510,21.640822,5.822,4.617,0.087,0.637,0.481
2511,21.648723,6.299,4.59,0.063,1.092,0.554
2512,21.657528,6.165,4.577,0.104,0.861,0.623
2513,21.665653,6.343,4.543,0.086,1.13,0.584
2514,21.674138,6.113,4.55,0.067,0.979,0.517
2515,21.682708,6.18,4.613,0.087,0.66,0.82
2516,21.690763,6.473,4.599,0.074,0.738,1.062
2517,21.700791,6.903,4.601,0.084,0.765,1.453
2518,21.708972,7.036,4.562,0.067,0.747,1.66
2519,21.717659,6.735,4.589,0.059,0.732,1.355
2520,21.726012,6.716,4.555,0.111,0.752,1.298
2521,21.734182,6.929,4.573,0.054,0.743,1.559
2522,21.742605,6.854,4.588,0.121,0.717,1.428
2523,21.751123,6.59,4.543,0.065,0.705,1.277
2524,21.759713,6.575,4.567,0.077,0.743,1.188
2525,21.769952,6.029,4.627,0.064,0.777,0.561
2526,21.778,6.283,4.551,0.06,1.144,0.528
2527,21.786563,6.248,4.559,0.08,0.919,0.69
2528,21.794873,6.135,4.576,0.094,0.905,0.56
2529,21.802808,6.516,4.608,0.049,1.294,0.565
2530,21.811793,5.984,4.587,0.088,0.668,0.641
2531,21.82173,7.081,4.581,0.089,0.66,1.751
2532,21.830325,6.81,4.561,0.057,0.641,1.551
2533,21.839159,6.429,4.535,0.066,0.75,1.078
2534,21.846825,7.129,4.614,0.067,0.728,1.72
2535,21.855479,6.776,4.587,0.074,0.713,1.402
2536,21.863961,6.805,4.568,0.066,0.695,1.476
2537,21.871802,7.145,4.596,0.069,0.694,1.786
2538,21.880416,6.809,4.549,0.069,0.673,1.518
2539,21.890671,7.005,4.588,0.073,0.63,1.714
2540,21.901271,5.964,4.587,0.121,0.779,0.477
2541,21.908873,6.642,4.547,0.094,1.573,0.428
2542,21.917568,6.471,4.607,0.094,1.182,0.588
2543,21.925787,6.513,4.597,0.089,1.306,0.521
2544,21.93426,6.361,4.535,0.07,1.217,0.539
2545,21.94255,6.464,4.444,0.093,1.211,0.716
2546,21.95074,6.55,4.593,0.065,1.36,0.532
2547,21.959555,6.135,4.608,0.047,0.866,0.614
2548,21.967964,6.019,4.589,0.051,0.774,0.605
2549,21.975792,6.503,4.607,0.076,1.295,0.525
2550,21.984383,6.282,4.586,0.08,1.035,0.581
2551,21.992779,6.154,4.598,0.082,0.983,0.491
2552,22.001147,6.235,4.532,0.058,0.991,0.654
2553,22.012139,6.793,4.558,0.089,0.736,1.41
2554,22.019746,7.486,4.586,0.068,0.717,2.115
2555,22.028051,7.45,4.536,0.061,0.701,2.152
2556,22.036052,7.807,4.521,0.066,0.691,2.529
2557,22.044841,7.381,4.584,0.072,0.675,2.05
2558,22.05291,7.72,4.555,0.067,0.722,2.376
2559,22.061311,7.753,4.593,0.05,0.698,2.412
2560,22.069929,7.476,4.574,0.071,0.779,2.052
2561,22.080015,5.734,4.545,0.045,0.574,0.57
2562,22.088968,5.756,4.548,0.048,0.591,0.569
2563,22.096635,6.467,4.58,0.079,1.257,0.551
2564,22.10501,7.863,4.547,0.068,0.744,2.504
2565,22.113745,7.563,4.565,0.046,0.737,2.215
2566,22.121727,7.904,4.599,0.061,0.759,2.485
2567,22.131936,5.985,4.596,0.05,0.739,0.6
2568,22.140779,5.706,4.573,0.072,0.556,0.505
2569,22.148675,8.071,4.592,0.083,0.735,2.661
2570,22.157188,7.942,4.562,0.055,0.718,2.607
2571,22.165775,7.684,4.546,0.068,0.701,2.369
2572,22.173816,7.875,4.632,0.063,0.682,2.498
2573,22.182734,7.303,4.562,0.047,0.66,2.034
2574,22.192871,5.835,4.576,0.079,0.663,0.517
2575,22.200929,7.908,4.56,0.102,0.72,2.526
2576,22.209023,8.284,4.539,0.064,0.836,2.845
2577,22.217684,8.028,4.584,0.061,0.821,2.562
2578,22.226101,7.943,4.519,0.051,0.799,2.574
2579,22.234185,8.161,4.541,0.063,0.779,2.778
2580,22.24266,8.047,4.594,0.127,0.763,2.563
2581,22.251219,7.816,4.555,0.068,0.737,2.456
2582,22.259617,7.839,4.574,0.067,0.725,2.473
2583,22.27003,5.877,4.535,0.052,0.602,0.688
2584,22.277981,6.137,4.551,0.051,0.759,0.776
2585,22.286506,5.996,4.534,0.074,0.762,0.626
2586,22.294678,8.195,4.573,0.081,0.735,2.806
2587,22.303022,8.216,4.539,0.074,0.742,2.861
2588,22.311705,7.901,4.592,0.082,0.724,2.503
2589,22.320023,8.48,4.545,0.049,1.333,2.553
2590,22.330335,6.804,4.583,0.091,1.317,0.813
2591,22.340603,6.162,4.598,0.067,0.667,0.83
2592,22.348823,6.257,4.574,0.078,0.747,0.858
2593,22.356756,6.403,4.546,0.074,0.725,1.058
2594,22.365477,6.358,4.565,0.065,0.708,1.02
2595,22.373673,6.43,4.578,0.059,0.704,1.089
2596,22.38164,6.638,4.568,0.146,0.75,1.174
2597,22.390824,6.017,4.632,0.057,0.743,0.585
2598,22.398672,6.526,4.599,0.067,0.729,1.131
2599,22.407176,6.46,4.53,0.088,0.709,1.133
2600,22.416228,5.777,4.536,0.07,0.597,0.574
2601,22.424153,6.128,4.545,0.066,0.767,0.75
2602,22.432463,8.395,4.587,0.064,0.742,3.002
2603,22.442848,6.223,4.585,0.052,0.724,0.862
2604,22.450972,8.567,4.557,0.077,0.815,3.118
2605,22.459221,8.733,4.531,0.075,0.788,3.339
2606,22.46796,8.401,4.581,0.073,0.831,2.916
2607,22.475838,8.785,4.593,0.074,0.813,3.305
2608,22.484518,8.452,4.571,0.054,0.793,3.034
2609,22.492738,8.533,4.607,0.07,0.774,3.082
2610,22.501271,8.304,4.553,0.069,0.748,2.934
2611,22.51169,6.309,4.606,0.057,0.733,0.913
2612,22.519782,6.602,4.595,0.084,0.796,1.127
2613,22.52822,6.487,4.557,0.066,0.776,1.088
2614,22.536144,6.906,4.537,0.051,0.756,1.562
2615,22.544834,8.52,4.581,0.077,0.629,3.233
2616,22.552744,9.146,4.529,0.095,0.785,3.737
2617,22.561754,8.884,4.529,0.107,0.828,3.42
2618,22.570272,8.561,4.607,0.086,0.812,3.056
2619,22.580341,6.731,4.58,0.062,0.793,1.296
2620,22.590599,6.834,4.595,0.068,0.755,1.416
2621,22.598606,7.085,4.566,0.102,0.734,1.683
2622,22.606985,7.136,4.56,0.073,0.746,1.757
2623,22.615292,7.184,4.578,0.047,0.766,1.793
2624,22.623763,7.099,4.595,0.064,0.803,1.637
2625,22.632165,7.603,4.541,0.133,1.297,1.632
2626,22.640855,7.409,4.595,0.077,1.284,1.453
2627,22.649723,6.719,4.567,0.044,1.263,0.845
2628,22.656942,7.499,4.588,0.078,1.241,1.592
2629,22.66584,7.258,4.592,0.064,1.223,1.379
2630,22.674156,7.261,4.542,0.086,1.202,1.431
2631,22.68208,7.619,4.563,0.062,1.187,1.807
2632,22.690839,7.16,4.59,0.063,1.164,1.343
2633,22.699322,7.047,4.617,0.058,1.143,1.229
2634,22.709125,9.607,4.548,0.063,0.827,4.169
2635,22.717766,9.155,4.492,0.072,0.809,3.782
2636,22.726284,8.954,4.479,0.065,0.803,3.607
2637,22.73425,9.312,4.729,0.068,0.79,3.725
2638,22.743018,8.862,4.568,0.07,0.768,3.456
2639,22.751079,9.227,4.47,0.087,0.745,3.925
2640,22.761731,6.862,4.594,0.111,0.733,1.424
2641,22.769764,7.158,4.484,0.049,0.714,1.911
2642,22.778119,7.099,4.463,0.068,0.694,1.874
2643,22.785986,7.545,4.477,0.064,0.676,2.328
2644,22.794762,13.909,4.474,0.047,5.312,4.076
2645,22.803033,13.724,4.658,0.079,5.285,3.702
2646,22.811737,13.627,4.532,0.068,5.27,3.757
2647,22.82167,12.006,4.618,0.09,5.249,2.049
2648,22.830412,11.54,4.491,0.076,5.229,1.744
2649,22.838494,11.886,4.521,0.073,5.211,2.081
2650,22.847142,11.877,4.441,0.094,5.19,2.152
2651,22.854837,12.15,4.459,0.099,5.168,2.424
2652,22.863391,11.901,4.495,0.085,5.148,2.173
2653,22.872006,11.85,4.54,0.103,5.131,2.076
2654,22.880378,11.619,4.515,0.07,5.108,1.926
2655,22.890506,14.044,4.573,0.09,5.106,4.275
2656,22.898966,13.871,4.58,4.519,0.7,4.072
2657,22.907009,14.523,0.0,0.054,5.326,9.143
2658,22.915652,14.301,4.709,0.345,5.373,3.874
2659,22.924227,14.002,4.571,0.073,5.378,3.98
2660,22.93188,14.267,4.218,0.095,5.393,4.561
2661,22.940359,14.487,4.401,0.083,5.647,4.356
2662,22.949037,14.388,4.896,0.105,5.681,3.706
2663,22.958978,12.68,4.577,0.103,3.606,4.394
2664,22.968112,12.419,4.439,0.116,3.631,4.233
2665,22.976359,13.432,4.557,0.114,5.177,3.584
2666,22.98414,14.166,4.473,0.1,5.293,4.3
2667,22.992599,14.002,4.564,0.144,5.287,4.007
2668,23.001256,13.615,4.604,0.097,5.351,3.563
2669,23.009137,13.942,4.55,0.086,5.357,3.949
2670,23.019774,11.841,4.576,0.112,5.394,1.759
2671,23.029837,9.935,4.567,0.107,3.33,1.931
2672,23.03858,9.5,4.539,0.114,3.357,1.49
2673,23.046341,10.019,4.638,0.136,3.378,1.867
2674,23.054828,9.983,4.58,0.126,3.396,1.881
2675,23.063039,10.011,4.537,0.088,3.413,1.973
2676,23.0714,10.031,4.565,0.119,3.426,1.921
2677,23.079816,9.964,4.611,0.34,3.46,1.553
2678,23.088219,13.794,4.574,0.119,5.23,3.871
2679,23.096363,14.165,4.543,0.075,5.563,3.984
2680,23.104803,14.293,4.665,0.087,5.579,3.962
2681,23.113855,13.972,4.546,0.179,5.608,3.639
2682,23.122071,13.944,4.544,0.158,5.623,3.619
2683,23.130214,14.034,4.536,0.091,5.638,3.769
2684,23.140512,12.056,4.566,0.086,5.666,1.738
2685,23.148865,12.1,4.604,0.092,5.686,1.718
2686,23.157365,11.892,4.606,0.071,3.622,3.593
2687,23.165741,11.689,4.616,0.082,3.64,3.351
2688,23.174006,11.783,4.592,0.055,3.663,3.473
2689,23.182631,11.669,4.603,0.074,3.686,3.306
2690,23.190622,11.873,4.57,0.077,3.702,3.524
2691,23.201055,9.808,4.559,0.056,1.65,3.543
2692,23.209307,9.87,4.583,0.085,1.671,3.531
2693,23.217623,9.82,4.569,0.051,1.692,3.508
2694,23.226246,9.612,4.548,0.081,1.709,3.274
2695,23.234346,9.763,4.586,0.085,1.73,3.362
2696,23.242433,9.997,4.568,0.061,1.753,3.615
2697,23.2509,9.732,4.564,0.104,1.775,3.289
2698,23.261169,8.036,4.542,0.052,1.795,1.647
2699,23.269705,7.835,4.584,0.057,1.814,1.38
2700,23.278398,7.441,4.534,0.073,1.835,0.999
2701,23.28642,7.796,4.577,0.064,1.852,1.303
2702,23.294973,7.495,4.577,0.057,1.876,0.985
2703,23.303146,7.871,4.546,0.042,1.893,1.39
2704,23.311476,7.798,4.545,0.06,1.915,1.278
2705,23.32176,8.66,4.578,0.069,0.595,3.418
2706,23.330632,8.014,4.578,0.062,0.605,2.769
2707,23.338837,8.217,4.557,0.07,0.629,2.961
2708,23.346931,8.488,4.562,0.057,0.652,3.217
2709,23.355401,8.36,4.594,0.077,0.677,3.012
2710,23.363224,8.703,4.547,0.063,0.695,3.398
2711,23.372356,8.21,4.537,0.07,0.715,2.888
2712,23.380414,8.285,4.583,0.082,0.737,2.883
2713,23.390601,6.542,4.519,0.063,0.757,1.203
2714,23.399347,5.925,4.555,0.045,0.748,0.577
2715,23.407569,8.93,4.581,0.059,1.371,2.919
2716,23.415776,9.063,4.59,0.054,1.39,3.029
2717,23.42433,8.857,4.555,0.064,1.411,2.827
2718,23.43237,9.111,4.465,0.076,1.432,3.138
2719,23.440722,9.077,4.623,0.069,1.451,2.934
2720,23.451375,6.836,4.575,0.06,1.359,0.842
2721,23.461698,6.408,4.574,0.07,0.967,0.797
2722,23.469756,6.631,4.586,0.065,1.234,0.746
2723,23.477985,6.64,4.539,0.045,1.039,1.017
2724,23.48658,6.485,4.548,0.063,1.058,0.816
2725,23.494832,6.554,4.568,0.068,1.075,0.843
2726,23.503045,6.626,4.48,0.05,1.097,0.999
2727,23.511621,6.481,4.456,0.07,1.12,0.835
2728,23.520041,8.201,4.486,0.051,0.82,2.844
2729,23.528061,8.391,4.482,0.048,0.892,2.969
2730,23.536541,8.403,4.471,0.075,0.954,2.903
2731,23.545413,8.021,4.457,0.059,1.015,2.49
2732,23.553388,8.336,4.476,0.072,1.034,2.754
2733,23.561531,8.363,4.462,0.076,1.052,2.773
2734,23.570146,8.141,4.459,0.041,1.074,2.567
2735,23.578602,8.086,4.445,0.073,1.091,2.477
2736,23.588792,6.394,4.566,0.061,0.936,0.831
2737,23.597139,6.393,4.459,0.048,1.021,0.865
2738,23.605142,6.61,4.465,0.045,1.317,0.783
2739,23.613675,6.504,4.454,0.061,1.147,0.842
2740,23.621883,6.551,4.532,0.078,1.22,0.721
2741,23.630491,6.45,4.502,0.077,1.039,0.832
2742,23.640961,7.992,4.577,0.052,1.059,2.304
2743,23.649406,7.921,4.463,0.083,1.084,2.291
2744,23.657559,8.102,4.58,0.069,1.104,2.349
2745,23.665519,8.391,4.574,0.065,1.125,2.627
2746,23.674123,8.083,4.553,0.049,1.144,2.337
2747,23.682184,8.349,4.555,0.052,1.162,2.58
2748,23.690815,8.089,4.591,0.09,1.183,2.225
2749,23.701213,7.929,4.55,0.073,0.963,2.343
2750,23.711388,6.3,4.585,0.072,0.92,0.723
2751,23.719809,6.259,4.567,0.065,0.897,0.73
2752,23.72811,6.252,4.558,0.046,0.944,0.704
2753,23.736394,6.469,4.584,0.074,1.112,0.699
2754,23.744898,6.636,4.573,0.161,0.954,0.948
2755,23.753244,6.422,4.577,0.079,1.042,0.724
2756,23.761528,7.694,4.592,0.077,0.842,2.183
2757,23.769604,7.952,4.564,0.077,0.864,2.447
2758,23.778242,7.666,4.567,0.072,0.885,2.142
2759,23.786645,7.596,4.524,0.077,0.901,2.094
2760,23.794792,7.805,4.561,0.058,0.921,2.265
2761,23.803287,7.606,4.47,0.091,0.942,2.103
2762,23.811854,7.432,4.459,0.067,0.96,1.946
2763,23.820305,7.211,4.461,0.051,0.981,1.718
2764,23.830251,6.449,4.561,0.115,1.043,0.73
2765,23.839088,7.08,4.496,0.104,0.666,1.814
2766,23.847067,7.397,4.443,0.15,0.939,1.865
2767,23.855343,7.607,4.471,0.154,0.959,2.023
2768,23.863724,7.582,4.459,0.17,0.981,1.972
2769,23.872036,7.686,4.451,0.162,1.0,2.073
2770,23.880613,7.367,4.471,0.155,1.023,1.718
2771,23.890775,6.481,4.516,0.163,0.905,0.897
2772,23.8993,6.299,4.428,0.146,0.933,0.792
2773,23.907218,6.731,4.437,0.167,1.314,0.813
2774,23.915819,6.487,4.437,0.177,1.04,0.833
2775,23.924264,6.331,4.437,0.154,0.945,0.795
2776,23.932545,6.48,4.452,0.142,0.992,0.894
2777,23.941013,6.426,4.457,0.139,0.947,0.883
2778,23.95128,7.169,4.532,0.148,0.909,1.58
2779,23.961622,6.392,4.506,0.133,0.922,0.831
2780,23.96975,6.571,4.523,0.146,1.102,0.8
2781,23.978124,6.515,4.524,0.13,1.077,0.784
2782,23.986755,6.54,4.542,0.157,0.949,0.892
2783,23.994758,6.827,4.534,0.082,1.392,0.819
2784,24.003267,6.657,4.566,0.182,1.046,0.863
2785,24.011536,6.745,4.526,0.141,1.204,0.874
2786,24.019852,7.371,4.535,0.18,1.001,1.655
2787,24.028143,7.36,4.505,0.164,1.019,1.672
2788,24.037156,6.718,4.611,0.156,1.042,0.909
2789,24.044779,7.408,4.529,0.169,1.064,1.646
2790,24.05388,6.721,4.541,0.129,1.081,0.97
2791,24.061911,6.969,4.574,0.173,1.103,1.119
2792,24.070132,7.114,4.523,0.153,1.122,1.316
2793,24.080138,6.513,4.529,0.154,0.971,0.859
2794,24.088888,6.565,4.552,0.147,0.952,0.914
2795,24.096776,6.956,4.545,0.158,1.407,0.846
2796,24.105077,6.955,4.434,0.127,1.589,0.805
2797,24.114095,6.313,4.436,0.145,0.917,0.815
2798,24.12172,7.085,4.468,0.134,1.609,0.874
2799,24.130836,6.419,4.471,0.165,0.953,0.83
2800,24.138989,6.602,4.525,0.136,0.926,1.015
2801,24.14901,6.453,4.529,0.145,0.923,0.856
2802,24.157353,6.419,4.471,0.122,0.996,0.83
2803,24.165916,6.335,4.432,0.143,0.937,0.823
2804,24.173831,6.72,4.49,0.127,1.32,0.783
2805,24.182131,6.737,4.447,0.144,1.359,0.787
2806,24.190731,6.555,4.434,0.165,1.088,0.868
2807,24.199357,6.33,4.447,0.136,0.912,0.835
2808,24.209185,7.026,4.532,0.175,0.927,1.392
2809,24.21775,6.87,4.41,0.163,0.948,1.349
2810,24.226071,6.799,4.427,0.177,0.971,1.224
2811,24.234731,6.585,4.466,0.142,0.99,0.987
2812,24.242947,6.68,4.468,0.149,1.013,1.05
2813,24.251097,6.774,4.531,0.147,1.029,1.067
2814,24.259764,6.511,4.537,0.165,0.953,0.856
2815,24.270276,6.376,4.574,0.125,0.894,0.783
2816,24.278678,6.482,4.527,0.145,0.952,0.858
2817,24.287016,6.412,4.532,0.124,0.971,0.785
2818,24.294753,7.008,4.522,0.141,1.236,1.109
2819,24.303354,6.776,4.525,0.168,1.239,0.844
2820,24.311994,6.603,4.524,0.167,0.982,0.93
2821,24.32013,6.684,4.532,0.153,1.196,0.803
2822,24.330382,6.651,4.544,0.166,0.991,0.95
2823,24.339001,6.649,4.549,0.159,0.984,0.957
2824,24.346935,6.987,4.563,0.146,1.391,0.887
2825,24.355294,6.86,4.575,0.137,1.362,0.786
2826,24.364086,6.476,4.502,0.15,0.947,0.877
2827,24.372071,6.769,4.535,0.196,1.226,0.812
2828,24.380756,6.443,4.532,0.177,0.92,0.814
2829,24.390951,6.57,4.552,0.148,0.912,0.958
2830,24.401041,6.604,4.454,0.151,1.106,0.893
2831,24.409313,6.585,4.418,0.15,1.193,0.824
2832,24.417659,6.545,4.453,0.134,1.184,0.774
2833,24.42662,6.287,4.441,0.145,0.869,0.832
2834,24.434355,6.793,4.43,0.073,1.502,0.788
2835,24.442705,6.836,4.461,0.132,1.445,0.798
2836,24.45097,6.776,4.455,0.143,1.504,0.674
2837,24.459434,6.785,4.466,0.131,1.373,0.815
2838,24.467851,6.582,4.489,0.135,1.272,0.686
2839,24.476442,6.391,4.441,0.132,1.06,0.758
2840,24.484576,6.633,4.465,0.143,1.226,0.799
2841,24.492822,6.697,4.482,0.13,1.307,0.778
2842,24.501128,6.633,4.438,0.133,1.376,0.686
2843,24.511337,6.141,4.562,0.129,0.739,0.711
2844,24.519833,6.134,4.472,0.15,0.721,0.791
2845,24.528143,6.133,4.405,0.144,0.811,0.773
2846,24.536644,6.242,4.48,0.138,0.801,0.823
2847,24.545174,6.095,4.447,0.115,0.814,0.719
2848,24.553344,6.342,4.553,0.13,0.86,0.799
2849,24.561697,6.282,4.528,0.125,0.884,0.745
2850,24.5699,6.492,4.577,0.125,0.962,0.828
2851,24.580433,6.201,4.588,0.073,0.732,0.808
2852,24.588989,6.496,4.601,0.155,0.895,0.845
2853,24.597302,6.481,4.568,0.144,0.973,0.796
2854,24.605612,6.548,4.561,0.136,1.024,0.827
2855,24.613673,6.827,4.592,0.185,1.192,0.858
2856,24.622008,6.841,4.493,0.16,1.3,0.888
2857,24.630583,6.581,4.532,0.153,1.052,0.844
2858,24.639044,6.427,4.512,0.142,0.964,0.809
2859,24.648878,6.359,4.56,0.152,0.877,0.77
2860,24.657562,6.471,4.556,0.162,0.94,0.813
2861,24.665653,6.619,4.558,0.145,1.209,0.707
2862,24.67471,6.343,4.529,0.13,0.874,0.81
2863,24.682261,7.085,4.582,0.143,1.586,0.774
2864,24.690807,6.899,4.551,0.156,1.387,0.805
2865,24.699485,6.575,4.482,0.15,1.111,0.832
2866,24.709579,6.409,4.509,0.154,0.934,0.812
2867,24.717591,6.798,4.457,0.155,1.303,0.883
2868,24.726194,6.546,4.37,0.151,1.124,0.901
2869,24.734344,6.35,4.508,0.158,1.187,0.497
2870,24.742865,6.486,4.445,0.17,1.022,0.849
2871,24.751328,6.359,4.435,0.156,0.933,0.835
2872,24.761867,6.484,4.548,0.167,0.924,0.845
2873,24.769833,6.838,4.427,0.155,1.405,0.851
2874,24.778612,6.547,4.454,0.182,1.006,0.905
2875,24.78633,7.118,4.461,0.166,1.623,0.868
2876,24.794968,6.801,4.484,0.166,1.302,0.849
2877,24.803289,6.758,4.435,0.143,1.384,0.796
2878,24.811085,7.183,4.453,0.151,1.907,0.672
2879,24.819941,6.799,4.476,0.162,1.351,0.81
2880,24.830763,6.172,4.558,0.162,0.666,0.786
2881,24.840591,6.17,4.536,0.134,0.755,0.745
2882,24.848841,6.277,4.489,0.135,0.881,0.772
2883,24.85715,6.191,4.552,0.113,0.852,0.674
2884,24.865461,6.238,4.597,0.117,0.823,0.701
2885,24.873726,6.332,4.568,0.122,0.913,0.729
2886,24.881954,6.114,4.559,0.119,1.048,0.388
2887,24.890481,6.155,4.545,0.132,0.837,0.641
2888,24.898967,6.078,4.56,0.119,0.692,0.707
2889,24.907269,6.18,4.571,0.116,0.794,0.699
2890,24.915876,5.977,4.525,0.118,0.602,0.732
2891,24.92459,6.05,4.548,0.159,0.638,0.705
2892,24.932019,6.656,4.525,0.132,1.615,0.384
2893,24.940802,6.495,4.579,0.182,1.046,0.688
2894,24.951237,6.174,4.582,0.101,0.793,0.698
2895,24.959141,6.615,4.504,0.069,1.285,0.757
2896,24.96783,6.287,4.571,0.091,0.879,0.746
2897,24.975986,6.391,4.567,0.072,1.07,0.682
2898,24.984292,6.436,4.597,0.083,1.073,0.683
2899,24.99297,6.057,4.551,0.069,0.769,0.668
2900,25.001008,6.303,4.513,0.059,1.102,0.629
2901,25.009454,6.256,4.496,0.069,0.987,0.704
2902,25.02005,5.849,4.544,0.058,0.596,0.651
2903,25.028085,6.102,4.453,0.045,0.988,0.616
2904,25.036669,5.927,4.48,0.077,0.72,0.65
2905,25.044868,6.052,4.492,0.068,0.837,0.655
2906,25.052915,6.369,4.503,0.097,1.111,0.658
2907,25.06123,6.394,4.449,0.057,1.175,0.713
2908,25.071797,5.952,4.569,0.057,0.585,0.741
2909,25.080263,5.949,4.441,0.079,0.658,0.771
2910,25.088608,5.937,4.458,0.071,0.643,0.765
2911,25.097128,5.83,4.459,0.06,0.638,0.673
2912,25.105024,6.205,4.47,0.058,1.059,0.618
2913,25.113692,5.998,4.468,0.072,0.726,0.732
2914,25.121646,6.302,4.449,0.078,1.123,0.652
2915,25.130275,6.061,4.444,0.072,0.832,0.713
2916,25.14052,6.037,4.571,0.071,0.66,0.735
2917,25.148854,5.925,4.468,0.091,0.765,0.601
2918,25.15767,5.907,4.565,0.075,0.571,0.696
2919,25.165717,6.147,4.579,0.08,0.847,0.641
2920,25.173752,6.482,4.575,0.088,1.156,0.663
2921,25.1821,6.39,4.537,0.067,1.175,0.611
2922,25.190598,6.274,4.551,0.078,0.996,0.649
2923,25.199062,6.095,4.576,0.082,0.841,0.596
2924,25.209316,6.072,4.556,0.079,0.659,0.778
2925,25.217578,6.109,4.572,0.061,0.814,0.662
2926,25.226333,6.142,4.531,0.057,0.81,0.744
2927,25.234703,6.202,4.576,0.087,0.82,0.719
2928,25.242633,6.537,4.567,0.094,1.232,0.644
2929,25.251533,6.013,4.553,0.094,0.704,0.662
2930,25.259671,6.245,4.538,0.088,0.905,0.714
2931,25.269797,6.146,4.59,0.079,0.774,0.703
2932,25.278107,6.12,4.528,0.068,0.857,0.667
2933,25.286589,6.129,4.556,0.082,0.797,0.694
2934,25.294762,6.238,4.601,0.091,0.917,0.629
2935,25.303293,6.163,4.58,0.082,0.806,0.695
2936,25.311389,6.364,4.607,0.062,1.026,0.669
2937,25.319964,6.132,4.561,0.073,0.824,0.674
2938,25.330351,5.863,4.592,0.066,0.785,0.42
2939,25.338676,6.31,4.583,0.096,0.896,0.735
2940,25.347073,6.164,4.548,0.072,0.904,0.64
2941,25.355088,6.516,4.533,0.063,1.255,0.665
2942,25.363682,6.266,4.57,0.107,0.935,0.654
2943,25.371592,6.701,4.54,0.07,1.414,0.677
2944,25.3803,6.364,4.565,0.081,0.999,0.719
2945,25.391311,6.054,4.569,0.084,0.827,0.574
2946,25.399007,6.821,4.547,0.071,1.475,0.728
2947,25.407388,6.741,4.558,0.101,1.409,0.673
2948,25.415946,6.546,4.555,0.071,1.204,0.716
2949,25.423908,6.814,4.545,0.078,1.584,0.607
2950,25.432546,6.649,4.579,0.086,1.248,0.736
2951,25.440637,6.777,4.595,0.091,1.47,0.621
2952,25.450856,5.828,4.527,0.099,0.608,0.594
2953,25.459664,5.881,4.464,0.084,0.56,0.773
2954,25.467937,5.799,4.445,0.098,0.623,0.633
2955,25.475835,6.067,4.475,0.065,1.065,0.462
2956,25.484739,5.949,4.493,0.092,0.71,0.654
2957,25.492799,6.147,4.519,0.149,0.877,0.602
2958,25.501079,6.515,4.434,0.092,1.055,0.934
2959,25.509571,6.185,4.446,0.078,0.933,0.728
2960,25.519771,5.968,4.583,0.106,0.615,0.664
2961,25.528072,6.003,4.417,0.067,0.823,0.696
2962,25.536232,6.15,4.444,0.065,0.982,0.659
2963,25.544662,6.023,4.472,0.089,0.858,0.604
2964,25.553259,5.733,4.425,0.093,0.62,0.595
2965,25.561631,6.025,4.474,0.076,0.758,0.717
2966,25.56977,6.117,4.436,0.077,0.988,0.616
2967,25.580032,5.88,4.533,0.066,0.58,0.701
2968,25.588593,5.777,4.48,0.062,0.535,0.7
2969,25.596961,5.763,4.471,0.078,0.585,0.629
2970,25.604938,6.053,4.548,0.082,0.863,0.56
2971,25.61356,5.823,4.554,0.059,0.57,0.64
2972,25.621828,5.852,4.603,0.069,0.614,0.566
2973,25.63066,6.247,4.576,0.081,0.888,0.702
2974,25.640898,5.949,4.562,0.07,0.629,0.688
2975,25.650881,5.825,4.53,0.091,0.549,0.655
2976,25.659388,5.947,4.569,0.085,0.627,0.666
2977,25.667543,6.33,4.576,0.08,1.033,0.641
2978,25.67589,6.362,4.531,0.068,1.06,0.703
2979,25.684091,6.415,4.565,0.06,1.17,0.62
2980,25.692578,6.355,4.558,0.092,1.016,0.689
2981,25.701044,6.153,4.538,0.064,0.912,0.639
2982,25.709245,6.281,4.587,0.077,0.99,0.627
2983,25.717495,6.405,4.596,0.083,1.068,0.658
2984,25.726143,6.114,4.532,0.059,0.808,0.715
2985,25.734528,5.98,4.573,0.08,0.729,0.598
2986,25.742759,6.17,4.591,0.088,0.862,0.629
2987,25.751072,6.131,4.53,0.066,0.949,0.586
2988,25.761307,5.908,4.575,0.073,0.614,0.646
2989,25.769811,5.92,4.577,0.061,0.649,0.633
2990,25.778143,5.877,4.535,0.059,0.695,0.588
2991,25.786248,6.192,4.556,0.083,0.893,0.66
2992,25.794823,5.897,4.594,0.097,0.616,0.59
2993,25.802927,6.159,4.56,0.063,0.879,0.657
2994,25.811294,6.108,4.579,0.083,0.84,0.606
2995,25.819712,6.054,4.541,0.078,0.784,0.651
2996,25.830094,5.894,4.532,0.066,0.661,0.635
2997,25.838378,6.013,4.595,0.092,0.648,0.678
2998,25.846761,5.887,4.552,0.083,0.658,0.594
2999,25.855302,6.191,4.582,0.091,0.878,0.64
3000,25.863769,6.022,4.566,0.098,0.752,0.606
3001,25.871978,6.472,4.511,0.074,0.917,0.97
3002,25.880574,5.996,4.495,0.086,0.692,0.723
3003,25.890826,5.818,4.582,0.092,0.549,0.595
3004,25.898893,6.087,4.557,0.091,0.841,0.598
3005,25.909174,5.896,4.562,0.077,0.656,0.601
3006,25.91751,5.984,4.567,0.093,0.635,0.689
3007,25.925699,5.885,4.575,0.089,0.794,0.427
3008,25.934104,6.054,4.579,0.074,0.806,0.595
3009,25.942562,5.965,4.547,0.087,0.723,0.608
3010,25.951554,5.805,4.58,0.095,0.534,0.596
3011,25.959453,6.292,4.609,0.085,0.933,0.665
3012,25.967861,6.137,4.591,0.074,0.894,0.578
3013,25.976169,6.266,4.54,0.102,0.943,0.681
3014,25.984484,6.241,4.604,0.085,0.917,0.635
3015,25.992524,6.506,4.617,0.085,1.207,0.597
3016,26.001027,6.275,4.547,0.078,1.104,0.546
3017,26.009621,6.047,4.579,0.085,0.815,0.568
3018,26.01958,6.105,4.554,0.081,0.666,0.804
3019,26.028059,5.866,4.533,0.069,0.659,0.605
3020,26.036215,6.088,4.531,0.08,0.851,0.626
3021,26.045278,5.892,4.616,0.066,0.578,0.632
3022,26.053051,6.423,4.552,0.062,1.203,0.606
3023,26.061926,5.961,4.563,0.058,0.752,0.588
3024,26.071213,5.889,4.54,0.086,0.785,0.478
3025,26.08019,6.049,4.559,0.134,0.631,0.725
3026,26.08839,5.874,4.535,0.076,0.87,0.393
3027,26.096936,5.812,4.543,0.1,0.663,0.506
3028,26.104976,6.224,4.574,0.079,0.942,0.629
3029,26.113556,6.236,4.57,0.097,0.868,0.701
3030,26.121706,6.456,4.546,0.097,1.083,0.73
3031,26.132557,5.947,4.587,0.084,0.616,0.66
3032,26.142545,6.205,4.563,0.091,0.866,0.685
3033,26.150982,6.048,4.517,0.094,0.805,0.632
3034,26.159807,6.232,4.538,0.125,0.622,0.947
3035,26.167301,6.587,4.542,0.133,1.474,0.438
3036,26.175774,6.604,4.518,0.203,1.273,0.61
3037,26.184198,6.62,4.543,0.117,1.224,0.736
3038,26.192662,6.583,4.553,0.085,1.136,0.809
3039,26.201282,6.156,4.572,0.098,0.817,0.669
3040,26.209168,6.64,4.553,0.127,1.099,0.861
3041,26.217562,6.449,4.515,0.106,1.079,0.749
3042,26.226028,6.269,4.536,0.075,1.056,0.602
3043,26.23422,6.382,4.539,0.121,1.041,0.681
3044,26.242828,6.194,4.538,0.172,0.905,0.579
3045,26.25123,6.156,4.635,0.142,0.807,0.572
3046,26.260899,6.087,4.561,0.161,0.86,0.505
3047,26.269503,6.533,4.549,0.225,0.876,0.883
3048,26.278299,6.096,4.531,0.117,0.937,0.511
3049,26.286553,6.186,4.496,0.113,0.93,0.647
3050,26.294961,6.08,4.526,0.109,0.91,0.535
3051,26.303057,6.402,4.49,0.122,0.953,0.837
3052,26.311257,6.508,4.538,0.115,0.95,0.905
3053,26.321541,6.03,4.547,0.11,0.869,0.504
3054,26.330352,6.688,4.534,0.117,1.083,0.954
3055,26.338803,6.665,4.507,0.117,1.081,0.96
3056,26.346895,6.871,4.534,0.091,1.318,0.928
3057,26.355592,6.558,4.445,0.133,1.032,0.948
3058,26.363584,6.818,4.417,0.068,1.007,1.326
3059,26.372193,6.199,4.451,0.091,0.986,0.671
3060,26.380589,6.335,4.486,0.106,0.964,0.779
3061,26.390517,6.205,4.568,0.094,0.842,0.701
3062,26.398971,5.998,4.484,0.073,0.813,0.628
3063,26.407242,6.624,4.472,0.074,0.778,1.3
3064,26.41552,6.772,4.477,0.073,0.754,1.468
3065,26.424551,6.158,4.468,0.086,0.889,0.715
3066,26.432057,6.923,4.431,0.083,0.864,1.545
3067,26.440709,6.593,4.47,0.061,0.844,1.218
3068,26.451234,6.256,4.58,0.074,0.643,0.959
3069,26.459371,6.465,4.571,0.106,0.62,1.168
3070,26.467913,6.651,4.47,0.091,0.713,1.377
3071,26.475768,6.867,4.439,0.072,0.689,1.667
3072,26.484512,6.496,4.48,0.061,0.677,1.278
3073,26.492288,7.236,4.479,0.074,0.886,1.797
3074,26.500871,6.937,4.494,0.095,0.867,1.481
3075,26.509413,6.735,4.558,0.095,0.845,1.237
3076,26.519454,7.088,4.566,0.083,0.84,1.599
3077,26.528289,6.722,4.593,0.081,0.82,1.228
3078,26.536225,7.082,4.541,0.08,0.796,1.665
3079,26.544691,6.966,4.574,0.077,0.846,1.469
3080,26.5528,7.203,4.586,0.083,0.827,1.707
3081,26.561566,6.819,4.588,0.074,0.865,1.292
3082,26.569799,7.049,4.572,0.091,0.865,1.521
3083,26.580502,6.243,4.55,0.083,0.915,0.695
3084,26.590591,6.136,4.574,0.088,0.866,0.608
3085,26.598657,6.323,4.555,0.079,1.162,0.527
3086,26.607178,6.102,4.544,0.078,0.986,0.494
3087,26.61539,6.404,4.56,0.079,1.056,0.709
3088,26.623922,6.243,4.557,0.065,0.882,0.739
3089,26.632021,6.374,4.531,0.061,1.14,0.642
3090,26.64071,6.042,4.571,0.073,0.752,0.646
3091,26.648661,6.388,4.584,0.083,1.124,0.597
3092,26.657402,6.024,4.461,0.082,0.837,0.644
3093,26.665612,6.353,4.517,0.056,0.882,0.898
3094,26.673942,6.157,4.504,0.073,0.921,0.659
3095,26.682644,5.878,4.486,0.079,0.664,0.649
3096,26.690709,6.065,4.483,0.066,0.936,0.58
3097,26.699169,5.94,4.448,0.057,0.848,0.587
3098,26.709202,7.293,4.683,0.091,0.69,1.829
3099,26.717671,7.303,4.46,0.075,0.685,2.083
3100,26.725642,7.552,4.477,0.067,0.658,2.35
3101,26.734372,7.16,4.491,0.073,0.657,1.939
3102,26.742241,7.61,4.46,0.055,0.634,2.461
3103,26.75092,7.255,4.486,0.075,0.665,2.029
3104,26.761627,5.957,4.564,0.071,0.692,0.63
3105,26.769734,6.196,4.439,0.075,1.039,0.643
3106,26.778142,7.25,4.46,0.073,0.663,2.054
3107,26.786153,7.523,4.446,0.075,0.657,2.345
3108,26.794671,7.379,4.487,0.056,0.639,2.197
3109,26.803159,7.385,4.435,0.074,0.754,2.122
3110,26.811556,7.408,4.578,0.06,0.736,2.034
3111,26.819776,7.623,4.548,0.089,0.726,2.26
3112,26.830156,6.081,4.53,0.078,0.7,0.773
3113,26.839004,7.025,4.544,0.089,0.688,1.704
3114,26.846879,7.536,4.553,0.088,0.77,2.125
3115,26.854993,7.735,4.554,0.105,0.747,2.329
3116,26.863856,7.565,4.563,0.067,0.733,2.202
3117,26.871714,7.828,4.582,0.083,0.737,2.426
3118,26.880077,7.691,4.55,0.077,0.721,2.343
3119,26.888696,7.439,4.58,0.061,0.715,2.083
3120,26.89852,6.079,4.571,0.083,0.808,0.617
3121,26.90723,7.708,4.585,0.121,0.711,2.291
3122,26.915595,7.768,4.571,0.076,0.764,2.357
3123,26.923748,7.986,4.547,0.087,0.763,2.589
3124,26.932542,7.477,4.575,0.065,0.744,2.093
3125,26.940639,7.691,4.587,0.071,0.725,2.308
3126,26.950762,5.858,4.561,0.055,0.695,0.547
3127,26.959405,5.9,4.599,0.083,0.713,0.505
3128,26.967713,6.49,4.598,0.081,1.243,0.568
3129,26.975793,8.397,4.542,0.067,0.883,2.905
3130,26.984437,8.111,4.559,0.08,0.91,2.562
3131,26.992741,8.141,4.555,0.08,0.898,2.608
3132,27.001051,8.179,4.526,0.094,0.879,2.68
3133,27.009647,7.906,4.506,0.082,0.895,2.423
3134,27.019987,6.278,4.519,0.069,0.859,0.831
3135,27.030051,6.226,4.533,0.062,0.848,0.783
3136,27.038185,6.4,4.569,0.081,1.015,0.735
3137,27.046941,6.211,4.554,0.065,0.853,0.739
3138,27.054979,6.562,4.526,0.071,1.175,0.79
3139,27.063527,6.348,4.531,0.083,0.944,0.79
3140,27.071799,8.464,4.559,0.093,0.894,2.918
3141,27.080321,8.216,4.538,0.079,0.876,2.723
3142,27.089206,7.673,4.537,0.08,0.861,2.195
3143,27.096746,8.59,4.531,0.066,0.953,3.04
3144,27.105431,8.321,4.437,0.064,0.931,2.889
3145,27.11339,8.407,4.492,0.101,1.004,2.81
3146,27.121961,8.351,4.434,0.067,0.981,2.869
3147,27.132546,8.271,4.54,0.085,0.857,2.789
3148,27.140781,8.307,4.465,0.079,0.852,2.911
3149,27.148946,8.499,4.465,0.096,0.897,3.041
3150,27.15714,8.675,4.455,0.084,0.902,3.234
3151,27.165624,8.624,4.44,0.064,0.89,3.23
3152,27.174191,8.356,4.451,0.1,0.905,2.9
3153,27.182022,8.894,4.446,0.087,0.883,3.478
3154,27.190784,8.423,4.431,0.063,0.861,3.068
3155,27.201231,8.401,4.571,0.086,0.883,2.861
3156,27.209287,8.793,4.478,0.081,0.921,3.313
3157,27.21773,8.692,4.416,0.08,0.9,3.296
3158,27.225771,8.86,4.457,0.094,0.88,3.429
3159,27.234181,8.488,4.48,0.114,0.862,3.032
3160,27.24225,8.683,4.495,0.08,0.841,3.267
3161,27.253021,6.254,4.564,0.116,0.825,0.749
3162,27.262952,5.644,4.555,0.065,0.804,0.22
3163,27.271288,6.808,4.603,0.091,0.85,1.264
3164,27.279623,6.759,4.594,0.083,0.828,1.254
3165,27.287833,6.921,4.613,0.07,0.807,1.431
3166,27.296127,6.985,4.572,0.073,0.822,1.518
3167,27.304401,7.054,4.602,0.091,0.819,1.542
3168,27.312934,6.886,4.577,0.064,0.819,1.426
3169,27.32127,6.892,4.603,0.101,0.802,1.386
3170,27.330072,6.443,4.578,0.085,0.82,0.96
3171,27.338434,8.562,4.62,0.084,0.855,3.003
3172,27.347394,8.967,4.54,0.088,1.006,3.333
3173,27.355147,9.369,4.447,0.077,1.104,3.741
3174,27.363424,9.353,4.448,0.111,1.09,3.704
3175,27.371937,9.174,4.507,0.081,1.068,3.518
3176,27.380653,8.789,4.53,0.058,1.05,3.151
3177,27.390191,7.212,4.574,0.082,1.033,1.523
3178,27.398725,7.403,4.518,0.126,0.992,1.767
3179,27.407398,7.04,4.488,0.07,0.992,1.49
3180,27.416237,6.534,4.484,0.073,0.976,1.001
3181,27.423689,7.317,4.492,0.072,0.953,1.8
3182,27.432633,6.753,4.495,0.064,0.932,1.262
3183,27.440652,7.075,4.486,0.065,0.918,1.606
3184,27.451151,9.2,4.573,0.066,1.005,3.556
3185,27.45916,9.466,4.467,0.082,0.986,3.931
3186,27.467794,9.26,4.516,0.121,0.952,3.671
3187,27.476164,9.167,4.455,0.064,0.94,3.708
3188,27.484377,9.353,4.488,0.104,0.925,3.836
3189,27.492624,9.321,4.541,0.067,0.906,3.807
3190,27.500769,9.651,4.612,0.106,1.079,3.854
3191,27.511131,7.734,4.548,0.088,1.06,2.038
3192,27.519731,9.228,4.492,0.108,0.651,3.977
3193,27.530146,7.089,4.541,0.082,0.673,1.793
3194,27.538182,7.4,4.46,0.072,0.65,2.218
3195,27.546632,7.275,4.454,0.062,0.662,2.097
3196,27.554943,7.412,4.482,0.072,0.775,2.083
3197,27.563791,7.372,4.488,0.075,0.755,2.054
3198,27.572064,7.366,4.515,0.082,0.773,1.996
3199,27.580195,7.335,4.56,0.103,0.755,1.917
3200,27.588974,13.589,4.545,0.099,5.419,3.526
3201,27.596721,14.157,4.727,0.112,5.398,3.92
3202,27.60537,13.879,4.625,0.116,5.376,3.762
3203,27.613718,13.934,4.637,0.092,5.382,3.823
3204,27.621684,14.239,4.775,0.11,5.358,3.996
3205,27.630444,13.921,4.623,0.107,5.344,3.847
3206,27.640665,11.914,4.592,0.076,5.321,1.925
3207,27.649055,11.812,4.575,0.105,5.304,1.828
3208,27.657337,11.959,4.593,0.107,5.285,1.974
3209,27.665651,11.937,4.558,0.08,5.262,2.037
3210,27.673854,12.144,4.595,0.102,5.245,2.202
3211,27.682323,12.049,4.598,0.101,5.223,2.127
3212,27.690833,11.765,4.582,0.075,5.202,1.906
3213,27.700682,14.01,4.582,4.4,0.623,4.405
3214,27.708882,13.9,0.0,0.047,4.895,8.958
3215,27.717785,13.809,4.674,0.093,5.03,4.012
3216,27.725822,14.413,4.474,0.065,5.372,4.502
3217,27.734324,14.214,4.821,0.058,5.404,3.931
3218,27.742512,14.399,4.557,0.056,5.461,4.325
3219,27.750958,14.198,4.867,0.06,5.48,3.791
3220,27.75956,14.121,4.525,0.081,5.515,4.0
3221,27.76998,12.009,4.566,0.076,3.451,3.916
3222,27.780005,10.244,4.568,0.08,3.482,2.114
3223,27.788224,10.32,4.598,0.09,3.499,2.133
3224,27.796641,10.272,4.574,0.089,3.519,2.09
3225,27.804928,10.41,4.555,0.086,3.537,2.232
3226,27.813334,10.288,4.605,0.085,3.559,2.039
3227,27.822537,9.432,4.566,0.094,3.582,1.19
3228,27.829859,10.36,4.616,0.074,3.599,2.071
3229,27.838769,9.862,4.605,0.085,1.54,3.632
3230,27.846671,10.149,4.528,0.094,1.565,3.962
3231,27.855213,13.47,4.628,0.084,5.092,3.666
3232,27.863085,13.925,4.529,0.055,5.094,4.247
3233,27.87185,13.526,4.662,0.075,5.129,3.66
3234,27.880041,13.658,4.474,0.084,5.154,3.946
3235,27.888703,13.341,4.603,0.08,5.177,3.481
3236,27.899273,11.133,4.607,0.099,5.198,1.229
3237,27.907508,11.305,4.613,0.104,5.22,1.368
3238,27.915769,11.311,4.563,0.112,5.235,1.401
3239,27.923726,11.691,4.622,0.086,5.251,1.732
3240,27.93241,11.436,4.559,0.099,3.187,3.591
3241,27.940428,11.639,4.6,0.102,3.211,3.726
3242,27.9511,9.344,4.548,0.102,1.196,3.498
3243,27.959448,9.368,4.521,0.084,1.202,3.561
3244,27.96736,9.877,4.533,0.105,1.235,4.004
3245,27.976266,9.257,4.563,0.084,1.255,3.355
3246,27.984511,9.302,4.581,0.106,1.268,3.347
3247,27.992962,9.124,4.59,0.185,1.293,3.056
3248,28.001267,9.38,4.58,0.087,1.317,3.396
3249,28.011399,7.605,4.567,0.072,1.341,1.625
3250,28.019593,7.637,4.609,0.082,1.361,1.585
3251,28.028257,7.237,4.568,0.067,1.381,1.221
3252,28.036261,7.534,4.565,0.062,1.404,1.503
3253,28.044941,7.202,4.524,0.055,1.421,1.202
3254,28.053151,7.507,4.532,0.071,1.444,1.46
3255,28.061833,7.3,4.557,0.061,1.462,1.22
3256,28.072225,8.529,4.592,0.069,0.813,3.055
3257,28.079934,9.036,4.5,0.1,0.889,3.547
3258,28.088438,8.628,4.593,0.087,0.91,3.038
3259,28.09628,9.011,4.534,0.092,0.93,3.455
3260,28.104867,8.764,4.532,0.089,0.949,3.194
3261,28.112735,9.219,4.615,0.133,0.965,3.506
3262,28.121392,8.902,4.596,0.095,0.991,3.22
3263,28.12982,8.793,4.582,0.056,1.01,3.145
3264,28.140344,8.352,4.564,0.055,0.706,3.027
3265,28.148561,8.484,4.606,0.066,0.722,3.09
3266,28.156646,8.709,4.493,0.095,0.746,3.375
3267,28.165318,8.445,4.578,0.07,0.776,3.021
3268,28.173494,8.633,4.61,0.084,0.809,3.13
3269,28.181951,8.467,4.559,0.061,0.83,3.017
3270,28.189945,8.774,4.548,0.093,0.84,3.293
3271,28.198635,8.437,4.561,0.08,0.867,2.929
3272,28.20916,8.148,4.618,0.097,0.722,2.711
3273,28.217147,8.544,4.55,0.079,0.76,3.155
3274,28.225792,8.197,4.563,0.073,0.786,2.775
3275,28.233874,8.439,4.593,0.065,0.807,2.974
3276,28.242349,8.289,4.616,0.085,0.828,2.76
3277,28.250734,8.256,4.609,0.098,0.843,2.706
3278,28.260678,8.636,4.6,0.114,0.749,3.173
3279,28.269292,8.328,4.617,0.096,0.775,2.84
3280,28.277901,8.069,4.582,0.077,0.792,2.618
3281,28.285875,8.426,4.59,0.069,0.814,2.953
3282,28.294235,8.425,4.592,0.099,0.838,2.896
3283,28.303011,7.972,4.548,0.071,0.85,2.503
3284,28.311255,8.06,4.496,0.094,0.872,2.598
3285,28.321338,8.212,4.601,0.094,0.653,2.864
3286,28.330014,7.807,4.482,0.078,0.694,2.553
3287,28.338007,8.199,4.481,0.073,0.75,2.895
3288,28.346321,8.197,4.502,0.072,0.77,2.853
3289,28.354438,8.459,4.524,0.084,0.788,3.063
3290,28.362825,8.434,4.522,0.073,0.869,2.97
3291,28.371559,8.064,4.497,0.071,0.896,2.6
3292,28.380178,7.748,4.476,0.067,0.917,2.288
3293,28.388253,7.999,4.502,0.081,0.937,2.479
3294,28.398643,6.095,4.576,0.101,0.955,0.463
3295,28.406997,7.832,4.482,0.064,0.772,2.514
3296,28.415122,8.015,4.459,0.076,0.786,2.694
3297,28.423351,8.117,4.521,0.081,0.811,2.704
3298,28.431795,7.992,4.502,0.07,0.833,2.587
3299,28.440024,8.112,4.463,0.064,0.851,2.734
3300,28.44871,7.772,4.461,0.094,0.869,2.348
3301,28.458645,6.155,4.591,0.085,0.895,0.584
3302,28.4679,5.701,4.581,0.074,0.795,0.251
3303,28.475409,7.879,4.609,0.111,0.664,2.495
3304,28.483902,7.7,4.559,0.111,0.689,2.341
3305,28.492169,7.809,4.565,0.09,0.708,2.446
3306,28.500685,7.601,4.576,0.108,0.728,2.189
3307,28.508971,7.629,4.55,0.063,0.748,2.268
3308,28.519151,5.803,4.558,0.087,0.766,0.392
3309,28.527667,5.687,4.603,0.083,0.791,0.21
3310,28.536258,5.786,4.651,0.086,0.841,0.208
3311,28.544304,7.672,4.601,0.072,0.791,2.208
3312,28.552855,7.463,4.589,0.074,0.81,1.99
3313,28.560986,7.689,4.561,0.097,0.834,2.197
3314,28.569468,7.513,4.598,0.096,0.85,1.969
3315,28.577885,7.433,4.577,0.076,0.874,1.906
3316,28.587867,7.669,4.591,0.083,0.706,2.289
3317,28.596062,7.817,4.569,0.095,0.729,2.424
3318,28.604772,7.448,4.597,0.082,0.75,2.019
3319,28.612888,7.655,4.478,0.074,0.772,2.331
3320,28.62139,7.499,4.506,0.075,0.792,2.126
3321,28.630536,6.673,4.5,0.07,0.814,1.289
3322,28.64031,5.575,4.613,0.074,0.675,0.213
3323,28.648323,5.904,4.497,0.075,1.095,0.237
3324,28.65681,5.716,4.499,0.081,0.946,0.19
3325,28.66531,5.562,4.494,0.075,0.786,0.207
3326,28.673257,5.96,4.511,0.074,1.158,0.217
3327,28.681914,7.427,4.511,0.083,0.992,1.841
3328,28.689953,7.778,4.493,0.11,1.01,2.165
3329,28.700369,5.72,4.615,0.081,0.782,0.242
3330,28.708817,5.571,4.502,0.091,0.782,0.196
3331,28.71718,5.584,4.489,0.082,0.8,0.213
3332,28.725406,7.352,4.488,0.087,0.739,2.038
3333,28.733948,7.283,4.504,0.078,0.908,1.793
3334,28.742312,7.244,4.503,0.061,0.93,1.75
3335,28.750475,7.395,4.514,0.062,0.947,1.872
3336,28.75891,7.299,4.528,0.079,0.97,1.722
3337,28.769967,5.653,4.564,0.085,0.8,0.204
3338,28.779561,5.754,4.582,0.08,0.856,0.236
3339,28.787886,5.735,4.579,0.064,0.87,0.222
3340,28.796299,5.651,4.577,0.074,0.797,0.203
3341,28.804565,5.762,4.584,0.087,0.861,0.23
3342,28.812882,5.756,4.565,0.071,0.909,0.211
3343,28.82121,5.766,4.605,0.09,0.864,0.207
3344,28.829483,5.87,4.558,0.085,0.977,0.25
3345,28.837954,5.691,4.563,0.088,0.838,0.202
3346,28.846216,5.772,4.634,0.1,0.831,0.207
3347,28.854971,5.69,4.569,0.08,0.819,0.222
3348,28.862923,6.07,4.582,0.061,1.195,0.232
3349,28.871451,5.879,4.593,0.064,0.981,0.241
3350,28.88008,5.706,4.559,0.071,0.855,0.221
3351,28.890189,6.802,4.598,0.099,0.784,1.321
3352,28.898679,6.728,4.597,0.162,0.833,1.136
3353,28.906548,7.174,4.598,0.062,0.889,1.625
3354,28.915296,6.748,4.615,0.081,0.908,1.144
3355,28.923253,7.119,4.601,0.074,0.929,1.515
3356,28.931617,7.075,4.592,0.061,0.947,1.475
3357,28.940603,6.421,4.614,0.091,0.967,0.749
3358,28.950334,7.003,4.596,0.1,0.8,1.507
3359,28.958814,6.789,4.631,0.103,0.82,1.235
3360,28.967343,6.591,4.631,0.083,0.841,1.036
3361,28.975392,6.877,4.575,0.077,0.865,1.36
3362,28.983846,6.757,4.601,0.074,0.883,1.199
3363,28.992492,6.442,4.586,0.077,0.903,0.876
3364,29.000233,7.053,4.598,0.075,0.928,1.452
3365,29.010797,5.661,4.562,0.083,0.823,0.193
3366,29.019132,6.691,4.595,0.08,0.771,1.245
3367,29.027813,6.327,4.601,0.072,0.792,0.862
3368,29.035771,6.701,4.577,0.076,0.811,1.237
3369,29.044439,6.428,4.601,0.068,0.835,0.924
3370,29.052432,6.741,4.587,0.083,0.852,1.219
3371,29.061011,6.504,4.485,0.077,0.872,1.07
3372,29.071186,5.693,4.61,0.075,0.788,0.22
3373,29.079583,5.604,4.459,0.09,0.868,0.187
3374,29.088118,6.187,4.458,0.071,0.688,0.97
3375,29.096755,5.879,4.5,0.068,0.707,0.604
3376,29.104506,6.525,4.511,0.071,0.769,1.174
3377,29.113569,5.776,4.498,0.077,0.78,0.421
3378,29.121528,6.148,4.502,0.066,0.803,0.777
3379,29.130027,5.995,4.459,0.073,0.824,0.639
3380,29.140067,5.61,4.573,0.063,0.752,0.222
3381,29.148599,5.494,4.512,0.086,0.707,0.189
3382,29.156591,5.839,4.501,0.094,1.047,0.197
3383,29.165211,5.546,4.482,0.083,0.785,0.196
3384,29.173601,5.553,4.503,0.077,0.771,0.202
3385,29.181775,6.113,4.499,0.073,0.744,0.797
3386,29.190462,5.781,4.509,0.09,0.768,0.414
3387,29.200376,5.652,4.604,0.074,0.733,0.241
3388,29.209037,5.439,4.477,0.061,0.657,0.244
3389,29.21743,5.593,4.584,0.086,0.709,0.214
3390,29.225372,6.126,4.593,0.057,0.695,0.781
3391,29.233841,6.014,4.614,0.07,0.733,0.597
3392,29.242453,5.8,4.605,0.082,0.803,0.31
3393,29.250231,6.334,4.605,0.067,0.825,0.837
3394,29.259112,5.782,4.597,0.075,0.845,0.265
3395,29.267588,5.677,4.589,0.083,0.765,0.24
3396,29.277488,5.707,4.619,0.071,0.788,0.229
3397,29.286055,5.556,4.574,0.067,0.697,0.218
3398,29.294449,5.582,4.588,0.083,0.676,0.235
3399,29.30244,5.901,4.604,0.076,1.0,0.221
3400,29.311112,5.555,4.562,0.072,0.707,0.214
3401,29.319431,5.777,4.595,0.095,0.869,0.218
3402,29.329319,6.169,4.581,0.094,0.77,0.724
3403,29.338384,5.822,4.564,0.128,0.868,0.262
3404,29.346245,6.337,4.568,0.126,1.159,0.484
3405,29.35496,5.967,4.557,0.071,1.014,0.325
3406,29.363554,5.796,4.587,0.077,0.839,0.293
3407,29.371477,6.176,4.601,0.071,1.254,0.25
3408,29.380107,5.864,4.613,0.091,0.934,0.226
3409,29.389989,5.771,4.574,0.062,0.748,0.387
3410,29.398569,5.903,4.596,0.091,0.954,0.262
3411,29.406702,6.053,4.55,0.092,1.137,0.274
3412,29.415115,6.549,4.568,0.721,0.978,0.282
3413,29.42329,6.662,4.58,0.083,1.697,0.302
3414,29.431781,6.642,4.553,0.107,1.603,0.379
3415,29.440848,6.144,4.573,0.098,0.882,0.591
3416,29.45053,5.83,4.586,0.094,0.813,0.337
3417,29.459204,5.813,4.598,0.099,0.847,0.269
3418,29.467134,6.188,4.579,0.082,1.289,0.238
3419,29.47577,5.955,4.495,0.193,0.901,0.366
3420,29.483782,6.741,4.594,0.105,1.77,0.272
3421,29.492327,6.563,4.59,0.131,1.532,0.31
3422,29.500548,6.697,4.526,0.115,1.731,0.325
3423,29.510825,5.733,4.485,0.142,0.8,0.306
3424,29.519816,5.734,4.482,0.093,0.824,0.335
3425,29.527742,6.05,4.481,0.174,1.025,0.37
3426,29.536032,6.135,4.426,0.172,1.215,0.322
3427,29.544472,6.023,4.488,0.157,1.092,0.286
3428,29.552477,6.344,4.482,0.228,1.355,0.279
3429,29.561084,6.128,4.441,0.159,1.158,0.37
3430,29.569173,6.261,4.493,0.118,1.401,0.249
3431,29.579607,5.69,4.526,0.093,0.856,0.215
3432,29.590037,5.737,4.436,0.108,0.825,0.368
3433,29.598861,5.719,4.51,0.079,0.73,0.4
3434,29.606722,6.102,4.476,0.07,1.241,0.315
3435,29.615224,5.869,4.484,0.064,1.064,0.257
3436,29.623295,6.149,4.492,0.065,1.321,0.271
3437,29.631588,6.159,4.487,0.076,1.357,0.239
3438,29.640042,6.005,4.449,0.04,1.277,0.239
3439,29.648426,6.01,4.474,0.06,1.207,0.269
3440,29.656977,5.763,4.473,0.047,0.996,0.247
3441,29.665007,6.07,4.583,0.053,1.185,0.249
3442,29.673278,6.14,4.606,0.063,1.21,0.261
3443,29.681641,6.127,4.575,0.076,1.24,0.236
3444,29.69032,5.758,4.575,0.071,0.869,0.243
3445,29.700331,5.609,4.578,0.06,0.696,0.275
3446,29.708927,5.634,4.561,0.047,0.767,0.259
3447,29.717411,5.699,4.566,0.068,0.824,0.241
3448,29.725495,5.988,4.604,0.066,1.064,0.254
3449,29.733903,5.881,4.538,0.05,1.027,0.266
3450,29.742205,5.909,4.586,0.063,1.014,0.246
3451,29.750626,6.09,4.612,0.063,1.196,0.219
3452,29.760696,5.721,4.585,0.081,0.821,0.234
3453,29.769705,5.764,4.585,0.072,0.888,0.219
3454,29.777659,6.174,4.586,0.074,1.271,0.243
3455,29.785799,6.343,4.565,0.043,1.474,0.261
3456,29.794286,6.201,4.605,0.06,1.293,0.243
3457,29.802515,6.302,4.624,0.055,1.374,0.249
3458,29.811043,6.126,4.49,0.049,1.311,0.276
3459,29.821595,5.629,4.581,0.066,0.758,0.224
3460,29.83175,5.768,4.61,0.059,0.735,0.364
3461,29.840046,5.821,4.487,0.053,0.911,0.37
3462,29.848472,5.651,4.482,0.064,0.815,0.29
3463,29.856618,5.79,4.474,0.064,1.018,0.234
3464,29.865092,5.633,4.503,0.047,0.845,0.238
3465,29.873324,5.758,4.524,0.063,0.929,0.242
3466,29.881702,5.709,4.545,0.073,0.879,0.212
3467,29.8901,5.622,4.476,0.046,0.864,0.236
3468,29.898202,5.846,4.456,0.062,1.116,0.212
3469,29.90678,5.759,4.501,0.075,0.816,0.367
3470,29.915317,5.553,4.506,0.071,0.752,0.224
3471,29.923519,5.709,4.52,0.077,0.884,0.228
3472,29.931583,5.961,4.506,0.07,1.167,0.218
3473,29.940177,5.66,4.47,0.107,0.908,0.175
3474,29.948699,5.49,4.515,0.045,0.694,0.236
3475,29.958641,5.563,4.549,0.065,0.723,0.226
3476,29.967137,5.583,4.596,0.076,0.691,0.22
3477,29.975697,5.706,4.611,0.072,0.82,0.203
3478,29.98404,5.755,4.576,0.097,0.806,0.276
3479,29.992188,5.934,4.564,0.081,1.045,0.244
3480,30.000583,5.832,4.579,0.079,0.963,0.211
3481,30.010703,5.767,4.638,0.079,0.865,0.185
3482,30.019341,5.853,4.646,0.071,0.931,0.205
3483,30.027607,5.905,4.565,0.073,1.06,0.207
3484,30.036056,5.818,4.6,0.075,0.943,0.2
3485,30.04421,5.984,4.61,0.062,1.096,0.216
3486,30.052688,5.85,4.604,0.061,0.967,0.218
3487,30.060718,6.161,4.61,0.068,1.249,0.234
3488,30.069319,5.888,4.614,0.061,1.003,0.21
3489,30.07955,5.786,4.578,0.093,0.909,0.206
3490,30.088019,6.095,4.596,0.094,1.169,0.236
3491,30.096606,5.867,4.611,0.083,0.949,0.224
3492,30.104591,6.185,4.621,0.067,1.278,0.219
3493,30.11314,5.982,4.512,0.072,1.172,0.226
3494,30.121204,6.28,4.517,0.139,1.32,0.304
3495,30.129847,5.946,4.496,0.132,1.097,0.221
3496,30.140262,5.766,4.616,0.119,0.771,0.26
3497,30.148521,6.006,4.476,0.076,1.062,0.392
3498,30.156783,5.92,4.507,0.108,1.079,0.226
3499,30.165311,5.726,4.527,0.081,0.897,0.221
3500,30.173356,6.007,4.494,0.089,1.212,0.212
3501,30.18186,5.864,4.526,0.088,1.011,0.239
3502,30.190009,6.016,4.459,0.065,1.245,0.247
3503,30.200833,5.744,4.595,0.07,0.846,0.233
3504,30.20893,6.0,4.488,0.098,1.171,0.243
3505,30.217179,6.078,4.486,0.076,1.278,0.238
3506,30.225317,6.253,4.499,0.081,1.458,0.215
3507,30.233648,6.255,4.56,0.078,1.383,0.234
3508,30.242161,6.092,4.522,0.075,1.264,0.231
3509,30.250522,6.085,4.524,0.125,1.217,0.219
3510,30.259018,5.9,4.467,0.054,1.116,0.263
3511,30.269119,5.748,4.611,0.087,0.819,0.231
3512,30.277479,5.851,4.61,0.081,0.916,0.244
3513,30.286285,5.791,4.621,0.087,0.865,0.218
3514,30.294338,6.077,4.593,0.089,1.16,0.235
3515,30.302393,6.349,4.625,0.087,1.418,0.219
3516,30.310886,6.188,4.605,0.053,1.291,0.239
3517,30.319507,5.906,4.599,0.074,1.003,0.23
3518,30.329531,5.751,4.602,0.075,0.835,0.239
3519,30.337998,5.786,4.586,0.127,0.81,0.263
3520,30.346655,5.737,4.629,0.078,0.813,0.217
3521,30.354894,5.861,4.59,0.08,0.958,0.233
3522,30.362912,6.158,4.57,0.057,1.291,0.24
3523,30.371434,5.975,4.609,0.078,1.058,0.23
3524,30.379854,5.907,4.547,0.048,1.022,0.29
3525,30.388123,5.948,4.607,0.083,1.039,0.219
3526,30.398531,5.753,4.583,0.073,0.845,0.252
3527,30.406982,5.705,4.576,0.055,0.826,0.248
3528,30.415229,5.789,4.606,0.056,0.88,0.247
3529,30.423345,6.028,4.588,0.092,1.097,0.251
3530,30.432055,5.828,4.593,0.067,0.904,0.264
3531,30.44012,6.078,4.604,0.055,1.155,0.264
3532,30.450206,5.876,4.603,0.095,0.917,0.261
3533,30.458987,5.694,4.554,0.084,0.809,0.247
3534,30.467225,5.871,4.621,0.091,0.925,0.234
3535,30.475658,5.754,4.587,0.081,0.885,0.201
3536,30.484083,5.706,4.621,0.088,0.779,0.218
3537,30.492278,5.859,4.62,0.083,0.923,0.233
3538,30.500451,6.006,4.652,0.085,1.071,0.198
3539,30.50907,5.721,4.589,0.076,0.814,0.242
3540,30.519206,5.729,4.595,0.08,0.837,0.217
3541,30.527581,5.742,4.624,0.082,0.817,0.219
3542,30.535748,5.908,4.586,0.13,0.992,0.2
3543,30.544394,5.768,4.612,0.09,0.825,0.241
3544,30.552371,6.097,4.636,0.078,1.153,0.23
3545,30.561381,5.547,4.52,0.079,0.73,0.218
3546,30.569547,5.752,4.508,0.075,0.941,0.228
3547,30.57934,5.645,4.614,0.079,0.726,0.226
3548,30.587945,5.481,4.484,0.06,0.704,0.233
3549,30.596559,5.507,4.5,0.075,0.695,0.237
3550,30.604434,5.958,4.545,0.077,1.137,0.199
3551,30.613033,5.686,4.467,0.051,0.915,0.253
3552,30.621022,6.042,4.504,0.072,1.257,0.209
3553,30.629623,5.762,4.539,0.076,0.957,0.19
3554,30.638146,5.602,4.501,0.075,0.796,0.23
3555,30.64824,5.592,4.638,0.078,0.693,0.183
3556,30.656827,5.5,4.529,0.073,0.702,0.196
3557,30.665311,5.575,4.537,0.071,0.773,0.194
3558,30.673375,5.85,4.513,0.081,1.045,0.211
3559,30.681787,5.737,4.529,0.085,0.97,0.153
3560,30.69005,5.849,4.49,0.059,1.078,0.222
3561,30.700976,5.668,4.59,0.058,0.783,0.237
3562,30.708834,6.141,4.53,0.097,1.321,0.193
3563,30.717672,5.662,4.627,0.095,0.774,0.166
3564,30.725154,6.534,4.632,0.071,1.607,0.224
3565,30.73382,6.19,4.612,0.055,1.296,0.227
3566,30.742286,6.07,4.618,0.083,1.158,0.211
3567,30.750544,6.181,4.615,0.077,1.252,0.237
3568,30.759072,5.937,4.619,0.088,1.03,0.2
3569,30.769048,5.568,4.566,0.083,0.708,0.211
3570,30.777353,5.721,4.59,0.072,0.831,0.228
3571,30.786058,5.704,4.614,0.076,0.789,0.225
3572,30.794139,5.949,4.606,0.08,1.047,0.216
3573,30.802583,5.831,4.605,0.083,0.924,0.219
3574,30.811169,5.837,4.603,0.081,0.924,0.229
3575,30.819425,5.913,4.562,0.074,1.044,0.233
3576,30.82769,5.955,4.536,0.145,1.085,0.189
3577,30.837898,5.626,4.561,0.056,0.76,0.249
3578,30.846327,5.608,4.613,0.061,0.706,0.228
3579,30.854684,5.567,4.593,0.095,0.697,0.182
3580,30.862811,5.781,4.506,0.072,1.002,0.201
3581,30.871287,5.637,4.513,0.062,0.849,0.213
3582,30.879751,5.5,4.517,0.081,0.724,0.178
3583,30.889746,6.481,4.618,0.079,1.251,0.533
3584,30.898474,6.168,4.517,0.11,1.229,0.312
3585,30.906731,6.298,4.496,0.076,1.21,0.516
3586,30.915311,5.952,4.52,0.083,1.119,0.23
3587,30.923454,6.146,4.558,0.1,1.168,0.32
3588,30.931609,6.348,4.514,0.068,1.15,0.616
3589,30.940373,5.903,4.51,0.094,1.044,0.255
3590,30.951116,5.858,4.602,0.074,0.938,0.244
3591,30.958856,6.437,4.501,0.108,1.393,0.435
3592,30.96726,6.358,4.489,0.08,1.37,0.419
3593,30.975319,6.64,4.632,0.056,1.347,0.605
3594,30.983705,6.589,4.513,0.068,1.329,0.679
3595,30.992294,6.322,4.511,0.079,1.302,0.43
3596,31.000703,6.428,4.492,0.089,1.291,0.556
3597,31.009156,6.282,4.444,0.058,1.277,0.503
3598,31.019418,5.912,4.59,0.083,0.813,0.426
3599,31.029908,5.701,4.575,0.062,0.795,0.269
3600,31.037871,6.051,4.567,0.071,1.175,0.238
3601,31.046353,6.067,4.621,0.356,0.817,0.273
3602,31.054573,6.264,4.62,0.132,1.163,0.349
3603,31.062851,6.15,4.594,0.1,1.256,0.2
3604,31.071597,5.803,4.612,0.14,0.852,0.199
3605,31.079697,6.055,4.609,0.104,1.108,0.234
3606,31.087784,6.285,4.6,0.099,1.367,0.219
3607,31.096355,6.186,4.613,0.16,1.035,0.378
3608,31.104562,6.289,4.722,0.099,1.151,0.317
3609,31.112931,6.213,4.601,0.18,0.662,0.77
3610,31.121259,6.257,4.622,0.084,0.705,0.846
3611,31.12962,6.253,4.66,0.102,0.746,0.745
3612,31.14014,5.694,4.604,0.08,0.646,0.364
3613,31.148631,5.626,4.569,0.067,0.623,0.367
3614,31.156768,5.839,4.597,0.081,0.781,0.38
3615,31.165275,5.751,4.612,0.068,0.817,0.254
3616,31.173261,6.12,4.607,0.083,1.159,0.271
3617,31.181794,5.871,4.592,0.138,0.859,0.282
3618,31.190048,5.961,4.569,0.087,1.086,0.219
3619,31.200342,6.513,4.603,0.096,0.701,1.113
3620,31.209068,6.117,4.562,0.084,0.682,0.789
3621,31.217246,6.438,4.595,0.144,0.823,0.876
3622,31.225379,6.631,4.617,0.111,0.799,1.104
3623,31.233811,6.525,4.573,0.103,0.785,1.064
3624,31.242043,6.632,4.559,0.109,0.767,1.197
3625,31.250501,6.532,4.602,0.104,0.744,1.082
3626,31.258772,6.566,4.602,0.119,0.72,1.125
3627,31.269297,6.458,4.612,0.098,0.694,1.054
3628,31.27963,5.58,4.607,0.087,0.662,0.224
3629,31.287915,5.577,4.57,0.078,0.721,0.208
3630,31.29617,5.663,4.582,0.069,0.788,0.224
3631,31.304545,5.639,4.618,0.073,0.729,0.219
3632,31.312876,5.61,4.477,0.076,0.844,0.213
3633,31.320947,6.247,4.49,0.109,1.475,0.173
3634,31.329487,6.019,4.531,0.104,1.23,0.154
3635,31.337625,7.064,4.517,0.097,0.698,1.752
3636,31.346219,6.782,4.519,0.119,0.679,1.465
3637,31.354884,6.447,4.5,0.08,0.66,1.207
3638,31.362827,6.895,4.511,0.103,0.694,1.587
3639,31.371778,6.269,4.488,0.12,0.679,0.982
3640,31.379936,6.532,4.474,0.091,0.726,1.241
3641,31.389765,5.605,4.621,0.093,0.692,0.199
3642,31.398339,5.465,4.513,0.075,0.665,0.212
3643,31.406535,5.591,4.514,0.07,0.818,0.189
3644,31.415007,5.897,4.472,0.219,1.021,0.185
3645,31.42301,6.207,4.447,0.1,1.486,0.174
3646,31.431632,5.927,4.518,0.078,1.151,0.18
3647,31.440329,5.567,4.528,0.077,0.763,0.199
3648,31.450574,6.805,4.606,0.07,0.647,1.482
3649,31.458775,7.127,4.595,0.083,0.627,1.822
3650,31.467424,6.738,4.609,0.115,0.692,1.322
3651,31.47535,7.13,4.62,0.114,0.667,1.729
3652,31.483742,7.093,4.611,0.071,0.672,1.739
3653,31.492095,7.081,4.619,0.1,0.656,1.706
3654,31.500516,6.989,4.606,0.11,0.635,1.638
3655,31.511084,5.651,4.59,0.082,0.76,0.219
3656,31.519089,5.974,4.621,0.103,1.036,0.214
3657,31.527563,5.842,4.585,0.093,0.981,0.183
3658,31.535922,5.818,4.587,0.07,0.938,0.223
3659,31.544273,5.791,4.594,0.082,0.898,0.217
3660,31.552813,5.594,4.591,0.071,0.71,0.222
3661,31.561094,5.689,4.596,0.084,0.806,0.203
3662,31.569004,6.098,4.592,0.148,1.14,0.218
3663,31.579635,7.272,4.598,0.125,0.695,1.854
3664,31.588942,6.323,4.557,0.121,0.674,0.971
3665,31.596111,7.458,4.55,0.078,0.656,2.174
3666,31.605202,6.72,4.624,0.102,0.636,1.358
3667,31.612755,7.503,4.499,0.115,0.645,2.244
3668,31.621514,7.106,4.495,0.078,0.655,1.878
3669,31.629469,7.52,4.516,0.089,0.648,2.267
3670,31.638189,7.302,4.484,0.111,0.659,2.048
3671,31.648026,5.672,4.56,0.103,0.64,0.369
3672,31.656732,5.423,4.51,0.073,0.636,0.204
3673,31.665299,7.251,4.617,0.149,0.704,1.781
3674,31.673385,7.52,4.495,0.107,0.682,2.236
3675,31.681988,7.237,4.473,0.101,0.663,2.0
3676,31.690235,7.324,4.532,0.075,0.647,2.07
3677,31.698382,7.548,4.524,0.098,0.664,2.262
3678,31.708931,7.579,4.601,0.145,0.804,2.029
3679,31.716949,7.865,4.457,0.13,0.787,2.491
3680,31.725395,7.785,4.515,0.124,0.766,2.38
3681,31.73381,7.703,4.521,0.074,0.744,2.364
3682,31.742061,7.781,4.489,0.074,0.726,2.492
3683,31.750735,7.702,4.512,0.106,0.704,2.38
3684,31.758628,7.91,4.54,0.138,0.696,2.536
3685,31.769202,7.761,4.604,0.159,0.662,2.336
3686,31.777318,7.963,4.67,0.103,0.649,2.541
3687,31.785773,7.86,4.531,0.079,0.633,2.617
3688,31.794318,7.644,4.594,0.071,0.618,2.361
3689,31.802687,7.677,4.568,0.11,0.661,2.338
3690,31.81074,8.062,4.611,0.131,0.682,2.638
3691,31.819303,7.762,4.619,0.125,0.673,2.345
3692,31.829488,5.956,4.618,0.07,0.657,0.611
3693,31.838525,7.309,4.613,0.112,0.649,1.935
3694,31.846567,7.652,4.614,0.107,0.675,2.256
3695,31.854603,7.948,4.612,0.105,0.654,2.577
3696,31.862997,7.99,4.544,0.137,0.748,2.561
3697,31.871364,7.93,4.645,0.122,0.733,2.43
3698,31.879896,7.757,4.57,0.084,0.711,2.392
3699,31.889675,6.342,4.576,0.109,0.723,0.934
3700,31.898294,6.141,4.597,0.113,0.794,0.637
3701,31.906461,8.31,4.618,0.12,0.665,2.907
3702,31.91532,7.848,4.613,0.107,0.725,2.403
3703,31.923261,8.266,4.59,0.078,0.725,2.873
3704,31.931887,8.058,4.57,0.107,0.804,2.577
3705,31.940239,8.054,4.586,0.091,0.78,2.597
3706,31.948647,7.991,4.583,0.07,0.765,2.573
3707,31.958659,6.389,4.605,0.129,0.842,0.813
3708,31.96713,6.254,4.608,0.114,0.822,0.71
3709,31.975512,6.205,4.605,0.067,0.802,0.731
3710,31.984068,6.0,4.613,0.073,0.782,0.532
3711,31.992029,6.384,4.586,0.11,0.758,0.93
3712,32.00069,8.033,4.658,0.106,0.665,2.604
3713,32.009209,7.902,4.623,0.07,0.703,2.506
3714,32.019348,6.099,4.532,0.106,0.706,0.755
3715,32.027495,6.378,4.591,0.105,0.734,0.948
3716,32.035628,6.562,4.593,0.073,0.711,1.185
3717,32.044382,6.305,4.588,0.068,0.698,0.951
3718,32.052616,6.257,4.629,0.117,0.675,0.836
3719,32.060851,6.843,4.493,0.148,0.887,1.315
3720,32.069159,6.626,4.453,0.081,0.874,1.218
3721,32.079993,8.371,4.576,0.103,0.804,2.888
3722,32.090014,6.576,4.562,0.076,0.787,1.151
3723,32.097976,6.941,4.475,0.082,0.77,1.614
3724,32.106473,6.915,4.474,0.14,0.892,1.409
3725,32.114617,7.112,4.495,0.087,0.866,1.664
3726,32.123145,6.909,4.629,0.074,0.85,1.356
3727,32.131537,6.995,4.418,0.114,0.83,1.633
3728,32.140338,8.482,4.446,0.126,0.695,3.215
3729,32.148672,8.371,4.489,0.118,0.672,3.092
3730,32.156843,8.686,4.525,0.122,0.717,3.322
3731,32.165316,8.466,4.526,0.112,0.7,3.128
3732,32.17364,8.494,4.48,0.066,0.682,3.266
3733,32.18169,8.788,4.503,0.103,0.664,3.518
3734,32.19034,8.456,4.482,0.105,0.67,3.199
3735,32.200213,6.944,4.629,0.107,0.649,1.559
3736,32.208717,6.799,4.483,0.074,0.654,1.588
3737,32.217243,6.664,4.619,0.098,0.696,1.251
3738,32.225136,9.215,4.546,0.112,0.742,3.815
3739,32.234003,8.687,4.594,0.071,0.723,3.299
3740,32.242329,8.677,4.541,0.106,0.702,3.328
3741,32.25073,8.682,4.642,0.074,0.733,3.233
3742,32.260558,7.276,4.613,0.166,0.811,1.686
3743,32.269335,8.979,4.625,0.135,0.825,3.394
3744,32.277816,13.388,4.516,0.082,5.277,3.513
3745,32.285743,13.732,4.701,0.078,5.259,3.694
3746,32.294259,13.66,4.659,0.082,5.233,3.686
3747,32.302767,13.567,4.552,0.148,5.231,3.636
3748,32.310788,13.875,4.596,0.127,5.419,3.733
3749,32.319143,13.871,4.797,0.141,5.398,3.535
3750,32.327784,13.6,4.644,0.086,5.376,3.494
3751,32.337985,11.701,4.571,0.127,3.275,3.728
3752,32.348195,9.829,4.625,0.082,3.252,1.87
3753,32.356404,9.937,4.627,0.125,3.237,1.948
3754,32.364807,9.849,4.61,0.115,3.209,1.915
3755,32.373045,9.948,4.569,0.095,3.189,2.095
3756,32.381581,9.725,4.575,0.132,3.172,1.846
3757,32.389755,9.885,4.547,0.09,3.14,2.108
3758,32.398602,9.453,4.626,0.094,3.131,1.602
3759,32.406694,9.652,4.587,0.141,3.112,1.812
3760,32.415338,9.331,4.626,0.139,3.092,1.474
3761,32.42327,9.737,4.633,0.083,3.086,1.935
3762,32.432103,13.461,4.623,4.762,0.643,3.433
3763,32.44002,13.917,0.0,0.041,5.251,8.625
3764,32.45057,13.501,4.621,0.082,5.034,3.764
3765,32.458678,13.809,4.423,0.047,5.149,4.19
3766,32.467139,13.845,4.602,0.049,5.319,3.875
3767,32.47553,13.836,4.686,0.049,5.339,3.762
3768,32.483695,13.962,4.543,0.073,5.361,3.985
3769,32.492102,13.872,4.651,0.055,5.378,3.788
3770,32.500307,14.03,4.519,0.052,5.402,4.057
3771,32.509041,13.688,4.622,0.059,5.42,3.587
3772,32.519218,11.778,4.618,0.08,3.363,3.717
3773,32.527679,13.499,4.597,0.089,5.237,3.576
3774,32.535875,13.904,4.595,0.047,5.513,3.749
3775,32.544228,13.88,4.768,0.063,5.526,3.523
3776,32.552328,14.094,4.518,0.051,5.552,3.973
3777,32.561147,13.646,4.68,0.079,5.57,3.317
3778,32.571831,11.255,4.579,0.126,5.596,0.954
3779,32.581461,9.981,4.64,0.093,5.051,0.197
3780,32.589947,9.81,4.594,0.095,4.927,0.194
3781,32.598377,9.76,4.519,0.122,4.766,0.353
3782,32.606606,9.922,4.546,0.146,4.911,0.319
3783,32.615069,9.872,4.635,0.114,3.627,1.496
3784,32.623044,10.071,4.6,0.096,3.642,1.733
3785,32.631517,9.906,4.583,0.147,3.665,1.511
3786,32.640382,9.547,4.606,0.099,3.685,1.157
3787,32.648111,10.027,4.591,0.097,3.704,1.635
3788,32.656915,9.575,4.598,0.112,1.646,3.219
3789,32.664939,9.88,4.607,0.119,1.66,3.494
3790,32.673625,9.652,4.508,0.079,1.678,3.387
3791,32.682502,9.065,4.627,0.14,1.697,2.601
3792,32.690402,9.662,4.584,0.136,1.717,3.225
3793,32.70066,7.537,4.574,0.165,1.73,1.068
3794,32.709009,7.465,4.603,0.11,1.766,0.986
3795,32.717098,7.791,4.544,0.113,1.781,1.353
3796,32.725444,8.754,4.597,0.143,0.714,3.3
3797,32.734104,8.458,4.561,0.111,0.808,2.978
3798,32.742134,8.874,4.587,0.113,0.838,3.336
3799,32.750771,8.557,4.561,0.123,0.881,2.992
3800,32.759204,8.421,4.536,0.102,0.893,2.89
3801,32.76742,8.479,4.524,0.141,0.933,2.881
3802,32.777535,6.738,4.569,0.051,0.954,1.164
3803,32.785942,6.639,4.556,0.1,0.965,1.018
3804,32.794421,8.549,4.57,0.119,0.908,2.952
3805,32.802455,8.933,4.523,0.106,1.004,3.3
3806,32.81115,8.567,4.472,0.126,1.021,2.948
3807,32.819506,8.592,4.5,0.094,1.034,2.964
3808,32.829694,6.924,4.591,0.091,1.064,1.178
3809,32.838519,7.895,4.511,0.092,0.662,2.63
3810,32.846521,8.176,4.517,0.087,0.729,2.843
3811,32.854569,8.611,4.544,0.089,0.879,3.099
3812,32.86308,8.38,4.468,0.055,0.896,2.961
3813,32.871112,8.683,4.491,0.158,0.914,3.12
3814,32.879953,8.159,4.497,0.079,0.936,2.647
3815,32.889905,6.559,4.577,0.087,0.961,0.934
3816,32.898401,6.4,4.516,0.088,0.978,0.818
3817,32.906875,6.264,4.522,0.053,1.002,0.687
3818,32.915064,6.391,4.485,0.061,1.022,0.823
3819,32.923564,6.283,4.495,0.087,1.041,0.66
3820,32.932479,7.339,4.527,0.093,0.649,2.07
3821,32.940128,8.019,4.527,0.165,0.664,2.663
3822,32.948593,7.866,4.547,0.102,0.686,2.531
3823,32.958988,5.847,4.563,0.067,0.71,0.507
3824,32.967066,6.072,4.571,0.077,0.733,0.691
3825,32.975225,6.25,4.625,0.087,0.756,0.782
3826,32.983848,5.942,4.538,0.067,0.773,0.564
3827,32.992359,5.801,4.601,0.079,0.793,0.328
3828,33.000586,5.953,4.594,0.114,0.816,0.429
3829,33.009304,5.814,4.59,0.093,0.838,0.293
3830,33.019614,7.467,4.592,0.089,0.64,2.146
3831,33.029521,5.918,4.609,0.081,0.659,0.569
3832,33.037676,6.036,4.575,0.081,0.679,0.701
3833,33.046197,5.869,4.572,0.063,0.697,0.537
3834,33.054519,5.949,4.61,0.091,0.762,0.486
3835,33.062783,6.024,4.538,0.065,0.784,0.637
3836,33.071169,5.947,4.574,0.097,0.803,0.473
3837,33.079323,6.14,4.605,0.071,0.826,0.638
3838,33.088395,7.233,4.621,0.093,0.603,1.916
3839,33.096381,7.601,4.611,0.075,0.631,2.284
3840,33.10482,7.449,4.581,0.061,0.644,2.163
3841,33.112843,7.785,4.501,0.056,0.665,2.563
3842,33.121395,7.572,4.504,0.086,0.689,2.293
3843,33.129675,7.612,4.494,0.065,0.707,2.346
3844,33.140196,5.482,4.584,0.074,0.591,0.233
3845,33.148298,5.72,4.474,0.09,0.814,0.342
3846,33.156862,7.3,4.479,0.058,0.57,2.193
3847,33.164904,7.644,4.449,0.061,0.59,2.544
3848,33.173428,7.42,4.506,0.073,0.613,2.228
3849,33.182046,7.131,4.453,0.055,0.632,1.991
3850,33.190278,7.232,4.517,0.072,0.653,1.99
3851,33.200676,5.481,4.587,0.113,0.548,0.233
3852,33.208792,5.675,4.471,0.059,0.895,0.25
3853,33.217311,5.526,4.552,0.06,0.672,0.242
3854,33.22512,7.61,4.451,0.074,0.554,2.531
3855,33.234004,7.085,4.466,0.072,0.585,1.962
3856,33.241955,7.463,4.452,0.064,0.604,2.343
3857,33.250347,7.409,4.5,0.077,0.627,2.205
3858,33.261139,5.475,4.573,0.064,0.571,0.267
3859,33.2711,5.56,4.584,0.057,0.641,0.278
3860,33.279527,5.585,4.609,0.063,0.676,0.237
3861,33.287604,5.832,4.579,0.073,0.964,0.216
3862,33.296323,5.696,4.552,0.083,0.798,0.263
3863,33.304524,5.811,4.648,0.079,0.852,0.232
3864,33.312811,5.888,4.627,0.071,0.93,0.26
3865,33.321148,5.879,4.617,0.08,0.942,0.24
3866,33.329312,6.035,4.624,0.058,1.105,0.248
3867,33.338403,5.783,4.61,0.07,0.868,0.235
3868,33.346519,5.984,4.586,0.07,1.114,0.214
3869,33.354644,6.187,4.577,0.074,1.332,0.204
3870,33.363109,6.078,4.636,0.08,1.138,0.224
3871,33.371214,6.3,4.626,0.12,1.345,0.209
3872,33.379749,6.075,4.637,0.071,1.16,0.207
3873,33.388078,6.967,4.613,0.066,0.736,1.552
3874,33.398129,5.606,4.632,0.086,0.651,0.237
3875,33.406794,6.882,4.591,0.073,0.653,1.565
3876,33.415262,6.736,4.516,0.056,0.674,1.49
3877,33.423294,7.001,4.568,0.07,0.691,1.672
3878,33.432261,6.398,4.537,0.061,0.714,1.086
3879,33.440382,6.616,4.514,0.056,0.732,1.314
3880,33.450275,6.982,4.6,0.071,0.636,1.675
3881,33.458708,6.906,4.492,0.064,0.654,1.696
3882,33.467233,6.688,4.53,0.062,0.675,1.421
3883,33.475152,7.101,4.526,0.061,0.692,1.822
3884,33.48384,6.784,4.514,0.062,0.714,1.494
3885,33.492205,6.743,4.486,0.064,0.735,1.458
3886,33.500466,6.815,4.519,0.111,0.75,1.435
3887,33.508977,6.628,4.52,0.063,0.773,1.272
3888,33.519342,5.549,4.612,0.071,0.626,0.24
3889,33.529474,5.588,4.634,0.075,0.637,0.242
3890,33.537648,5.733,4.529,0.098,0.867,0.239
3891,33.546095,5.617,4.457,0.072,0.844,0.244
3892,33.55452,5.532,4.538,0.079,0.692,0.223
3893,33.562747,5.626,4.491,0.076,0.838,0.221
3894,33.571214,5.563,4.607,0.084,0.641,0.231
3895,33.579557,5.712,4.575,0.054,0.84,0.243
3896,33.588586,5.684,4.568,0.05,0.804,0.262
3897,33.596043,6.577,4.581,0.092,1.663,0.241
3898,33.604869,6.085,4.616,0.066,1.161,0.242
3899,33.613253,6.047,4.604,0.089,1.107,0.247
3900,33.621268,6.358,4.611,0.07,1.431,0.246
3901,33.629622,6.325,4.606,0.095,1.403,0.221
3902,33.639645,6.999,4.575,0.205,0.834,1.385
3903,33.648524,6.461,4.583,0.081,0.903,0.894
3904,33.656557,6.762,4.604,0.08,0.928,1.15
3905,33.664912,6.757,4.539,0.083,0.949,1.186
3906,33.673605,6.371,4.605,0.088,0.97,0.708
3907,33.682009,6.304,4.566,0.095,0.989,0.654
3908,33.690366,6.294,4.636,0.099,1.003,0.556
3909,33.700713,6.069,4.613,0.12,0.761,0.575
3910,33.708755,6.389,4.593,0.098,0.779,0.919
3911,33.717215,6.25,4.502,0.085,0.803,0.86
3912,33.725218,6.575,4.494,0.069,0.823,1.189
3913,33.733982,6.157,4.476,0.082,0.844,0.755
3914,33.741921,6.541,4.459,0.084,0.864,1.134
3915,33.75072,6.059,4.484,0.056,0.882,0.637
3916,33.760553,5.745,4.629,0.118,0.772,0.226
3917,33.769275,5.48,4.493,0.074,0.644,0.269
3918,33.777703,5.445,4.461,0.082,0.68,0.222
3919,33.78568,5.783,4.476,0.07,1.031,0.206
3920,33.794277,5.849,4.502,0.068,0.579,0.7
3921,33.802441,6.057,4.591,0.06,0.653,0.753
3922,33.810637,6.205,4.515,0.067,0.675,0.948
3923,33.819303,5.883,4.509,0.065,0.7,0.609
3924,33.829658,5.446,4.578,0.083,0.584,0.201
3925,33.838093,5.809,4.505,0.08,0.718,0.506
3926,33.846145,6.132,4.487,0.073,0.755,0.817
3927,33.854653,5.945,4.493,0.068,0.767,0.617
3928,33.863229,5.733,4.476,0.084,0.791,0.382
3929,33.871236,6.037,4.601,0.075,0.816,0.545
3930,33.879822,5.763,4.563,0.056,0.836,0.308
3931,33.889607,5.751,4.579,0.114,0.822,0.236
3932,33.898334,5.61,4.614,0.089,0.677,0.23
3933,33.906827,5.681,4.569,0.072,0.733,0.307
3934,33.915388,5.656,4.614,0.103,0.674,0.265
3935,33.923283,6.049,4.578,0.063,0.91,0.498
3936,33.931834,5.85,4.583,0.062,0.929,0.276
3937,33.940106,5.873,4.598,0.075,0.947,0.253
3938,33.948501,5.842,4.579,0.111,0.942,0.21
3939,33.958655,5.691,4.549,0.081,0.806,0.255
3940,33.969029,5.759,4.563,0.089,0.848,0.259
3941,33.977673,5.838,4.598,0.106,0.907,0.227
3942,33.985758,6.084,4.579,0.069,1.167,0.269
3943,33.993955,6.193,4.594,0.115,1.267,0.217
3944,34.002388,6.127,4.615,0.091,1.162,0.259
3945,34.01068,6.138,4.586,0.094,1.228,0.23
3946,34.019453,5.727,4.537,0.086,0.864,0.24
3947,34.027459,6.043,4.502,0.064,1.142,0.335
3948,34.036012,5.827,4.457,0.062,1.02,0.288
3949,34.044357,5.907,4.507,0.08,1.063,0.257
3950,34.052231,6.348,4.487,0.079,1.292,0.49
3951,34.060986,5.912,4.462,0.059,1.13,0.261
3952,34.069362,5.885,4.524,0.088,1.058,0.215
3953,34.079845,5.553,4.564,0.091,0.678,0.22
3954,34.087784,5.949,4.481,0.07,1.131,0.267
3955,34.09635,5.702,4.536,0.077,0.9,0.189
3956,34.104869,5.555,4.488,0.056,0.766,0.245
3957,34.11295,5.814,4.467,0.086,1.025,0.236
3958,34.121512,5.55,4.518,0.07,0.774,0.188
3959,34.129546,5.858,4.497,0.07,1.063,0.228
3960,34.139706,5.719,4.594,0.071,0.815,0.239
3961,34.148759,5.556,4.499,0.077,0.742,0.238
3962,34.157014,5.627,4.475,0.054,0.834,0.264
3963,34.165406,5.613,4.523,0.077,0.79,0.223
3964,34.173528,5.803,4.592,0.08,0.934,0.197
3965,34.181543,6.105,4.606,0.062,1.24,0.197
3966,34.190188,5.832,4.611,0.061,0.883,0.277
3967,34.198543,5.794,4.573,0.104,0.84,0.277
3968,34.208914,5.699,4.582,0.082,0.794,0.241
3969,34.219021,5.824,4.625,0.105,0.874,0.22
3970,34.227228,5.948,4.63,0.082,1.005,0.231
3971,34.235634,5.864,4.594,0.079,0.966,0.225
3972,34.244056,5.772,4.562,0.089,0.907,0.214
3973,34.252267,5.898,4.603,0.1,0.984,0.211
3974,34.260567,5.943,4.592,0.1,1.03,0.221
3975,34.269421,5.824,4.627,0.088,0.878,0.231
3976,34.277309,6.306,4.586,0.067,1.331,0.322
3977,34.285918,5.979,4.583,0.076,1.097,0.223
3978,34.294015,6.231,4.587,0.089,1.295,0.26
3979,34.302385,6.161,4.56,0.087,1.315,0.199
3980,34.311082,5.83,4.622,0.086,0.889,0.233
3981,34.318915,6.322,4.461,0.069,1.544,0.248
3982,34.329615,5.707,4.588,0.091,0.811,0.217
3983,34.338055,5.658,4.478,0.102,0.856,0.222
3984,34.346151,5.925,4.474,0.071,1.121,0.259
3985,34.354687,5.697,4.509,0.111,0.861,0.216
3986,34.36274,5.988,4.507,0.089,1.167,0.225
3987,34.371401,5.657,4.496,0.09,0.846,0.225
3988,34.379404,6.009,4.493,0.079,1.182,0.255
3989,34.388432,5.861,4.484,0.069,0.808,0.5
3990,34.398677,5.656,4.61,0.056,0.723,0.267
3991,34.406602,6.074,4.519,0.082,1.22,0.253
3992,34.415563,5.655,4.579,0.085,0.705,0.286
3993,34.423236,6.233,4.515,0.097,1.39,0.231
3994,34.43187,5.932,4.478,0.054,1.164,0.236
3995,34.440013,6.132,4.462,0.054,1.377,0.239
3996,34.448297,6.182,4.495,0.077,1.386,0.224
3997,34.458838,5.581,4.566,0.055,0.711,0.249
3998,34.468953,5.602,4.536,0.059,0.71,0.297
3999,34.477627,5.835,4.596,0.069,0.918,0.252
4000,34.485851,5.948,4.578,0.08,1.045,0.245
4001,34.493947,6.176,4.579,0.117,1.251,0.229
4002,34.502381,6.101,4.577,0.08,1.184,0.26
4003,34.511067,5.737,4.625,0.083,0.81,0.219
4004,34.519335,5.841,4.574,0.068,0.922,0.277
4005,34.527609,5.863,4.559,0.072,0.994,0.238
4006,34.535575,6.214,4.589,0.077,1.331,0.217
4007,34.544174,5.93,4.588,0.092,1.07,0.18
4008,34.552676,5.806,4.617,0.069,0.871,0.249
4009,34.560834,5.961,4.582,0.052,1.095,0.232
4010,34.56911,6.033,4.605,0.08,1.114,0.234
4011,34.579823,5.691,4.56,0.051,0.826,0.254
4012,34.587762,6.09,4.538,0.054,1.242,0.256
4013,34.596083,6.094,4.594,0.063,1.209,0.228
4014,34.604796,5.713,4.585,0.052,0.827,0.249
4015,34.612799,6.04,4.573,0.057,1.191,0.219
4016,34.621435,5.788,4.505,0.064,0.969,0.25
4017,34.629341,6.18,4.53,0.07,1.368,0.212
4018,34.63796,5.885,4.481,0.049,1.119,0.236
4019,34.648747,5.596,4.589,0.048,0.719,0.24
4020,34.656785,5.886,4.502,0.088,1.102,0.194
4021,34.664851,6.156,4.479,0.063,1.375,0.239
4022,34.673377,5.993,4.519,0.082,1.174,0.218
4023,34.681941,5.739,4.475,0.052,0.97,0.242
4024,34.689892,6.092,4.581,0.109,1.185,0.217
4025,34.700611,5.873,4.588,0.086,0.965,0.234
4026,34.710577,5.74,4.567,0.098,0.78,0.295
4027,34.718916,5.73,4.468,0.073,0.956,0.233
4028,34.727093,5.864,4.519,0.082,1.063,0.2
4029,34.73553,5.78,4.485,0.088,0.992,0.215
4030,34.744091,5.755,4.494,0.102,0.949,0.21
4031,34.752216,5.988,4.503,0.089,1.159,0.237
4032,34.760666,5.868,4.5,0.081,1.065,0.222
4033,34.769051,5.873,4.57,0.076,0.894,0.333
4034,34.777758,5.765,4.591,0.062,0.863,0.249
4035,34.785666,6.168,4.564,0.068,1.315,0.221
4036,34.794304,5.878,4.615,0.082,0.969,0.212
4037,34.802222,6.284,4.609,0.089,1.387,0.199
4038,34.810729,6.119,4.617,0.06,1.211,0.231
4039,34.819907,5.747,4.567,0.101,0.857,0.222
4040,34.82953,5.861,4.622,0.097,0.906,0.236
4041,34.837857,5.807,4.585,0.047,0.963,0.212
4042,34.846402,5.7,4.616,0.076,0.78,0.228
4043,34.854478,5.924,4.611,0.079,1.045,0.189
4044,34.862863,5.87,4.581,0.062,0.995,0.232
4045,34.871019,6.052,4.594,0.074,1.163,0.221
4046,34.879712,5.691,4.583,0.055,0.816,0.237
4047,34.889801,5.859,4.547,0.09,0.819,0.403
4048,34.898668,5.837,4.628,0.053,0.763,0.393
4049,34.906452,6.255,4.631,0.086,1.326,0.212
4050,34.915005,6.015,4.601,0.085,1.117,0.212
4051,34.9237,5.801,4.478,0.087,0.876,0.36
4052,34.93203,5.671,4.471,0.057,0.892,0.251
4053,34.940217,5.832,4.542,0.073,0.984,0.233
4054,34.950143,5.796,4.596,0.075,0.885,0.24
4055,34.959216,5.668,4.482,0.076,0.739,0.371
4056,34.967376,5.847,4.507,0.087,0.924,0.329
4057,34.975733,5.672,4.501,0.066,0.891,0.214
4058,34.983794,5.949,4.523,0.041,1.132,0.253
4059,34.992347,5.737,4.526,0.07,0.93,0.211
4060,35.0006,5.978,4.503,0.073,1.026,0.376
4061,35.008982,5.816,4.447,0.062,1.021,0.286
4062,35.018955,5.647,4.547,0.058,0.775,0.267
4063,35.027691,5.506,4.51,0.073,0.703,0.22
4064,35.035506,6.024,4.473,0.062,1.261,0.228
4065,35.044278,5.595,4.495,0.065,0.8,0.235
4066,35.052524,5.67,4.498,0.066,0.883,0.223
4067,35.060738,5.806,4.489,0.087,1.02,0.21
4068,35.069238,5.818,4.627,0.079,0.89,0.222
4069,35.077732,5.659,4.561,0.047,0.795,0.256
4070,35.087777,5.712,4.563,0.046,0.845,0.258
4071,35.096247,5.707,4.612,0.08,0.798,0.217
4072,35.104421,5.891,4.615,0.072,0.979,0.225
4073,35.11277,5.854,4.557,0.047,0.987,0.263
4074,35.121222,5.737,4.612,0.101,0.82,0.204
4075,35.129908,5.866,4.573,0.06,1.003,0.23
4076,35.139633,5.66,4.671,0.05,0.725,0.214
4077,35.148266,5.757,4.574,0.065,0.879,0.239
4078,35.156477,5.862,4.572,0.074,1.005,0.211
4079,35.165177,5.717,4.577,0.062,0.836,0.242
4080,35.173016,6.211,4.593,0.074,1.338,0.206
4081,35.181672,5.896,4.634,0.059,0.984,0.219
4082,35.189703,6.186,4.56,0.075,1.331,0.22
4083,35.200248,5.616,4.595,0.068,0.756,0.197
4084,35.208901,5.712,4.568,0.052,0.854,0.238
4085,35.217324,5.71,4.625,0.047,0.796,0.242
4086,35.225477,5.867,4.604,0.126,0.942,0.195
4087,35.233698,6.034,4.535,0.073,1.144,0.282
4088,35.24207,5.965,4.611,0.11,1.019,0.225
4089,35.250597,5.784,4.609,0.091,0.845,0.239
4090,35.258837,5.866,4.57,0.05,0.987,0.259
4091,35.268993,5.7,4.569,0.082,0.83,0.219
4092,35.277565,6.017,4.596,0.083,1.08,0.258
4093,35.286575,5.804,4.616,0.071,0.869,0.248
4094,35.294153,6.617,4.583,0.08,1.662,0.292
4095,35.302597,6.466,4.558,0.066,1.572,0.27
4096,35.31062,6.757,4.614,0.073,1.848,0.222
4097,35.319202,6.515,4.572,0.067,1.629,0.247
4098,35.329541,5.78,4.622,0.067,0.877,0.214
4099,35.33978,5.625,4.578,0.049,0.724,0.274
4100,35.348072,5.878,4.625,0.105,0.901,0.247
4101,35.356486,5.809,4.583,0.093,0.901,0.232
4102,35.364971,5.69,4.576,0.122,0.778,0.214
4103,35.373092,5.931,4.598,0.138,0.907,0.288
4104,35.381544,5.854,4.607,0.068,0.94,0.239
4105,35.390262,5.91,4.58,0.091,0.933,0.306
4106,35.398418,6.101,4.605,0.081,1.18,0.235
4107,35.406754,6.082,4.59,0.058,1.189,0.245
4108,35.414817,6.345,4.564,0.061,1.492,0.228
4109,35.423178,6.338,4.62,0.077,1.41,0.231
4110,35.431709,6.101,4.591,0.044,1.242,0.224
4111,35.4399,6.28,4.563,0.06,1.398,0.259
4112,35.44851,5.983,4.596,0.082,1.1,0.205
4113,35.458473,5.663,4.611,0.084,0.768,0.2
4114,35.467065,5.801,4.627,0.116,0.849,0.209
4115,35.475601,5.73,4.604,0.089,0.816,0.221
4116,35.483612,6.047,4.558,0.075,1.184,0.23
4117,35.492176,5.825,4.605,0.082,0.909,0.229
4118,35.500333,6.0,4.599,0.079,1.098,0.224
4119,35.508982,5.69,4.562,0.071,0.829,0.228
4120,35.519624,5.607,4.597,0.087,0.73,0.193
4121,35.527277,6.304,4.497,0.135,1.401,0.271
4122,35.536216,5.727,4.493,0.09,0.888,0.256
4123,35.544329,5.927,4.492,0.086,1.108,0.241
4124,35.552348,6.243,4.39,0.1,1.357,0.396
4125,35.560787,6.124,4.504,0.062,1.305,0.253
4126,35.56948,5.982,4.537,0.109,1.091,0.245
4127,35.579254,5.683,4.624,0.077,0.74,0.242
4128,35.587816,5.51,4.495,0.065,0.709,0.241
4129,35.596378,5.468,4.472,0.092,0.676,0.228
4130,35.604461,5.696,4.51,0.086,0.893,0.207
4131,35.612869,5.641,4.466,0.062,0.727,0.386
4132,35.621469,5.503,4.514,0.098,0.662,0.229
4133,35.630066,5.484,4.502,0.087,0.667,0.228
4134,35.6401,5.617,4.62,0.102,0.681,0.214
4135,35.648232,5.812,4.504,0.077,1.01,0.221
4136,35.656731,5.642,4.492,0.082,0.842,0.226
4137,35.664822,5.887,4.501,0.06,1.085,0.241
4138,35.673178,5.865,4.508,0.096,1.061,0.2
4139,35.681863,5.787,4.598,0.057,0.876,0.256
4140,35.690004,5.967,4.583,0.083,1.076,0.225
4141,35.698502,5.805,4.586,0.073,0.917,0.229
4142,35.709006,5.561,4.615,0.084,0.654,0.208
4143,35.717028,5.949,4.61,0.094,0.784,0.461
4144,35.725569,5.718,4.618,0.083,0.758,0.259
4145,35.733723,5.911,4.622,0.082,0.756,0.451
4146,35.741948,6.067,4.588,0.07,0.77,0.639
4147,35.750491,5.854,4.578,0.073,0.759,0.444
4148,35.758669,6.065,4.601,0.078,0.802,0.584
4149,35.768886,6.285,4.572,0.076,0.768,0.869
4150,35.777539,5.952,4.64,0.06,0.748,0.504
4151,35.786448,5.831,4.612,0.083,0.914,0.222
4152,35.794012,6.623,4.599,0.108,1.131,0.785
4153,35.802615,6.388,4.595,0.079,1.11,0.604
4154,35.811108,6.174,4.651,0.093,1.092,0.338
4155,35.819233,6.389,4.599,0.137,1.057,0.596
4156,35.829552,6.159,4.588,0.115,0.743,0.713
4157,35.837748,6.417,4.581,0.101,0.749,0.986
4158,35.846402,6.206,4.601,0.078,0.832,0.695
4159,35.854525,6.423,4.612,0.105,0.813,0.893
4160,35.862876,6.336,4.555,0.083,0.81,0.888
4161,35.87138,6.187,4.592,0.067,0.788,0.74
4162,35.879976,5.947,4.514,0.083,0.858,0.492
4163,35.889866,5.593,4.545,0.066,0.706,0.276
4164,35.898508,5.752,4.646,0.079,0.799,0.228
4165,35.906398,6.598,4.59,0.095,0.744,1.169
4166,35.91521,6.415,4.563,0.291,0.785,0.776
4167,35.922998,6.936,4.524,0.101,0.924,1.387
4168,35.931714,6.58,4.58,0.118,0.899,0.983
4169,35.939818,6.841,4.564,0.086,0.883,1.308
4170,35.948469,6.456,4.606,0.089,0.866,0.895
4171,35.957547,5.763,4.604,0.091,0.759,0.309
4172,35.966998,5.675,4.532,0.139,0.721,0.283
4173,35.97553,5.737,4.553,0.096,0.828,0.26
4174,35.98386,5.768,4.448,0.096,0.902,0.322
4175,35.992154,5.782,4.461,0.097,0.928,0.296
4176,36.000465,6.711,4.544,0.156,0.885,1.126
4177,36.008989,6.523,4.438,0.159,0.864,1.062
4178,36.017437,6.401,4.493,0.157,0.836,0.915
4179,36.027405,5.943,4.577,0.179,0.889,0.298
4180,36.03577,5.859,4.515,0.209,0.856,0.279
4181,36.044489,6.509,4.474,0.13,0.874,1.031
4182,36.052769,6.556,4.522,0.157,0.855,1.022
4183,36.060741,6.884,4.474,0.167,0.837,1.406
4184,36.069223,6.726,4.483,0.121,0.818,1.304
4185,36.077618,6.649,4.454,0.17,0.794,1.231
4186,36.088152,6.586,4.66,0.16,0.784,0.982
4187,36.096185,6.975,4.513,0.18,0.778,1.504
4188,36.104568,6.846,4.509,0.133,0.757,1.447
4189,36.113045,6.676,4.485,0.101,0.738,1.352
4190,36.121295,6.982,4.524,0.191,0.926,1.341
4191,36.129372,7.247,4.608,0.109,0.909,1.621
4192,36.137936,6.994,4.586,0.16,0.888,1.36
4193,36.148213,5.797,4.621,0.092,0.859,0.225
4194,36.158913,5.737,4.584,0.096,0.783,0.274
4195,36.166831,6.105,4.59,0.087,1.214,0.214
4196,36.175483,5.815,4.582,0.094,0.917,0.222
4197,36.183563,6.055,4.639,0.113,1.097,0.206
4198,36.191854,6.378,4.563,0.1,1.498,0.217
4199,36.200442,6.141,4.634,0.097,1.202,0.208
4200,36.208859,6.779,4.56,0.23,0.608,1.381
4201,36.216965,7.415,4.511,0.109,0.998,1.797
4202,36.225193,7.548,4.615,0.137,0.981,1.815
4203,36.233533,7.518,4.615,0.118,0.962,1.823
4204,36.242323,7.173,4.595,0.109,1.048,1.421
4205,36.250167,7.681,4.619,0.086,1.031,1.945
4206,36.258933,7.245,4.586,0.101,1.009,1.549
4207,36.26891,5.726,4.583,0.139,0.776,0.228
4208,36.277193,5.768,4.514,0.133,0.892,0.229
4209,36.285988,5.607,4.505,0.238,0.636,0.228
4210,36.294129,7.295,4.485,0.089,0.773,1.948
4211,36.302631,7.188,4.491,0.118,0.75,1.829
4212,36.310622,7.488,4.496,0.095,0.733,2.164
4213,36.319277,7.163,4.475,0.106,0.723,1.859
4214,36.33005,5.698,4.573,0.119,0.775,0.231
4215,36.337728,7.635,4.468,0.092,0.839,2.236
4216,36.346278,7.425,4.511,0.089,0.819,2.006
4217,36.354306,7.728,4.518,0.082,0.8,2.328
4218,36.362835,7.51,4.486,0.076,0.78,2.168
4219,36.371457,7.298,4.498,0.135,0.838,1.827
4220,36.379716,7.369,4.476,0.087,0.815,1.991
4221,36.387944,7.483,4.476,0.109,0.792,2.106
4222,36.398,5.756,4.563,0.071,0.776,0.346
4223,36.407236,6.83,4.474,0.098,0.647,1.611
4224,36.414773,7.841,4.503,0.101,0.845,2.392
4225,36.423257,7.72,4.619,0.135,0.853,2.113
4226,36.431805,7.509,4.573,0.092,0.817,2.027
4227,36.439745,7.903,4.554,0.106,0.813,2.43
4228,36.448378,7.609,4.624,0.181,0.786,2.018
4229,36.458789,5.525,4.568,0.072,0.667,0.218
4230,36.466639,6.362,4.596,0.144,1.117,0.505
4231,36.47536,6.018,4.558,0.142,1.066,0.252
4232,36.483889,5.829,4.587,0.078,0.915,0.249
4233,36.491879,6.16,4.573,0.094,1.064,0.429
4234,36.500744,5.628,4.55,0.079,0.755,0.244
4235,36.509161,5.878,4.614,0.082,0.816,0.366
4236,36.519336,7.707,4.583,0.143,0.725,2.256
4237,36.527385,8.053,4.696,0.148,0.806,2.403
4238,36.535944,7.879,4.59,0.092,0.794,2.403
4239,36.544004,8.136,4.655,0.125,0.762,2.594
4240,36.552575,7.823,4.578,0.135,0.748,2.362
4241,36.560467,8.237,4.583,0.08,0.728,2.846
4242,36.569431,7.927,4.585,0.165,0.875,2.302
4243,36.579358,6.31,4.593,0.145,0.852,0.72
4244,36.587857,6.019,4.481,0.098,0.836,0.604
4245,36.595986,6.236,4.493,0.092,0.818,0.833
4246,36.604608,5.917,4.506,0.077,0.797,0.537
4247,36.61299,5.876,4.495,0.076,0.779,0.526
4248,36.621186,6.135,4.487,0.104,0.755,0.789
4249,36.629527,6.04,4.512,0.113,0.753,0.662
4250,36.637843,8.141,4.485,0.109,0.743,2.804
4251,36.648184,6.124,4.591,0.091,0.717,0.725
4252,36.657251,5.494,4.516,0.067,0.686,0.225
4253,36.664745,6.344,4.479,0.099,0.791,0.975
4254,36.673195,6.222,4.513,0.071,0.774,0.864
4255,36.681933,6.013,4.441,0.121,0.802,0.649
4256,36.690166,6.112,4.495,0.077,0.781,0.759
4257,36.698351,6.129,4.497,0.12,0.761,0.751
4258,36.708984,7.935,4.595,0.076,0.641,2.623
4259,36.716842,8.652,4.488,0.146,0.897,3.121
4260,36.725231,8.635,4.595,0.13,0.876,3.034
4261,36.733601,8.656,4.599,0.107,0.86,3.09
4262,36.742169,8.358,4.61,0.093,0.841,2.814
4263,36.750781,8.053,4.565,0.075,0.821,2.592
4264,36.758825,8.375,4.583,0.069,0.801,2.922
4265,36.767483,8.053,4.561,0.087,0.78,2.625
4266,36.777236,8.793,4.616,0.166,0.823,3.188
4267,36.785923,8.405,4.587,0.134,0.809,2.875
4268,36.794164,8.528,4.644,0.089,0.824,2.971
4269,36.802419,8.627,4.508,0.152,0.804,3.163
4270,36.810773,8.574,4.628,0.134,0.785,3.027
4271,36.821485,8.246,4.622,0.117,0.737,2.77
4272,36.82941,8.738,4.618,0.123,0.8,3.197
4273,36.837755,8.8,4.7,0.082,0.825,3.193
4274,36.846467,8.411,4.615,0.117,0.804,2.875
4275,36.854782,8.68,4.553,0.117,0.84,3.17
4276,36.863124,8.639,4.565,0.227,0.929,2.918
4277,36.871125,8.906,4.529,0.126,0.909,3.342
4278,36.879856,8.568,4.473,0.141,0.891,3.063
4279,36.889648,8.969,4.616,0.091,0.686,3.576
4280,36.898186,8.917,4.449,0.089,0.776,3.603
4281,36.907181,8.357,4.477,0.099,0.769,3.012
4282,36.915225,8.632,4.486,0.121,0.787,3.238
4283,36.92347,8.658,4.535,0.088,0.789,3.246
4284,36.931559,9.011,4.55,0.119,0.823,3.519
4285,36.939962,8.897,4.512,0.1,0.798,3.487
4286,36.948587,8.681,4.5,0.138,0.776,3.267
4287,36.958482,7.048,4.592,0.079,0.761,1.616
4288,36.966877,7.022,4.465,0.133,0.787,1.637
4289,36.975588,8.815,4.503,0.138,0.844,3.33
4290,36.983937,8.939,4.49,0.086,0.823,3.54
4291,36.992117,9.037,4.549,0.118,0.902,3.468
4292,37.000623,8.859,4.514,0.133,0.878,3.334
4293,37.008807,9.123,4.526,0.15,0.982,3.465
4294,37.01734,8.933,4.517,0.119,0.964,3.333
4295,37.027177,7.425,4.592,0.113,0.938,1.782
4296,37.035686,7.231,4.564,0.087,0.922,1.658
4297,37.044044,13.702,4.622,0.071,5.284,3.725
4298,37.052427,13.979,4.578,0.098,5.439,3.864
4299,37.060556,14.033,4.64,0.132,5.423,3.838
4300,37.069423,13.495,4.533,0.109,5.399,3.454
4301,37.079358,11.899,4.606,0.109,5.376,1.808
4302,37.087862,13.74,4.587,0.094,5.285,3.774
4303,37.096116,14.028,4.635,0.136,5.46,3.797
4304,37.104684,13.794,4.678,4.696,1.002,3.418
4305,37.112582,14.294,0.0,0.048,5.538,8.708
4306,37.121338,13.893,4.736,0.107,5.564,3.486
4307,37.129939,13.701,4.487,0.092,5.581,3.541
4308,37.13971,12.167,4.621,0.123,5.61,1.813
4309,37.148226,11.987,4.622,0.09,5.637,1.638
4310,37.15731,11.406,4.603,0.08,5.655,1.068
4311,37.164915,12.103,4.586,0.121,5.671,1.725
4312,37.173519,11.871,4.615,0.125,5.695,1.436
4313,37.181795,11.903,4.596,0.129,5.713,1.465
4314,37.190331,11.722,4.624,0.091,5.735,1.272
4315,37.198446,11.911,4.628,0.084,5.756,1.443
4316,37.208867,9.741,4.577,0.084,1.616,3.464
4317,37.216972,10.034,4.525,0.091,1.633,3.785
4318,37.225298,9.986,4.605,0.115,1.636,3.63
4319,37.234218,9.421,4.65,0.122,1.683,2.966
4320,37.241881,10.038,4.578,0.137,1.695,3.628
4321,37.250589,9.652,4.604,0.108,1.72,3.22
4322,37.261185,7.554,4.612,0.135,1.736,1.071
4323,37.267448,9.546,4.6,0.118,1.761,3.067
4324,37.277214,9.087,4.591,0.089,0.707,3.7
4325,37.285929,8.844,4.573,0.161,0.863,3.247
4326,37.294233,8.859,4.527,0.098,0.88,3.354
4327,37.302433,9.124,4.552,0.105,0.907,3.56
4328,37.31132,8.425,4.609,0.117,0.925,2.774
4329,37.319542,8.66,4.586,0.145,0.927,3.002
4330,37.32948,6.949,4.556,0.096,0.965,1.332
4331,37.337804,6.912,4.561,0.107,0.985,1.259
4332,37.346152,6.907,4.594,0.089,1.004,1.22
4333,37.354531,6.846,4.611,0.089,1.027,1.119
4334,37.36292,6.793,4.54,0.108,1.047,1.098
4335,37.371097,8.631,4.648,0.104,0.707,3.172
4336,37.37987,8.216,4.546,0.088,0.723,2.859
4337,37.389761,6.659,4.566,0.065,0.744,1.284
4338,37.398148,6.619,4.575,0.092,0.766,1.186
4339,37.406817,6.293,4.535,0.081,0.79,0.887
4340,37.414907,6.549,4.562,0.086,0.79,1.111
4341,37.423339,6.439,4.61,0.083,0.828,0.918
4342,37.431875,6.223,4.543,0.102,0.844,0.734
4343,37.439872,8.516,4.53,0.092,0.765,3.129
4344,37.448179,8.534,4.635,0.078,0.787,3.034
4345,37.458721,8.405,4.6,0.105,0.785,2.915
4346,37.467638,7.79,4.586,0.091,0.809,2.304
4347,37.475279,8.486,4.526,0.08,0.827,3.053
4348,37.483838,8.271,4.476,0.103,0.845,2.847
4349,37.491782,8.682,4.502,0.083,0.867,3.23
4350,37.500704,8.224,4.491,0.082,0.884,2.767
4351,37.508745,8.406,4.49,0.187,0.909,2.82
4352,37.517429,8.076,4.551,0.093,0.933,2.499
4353,37.527373,6.423,4.604,0.08,0.946,0.793
4354,37.535674,6.445,4.466,0.104,0.966,0.909
4355,37.544006,6.444,4.472,0.077,0.993,0.902
4356,37.552443,8.056,4.514,0.067,0.66,2.815
4357,37.561146,7.776,4.495,0.079,0.763,2.439
4358,37.569323,8.245,4.537,0.142,1.085,2.481
4359,37.579782,6.129,4.551,0.091,1.105,0.382
4360,37.587655,8.265,4.504,0.131,0.745,2.885
4361,37.596237,8.026,4.488,0.079,0.764,2.695
4362,37.604248,8.338,4.501,0.075,0.789,2.973
4363,37.613086,8.004,4.502,0.098,0.807,2.597
4364,37.620873,8.431,4.475,0.088,0.833,3.035
4365,37.629654,8.082,4.644,0.071,0.851,2.516
4366,37.638554,7.577,4.632,0.131,0.871,1.943
4367,37.648154,6.124,4.609,0.085,0.894,0.536
4368,37.656735,5.917,4.587,0.185,0.914,0.231
4369,37.664923,6.112,4.533,0.066,0.935,0.578
4370,37.673394,7.171,4.647,0.082,2.187,0.255
4371,37.681386,7.508,4.629,0.075,2.207,0.597
4372,37.689833,7.344,4.588,0.083,2.23,0.443
4373,37.700552,7.517,4.581,0.076,0.628,2.232
4374,37.708814,7.59,4.572,0.079,0.675,2.264
4375,37.717199,7.534,4.616,0.082,0.696,2.14
4376,37.725248,7.817,4.63,0.07,0.714,2.403
4377,37.734009,7.549,4.6,0.071,0.75,2.128
4378,37.742139,7.733,4.616,0.097,0.768,2.252
4379,37.750623,7.478,4.563,0.088,0.793,2.034
4380,37.758629,7.927,4.616,0.097,0.815,2.399
4381,37.769286,5.664,4.629,0.083,0.718,0.234
4382,37.777478,5.916,4.515,0.075,0.977,0.349
4383,37.785915,5.676,4.47,0.086,0.888,0.232
4384,37.794325,5.714,4.5,0.086,0.782,0.346
4385,37.802296,5.982,4.508,0.092,1.064,0.318
4386,37.811103,5.484,4.524,0.056,0.636,0.268
4387,37.81925,5.738,4.495,0.079,0.843,0.321
4388,37.829752,7.209,4.586,0.085,0.681,1.857
4389,37.837595,7.888,4.507,0.104,0.725,2.552
4390,37.846124,7.525,4.528,0.09,0.745,2.162
4391,37.854665,7.306,4.515,0.089,0.759,1.943
4392,37.862918,7.509,4.442,0.078,0.784,2.205
4393,37.871553,7.135,4.514,0.078,0.801,1.742
4394,37.879928,7.164,4.459,0.077,0.825,1.803
4395,37.889952,7.389,4.649,0.098,0.682,1.96
4396,37.898387,7.201,4.518,0.08,0.701,1.902
4397,37.906825,7.068,4.446,0.093,0.722,1.807
4398,37.914965,7.327,4.446,0.083,0.742,2.056
4399,37.923433,7.212,4.535,0.076,0.763,1.838
4400,37.931601,7.321,4.596,0.073,0.786,1.866
4401,37.940029,7.373,4.611,0.225,0.753,1.784
4402,37.948543,7.197,4.631,0.084,0.829,1.653
4403,37.959003,6.799,4.572,0.064,0.641,1.522
4404,37.967084,7.327,4.556,0.103,0.8,1.868
4405,37.975889,6.715,4.561,0.1,0.821,1.233
4406,37.983663,7.259,4.603,0.082,0.842,1.732
4407,37.992408,7.31,4.611,0.329,1.055,1.315
4408,38.000236,7.736,4.597,0.199,1.191,1.749
4409,38.008905,7.359,4.575,0.106,1.213,1.465
4410,38.019422,6.693,4.594,0.081,0.665,1.353
4411,38.027374,7.066,4.601,0.087,0.696,1.682
4412,38.035818,6.933,4.564,0.066,0.718,1.585
4413,38.044379,6.862,4.616,0.099,0.875,1.272
4414,38.052496,7.064,4.61,0.109,0.893,1.452
4415,38.060728,7.235,4.572,0.107,0.913,1.643
4416,38.069241,7.103,4.601,0.106,0.932,1.464
4417,38.07972,5.557,4.571,0.073,0.671,0.242
4418,38.090143,5.922,4.625,0.131,0.828,0.338
4419,38.098165,6.113,4.493,0.103,1.293,0.224
4420,38.106729,5.861,4.51,0.068,1.077,0.206
4421,38.114859,6.073,4.494,0.116,1.252,0.211
4422,38.123349,6.134,4.487,0.109,1.113,0.425
4423,38.131797,5.955,4.459,0.073,1.024,0.399
4424,38.139813,6.238,4.46,0.118,1.309,0.351
4425,38.148323,6.1,4.507,0.072,1.148,0.373
4426,38.156631,6.835,4.485,0.108,0.708,1.534
4427,38.164936,6.802,4.474,0.107,0.717,1.504
4428,38.173364,6.74,4.544,0.148,0.739,1.309
4429,38.182211,6.206,4.533,0.131,0.767,0.775
4430,38.190107,6.694,4.388,0.152,0.833,1.321
4431,38.198937,6.188,4.46,0.095,0.851,0.782
4432,38.208884,5.579,4.584,0.097,0.682,0.216
4433,38.216926,5.904,4.468,0.079,1.094,0.263
4434,38.225342,5.787,4.486,0.098,0.971,0.232
4435,38.233975,5.681,4.59,0.086,0.75,0.255
4436,38.241757,6.194,4.589,0.102,1.31,0.193
4437,38.250734,5.815,4.545,0.092,0.815,0.363
4438,38.258729,6.053,4.629,0.138,1.042,0.244
4439,38.267417,5.878,4.576,0.088,0.78,0.434
4440,38.277351,6.452,4.632,0.168,0.647,1.005
4441,38.285788,6.342,4.561,0.114,0.681,0.986
4442,38.294194,6.279,4.616,0.095,0.706,0.862
4443,38.302448,6.392,4.601,0.121,0.728,0.942
4444,38.310693,6.455,4.553,0.116,0.749,1.037
4445,38.319253,6.21,4.622,0.133,0.768,0.687
4446,38.327506,6.274,4.624,0.113,0.788,0.749
4447,38.338436,5.709,4.611,0.088,0.734,0.276
4448,38.34842,5.746,4.624,0.099,0.843,0.18
4449,38.356489,6.103,4.615,0.094,1.112,0.282
4450,38.365004,5.967,4.614,0.088,0.92,0.345
4451,38.37328,5.947,4.598,0.078,0.985,0.286
4452,38.381534,6.139,4.611,0.084,1.062,0.382
4453,38.389889,5.995,4.574,0.067,1.071,0.283
4454,38.397987,6.186,4.591,0.111,1.278,0.206
4455,38.406845,5.89,4.609,0.085,0.656,0.54
4456,38.414991,6.118,4.591,0.075,0.684,0.768
4457,38.423393,5.948,4.621,0.075,0.701,0.551
4458,38.431707,5.93,4.573,0.068,0.721,0.568
4459,38.439982,6.117,4.599,0.082,0.742,0.694
4460,38.450515,5.691,4.644,0.096,0.737,0.214
4461,38.458447,6.157,4.613,0.094,1.182,0.268
4462,38.467058,5.802,4.597,0.076,0.9,0.229
4463,38.474989,6.24,4.63,0.109,0.67,0.831
4464,38.483782,5.91,4.567,0.076,0.689,0.578
4465,38.492212,5.738,4.58,0.069,0.732,0.357
4466,38.500302,5.961,4.621,0.095,0.751,0.494
4467,38.509114,5.763,4.598,0.082,0.851,0.232
4468,38.519479,5.721,4.611,0.074,0.656,0.38
4469,38.527629,5.8,4.5,0.073,0.949,0.278
4470,38.535617,6.096,4.5,0.076,1.303,0.217
4471,38.544284,5.825,4.526,0.081,0.96,0.258
4472,38.552188,6.32,4.504,0.086,1.377,0.353
4473,38.560883,5.856,4.458,0.089,1.068,0.241
4474,38.569228,5.808,4.502,0.091,0.998,0.217
4475,38.579429,5.768,4.577,0.085,0.656,0.45
4476,38.588077,5.552,4.491,0.075,0.635,0.351
4477,38.596321,5.567,4.482,0.101,0.733,0.251
4478,38.604657,5.521,4.489,0.072,0.724,0.236
4479,38.612876,5.673,4.482,0.08,0.778,0.333
4480,38.621296,5.555,4.5,0.083,0.747,0.225
4481,38.629733,5.443,4.503,0.086,0.644,0.21
4482,38.639537,5.822,4.621,0.082,0.632,0.487
4483,38.648229,5.574,4.508,0.094,0.698,0.274
4484,38.656714,5.489,4.506,0.087,0.667,0.229
4485,38.665278,5.438,4.478,0.084,0.625,0.251
4486,38.673267,5.734,4.541,0.094,0.904,0.195
4487,38.681636,5.7,4.578,0.079,0.805,0.238
4488,38.689755,5.898,4.603,0.075,1.009,0.211
4489,38.700562,5.759,4.606,0.109,0.79,0.254
4490,38.708567,6.053,4.634,0.072,1.079,0.268
4491,38.717212,5.757,4.616,0.074,0.833,0.234
4492,38.725078,6.218,4.602,0.074,1.296,0.246
4493,38.733649,5.975,4.6,0.082,1.074,0.219
4494,38.742514,5.515,4.607,0.079,0.6,0.229
4495,38.750404,5.988,4.608,0.097,1.076,0.207
4496,38.759003,5.687,4.633,0.079,0.757,0.218
4497,38.769305,5.599,4.643,0.08,0.667,0.209
4498,38.779626,5.789,4.604,0.078,0.806,0.301
4499,38.78755,6.141,4.613,0.093,1.215,0.22
4500,38.795992,6.018,4.588,0.112,1.102,0.216
4501,38.804595,5.924,4.594,0.081,0.86,0.389
4502,38.81286,5.953,4.572,0.075,0.954,0.352
4503,38.821475,5.602,4.583,0.076,0.675,0.268
4504,38.829414,5.942,4.613,0.088,1.037,0.204
4505,38.837678,6.041,4.595,0.087,1.14,0.219
4506,38.846244,5.8,4.583,0.102,0.893,0.222
4507,38.854469,5.945,4.579,0.084,1.01,0.272
4508,38.862896,5.821,4.55,0.073,0.939,0.259
4509,38.871272,5.784,4.631,0.071,0.841,0.241
4510,38.879524,5.839,4.595,0.087,0.946,0.211
4511,38.887927,5.769,4.617,0.076,0.849,0.227
4512,38.898505,5.725,4.589,0.099,0.832,0.205
4513,38.906466,6.136,4.61,0.083,1.221,0.222
4514,38.915058,5.841,4.608,0.073,0.934,0.226
4515,38.9232,6.101,4.583,0.07,1.147,0.301
4516,38.931602,5.969,4.616,0.074,1.057,0.222
4517,38.940007,5.905,4.611,0.085,1.014,0.195
4518,38.948336,5.921,4.621,0.149,0.942,0.209
4519,38.958518,5.745,4.582,0.108,0.817,0.238
4520,38.967127,5.57,4.613,0.087,0.661,0.209
4521,38.975027,6.016,4.588,0.074,1.126,0.228
4522,38.983731,5.675,4.583,0.076,0.794,0.222
4523,38.992416,5.552,4.616,0.075,0.638,0.223
4524,39.000452,5.896,4.611,0.095,0.925,0.265
4525,39.008971,5.795,4.582,0.09,0.752,0.371
4526,39.018877,5.554,4.563,0.09,0.639,0.262
4527,39.027324,5.587,4.629,0.082,0.665,0.211
4528,39.03575,5.671,4.551,0.075,0.812,0.233
4529,39.043815,5.94,4.57,0.07,1.08,0.22
4530,39.052187,5.919,4.607,0.103,0.963,0.246
4531,39.061022,5.57,4.604,0.081,0.653,0.232
4532,39.069553,5.535,4.606,0.089,0.643,0.197
4533,39.077458,5.969,4.596,0.076,1.092,0.205
4534,39.087664,5.703,4.583,0.195,0.714,0.211
4535,39.096163,5.707,4.604,0.092,0.78,0.231
4536,39.104739,5.846,4.512,0.152,0.931,0.251
4537,39.112802,6.184,4.548,0.126,1.194,0.316
4538,39.121226,6.02,4.557,0.088,1.129,0.246
4539,39.129454,6.091,4.485,0.074,1.337,0.195
4540,39.139571,5.593,4.616,0.077,0.679,0.221
4541,39.148854,5.359,4.421,0.068,0.625,0.245
4542,39.156402,6.184,4.501,0.096,1.376,0.211
4543,39.164932,5.97,4.489,0.118,1.151,0.212
4544,39.173063,6.182,4.522,0.161,1.302,0.197
4545,39.181812,5.796,4.48,0.105,0.96,0.251
4546,39.190133,5.924,4.558,0.154,0.906,0.306
4547,39.198585,6.334,4.466,0.303,1.237,0.328
4548,39.208391,5.956,4.6,0.188,0.886,0.282
4549,39.217046,5.629,4.538,0.11,0.761,0.22
4550,39.226079,5.582,4.457,0.126,0.783,0.216
4551,39.233693,6.333,4.506,0.232,1.338,0.257
4552,39.242072,6.283,4.514,0.137,1.373,0.259
4553,39.250266,6.499,4.451,0.154,1.575,0.319
4554,39.258953,6.146,4.442,0.162,1.191,0.351
4555,39.267465,5.899,4.451,0.134,1.038,0.276
4556,39.277464,5.956,4.572,0.162,0.87,0.352
4557,39.285867,5.865,4.524,0.118,0.839,0.384
4558,39.294357,6.055,4.555,0.166,0.976,0.358
4559,39.302619,6.271,4.507,0.135,1.101,0.528
4560,39.311117,6.18,4.71,0.145,0.829,0.496
4561,39.320161,6.181,4.571,0.159,0.882,0.569
4562,39.330033,6.095,4.627,0.102,0.883,0.483
4563,39.337925,6.485,4.483,0.115,1.411,0.476
4564,39.3465,6.378,4.573,0.16,1.062,0.583
4565,39.355124,6.132,4.58,0.121,0.855,0.576
4566,39.362738,6.623,4.619,0.099,1.535,0.37
4567,39.371306,6.307,4.624,0.08,1.361,0.242
4568,39.379454,6.487,4.586,0.078,1.581,0.242
4569,39.387978,6.274,4.611,0.076,1.332,0.255
4570,39.39839,5.868,4.616,0.097,0.859,0.296
4571,39.408484,5.805,4.59,0.106,0.858,0.251
4572,39.416753,5.821,4.56,0.078,0.941,0.242
4573,39.425014,5.881,4.594,0.072,0.979,0.236
4574,39.433513,5.729,4.608,0.067,0.832,0.222
4575,39.441748,5.812,4.555,0.048,0.941,0.268
4576,39.450595,5.846,4.682,0.078,0.847,0.239
4577,39.458323,6.429,4.617,0.076,1.501,0.235
4578,39.466942,6.134,4.627,0.079,1.215,0.213
4579,39.475906,5.513,4.557,0.078,0.637,0.241
4580,39.483392,6.4,4.628,0.068,1.454,0.25
4581,39.49201,6.073,4.616,0.078,1.147,0.232
4582,39.500089,6.35,4.613,0.071,1.436,0.23
4583,39.50863,6.114,4.589,0.124,1.181,0.22
4584,39.518883,5.477,4.578,0.076,0.616,0.207
4585,39.527673,5.728,4.578,0.068,0.806,0.276
4586,39.535569,6.162,4.549,0.08,1.256,0.277
4587,39.544267,5.836,4.58,0.072,0.863,0.321
4588,39.552171,6.208,4.558,0.081,1.331,0.238
4589,39.56042,6.27,4.58,0.073,1.385,0.232
4590,39.569602,5.521,4.565,0.072,0.65,0.234
4591,39.579727,5.463,4.558,0.067,0.598,0.24
4592,39.58783,5.82,4.549,0.074,0.826,0.371
4593,39.596189,5.794,4.681,0.075,0.812,0.226
4594,39.60458,5.732,4.585,0.078,0.805,0.264
4595,39.612684,6.092,4.574,0.076,1.084,0.358
4596,39.621187,5.79,4.582,0.069,0.872,0.267
4597,39.629129,6.175,4.611,0.065,1.254,0.245
4598,39.637989,5.635,4.617,0.074,0.719,0.225
4599,39.64828,5.627,4.622,0.078,0.688,0.239
4600,39.658556,5.778,4.623,0.084,0.81,0.261
4601,39.666766,5.858,4.575,0.066,0.991,0.226
4602,39.675105,5.856,4.615,0.07,0.942,0.229
4603,39.683454,5.847,4.62,0.061,0.938,0.228
4604,39.691667,6.007,4.568,0.078,1.114,0.247
4605,39.700014,5.951,4.619,0.074,1.057,0.201
4606,39.709281,5.743,4.624,0.084,0.806,0.229
4607,39.716833,6.478,4.555,0.068,1.62,0.235
4608,39.72589,5.814,4.588,0.087,0.874,0.265
4609,39.73337,6.648,4.601,0.088,1.735,0.224
4610,39.742039,6.38,4.547,0.048,1.361,0.424
4611,39.750381,6.333,4.606,0.085,1.381,0.261
4612,39.758852,6.153,4.573,0.095,1.253,0.232
4613,39.768816,5.647,4.593,0.103,0.731,0.22
4614,39.777673,5.638,4.566,0.078,0.765,0.229
4615,39.78543,6.198,4.556,0.13,1.291,0.221
4616,39.79417,5.784,4.587,0.083,0.915,0.199
4617,39.802802,5.635,4.567,0.088,0.706,0.274
4618,39.810855,5.861,4.561,0.107,0.971,0.222
4619,39.819523,5.931,4.602,0.11,0.842,0.377
4620,39.827542,6.156,4.556,0.085,1.23,0.285
4621,39.838019,5.792,4.609,0.091,0.877,0.215
4622,39.845929,6.215,4.583,0.085,1.318,0.229
4623,39.854564,6.023,4.572,0.096,1.18,0.175
4624,39.862528,6.571,4.559,0.088,1.527,0.397
4625,39.871256,6.064,4.565,0.094,1.157,0.248
4626,39.879173,6.459,4.569,0.073,1.592,0.225
4627,39.887853,6.094,4.508,0.087,1.278,0.221
4628,39.898404,5.774,4.63,0.121,0.76,0.263
4629,39.90864,5.722,4.635,0.115,0.759,0.213
4630,39.916868,5.89,4.474,0.093,1.062,0.261
4631,39.924921,6.129,4.475,0.129,1.319,0.206
4632,39.93351,5.863,4.521,0.076,1.043,0.223
4633,39.941606,6.076,4.507,0.096,1.232,0.241
4634,39.950157,5.894,4.523,0.07,1.051,0.25
4635,39.958395,5.974,4.535,0.1,1.144,0.195
4636,39.966874,5.87,4.491,0.074,1.041,0.264
4637,39.975876,5.439,4.483,0.082,0.671,0.203
4638,39.98351,6.222,4.519,0.077,1.338,0.288
4639,39.99197,6.021,4.502,0.097,1.214,0.208
4640,40.000412,5.921,4.499,0.09,1.124,0.208
4641,40.008449,6.205,4.496,0.1,1.403,0.206
4642,40.018823,5.538,4.583,0.083,0.669,0.203
4643,40.027719,5.459,4.515,0.083,0.677,0.184
4644,40.035304,6.222,4.629,0.089,1.304,0.2
4645,40.044091,5.793,4.592,0.068,0.853,0.28
4646,40.052934,5.531,4.58,0.076,0.627,0.248
4647,40.060656,6.127,4.567,0.088,1.237,0.235
4648,40.069767,5.553,4.596,0.082,0.668,0.207
4649,40.079799,5.67,4.576,0.081,0.783,0.23
4650,40.087859,5.949,4.585,0.072,1.065,0.227
4651,40.09614,5.973,4.623,0.082,1.067,0.201
4652,40.104338,6.162,4.619,0.08,1.22,0.243
4653,40.11275,6.034,4.608,0.093,1.136,0.197
4654,40.121408,5.736,4.604,0.086,0.831,0.215
4655,40.129099,6.346,4.64,0.076,1.441,0.189
4656,40.137906,5.875,4.62,0.097,0.974,0.184
4657,40.148339,5.602,4.622,0.081,0.69,0.209
4658,40.15843,5.691,4.589,0.095,0.836,0.171
4659,40.166768,5.706,4.562,0.075,0.859,0.21
4660,40.175054,5.763,4.629,0.081,0.83,0.223
4661,40.183397,5.723,4.643,0.085,0.818,0.177
4662,40.191601,5.845,4.347,0.078,1.095,0.325
4663,40.200133,5.653,4.497,0.074,0.852,0.23
4664,40.208396,5.75,4.515,0.077,0.934,0.224
4665,40.216963,5.513,4.475,0.08,0.731,0.227
4666,40.226056,5.436,4.478,0.075,0.645,0.238
4667,40.233429,6.366,4.474,0.067,1.598,0.227
4668,40.241919,6.264,4.435,0.082,1.485,0.262
4669,40.250055,6.424,4.496,0.068,1.632,0.228
4670,40.258787,6.025,4.491,0.103,1.227,0.204
4671,40.269089,5.56,4.608,0.089,0.66,0.203
4672,40.277369,5.629,4.52,0.069,0.822,0.218
4673,40.285889,5.436,4.475,0.083,0.664,0.214
4674,40.294146,5.525,4.497,0.076,0.719,0.233
4675,40.302464,5.524,4.488,0.074,0.739,0.223
4676,40.310675,5.656,4.48,0.09,0.873,0.213
4677,40.319089,5.566,4.49,0.08,0.779,0.217
4678,40.329207,5.584,4.606,0.07,0.672,0.236
4679,40.337957,5.647,4.596,0.071,0.721,0.259
4680,40.346131,5.786,4.578,0.077,0.897,0.234
4681,40.354444,5.785,4.583,0.082,0.905,0.215
4682,40.362866,5.722,4.556,0.095,0.853,0.218
4683,40.371269,5.876,4.615,0.163,0.882,0.216
4684,40.37964,5.841,4.57,0.089,0.952,0.23
4685,40.387903,5.919,4.566,0.075,1.027,0.251
4686,40.398301,5.548,4.589,0.08,0.653,0.226
4687,40.408275,5.622,4.577,0.075,0.743,0.227
4688,40.416775,5.587,4.558,0.094,0.712,0.223
4689,40.425091,5.61,4.597,0.075,0.694,0.244
4690,40.433439,5.691,4.583,0.087,0.797,0.224
4691,40.441799,5.677,4.548,0.114,0.787,0.228
4692,40.450177,5.733,4.55,0.105,0.846,0.232
4693,40.458913,5.708,4.589,0.096,0.823,0.2
4694,40.466802,6.144,4.575,0.141,0.93,0.498
4695,40.475114,6.181,4.593,0.129,0.9,0.559
4696,40.483491,6.101,4.527,0.055,0.884,0.635
4697,40.492053,5.895,4.53,0.09,0.865,0.41
4698,40.500491,5.788,4.506,0.079,0.844,0.359
4699,40.508847,5.755,4.457,0.079,0.823,0.396
4700,40.51868,5.589,4.592,0.096,0.722,0.179
4701,40.527334,5.475,4.523,0.086,0.677,0.189
4702,40.536052,5.62,4.481,0.088,0.692,0.359
4703,40.544157,5.813,4.49,0.16,0.663,0.5
4704,40.552799,5.526,4.457,0.089,0.677,0.303
4705,40.560772,5.891,4.475,0.118,0.666,0.632
4706,40.569232,6.065,4.475,0.319,0.709,0.562
4707,40.577717,5.921,4.499,0.093,0.914,0.415
4708,40.587586,6.202,4.599,0.114,0.661,0.828
4709,40.596034,6.183,4.469,0.133,0.716,0.865
4710,40.604201,6.327,4.533,0.082,0.695,1.017
4711,40.61243,6.752,4.484,0.185,0.99,1.093
4712,40.621331,6.201,4.535,0.129,0.966,0.571
4713,40.630012,5.955,4.462,0.092,0.949,0.452
4714,40.639651,5.784,4.581,0.088,0.861,0.254
4715,40.648317,5.667,4.613,0.079,0.718,0.257
4716,40.65624,6.556,4.561,0.093,0.712,1.19
4717,40.664912,6.282,4.59,0.113,0.765,0.814
4718,40.672839,6.706,4.567,0.087,0.744,1.308
4719,40.681687,6.166,4.589,0.078,0.73,0.769
4720,40.689689,6.508,4.561,0.072,0.707,1.168
4721,40.700391,6.171,4.599,0.079,0.67,0.823
4722,40.708709,6.249,4.59,0.08,0.65,0.929
4723,40.716979,6.38,4.612,0.115,0.749,0.904
4724,40.72508,6.624,4.603,0.083,0.726,1.212
4725,40.733753,6.285,4.582,0.081,0.704,0.918
4726,40.741816,6.547,4.592,0.07,0.69,1.195
4727,40.750353,6.369,4.601,0.063,0.671,1.034
4728,40.760929,5.678,4.614,0.061,0.793,0.21
4729,40.767265,7.703,4.596,0.101,2.212,0.794
4730,40.777075,6.203,4.617,0.075,1.307,0.204
4731,40.785795,5.798,4.477,0.043,1.078,0.2
4732,40.793899,6.741,4.478,0.101,0.75,1.412
4733,40.802525,6.571,4.507,0.101,0.755,1.208
4734,40.81064,6.729,4.504,0.091,0.684,1.45
4735,40.819113,6.571,4.375,0.133,0.735,1.328
4736,40.827588,6.578,4.5,0.13,0.713,1.235
4737,40.837673,5.751,4.581,0.095,0.707,0.368
4738,40.846595,5.49,4.509,0.102,0.671,0.208
4739,40.85438,6.078,4.495,0.097,1.233,0.253
4740,40.863389,5.632,4.507,0.121,0.76,0.244
4741,40.871175,6.147,4.517,0.134,1.289,0.207
4742,40.879435,6.202,4.536,0.106,1.384,0.176
4743,40.88958,7.02,4.605,0.088,0.646,1.681
4744,40.898423,6.705,4.5,0.1,0.676,1.429
4745,40.906388,7.127,4.509,0.1,0.66,1.858
4746,40.914841,6.975,4.463,0.08,0.686,1.746
4747,40.923024,7.046,4.503,0.139,0.697,1.707
4748,40.93146,7.247,4.54,0.14,0.789,1.778
4749,40.94021,6.676,4.575,0.133,0.772,1.196
4750,40.948367,6.847,4.61,0.118,0.752,1.367
4751,40.95842,7.115,4.595,0.089,0.685,1.746
4752,40.966935,7.016,4.587,0.135,0.74,1.554
4753,40.975079,7.206,4.59,0.131,0.719,1.766
4754,40.983528,7.074,4.614,0.084,0.698,1.678
4755,40.992037,6.917,4.615,0.093,0.683,1.526
4756,41.000049,7.265,4.634,0.123,0.695,1.813
4757,41.00871,6.946,4.578,0.108,0.677,1.583
4758,41.017046,6.991,4.595,0.13,0.703,1.563
4759,41.027221,5.735,4.633,0.098,0.824,0.18
4760,41.03586,5.524,4.588,0.08,0.649,0.207
4761,41.043753,7.435,4.601,0.195,0.689,1.95
4762,41.052373,7.138,4.642,0.082,0.679,1.735
4763,41.060823,7.067,4.599,0.173,0.696,1.599
4764,41.069015,7.249,4.591,0.149,0.717,1.792
4765,41.077588,7.19,4.592,0.094,0.879,1.625
4766,41.087623,7.427,4.597,0.096,0.694,2.04
4767,41.09589,7.638,4.479,0.095,0.833,2.231
4768,41.104671,7.213,4.501,0.082,0.809,1.821
4769,41.113184,7.006,4.498,0.103,0.786,1.619
4770,41.121278,7.421,4.518,0.106,0.785,2.012
4771,41.129828,7.101,4.469,0.132,0.808,1.692
4772,41.137615,7.634,4.492,0.084,0.784,2.274
4773,41.14805,5.686,4.623,0.088,0.76,0.215
4774,41.156589,5.49,4.47,0.125,0.711,0.184
4775,41.164743,5.678,4.491,0.065,0.901,0.221
4776,41.173205,5.708,4.496,0.163,0.839,0.21
4777,41.181479,7.595,4.5,0.136,0.761,2.198
4778,41.190386,7.027,4.514,0.083,0.74,1.69
4779,41.198362,7.434,4.487,0.082,0.719,2.146
4780,41.208684,5.517,4.562,0.066,0.65,0.239
4781,41.218938,5.555,4.545,0.091,0.718,0.201
4782,41.227323,5.953,4.492,0.137,1.095,0.229
4783,41.235461,6.183,4.567,0.077,1.301,0.238
4784,41.243892,6.058,4.557,0.08,1.209,0.212
4785,41.252501,5.785,4.597,0.087,0.883,0.218
4786,41.260638,5.984,4.58,0.097,1.022,0.285
4787,41.269243,7.751,4.589,0.162,0.939,2.061
4788,41.277392,7.92,4.598,0.094,0.919,2.309
4789,41.285875,7.856,4.563,0.082,0.901,2.31
4790,41.293991,7.997,4.594,0.077,0.883,2.443
4791,41.302451,8.007,4.573,0.087,0.858,2.489
4792,41.310837,7.826,4.567,0.069,0.841,2.349
4793,41.319132,7.853,4.603,0.13,0.821,2.299
4794,41.329123,6.193,4.603,0.113,0.805,0.672
4795,41.337862,5.781,4.561,0.088,0.781,0.351
4796,41.345865,6.11,4.578,0.082,0.759,0.691
4797,41.354484,5.812,4.595,0.075,0.745,0.397
4798,41.363586,7.057,4.602,0.072,0.666,1.717
4799,41.371139,7.991,4.578,0.12,0.781,2.512
4800,41.380026,7.405,4.546,0.076,0.762,2.021
4801,41.387816,7.985,4.461,0.083,0.74,2.701
4802,41.39833,5.823,4.633,0.077,0.724,0.389
4803,41.406366,8.145,4.505,0.094,0.663,2.883
4804,41.414997,7.933,4.49,0.081,0.716,2.646
4805,41.422858,8.485,4.488,0.144,0.793,3.06
4806,41.431512,8.199,4.472,0.099,0.776,2.852
4807,41.440054,8.32,4.459,0.088,0.752,3.021
4808,41.448241,8.168,4.523,0.073,0.732,2.84
4809,41.458804,5.964,4.548,0.071,0.716,0.629
4810,41.468965,5.719,4.585,0.117,0.776,0.241
4811,41.477148,5.862,4.464,0.149,0.977,0.272
4812,41.485398,5.954,4.499,0.104,1.119,0.232
4813,41.494153,5.511,4.518,0.067,0.705,0.221
4814,41.502155,5.865,4.498,0.078,1.041,0.248
4815,41.510833,8.128,4.475,0.074,0.678,2.901
4816,41.520044,7.443,4.505,0.07,0.695,2.173
4817,41.527734,8.16,4.498,0.116,0.784,2.762
4818,41.536081,8.133,4.587,0.079,0.759,2.708
4819,41.544003,8.432,4.605,0.069,0.745,3.013
4820,41.552173,8.607,4.514,0.138,0.725,3.23
4821,41.560641,8.489,4.575,0.145,0.718,3.051
4822,41.569306,8.166,4.579,0.085,0.698,2.804
4823,41.579094,8.901,4.573,0.141,0.779,3.408
4824,41.587762,8.542,4.568,0.077,0.758,3.139
4825,41.59616,8.469,4.537,0.11,0.743,3.079
4826,41.604489,8.51,4.627,0.107,0.725,3.051
4827,41.61318,8.243,4.57,0.135,0.811,2.727
4828,41.620899,8.897,4.555,0.173,0.851,3.318
4829,41.629773,8.418,4.581,0.098,0.838,2.901
4830,41.640221,8.486,4.585,0.087,0.743,3.071
4831,41.648173,8.83,4.652,0.076,0.726,3.376
4832,41.656645,8.655,4.585,0.087,0.718,3.265
4833,41.664857,8.898,4.559,0.085,0.716,3.538
4834,41.673316,8.81,4.609,0.126,0.829,3.246
4835,41.681339,9.123,4.638,0.109,0.809,3.567
4836,41.689917,8.805,4.611,0.086,0.79,3.318
4837,41.698414,8.699,4.595,0.109,0.77,3.225
4838,41.70885,6.659,4.551,0.084,0.755,1.269
4839,41.718808,5.711,4.554,0.069,0.86,0.228
4840,41.727175,7.084,4.59,0.135,0.812,1.547
4841,41.735763,6.775,4.57,0.072,0.794,1.339
4842,41.743834,7.045,4.543,0.091,0.768,1.643
4843,41.752606,6.733,4.566,0.082,0.749,1.336
4844,41.760528,7.052,4.567,0.074,0.764,1.647
4845,41.769341,7.205,4.634,0.08,1.375,1.116
4846,41.777164,7.731,4.592,0.145,1.356,1.638
4847,41.785802,7.389,4.571,0.079,1.335,1.404
4848,41.794155,7.411,4.704,0.083,1.316,1.308
4849,41.802284,7.605,4.597,0.086,1.296,1.626
4850,41.810815,7.391,4.584,0.086,1.277,1.444
4851,41.819118,7.552,4.566,0.061,1.254,1.671
4852,41.829232,9.307,4.611,0.127,0.743,3.826
4853,41.837931,9.028,4.48,0.115,0.73,3.703
4854,41.846674,8.629,4.472,0.106,0.715,3.336
4855,41.854487,9.18,4.555,0.115,0.715,3.795
4856,41.863017,13.338,4.513,4.556,0.665,3.604
4857,41.870865,13.718,0.0,0.04,5.037,8.641
4858,41.879766,13.264,4.575,0.108,5.068,3.513
4859,41.889887,11.35,4.59,0.114,3.004,3.642
4860,41.89828,13.465,4.503,0.114,5.036,3.812
4861,41.906311,13.63,4.437,0.055,5.042,4.096
4862,41.915105,13.256,4.497,0.074,5.07,3.615
4863,41.923302,13.303,4.529,0.111,5.098,3.565
4864,41.931318,13.664,4.468,0.063,5.112,4.021
4865,41.940368,12.889,4.52,0.081,5.138,3.15
4866,41.948117,13.596,4.521,0.055,5.157,3.863
4867,41.958527,13.985,4.61,0.086,5.604,3.685
4868,41.966971,13.852,4.485,0.092,5.633,3.642
4869,41.974944,14.136,4.558,0.071,5.636,3.871
4870,41.983447,14.027,4.548,0.081,5.667,3.731
4871,41.991895,13.922,4.77,0.076,5.697,3.379
4872,42.00066,13.719,4.593,0.08,5.727,3.319
4873,42.008607,13.886,4.616,0.062,5.744,3.464
4874,42.019274,11.546,4.623,0.145,3.691,3.087
4875,42.027128,11.991,4.635,0.099,3.708,3.549
4876,42.03585,11.614,4.586,0.134,3.735,3.159
4877,42.043845,12.088,4.521,0.122,3.749,3.696
4878,42.052497,11.691,4.625,0.104,3.777,3.185
4879,42.062799,12.122,4.584,0.09,4.142,3.306
4880,42.0694,13.866,3.417,0.076,6.222,4.151
4881,42.079164,12.385,4.611,0.165,6.263,1.346
4882,42.087894,12.023,4.589,0.095,6.283,1.056
4883,42.09677,11.456,4.604,0.096,6.305,0.451
4884,42.104375,12.199,4.622,0.087,6.321,1.169
4885,42.112883,11.994,4.595,0.091,4.253,3.055
4886,42.121334,12.008,4.614,0.088,4.286,3.02
4887,42.129786,11.808,4.587,0.136,4.307,2.778
4888,42.139858,10.15,4.633,0.091,4.333,1.093
4889,42.150006,8.243,4.596,0.079,3.325,0.243
4890,42.158558,8.012,4.616,0.067,3.09,0.239
4891,42.166867,8.093,4.569,0.087,3.153,0.284
4892,42.17515,8.105,4.589,0.067,3.174,0.275
4893,42.183506,8.096,4.589,0.114,2.347,1.046
4894,42.191843,8.088,4.549,0.079,2.368,1.092
4895,42.200449,8.1,4.589,0.071,0.612,2.828
4896,42.208702,8.324,4.544,0.063,0.666,3.051
4897,42.216774,8.602,4.567,0.107,0.79,3.138
4898,42.225493,8.167,4.597,0.12,0.81,2.64
4899,42.233471,8.542,4.594,0.112,0.826,3.01
4900,42.241822,8.541,4.555,0.073,0.853,3.06
4901,42.250101,8.565,4.591,0.059,0.873,3.042
4902,42.260911,6.111,4.611,0.101,0.892,0.507
4903,42.269038,8.47,4.536,0.087,0.99,2.857
4904,42.277335,8.609,4.595,0.091,1.006,2.917
4905,42.286003,8.155,4.496,0.135,1.03,2.494
4906,42.293935,8.552,4.469,0.08,1.055,2.948
4907,42.302652,8.304,4.483,0.065,1.074,2.682
4908,42.310571,8.711,4.53,0.086,1.093,3.002
4909,42.319378,8.291,4.496,0.118,1.11,2.567
4910,42.327558,8.415,4.469,0.082,1.134,2.73
4911,42.33756,6.728,4.581,0.091,1.155,0.901
4912,42.346268,6.351,4.502,0.077,1.172,0.6
4913,42.354452,6.474,4.461,0.088,1.19,0.735
4914,42.362687,8.156,4.495,0.131,0.831,2.699
4915,42.371313,8.087,4.498,0.184,0.93,2.475
4916,42.379503,8.173,4.499,0.107,0.947,2.62
4917,42.387965,8.113,4.436,0.131,0.978,2.568
4918,42.398277,6.04,4.656,0.046,1.003,0.335
4919,42.408386,5.645,4.599,0.078,0.729,0.239
4920,42.416938,5.775,4.459,0.09,0.865,0.361
4921,42.425118,6.269,4.512,0.221,1.267,0.269
4922,42.433447,6.315,4.497,0.224,1.277,0.317
4923,42.441795,6.268,4.52,0.142,1.334,0.272
4924,42.450188,6.43,4.563,0.314,1.195,0.358
4925,42.458461,8.057,4.56,0.232,0.812,2.453
4926,42.466813,8.082,4.549,0.137,0.833,2.563
4927,42.475605,7.76,4.518,0.084,0.849,2.309
4928,42.483847,7.687,4.556,0.138,0.881,2.112
4929,42.491904,7.999,4.599,0.081,0.895,2.424
4930,42.500537,7.667,4.578,0.108,0.901,2.08
4931,42.510968,7.336,4.545,0.095,0.64,2.056
4932,42.517911,8.778,4.624,0.144,2.744,1.266
4933,42.527288,7.965,4.561,0.155,0.885,2.364
4934,42.535996,7.621,4.528,0.125,0.905,2.063
4935,42.543787,8.079,4.541,0.172,0.918,2.448
4936,42.552299,7.931,4.569,0.126,0.947,2.289
4937,42.560719,7.724,4.498,0.188,0.966,2.072
4938,42.568921,7.863,4.496,0.14,0.984,2.243
4939,42.577441,7.714,4.578,0.157,0.998,1.981
4940,42.587982,7.413,4.567,0.248,0.76,1.838
4941,42.596059,7.638,4.502,0.123,0.803,2.21
4942,42.604479,7.56,4.477,0.083,0.824,2.176
4943,42.612951,7.352,4.461,0.084,0.844,1.963
4944,42.62076,7.851,4.452,0.056,0.864,2.479
4945,42.629422,7.535,4.524,0.104,0.877,2.03
4946,42.638057,7.27,4.487,0.066,0.907,1.81
4947,42.646363,7.271,4.522,0.063,0.926,1.76
4948,42.656441,7.241,4.635,0.078,0.604,1.924
4949,42.664846,7.21,4.453,0.059,0.618,2.08
4950,42.67374,6.606,4.452,0.047,0.642,1.465
4951,42.681489,7.342,4.485,0.089,0.661,2.107
4952,42.689849,7.241,4.463,0.052,0.681,2.045
4953,42.698501,6.845,4.497,0.074,0.701,1.573
4954,42.708718,5.627,4.566,0.088,0.726,0.247
4955,42.71709,5.581,4.49,0.089,0.765,0.237
4956,42.725204,7.187,4.501,0.089,0.695,1.902
4957,42.733606,7.079,4.488,0.098,0.72,1.773
4958,42.741769,7.255,4.555,0.078,0.74,1.882
4959,42.75056,6.772,4.606,0.067,0.762,1.337
4960,42.758407,7.289,4.611,0.054,0.779,1.845
4961,42.768745,5.666,4.554,0.051,0.791,0.27
4962,42.777255,5.676,4.611,0.076,0.764,0.225
4963,42.785789,5.524,4.536,0.05,0.683,0.255
4964,42.794005,7.073,4.613,0.066,0.849,1.545
4965,42.802285,7.119,4.607,0.074,0.871,1.567
4966,42.8106,7.147,4.573,0.06,0.891,1.623
4967,42.81914,6.966,4.595,0.073,0.909,1.389
4968,42.829719,5.476,4.551,0.049,0.599,0.277
4969,42.837633,5.887,4.57,0.062,0.984,0.271
4970,42.846048,6.0,4.602,0.075,1.072,0.251
4971,42.85461,5.753,4.56,0.05,0.876,0.267
4972,42.862733,6.827,4.55,0.057,0.665,1.555
4973,42.871149,6.761,4.543,0.077,0.784,1.357
4974,42.879734,6.522,4.549,0.075,0.806,1.092
4975,42.889398,5.751,4.623,0.084,0.852,0.192
4976,42.898191,5.755,4.614,0.107,0.791,0.243
4977,42.906559,5.795,4.609,0.104,0.869,0.213
4978,42.91453,6.216,4.603,0.069,1.266,0.278
4979,42.923605,5.676,4.565,0.066,0.799,0.246
4980,42.931275,6.365,4.59,0.081,1.446,0.248
4981,42.939891,6.042,4.615,0.066,1.14,0.221
4982,42.9482,6.11,4.63,0.078,1.146,0.256
4983,42.958712,6.598,4.562,0.087,0.885,1.064
4984,42.966766,6.941,4.564,0.065,0.907,1.405
4985,42.975395,6.619,4.599,0.084,0.926,1.01
4986,42.983798,6.534,4.579,0.074,0.949,0.932
4987,42.991743,6.933,4.615,0.134,0.98,1.204
4988,43.000978,6.175,4.572,0.112,1.006,0.485
4989,43.008605,6.802,4.584,0.074,1.033,1.111
4990,43.017174,6.631,4.547,0.102,1.052,0.93
4991,43.027569,6.16,4.596,0.081,0.682,0.801
4992,43.037682,5.469,4.578,0.066,0.596,0.229
4993,43.045748,5.729,4.459,0.067,0.962,0.241
4994,43.054427,5.496,4.495,0.072,0.686,0.243
4995,43.062968,5.464,4.464,0.071,0.691,0.238
4996,43.071015,5.733,4.5,0.083,0.94,0.21
4997,43.079358,6.19,4.499,0.077,0.555,1.059
4998,43.087941,5.963,4.47,0.067,0.642,0.784
4999,43.096315,5.947,4.498,0.076,0.657,0.716
5000,43.104606,5.973,4.497,0.069,0.682,0.725
5001,43.112638,6.307,4.499,0.076,0.698,1.034
5002,43.121139,6.101,4.521,0.074,0.719,0.787
5003,43.129751,5.821,4.466,0.054,0.742,0.559
5004,43.139724,5.523,4.555,0.065,0.618,0.285
5005,43.148024,5.512,4.502,0.071,0.704,0.235
5006,43.15877,5.948,4.544,0.089,0.69,0.625
5007,43.164729,8.295,4.489,0.084,2.782,0.94
5008,43.173247,8.109,4.515,0.078,2.8,0.716
5009,43.181697,7.953,4.495,0.065,2.819,0.574
5010,43.189863,8.116,4.553,0.079,2.842,0.642
5011,43.198396,7.929,4.585,0.07,2.862,0.412
5012,43.208673,5.994,4.561,0.075,0.802,0.556
5013,43.216532,6.48,4.59,0.088,0.829,0.973
5014,43.225326,6.018,4.61,0.095,0.848,0.465
5015,43.23411,5.736,4.581,0.102,0.817,0.236
5016,43.24183,6.381,4.554,0.11,1.089,0.628
5017,43.250682,5.854,4.551,0.116,0.941,0.246
5018,43.260473,5.652,4.598,0.136,0.642,0.276
5019,43.269007,5.732,4.583,0.097,0.803,0.249
5020,43.277012,6.222,4.589,0.082,0.8,0.751
5021,43.285774,5.789,4.561,0.067,0.816,0.345
5022,43.294025,5.864,4.631,0.101,0.832,0.3
5023,43.302149,6.125,4.609,0.088,0.863,0.565
5024,43.311103,5.861,4.579,0.096,0.912,0.274
5025,43.318894,6.343,4.612,0.096,1.251,0.384
5026,43.327498,6.112,4.597,0.09,1.17,0.255
5027,43.338126,5.575,4.607,0.081,0.642,0.245
5028,43.345911,6.112,4.478,0.074,1.315,0.245
5029,43.354482,5.854,4.508,0.144,0.994,0.208
5030,43.362609,6.087,4.505,0.093,1.257,0.232
5031,43.371092,5.928,4.51,0.077,1.104,0.237
5032,43.379748,5.607,4.463,0.069,0.827,0.248
5033,43.389736,5.65,4.556,0.065,0.712,0.317
5034,43.39637,7.376,4.469,0.093,2.55,0.264
5035,43.406319,5.733,4.621,0.093,0.753,0.266
5036,43.414987,5.454,4.481,0.072,0.672,0.229
5037,43.42301,5.78,4.509,0.082,0.874,0.315
5038,43.431475,5.627,4.463,0.064,0.869,0.231
5039,43.43982,5.624,4.456,0.069,0.861,0.238
5040,43.448006,5.789,4.473,0.094,0.932,0.29
5041,43.458843,5.605,4.586,0.126,0.666,0.227
5042,43.468805,5.621,4.547,0.085,0.708,0.281
5043,43.476963,5.741,4.602,0.094,0.819,0.226
5044,43.485575,5.699,4.573,0.076,0.822,0.228
5045,43.49397,5.798,4.614,0.079,0.851,0.254
5046,43.502137,5.937,4.582,0.1,1.032,0.223
5047,43.510048,6.4,4.596,0.098,1.444,0.262
5048,43.518846,5.923,4.614,0.097,0.963,0.249
5049,43.527812,5.738,4.562,0.077,0.855,0.244
5050,43.535881,5.993,4.611,0.076,1.079,0.227
5051,43.54434,5.864,4.612,0.101,0.943,0.208
5052,43.552475,6.05,4.621,0.104,1.132,0.193
5053,43.560644,6.268,4.568,0.075,1.361,0.264
5054,43.569537,5.673,4.584,0.065,0.765,0.259
5055,43.579325,5.607,4.634,0.076,0.684,0.213
5056,43.587611,5.685,4.585,0.067,0.785,0.248
5057,43.596236,5.604,4.6,0.069,0.701,0.234
5058,43.604239,5.949,4.598,0.074,1.037,0.24
5059,43.612824,5.772,4.652,0.095,0.828,0.197
5060,43.621673,5.489,4.561,0.071,0.589,0.268
5061,43.629429,6.033,4.62,0.103,1.09,0.22
5062,43.638417,5.505,4.497,0.079,0.692,0.237
5063,43.647868,5.437,4.474,0.066,0.633,0.264
5064,43.656449,5.509,4.498,0.101,0.702,0.208
5065,43.665033,5.648,4.608,0.084,0.702,0.254
5066,43.673059,5.928,4.495,0.072,1.1,0.261
5067,43.681074,6.23,4.512,0.081,1.42,0.217
5068,43.689921,5.736,4.469,0.065,0.954,0.248
5069,43.698419,5.636,4.509,0.114,0.729,0.284
5070,43.708849,5.576,4.573,0.08,0.642,0.281
5071,43.718764,5.558,4.573,0.068,0.666,0.251
5072,43.727255,5.523,4.499,0.096,0.697,0.231
5073,43.73543,5.669,4.504,0.083,0.854,0.228
5074,43.743604,5.824,4.515,0.087,0.998,0.224
5075,43.752125,5.638,4.508,0.1,0.808,0.222
5076,43.76021,5.862,4.509,0.095,1.079,0.179
5077,43.768879,5.57,4.474,0.069,0.766,0.261
5078,43.777672,5.637,4.482,0.094,0.831,0.23
5079,43.785936,5.718,4.606,0.059,0.778,0.275
5080,43.794283,5.743,4.604,0.053,0.787,0.299
5081,43.802349,6.18,4.564,0.072,1.274,0.27
5082,43.810811,6.02,4.576,0.067,1.117,0.26
5083,43.818983,6.51,4.623,0.083,1.542,0.262
5084,43.827369,6.448,4.604,0.058,1.51,0.276
5085,43.837916,5.676,4.599,0.056,0.758,0.263
5086,43.845994,5.953,4.636,0.085,0.968,0.264
5087,43.854297,6.06,4.554,0.076,1.05,0.38
5088,43.862609,6.08,4.548,0.091,1.11,0.331
5089,43.870831,6.15,4.533,0.098,1.221,0.298
5090,43.879652,5.646,4.536,0.073,0.743,0.294
5091,43.890176,5.707,4.587,0.064,0.791,0.265
5092,43.898126,6.046,4.597,0.109,1.124,0.216
5093,43.906675,5.855,4.505,0.082,1.005,0.263
5094,43.914741,6.164,4.535,0.081,1.248,0.3
5095,43.923316,5.943,4.573,0.094,0.963,0.313
5096,43.931119,6.406,4.611,0.081,1.469,0.245
5097,43.939824,6.037,4.462,0.065,1.24,0.27
5098,43.948038,6.171,4.512,0.087,1.331,0.241
5099,43.95881,5.616,4.565,0.063,0.741,0.247
5100,43.968843,5.61,4.594,0.095,0.674,0.247
5101,43.977279,5.516,4.506,0.081,0.681,0.248
5102,43.985386,5.715,4.469,0.053,0.948,0.245
5103,43.99363,5.823,4.495,0.069,1.0,0.259
5104,44.00213,5.69,4.516,0.095,0.819,0.26
5105,44.010303,5.852,4.492,0.059,0.987,0.314
5106,44.019066,5.544,4.493,0.068,0.71,0.273
5107,44.027156,5.785,4.487,0.07,0.956,0.272
5108,44.035748,5.52,4.488,0.079,0.717,0.236
5109,44.044554,5.431,4.49,0.091,0.625,0.225
5110,44.052113,6.227,4.506,0.096,1.396,0.229
5111,44.060746,5.98,4.458,0.088,1.134,0.3
5112,44.069301,5.735,4.501,0.087,0.876,0.271
5113,44.079442,5.555,4.601,0.067,0.651,0.236
5114,44.087479,5.828,4.603,0.089,0.946,0.19
5115,44.096272,5.73,4.598,0.084,0.799,0.249
5116,44.104467,5.856,4.588,0.105,0.905,0.258
5117,44.112643,6.012,4.548,0.085,1.126,0.253
5118,44.121117,5.884,4.591,0.084,0.923,0.286
5119,44.129767,5.585,4.538,0.065,0.7,0.282
5120,44.138089,5.566,4.578,0.089,0.677,0.222
5121,44.147888,5.747,4.63,0.1,0.796,0.221
5122,44.156479,5.764,4.555,0.093,0.884,0.232
5123,44.164702,5.901,4.544,0.063,1.006,0.288
5124,44.173346,5.631,4.585,0.104,0.7,0.242
5125,44.181309,6.02,4.599,0.08,1.101,0.24
5126,44.190099,5.707,4.577,0.084,0.794,0.252
5127,44.200462,5.783,4.638,0.068,0.803,0.274
5128,44.210533,5.822,4.586,0.091,0.818,0.327
5129,44.218902,5.743,4.577,0.094,0.775,0.297
5130,44.226913,6.019,4.562,0.082,1.113,0.262
5131,44.235426,5.839,4.565,0.129,0.889,0.256
5132,44.243662,5.964,4.561,0.072,1.037,0.294
5133,44.252135,5.855,4.61,0.126,0.834,0.285
5134,44.26099,5.627,4.626,0.094,0.626,0.281
5135,44.268924,5.985,4.621,0.088,1.041,0.235
5136,44.277737,5.513,4.57,0.053,0.634,0.256
5137,44.285772,5.824,4.593,0.062,0.908,0.261
5138,44.293833,6.102,4.597,0.121,1.132,0.252
5139,44.302444,5.829,4.603,0.102,0.869,0.255
5140,44.31053,6.065,4.591,0.077,1.15,0.247
5141,44.318875,6.05,4.615,0.088,1.117,0.23
5142,44.327388,5.877,4.623,0.057,0.948,0.249
5143,44.337955,5.717,4.678,0.139,0.621,0.279
5144,44.34584,6.158,4.605,0.099,1.227,0.227
5145,44.354902,5.679,4.629,0.106,0.675,0.269
5146,44.362919,5.977,4.617,0.103,1.004,0.253
5147,44.370915,6.29,4.601,0.085,1.372,0.232
5148,44.37937,6.168,4.597,0.08,1.251,0.24
5149,44.389528,5.584,4.644,0.081,0.62,0.239
5150,44.3982,5.501,4.498,0.096,0.655,0.252
5151,44.406576,5.516,4.476,0.094,0.64,0.306
5152,44.414695,5.696,4.476,0.064,0.889,0.267
5153,44.423338,5.453,4.508,0.119,0.587,0.239
5154,44.431383,5.701,4.533,0.069,0.873,0.226
5155,44.439985,5.456,4.494,0.083,0.631,0.248
5156,44.448426,5.475,4.514,0.091,0.663,0.207
5157,44.458797,5.531,4.545,0.066,0.636,0.284
5158,44.468741,5.558,4.592,0.063,0.623,0.28
5159,44.476973,5.644,4.497,0.081,0.818,0.248
5160,44.485372,5.564,4.499,0.056,0.756,0.253
5161,44.494069,5.568,4.497,0.098,0.754,0.219
5162,44.502051,5.903,4.502,0.097,1.052,0.252
5163,44.510929,5.59,4.509,0.095,0.705,0.281
5164,44.519381,5.456,4.49,0.063,0.639,0.264
5165,44.527243,5.954,4.486,0.08,1.135,0.253
5166,44.535772,5.741,4.548,0.052,0.86,0.281
5167,44.544109,5.743,4.561,0.098,0.82,0.264
5168,44.552068,6.129,4.614,0.089,1.185,0.241
5169,44.560449,6.041,4.603,0.09,1.142,0.206
5170,44.569202,5.779,4.584,0.089,0.856,0.25
5171,44.579211,5.673,4.61,0.088,0.701,0.274
5172,44.58804,5.623,4.609,0.114,0.635,0.265
5173,44.596254,5.729,4.582,0.078,0.808,0.261
5174,44.605131,6.07,4.607,0.1,1.061,0.302
5175,44.612821,6.717,4.589,0.145,1.726,0.257
5176,44.621362,6.472,4.629,0.078,1.539,0.226
5177,44.62951,6.626,4.598,0.075,1.724,0.229
5178,44.637801,6.681,4.573,0.075,1.814,0.219
5179,44.646495,6.318,4.603,0.056,1.408,0.251
5180,44.656228,5.63,4.588,0.078,0.712,0.252
5181,44.664654,5.544,4.571,0.078,0.661,0.234
5182,44.673324,5.868,4.6,0.074,0.905,0.289
5183,44.681149,6.318,4.577,0.101,1.369,0.271
5184,44.689996,5.826,4.626,0.069,0.888,0.243
5185,44.698331,5.829,4.603,0.081,0.913,0.232
5186,44.708376,5.706,4.63,0.069,0.782,0.225
5187,44.718814,5.711,4.595,0.069,0.822,0.225
5188,44.726891,5.954,4.603,0.064,1.077,0.21
5189,44.735256,5.921,4.618,0.058,1.029,0.216
5190,44.743861,5.735,4.612,0.072,0.847,0.204
5191,44.752066,5.893,4.6,0.076,0.978,0.239
5192,44.760476,5.793,4.616,0.065,0.886,0.226
5193,44.768736,5.857,4.569,0.067,1.009,0.212
5194,44.777437,5.79,4.638,0.076,0.842,0.234
5195,44.785416,6.106,4.607,0.086,1.219,0.194
5196,44.793931,5.934,4.616,0.072,1.033,0.213
5197,44.802452,5.766,4.613,0.088,0.847,0.218
5198,44.810349,6.187,4.593,0.115,1.271,0.208
5199,44.819434,5.783,4.607,0.083,0.885,0.208
5200,44.829535,5.68,4.606,0.071,0.763,0.24
5201,44.838018,5.513,4.522,0.063,0.695,0.233
5202,44.845799,6.074,4.488,0.081,1.29,0.215
5203,44.854801,5.482,4.467,0.075,0.735,0.205
5204,44.862999,5.631,4.515,0.069,0.824,0.223
5205,44.871006,5.954,4.516,0.067,1.155,0.216
5206,44.879641,5.659,4.511,0.064,0.857,0.227
5207,44.889612,5.586,4.569,0.068,0.726,0.223
5208,44.897988,5.541,4.526,0.072,0.729,0.214
5209,44.906528,5.51,4.519,0.09,0.705,0.196
5210,44.914969,5.549,4.536,0.096,0.73,0.187
5211,44.923299,5.551,4.489,0.069,0.777,0.216
5212,44.932112,5.782,4.499,0.063,0.994,0.226
5213,44.939826,6.416,4.474,0.138,1.582,0.222
5214,44.950563,6.009,4.587,0.18,0.806,0.436
5215,44.960121,5.617,4.512,0.09,0.752,0.263
5216,44.968852,5.726,4.478,0.077,0.908,0.263
5217,44.97728,5.729,4.49,0.106,0.879,0.254
5218,44.985379,5.955,4.577,0.088,1.052,0.238
5219,44.99374,5.904,4.57,0.095,1.018,0.221
5220,45.002027,5.964,4.599,0.102,1.035,0.228
5221,45.010221,6.128,4.588,0.074,1.204,0.262
5222,45.019296,5.976,4.596,0.117,1.018,0.245
5223,45.027082,6.487,4.622,0.095,1.553,0.217
5224,45.035812,6.106,4.569,0.097,1.213,0.227
5225,45.043813,6.431,4.604,0.125,1.484,0.218
5226,45.052295,6.335,4.623,0.124,1.313,0.275
5227,45.060357,6.621,4.622,0.081,1.565,0.353
5228,45.068581,6.659,4.591,0.092,1.546,0.43
5229,45.077558,6.006,4.603,0.071,1.12,0.212
5230,45.088217,5.531,4.589,0.072,0.633,0.237
5231,45.095843,6.22,4.582,0.062,1.233,0.343
5232,45.104389,6.042,4.587,0.079,1.129,0.247
5233,45.112928,5.858,4.613,0.081,0.894,0.27
5234,45.121225,5.886,4.603,0.078,0.936,0.269
5235,45.12963,5.766,4.565,0.069,0.904,0.228
5236,45.13979,5.61,4.56,0.067,0.746,0.237
5237,45.146267,7.484,4.476,0.075,2.693,0.24
5238,45.156433,5.755,4.604,0.097,0.758,0.296
5239,45.165118,5.501,4.532,0.067,0.691,0.211
5240,45.172905,6.064,4.481,0.088,0.863,0.632
5241,45.181956,5.421,4.506,0.068,0.64,0.207
5242,45.18993,5.793,4.518,0.07,0.906,0.299
5243,45.198313,5.725,4.515,0.069,0.888,0.253
5244,45.208788,5.733,4.562,0.118,0.76,0.293
5245,45.218748,5.602,4.546,0.086,0.738,0.232
5246,45.226977,5.689,4.516,0.071,0.874,0.228
5247,45.23557,5.424,4.473,0.084,0.664,0.203
5248,45.243929,5.523,4.428,0.042,0.656,0.397
5249,45.252114,5.56,4.507,0.072,0.746,0.235
5250,45.260283,5.8,4.556,0.172,0.809,0.263
5251,45.268861,5.643,4.455,0.109,0.723,0.356
5252,45.277425,5.96,4.527,0.098,1.085,0.25
5253,45.285473,6.37,4.585,0.094,1.297,0.394
5254,45.294276,5.948,4.573,0.102,0.863,0.41
5255,45.302121,6.267,4.613,0.081,1.331,0.242
5256,45.310675,6.055,4.589,0.092,1.141,0.233
5257,45.318849,6.2,4.557,0.083,1.333,0.227
5258,45.329227,6.304,4.619,0.078,0.781,0.826
5259,45.337895,5.948,4.59,0.085,0.765,0.508
5260,45.346162,6.107,4.573,0.096,0.786,0.652
5261,45.354549,6.088,4.563,0.086,0.858,0.581
5262,45.362599,6.403,4.578,0.121,0.834,0.87
5263,45.371193,6.13,4.64,0.146,0.821,0.523
5264,45.379693,5.978,4.559,0.082,0.806,0.531
5265,45.389597,6.494,4.561,0.198,0.765,0.97
5266,45.397974,6.468,4.61,0.079,0.779,1.0
5267,45.406355,6.425,4.606,0.126,0.786,0.907
5268,45.415106,6.113,4.583,0.082,0.796,0.652
5269,45.423029,6.462,4.6,0.086,0.774,1.002
5270,45.431925,6.024,4.609,0.066,0.758,0.591
5271,45.44002,6.185,4.46,0.122,0.736,0.867
5272,45.449901,6.627,4.592,0.118,0.653,1.264
5273,45.460394,5.623,4.636,0.088,0.675,0.224
5274,45.468753,5.621,4.453,0.077,0.828,0.263
5275,45.477012,5.649,4.498,0.079,0.838,0.234
5276,45.485464,5.552,4.468,0.131,0.706,0.247
5277,45.49417,5.632,4.502,0.094,0.655,0.381
5278,45.502084,5.911,4.521,0.078,1.056,0.256
5279,45.510807,5.508,4.466,0.089,0.747,0.206
5280,45.518838,5.909,4.457,0.103,1.081,0.268
5281,45.527271,5.894,4.48,0.113,0.977,0.324
5282,45.535719,5.675,4.451,0.095,0.877,0.252
5283,45.543979,5.737,4.5,0.095,0.879,0.263
5284,45.551954,6.084,4.494,0.098,1.257,0.235
5285,45.560436,5.907,4.505,0.102,1.105,0.195
5286,45.568643,6.049,4.51,0.115,1.219,0.205
5287,45.579176,6.799,4.718,0.126,0.648,1.307
5288,45.587872,6.599,4.586,0.145,0.789,1.079
5289,45.596181,7.003,4.579,0.144,1.112,1.168
5290,45.604576,6.951,4.575,0.087,1.098,1.191
5291,45.612593,7.243,4.617,0.123,1.077,1.426
5292,45.621091,7.083,4.61,0.144,1.056,1.273
5293,45.629642,6.832,4.572,0.139,1.041,1.08
5294,45.637719,7.108,4.609,0.156,1.013,1.33
5295,45.648071,6.959,4.617,0.143,0.782,1.417
5296,45.656334,7.135,4.731,0.139,0.843,1.422
5297,45.665439,6.741,4.567,0.288,1.048,0.838
5298,45.673232,7.313,4.608,0.164,1.112,1.429
5299,45.681975,6.865,4.527,0.156,1.099,1.083
5300,45.689795,7.43,4.61,0.162,1.082,1.576
5301,45.698308,7.23,4.578,0.14,1.061,1.451
5302,45.708206,7.612,4.591,0.095,0.935,1.991
5303,45.718665,5.818,4.534,0.114,0.924,0.246
5304,45.727002,5.905,4.588,0.13,0.845,0.342
5305,45.735554,5.851,4.45,0.17,0.859,0.372
5306,45.743937,5.809,4.439,0.102,0.939,0.329
5307,45.751945,6.084,4.422,0.079,1.297,0.286
5308,45.760402,5.973,4.487,0.126,1.053,0.307
5309,45.768922,5.829,4.428,0.104,0.941,0.356
5310,45.777461,5.757,4.445,0.072,0.91,0.33
5311,45.785531,6.016,4.483,0.101,1.101,0.331
5312,45.794165,5.932,4.523,0.075,1.057,0.277
5313,45.802189,6.18,4.484,0.125,1.369,0.202
5314,45.810637,6.12,4.476,0.116,1.231,0.297
5315,45.818876,6.258,4.499,0.12,1.309,0.33
5316,45.829675,7.319,4.549,0.114,0.853,1.803
5317,45.837682,7.513,4.463,0.086,0.833,2.131
5318,45.846026,7.465,4.519,0.081,0.812,2.053
5319,45.854177,7.666,4.504,0.11,0.791,2.261
5320,45.86275,7.432,4.461,0.101,0.804,2.066
5321,45.871311,7.23,4.528,0.065,0.822,1.815
5322,45.879525,7.324,4.485,0.074,0.806,1.959
5323,45.887687,7.533,4.58,0.077,0.815,2.061
5324,45.89803,7.607,4.58,0.078,0.756,2.193
5325,45.906152,7.81,4.579,0.084,0.754,2.393
5326,45.914742,7.59,4.569,0.075,0.767,2.179
5327,45.923235,7.446,4.586,0.075,0.764,2.021
5328,45.931063,7.99,4.603,0.089,0.789,2.509
5329,45.939739,7.662,4.557,0.058,0.769,2.278
5330,45.95057,5.818,4.603,0.049,0.779,0.387
5331,45.960282,6.042,4.551,0.095,0.861,0.535
5332,45.968743,5.89,4.557,0.062,0.853,0.418
5333,45.977038,5.923,4.584,0.076,0.828,0.435
5334,45.98546,5.844,4.589,0.126,0.81,0.319
5335,45.993783,5.918,4.573,0.082,0.828,0.435
5336,46.002134,5.88,4.596,0.062,0.809,0.413
5337,46.010195,6.195,4.6,0.081,0.852,0.662
5338,46.018726,5.986,4.549,0.08,0.837,0.52
5339,46.027474,5.654,4.594,0.077,0.752,0.231
5340,46.035096,6.351,4.505,0.07,0.859,0.917
5341,46.043917,7.85,4.456,0.065,0.723,2.606
5342,46.052333,7.782,4.457,0.094,0.745,2.486
5343,46.06119,7.66,4.486,0.089,0.792,2.293
5344,46.069225,7.693,4.493,0.072,0.774,2.354
5345,46.077383,7.864,4.511,0.082,0.781,2.49
5346,46.08798,7.641,4.563,0.097,0.669,2.312
5347,46.096198,7.736,4.511,0.063,0.658,2.504
5348,46.104283,7.941,4.51,0.062,0.646,2.723
5349,46.112774,7.986,4.46,0.078,0.8,2.648
5350,46.121029,8.064,4.484,0.096,0.778,2.706
5351,46.1293,8.093,4.617,0.085,0.756,2.635
5352,46.137832,7.891,4.463,0.082,0.739,2.607
5353,46.148336,5.738,4.563,0.084,0.722,0.369
5354,46.156375,8.168,4.481,0.085,0.741,2.861
5355,46.164968,8.059,4.49,0.059,0.852,2.658
5356,46.173215,8.135,4.489,0.099,0.828,2.719
5357,46.181286,8.384,4.526,0.081,0.815,2.962
5358,46.18968,8.319,4.545,0.079,0.795,2.9
5359,46.198351,7.998,4.6,0.081,0.779,2.538
5360,46.208289,6.381,4.578,0.082,0.763,0.958
5361,46.216823,6.24,4.623,0.076,0.77,0.771
5362,46.227161,6.368,4.557,0.06,0.803,0.948
5363,46.235272,6.628,4.612,0.12,0.79,1.106
5364,46.243729,6.451,4.561,0.07,0.767,1.053
5365,46.251826,6.678,4.551,0.067,0.742,1.318
5366,46.26052,6.344,4.579,0.074,0.731,0.96
5367,46.268734,8.624,4.555,0.084,0.772,3.213
5368,46.277255,8.421,4.621,0.085,0.751,2.964
5369,46.285739,8.25,4.529,0.075,0.734,2.912
5370,46.293826,8.528,4.631,0.055,0.735,3.107
5371,46.302275,8.417,4.575,0.072,0.714,3.056
5372,46.310556,8.506,4.609,0.079,0.751,3.067
5373,46.319484,7.922,4.613,0.057,0.737,2.515
5374,46.32911,6.69,4.604,0.074,0.758,1.254
5375,46.337804,6.346,4.451,0.072,0.749,1.074
5376,46.346184,6.377,4.51,0.07,0.805,0.992
5377,46.354151,6.749,4.492,0.065,0.783,1.409
5378,46.362808,8.509,4.475,0.059,0.771,3.204
5379,46.370905,8.735,4.452,0.073,0.758,3.452
5380,46.3794,8.594,4.478,0.075,0.741,3.3
5381,46.389999,6.351,4.572,0.049,0.728,1.002
5382,46.398296,6.415,4.514,0.084,0.709,1.108
5383,46.406401,8.643,4.507,0.07,0.647,3.419
5384,46.414964,8.748,4.503,0.053,0.945,3.247
5385,46.422971,9.073,4.523,0.08,0.924,3.546
5386,46.431461,8.909,4.513,0.171,0.899,3.326
5387,46.440148,8.629,4.487,0.087,0.882,3.173
5388,46.448119,8.945,4.511,0.097,0.86,3.477
5389,46.4565,8.885,4.526,0.094,0.842,3.423
5390,46.466775,6.951,4.58,0.083,0.821,1.467
5391,46.477118,6.928,4.593,0.088,0.705,1.542
5392,46.485266,7.151,4.506,0.066,0.716,1.863
5393,46.493646,7.107,4.59,0.074,0.724,1.719
5394,46.502292,6.805,4.605,0.06,0.704,1.436
5395,46.510374,7.127,4.617,0.078,0.774,1.658
5396,46.518685,7.203,4.569,0.088,0.78,1.766
5397,46.527487,6.75,4.606,0.1,0.808,1.236
5398,46.535324,7.312,4.582,0.092,0.785,1.853
5399,46.544067,6.912,4.597,0.088,0.83,1.397
5400,46.551763,7.541,4.58,0.057,0.809,2.095
5401,46.560847,6.914,4.578,0.086,0.788,1.462
5402,46.569301,8.936,4.584,0.087,0.917,3.348
5403,46.577482,9.124,4.624,0.126,0.897,3.477
5404,46.587479,7.525,4.589,0.101,0.88,1.955
5405,46.59612,7.173,4.601,0.092,0.862,1.618
5406,46.604491,7.053,4.576,0.067,0.839,1.571
5407,46.612399,7.498,4.619,0.12,0.817,1.942
5408,46.621037,7.216,4.579,0.088,0.801,1.748
5409,46.629317,7.226,4.599,0.113,0.78,1.734
5410,46.637908,7.039,4.49,0.087,0.761,1.701
5411,46.647972,13.995,4.578,4.608,0.841,3.968
5412,46.656333,13.923,0.0,0.037,5.284,8.602
5413,46.665949,14.035,4.585,0.082,5.77,3.598
5414,46.673553,14.399,4.479,0.093,5.779,4.048
5415,46.682221,14.079,4.503,0.114,5.802,3.66
5416,46.690256,14.288,4.517,0.068,5.823,3.88
5417,46.698554,14.234,4.503,0.071,5.848,3.812
5418,46.70852,12.33,4.598,0.075,3.796,3.861
5419,46.71691,12.16,4.514,0.094,3.814,3.738
5420,46.725843,11.554,4.479,0.096,3.834,3.145
5421,46.733802,11.975,4.476,0.074,3.854,3.571
5422,46.741778,12.269,4.486,0.129,3.872,3.782
5423,46.750367,13.107,4.529,0.089,4.996,3.493
5424,46.758231,13.585,4.417,0.068,4.998,4.102
5425,46.767117,13.163,4.513,0.1,5.034,3.516
5426,46.777236,11.268,4.618,0.121,2.967,3.562
5427,46.785555,13.513,4.514,0.13,5.243,3.626
5428,46.79379,13.605,4.558,0.052,5.253,3.742
5429,46.802393,13.462,4.48,0.056,5.276,3.65
5430,46.8109,13.155,4.557,0.08,5.301,3.217
5431,46.819289,13.133,4.578,0.103,5.323,3.129
5432,46.827528,13.179,4.564,0.11,5.337,3.168
5433,46.837883,11.191,4.625,0.092,5.361,1.113
5434,46.845803,11.568,4.63,0.08,5.382,1.476
5435,46.854316,11.386,4.615,0.08,5.387,1.304
5436,46.862304,11.75,4.645,0.088,5.418,1.599
5437,46.870931,11.46,4.625,0.096,3.363,3.376
5438,46.878986,11.735,4.612,0.079,3.385,3.659
5439,46.887797,11.281,4.622,0.083,3.388,3.188
5440,46.898356,9.045,4.637,0.09,3.432,0.886
5441,46.908525,7.191,4.594,0.071,2.292,0.234
5442,46.916706,7.359,4.602,0.079,1.387,1.291
5443,46.925002,7.396,4.619,0.116,1.402,1.259
5444,46.933304,7.423,4.625,0.08,1.426,1.292
5445,46.941643,7.425,4.592,0.088,1.448,1.297
5446,46.949894,7.514,4.624,0.087,1.467,1.336
5447,46.958119,7.614,4.613,0.078,1.486,1.437
5448,46.966692,7.366,4.596,0.073,1.504,1.193
5449,46.975625,8.065,4.573,0.11,0.761,2.621
5450,46.983663,8.366,4.569,0.08,0.777,2.94
5451,46.992124,8.265,4.607,0.086,0.805,2.767
5452,47.000316,8.383,4.612,0.083,0.82,2.868
5453,47.010663,6.374,4.571,0.079,0.845,0.879
5454,47.016944,8.408,4.618,0.078,0.862,2.85
5455,47.027371,6.502,4.576,0.102,0.884,0.94
5456,47.03568,6.412,4.55,0.069,0.908,0.885
5457,47.043682,6.718,4.58,0.068,0.924,1.146
5458,47.052011,6.7,4.644,0.073,0.946,1.037
5459,47.061305,6.832,4.531,0.144,0.936,1.221
5460,47.069931,8.0,4.557,0.141,0.917,2.385
5461,47.079819,6.634,4.52,0.145,0.928,1.041
5462,47.08784,6.398,4.465,0.075,0.955,0.903
5463,47.096317,6.159,4.558,0.063,0.973,0.565
5464,47.104186,6.538,4.514,0.063,0.993,0.968
5465,47.112846,8.042,4.45,0.082,0.612,2.898
5466,47.120861,8.272,4.486,0.085,0.68,3.021
5467,47.129057,8.383,4.528,0.088,0.696,3.071
5468,47.139859,6.082,4.619,0.071,0.718,0.674
5469,47.148235,5.874,4.492,0.084,0.738,0.56
5470,47.156396,7.997,4.51,0.08,0.613,2.794
5471,47.164787,7.963,4.505,0.07,0.688,2.7
5472,47.173227,7.917,4.522,0.1,0.732,2.563
5473,47.18129,8.243,4.524,0.088,0.753,2.878
5474,47.189772,8.01,4.434,0.127,0.766,2.683
5475,47.198292,7.905,4.464,0.084,0.789,2.568
5476,47.208426,6.017,4.576,0.08,0.811,0.55
5477,47.216565,6.233,4.516,0.063,0.834,0.82
5478,47.225669,5.548,4.47,0.086,0.778,0.214
5479,47.233736,5.819,4.47,0.075,0.972,0.302
5480,47.241778,6.105,4.573,0.063,0.991,0.478
5481,47.250172,7.756,4.607,0.069,0.633,2.447
5482,47.258277,7.961,4.584,0.082,0.655,2.64
5483,47.266754,7.832,4.599,0.067,0.673,2.493
5484,47.277383,5.827,4.601,0.128,0.81,0.288
5485,47.285316,6.229,4.56,0.085,0.928,0.656
5486,47.293937,5.903,4.593,0.093,0.956,0.261
5487,47.302907,5.584,4.608,0.091,0.652,0.233
5488,47.310389,6.419,4.598,0.093,1.347,0.381
5489,47.319589,7.057,4.56,0.098,0.746,1.653
5490,47.329169,5.815,4.603,0.108,0.771,0.333
5491,47.337773,7.487,4.592,0.164,0.662,2.069
5492,47.345758,7.827,4.575,0.076,0.691,2.485
5493,47.354368,7.648,4.638,0.092,0.712,2.206
5494,47.362851,7.503,4.614,0.069,0.735,2.085
5495,47.370883,7.705,4.611,0.077,0.755,2.262
5496,47.379345,7.612,4.631,0.113,0.776,2.092
5497,47.389564,5.696,4.581,0.081,0.796,0.238
5498,47.397932,5.642,4.532,0.05,0.814,0.246
5499,47.406248,7.668,4.52,0.078,0.691,2.379
5500,47.414841,7.343,4.45,0.076,0.708,2.109
5501,47.422869,7.726,4.449,0.087,0.776,2.414
5502,47.431443,7.519,4.63,0.279,0.79,1.82
5503,47.439793,7.463,4.471,0.087,0.817,2.088
5504,47.448198,7.373,4.5,0.071,0.838,1.964
5505,47.459008,5.541,4.482,0.084,0.626,0.349
5506,47.46667,6.204,4.455,0.075,1.428,0.246
5507,47.475837,6.732,4.491,0.091,0.697,1.453
5508,47.483178,7.661,4.489,0.148,0.756,2.268
5509,47.491741,7.419,4.478,0.12,0.775,2.046
5510,47.500407,7.151,4.498,0.076,0.795,1.782
5511,47.508383,7.47,4.489,0.105,0.817,2.059
5512,47.518507,7.546,4.613,0.116,0.657,2.16
5513,47.527261,7.194,4.508,0.209,0.674,1.803
5514,47.535693,7.044,4.385,0.111,0.708,1.84
5515,47.543724,7.34,4.59,0.11,0.729,1.911
5516,47.552798,6.634,4.617,0.076,0.753,1.188
5517,47.560332,7.409,4.581,0.21,0.762,1.856
5518,47.568914,7.426,4.483,0.169,1.074,1.7
5519,47.577597,7.127,4.571,0.179,1.098,1.279
5520,47.58777,5.93,4.571,0.097,0.994,0.268
5521,47.596138,5.857,4.624,0.081,0.908,0.244
5522,47.604189,6.147,4.58,0.075,1.242,0.25
5523,47.612661,6.004,4.568,0.072,1.123,0.241
5524,47.620837,6.152,4.614,0.065,1.237,0.236
5525,47.629882,5.75,4.581,0.094,0.822,0.253
5526,47.639555,7.095,4.58,0.119,0.672,1.724
5527,47.648158,6.82,4.576,0.071,0.689,1.484
5528,47.656517,6.798,4.616,0.086,0.716,1.38
5529,47.664656,7.002,4.536,0.106,0.737,1.623
5530,47.67311,6.959,4.626,0.158,0.823,1.352
5531,47.681254,7.121,4.608,0.148,0.838,1.527
5532,47.689714,6.997,4.481,0.108,0.858,1.55
5533,47.698256,6.775,4.514,0.111,0.878,1.272
5534,47.708812,6.441,4.636,0.104,0.619,1.082
5535,47.716816,6.702,4.447,0.113,0.66,1.482
5536,47.725269,6.623,4.512,0.08,0.681,1.35
5537,47.733304,6.873,4.593,0.12,0.704,1.456
5538,47.741734,6.754,4.466,0.079,0.723,1.486
5539,47.750373,6.472,4.503,0.122,0.743,1.104
5540,47.758733,6.575,4.473,0.11,0.765,1.227
5541,47.768754,5.614,4.573,0.094,0.696,0.251
5542,47.777448,6.469,4.473,0.124,0.749,1.123
5543,47.785426,6.891,4.5,0.085,0.766,1.54
5544,47.794017,6.64,4.495,0.073,0.786,1.286
5545,47.802929,6.049,4.491,0.074,0.806,0.678
5546,47.810576,6.642,4.492,0.104,0.827,1.219
5547,47.81892,6.616,4.53,0.094,0.844,1.148
5548,47.82746,6.413,4.494,0.088,0.867,0.964
5549,47.837695,5.614,4.585,0.075,0.719,0.235
5550,47.846049,6.348,4.601,0.082,0.709,0.956
5551,47.854133,6.64,4.572,0.136,0.781,1.151
5552,47.862865,6.458,4.614,0.135,0.804,0.905
5553,47.870949,6.695,4.621,0.119,0.826,1.129
5554,47.879818,6.097,4.588,0.112,0.849,0.548
5555,47.889472,6.592,4.593,0.129,0.715,1.155
5556,47.898619,5.916,4.54,0.079,0.736,0.561
5557,47.906403,6.332,4.59,0.12,0.757,0.865
5558,47.914815,6.247,4.583,0.082,0.786,0.796
5559,47.922744,6.72,4.566,0.092,0.813,1.249
5560,47.931323,6.414,4.627,0.137,0.832,0.818
5561,47.939947,6.254,4.61,0.077,0.852,0.715
5562,47.948033,6.499,4.615,0.106,0.871,0.907
5563,47.958744,5.625,4.576,0.072,0.631,0.346
5564,47.966825,5.857,4.636,0.084,0.836,0.301
5565,47.975336,6.008,4.614,0.097,0.739,0.558
5566,47.983345,6.294,4.632,0.132,0.762,0.768
5567,47.991756,6.612,4.567,0.163,1.145,0.737
5568,48.000342,6.477,4.604,0.125,1.177,0.571
5569,48.008242,6.799,4.615,0.113,1.2,0.871
5570,48.018669,5.772,4.551,0.115,0.875,0.231
5571,48.027373,5.605,4.577,0.083,0.638,0.307
5572,48.035284,6.103,4.596,0.157,0.976,0.374
5573,48.043969,5.879,4.59,0.086,0.676,0.527
5574,48.052818,5.57,4.59,0.085,0.671,0.224
5575,48.060232,6.492,4.628,0.074,0.963,0.827
5576,48.068954,6.082,4.633,0.085,0.984,0.38
5577,48.079658,5.708,4.593,0.082,0.67,0.363
5578,48.089332,5.581,4.593,0.087,0.669,0.232
5579,48.098146,5.508,4.595,0.082,0.625,0.206
5580,48.106091,5.878,4.595,0.088,0.979,0.216
5581,48.11474,5.684,4.568,0.095,0.819,0.202
5582,48.122765,5.968,4.609,0.079,1.08,0.2
5583,48.130968,6.12,4.563,0.079,1.261,0.217
5584,48.13934,6.091,4.622,0.126,1.162,0.181
5585,48.147985,5.762,4.622,0.073,0.877,0.19
5586,48.155988,6.099,4.604,0.107,0.747,0.641
5587,48.164619,5.805,4.574,0.089,0.764,0.378
5588,48.173126,5.641,4.607,0.087,0.756,0.191
5589,48.181202,5.885,4.61,0.091,0.803,0.381
5590,48.189838,5.737,4.588,0.074,0.693,0.382
5591,48.19784,5.942,4.624,0.069,0.847,0.402
5592,48.208294,5.609,4.631,0.097,0.702,0.179
5593,48.216957,5.836,4.632,0.081,0.776,0.347
5594,48.224808,6.169,4.634,0.085,1.042,0.408
5595,48.233686,5.676,4.573,0.087,0.8,0.216
5596,48.2416,6.148,4.586,0.079,1.136,0.347
5597,48.250186,5.874,4.618,0.067,0.953,0.236
5598,48.258629,5.742,4.586,0.087,0.851,0.218
5599,48.268665,5.727,4.599,0.09,0.839,0.199
5600,48.277225,5.806,4.64,0.074,0.839,0.253
5601,48.287851,5.762,4.62,0.103,0.831,0.208
5602,48.297666,5.542,4.572,0.081,0.643,0.246
5603,48.306226,5.875,4.599,0.065,0.831,0.38
5604,48.314541,5.883,4.571,0.088,0.878,0.346
5605,48.322846,5.958,4.616,0.09,0.899,0.353
5606,48.331049,6.01,4.614,0.074,1.048,0.274
5607,48.339558,5.781,4.569,0.087,0.915,0.21
5608,48.347762,5.916,4.562,0.083,1.038,0.233
5609,48.355976,6.032,4.625,0.08,1.105,0.222
5610,48.36481,5.817,4.621,0.14,0.82,0.236
5611,48.37269,6.222,4.605,0.088,1.34,0.189
5612,48.381151,6.137,4.613,0.075,1.204,0.245
5613,48.389321,6.274,4.588,0.082,1.381,0.223
5614,48.398179,5.927,4.606,0.075,0.864,0.382
5615,48.406199,6.097,4.595,0.065,1.196,0.241
5616,48.415201,5.627,4.579,0.074,0.636,0.338
5617,48.423082,6.091,4.612,0.07,1.046,0.363
5618,48.431725,5.768,4.587,0.066,0.751,0.364
5619,48.439573,6.103,4.557,0.078,1.263,0.205
5620,48.448371,5.829,4.512,0.07,0.876,0.371
5621,48.458773,5.641,4.597,0.072,0.632,0.34
5622,48.466711,5.943,4.45,0.086,1.168,0.239
5623,48.475285,5.742,4.514,0.076,0.896,0.256
5624,48.483255,6.073,4.505,0.074,1.274,0.22
5625,48.491762,5.878,4.486,0.073,1.118,0.201
5626,48.500409,5.597,4.49,0.068,0.763,0.276
5627,48.508427,5.88,4.52,0.076,1.075,0.209
5628,48.516904,5.733,4.487,0.068,0.951,0.227
5629,48.527228,5.564,4.621,0.081,0.666,0.196
5630,48.535643,5.49,4.474,0.075,0.723,0.218
5631,48.543685,5.761,4.483,0.063,1.012,0.203
5632,48.552633,5.389,4.472,0.071,0.632,0.214
5633,48.560662,5.694,4.462,0.079,0.95,0.203
5634,48.568925,5.775,4.51,0.073,0.967,0.225
5635,48.577282,5.738,4.508,0.065,0.96,0.205
5636,48.58763,5.572,4.544,0.075,0.738,0.215
5637,48.598272,5.54,4.614,0.065,0.678,0.183
5638,48.606136,6.097,4.591,0.077,1.175,0.254
5639,48.614805,5.713,4.592,0.086,0.819,0.216
5640,48.622793,6.073,4.615,0.081,1.149,0.228
5641,48.631094,6.095,4.606,0.072,1.212,0.205
5642,48.639638,5.929,4.561,0.07,1.01,0.288
5643,48.648108,5.762,4.609,0.07,0.858,0.225
5644,48.656432,5.83,4.621,0.071,0.845,0.293
5645,48.664666,5.989,4.589,0.077,0.988,0.335
5646,48.673125,5.79,4.608,0.089,0.841,0.252
5647,48.681313,5.89,4.619,0.074,0.979,0.218
5648,48.689945,5.724,4.592,0.066,0.701,0.365
5649,48.698163,5.877,4.614,0.07,0.812,0.381
5650,48.7085,5.663,4.557,0.082,0.79,0.234
5651,48.717036,5.888,4.618,0.093,0.888,0.289
5652,48.724947,6.247,4.609,0.077,1.337,0.224
5653,48.733463,6.042,4.6,0.071,1.162,0.209
5654,48.741523,6.319,4.579,0.068,1.453,0.219
5655,48.74992,6.25,4.629,0.083,1.369,0.169
5656,48.758468,6.041,4.618,0.102,1.163,0.158
5657,48.76883,5.733,4.629,0.086,0.671,0.347
5658,48.777096,5.744,4.631,0.069,0.826,0.218
5659,48.786276,5.785,4.586,0.095,0.765,0.339
5660,48.793807,6.587,4.62,0.08,1.536,0.351
5661,48.802441,6.273,4.601,0.073,1.236,0.363
5662,48.810786,6.173,4.614,0.158,1.14,0.261
5663,48.818748,6.586,4.575,0.105,1.618,0.288
5664,48.827434,6.325,4.629,0.119,1.191,0.386
5665,48.837818,6.31,4.588,0.263,1.195,0.264
5666,48.848127,5.915,4.626,0.106,0.862,0.321
5667,48.856206,6.189,4.639,0.079,1.116,0.355
5668,48.864345,6.24,4.593,0.101,1.329,0.217
5669,48.872639,6.277,4.576,0.091,1.393,0.217
5670,48.881203,6.053,4.644,0.104,1.102,0.203
5671,48.889855,5.714,4.625,0.09,0.791,0.208
5672,48.897602,6.304,4.474,0.104,1.48,0.246
5673,48.906481,5.873,4.452,0.135,0.94,0.346
5674,48.914497,6.125,4.475,0.333,1.063,0.254
5675,48.923029,6.037,4.493,0.176,0.961,0.407
5676,48.93145,6.422,4.523,0.32,1.205,0.374
5677,48.939392,6.754,4.494,0.247,1.728,0.285
5678,48.948003,6.505,4.507,0.091,1.607,0.3
5679,48.95831,6.095,4.608,0.211,1.02,0.256
5680,48.967035,5.989,4.436,0.191,1.111,0.251
5681,48.974998,6.415,4.473,0.122,1.533,0.287
5682,48.983699,6.063,4.457,0.145,1.161,0.3
5683,48.991691,6.433,4.467,0.118,1.532,0.316
5684,49.000272,6.171,4.498,0.156,1.205,0.312
5685,49.008748,5.976,4.479,0.165,1.066,0.266
5686,49.016722,6.314,4.472,0.14,1.473,0.229
5687,49.027257,5.99,4.537,0.36,0.776,0.317
5688,49.036012,5.708,4.448,0.128,0.793,0.339
5689,49.044488,6.187,4.465,0.143,0.939,0.64
5690,49.052288,6.588,4.552,0.216,1.304,0.516
5691,49.060815,6.391,4.51,0.148,1.213,0.52
5692,49.069297,6.322,4.511,0.193,1.029,0.589
5693,49.077432,6.225,4.555,0.106,1.281,0.283
5694,49.087544,5.753,4.527,0.141,0.851,0.234
5695,49.097935,6.465,4.615,0.234,1.24,0.376
5696,49.106209,6.599,4.575,0.077,1.542,0.405
5697,49.114436,6.521,4.692,0.085,1.494,0.25
5698,49.12288,6.447,4.635,0.086,1.485,0.241
5699,49.130928,6.706,4.622,0.084,1.777,0.223
5700,49.139489,6.482,4.597,0.088,1.579,0.218
5701,49.148265,6.043,4.62,0.085,1.133,0.205
5702,49.156092,6.554,4.608,0.098,1.646,0.202
5703,49.16476,6.202,4.599,0.085,1.306,0.212
5704,49.173489,5.817,4.596,0.071,0.917,0.233
5705,49.181256,6.381,4.622,0.079,1.474,0.206
5706,49.190231,5.786,4.607,0.088,0.897,0.194
5707,49.200458,5.746,4.58,0.095,0.706,0.365
5708,49.208455,5.975,4.492,0.092,1.132,0.259
5709,49.216818,5.936,4.45,0.07,1.147,0.269
5710,49.224946,6.126,4.517,0.074,1.297,0.238
5711,49.233509,5.899,4.5,0.071,1.08,0.248
5712,49.241605,6.122,4.497,0.074,1.34,0.211
5713,49.250063,6.022,4.514,0.074,1.195,0.239
5714,49.258543,5.904,4.493,0.067,1.025,0.319
5715,49.26866,5.565,4.606,0.091,0.669,0.199
5716,49.277118,5.487,4.502,0.091,0.642,0.252
5717,49.285654,5.431,4.496,0.084,0.649,0.202
5718,49.293969,5.452,4.51,0.072,0.643,0.227
5719,49.301996,5.753,4.51,0.072,0.943,0.228
5720,49.310524,5.577,4.509,0.075,0.754,0.239
5721,49.319277,5.47,4.539,0.074,0.659,0.198
5722,49.329177,5.539,4.586,0.076,0.651,0.226
5723,49.339459,5.535,4.601,0.081,0.639,0.214
5724,49.347834,5.495,4.589,0.07,0.619,0.217
5725,49.356309,5.726,4.582,0.085,0.646,0.413
5726,49.364688,5.626,4.562,0.091,0.685,0.288
5727,49.37282,5.773,4.57,0.073,0.875,0.255
5728,49.381227,5.682,4.63,0.073,0.78,0.199
5729,49.389743,5.7,4.581,0.07,0.836,0.213
5730,49.39807,5.779,4.608,0.069,0.815,0.287
5731,49.406369,5.789,4.551,0.046,0.891,0.301
5732,49.414628,5.853,4.531,0.067,0.993,0.262
5733,49.422983,5.817,4.588,0.065,0.921,0.243
5734,49.431161,6.006,4.605,0.067,1.058,0.276
5735,49.439869,5.659,4.591,0.063,0.705,0.3
5736,49.448223,5.597,4.581,0.065,0.688,0.263
5737,49.458229,5.489,4.563,0.076,0.628,0.222
5738,49.46684,5.488,4.578,0.068,0.601,0.241
5739,49.475311,5.498,4.579,0.06,0.613,0.246
5740,49.483348,5.786,4.608,0.078,0.863,0.237
5741,49.49198,5.537,4.584,0.08,0.623,0.25
5742,49.500129,5.741,4.624,0.081,0.794,0.242
5743,49.508626,5.554,4.554,0.069,0.676,0.255
5744,49.519147,5.578,4.637,0.066,0.614,0.261
5745,49.527078,5.986,4.605,0.068,1.051,0.262
5746,49.535773,5.667,4.566,0.078,0.787,0.236
5747,49.543795,5.971,4.612,0.079,1.068,0.212
5748,49.552254,5.885,4.626,0.077,0.938,0.244
5749,49.5602,6.251,4.593,0.076,1.335,0.247
5750,49.569084,5.944,4.564,0.071,0.809,0.5
5751,49.579349,5.692,4.575,0.071,0.806,0.24
5752,49.589421,5.527,4.6,0.07,0.625,0.232
5753,49.597915,5.53,4.583,0.069,0.628,0.25
5754,49.606193,5.614,4.622,0.072,0.67,0.25
5755,49.614484,5.623,4.548,0.069,0.763,0.243
5756,49.622655,5.799,4.564,0.065,0.936,0.234
5757,49.631268,5.496,4.568,0.061,0.621,0.246
5758,49.63966,5.499,4.536,0.066,0.66,0.237
5759,49.647997,5.665,4.571,0.068,0.772,0.254
5760,49.656186,5.859,4.61,0.072,0.901,0.276
5761,49.664774,5.731,4.576,0.068,0.839,0.248
5762,49.673335,5.67,4.61,0.073,0.782,0.205
5763,49.681214,6.115,4.59,0.067,1.254,0.204
5764,49.689778,5.902,4.598,0.063,1.008,0.233
5765,49.698246,5.79,4.581,0.071,0.89,0.248
5766,49.708254,5.702,4.741,0.077,0.672,0.212
5767,49.716823,5.553,4.63,0.071,0.633,0.219
5768,49.724981,5.771,4.605,0.068,0.826,0.272
5769,49.733496,5.54,4.56,0.063,0.665,0.252
5770,49.741641,5.879,4.561,0.065,0.874,0.379
5771,49.750608,5.51,4.567,0.073,0.619,0.251
5772,49.758806,5.651,4.585,0.072,0.707,0.287
5773,49.768518,5.763,4.588,0.06,0.755,0.36
5774,49.777122,5.731,4.626,0.137,0.737,0.231
5775,49.785754,5.733,4.6,0.078,0.825,0.23
5776,49.793557,6.276,4.537,0.065,1.241,0.433
5777,49.802262,5.906,4.578,0.106,0.98,0.242
5778,49.809985,6.524,4.567,0.147,1.197,0.613
5779,49.818974,5.923,4.587,0.083,0.972,0.281
5780,49.827726,5.507,4.584,0.067,0.629,0.227
5781,49.837685,5.524,4.563,0.06,0.66,0.241
5782,49.848206,5.944,4.591,0.069,0.677,0.607
5783,49.855921,6.188,4.595,0.059,1.306,0.228
5784,49.86454,5.913,4.56,0.054,1.036,0.263
5785,49.872746,6.145,4.562,0.055,1.122,0.406
5786,49.881176,5.954,4.589,0.057,1.043,0.265
5787,49.89032,5.556,4.613,0.055,0.639,0.249
5788,49.897888,6.301,4.602,0.052,1.423,0.224
5789,49.906865,5.7,4.6,0.068,0.78,0.252
5790,49.914648,6.232,4.578,0.06,1.348,0.246
5791,49.922971,6.25,4.599,0.064,1.34,0.247
5792,49.931155,6.399,4.594,0.063,1.109,0.633
5793,49.939755,6.126,4.557,0.058,1.095,0.416
5794,49.948203,6.063,4.594,0.067,1.069,0.333
5795,49.958559,5.776,4.546,0.085,0.862,0.283
5796,49.966585,6.045,4.569,0.067,1.159,0.25
5797,49.975481,5.76,4.589,0.065,0.856,0.25
5798,49.983632,5.932,4.587,0.063,1.042,0.24
5799,49.991609,6.287,4.562,0.073,1.421,0.231
5800,50.000628,5.603,4.556,0.059,0.747,0.241
5801,50.008736,5.831,4.575,0.075,0.87,0.311
5802,50.018698,6.17,4.578,0.086,0.736,0.77
5803,50.027142,6.073,4.601,0.065,0.719,0.688
5804,50.035778,5.806,4.593,0.059,0.729,0.425
5805,50.043711,6.255,4.569,0.059,0.772,0.855
5806,50.051998,6.294,4.624,0.073,0.755,0.842
5807,50.060394,6.331,4.604,0.089,0.807,0.831
5808,50.068866,6.223,4.597,0.07,0.781,0.775
5809,50.079456,5.671,4.617,0.064,0.766,0.224
5810,50.089395,5.774,4.598,0.071,0.891,0.214
5811,50.097803,5.713,4.577,0.073,0.844,0.219
5812,50.10599,5.875,4.569,0.074,0.997,0.235
5813,50.114318,5.889,4.617,0.081,0.951,0.24
5814,50.122587,5.947,4.571,0.064,1.065,0.247
5815,50.131456,5.962,4.561,0.064,0.811,0.526
5816,50.140283,5.567,4.603,0.057,0.645,0.262
5817,50.147906,6.295,4.616,0.059,1.348,0.272
5818,50.156941,5.605,4.609,0.068,0.684,0.244
5819,50.16459,6.306,4.56,0.06,1.422,0.264
5820,50.17314,6.065,4.595,0.06,1.167,0.243
5821,50.181592,5.935,4.576,0.063,1.068,0.228
5822,50.189717,6.137,4.574,0.059,1.282,0.222
5823,50.198074,6.124,4.589,0.073,1.233,0.229
5824,50.208454,6.579,4.62,0.138,0.873,0.948
5825,50.216503,6.927,4.57,0.158,0.887,1.312
5826,50.225056,6.699,4.603,0.077,0.88,1.139
5827,50.233288,6.816,4.591,0.08,0.861,1.284
5828,50.242049,6.426,4.579,0.118,0.835,0.894
5829,50.250321,6.467,4.591,0.089,0.819,0.968
5830,50.258656,6.466,4.549,0.11,0.832,0.975
5831,50.26912,5.751,4.573,0.07,0.846,0.262
5832,50.27693,6.24,4.609,0.068,1.336,0.227
5833,50.285544,5.961,4.553,0.062,1.104,0.242
5834,50.293686,6.773,4.558,0.069,0.674,1.472
5835,50.301912,7.016,4.665,0.08,0.793,1.478
5836,50.310353,6.912,4.606,0.065,0.771,1.47
5837,50.319134,6.506,4.604,0.075,0.753,1.074
5838,50.327728,6.205,4.615,0.069,0.734,0.787
5839,50.337491,5.533,4.58,0.075,0.682,0.196
5840,50.347757,5.697,4.569,0.082,0.828,0.218
5841,50.356068,5.707,4.6,0.068,0.825,0.214
5842,50.36428,5.834,4.602,0.062,0.944,0.226
5843,50.372709,5.736,4.55,0.062,0.897,0.227
5844,50.381003,5.766,4.554,0.06,0.927,0.225
5845,50.389519,5.578,4.569,0.057,0.735,0.217
5846,50.398238,6.656,4.506,0.071,0.648,1.431
5847,50.406773,6.437,4.474,0.065,0.66,1.238
5848,50.414828,6.701,4.534,0.078,0.641,1.448
5849,50.42315,6.753,4.5,0.071,0.629,1.553
5850,50.431205,7.271,4.452,0.07,0.682,2.067
5851,50.439577,7.184,4.501,0.093,0.773,1.817
5852,50.448009,7.106,4.521,0.084,0.751,1.75
5853,50.458685,6.802,4.571,0.076,0.666,1.489
5854,50.46699,6.874,4.502,0.066,0.682,1.624
5855,50.475346,6.857,4.487,0.099,0.702,1.569
5856,50.483777,6.767,4.489,0.16,0.705,1.413
5857,50.491939,7.021,4.523,0.084,0.726,1.688
5858,50.499876,7.405,4.504,0.083,0.701,2.117
5859,50.508509,7.077,4.499,0.106,0.684,1.788
5860,50.519211,6.81,4.576,0.111,0.646,1.477
5861,50.526991,7.375,4.491,0.109,0.639,2.136
5862,50.535568,7.151,4.476,0.114,0.685,1.876
5863,50.544013,7.514,4.512,0.223,0.882,1.897
5864,50.551988,7.718,4.62,0.129,0.927,2.042
5865,50.560656,7.365,4.556,0.114,0.908,1.787
5866,50.568856,7.477,4.611,0.082,0.888,1.896
5867,50.57731,7.368,4.592,0.177,0.848,1.751
5868,50.587827,7.175,4.607,0.121,0.762,1.685
5869,50.597817,5.765,4.603,0.082,0.84,0.24
5870,50.6061,5.801,4.627,0.09,0.869,0.215
5871,50.614556,5.717,4.57,0.079,0.824,0.244
5872,50.622629,5.985,4.59,0.075,0.956,0.364
5873,50.631141,5.822,4.616,0.082,0.881,0.243
5874,50.639761,5.714,4.606,0.094,0.8,0.214
5875,50.648227,5.712,4.619,0.095,0.816,0.182
5876,50.656277,5.984,4.581,0.096,1.134,0.173
5877,50.66426,6.33,4.609,0.089,1.196,0.436
5878,50.673163,5.804,4.634,0.083,0.881,0.206
5879,50.681314,5.977,4.583,0.077,1.082,0.235
5880,50.689549,6.065,4.56,0.076,1.147,0.282
5881,50.697611,6.345,4.48,0.151,1.108,0.606
5882,50.708352,8.042,4.608,0.228,0.942,2.264
5883,50.717252,7.398,4.485,0.103,0.931,1.879
5884,50.724904,8.074,4.512,0.075,0.914,2.573
5885,50.733507,7.798,4.522,0.084,0.895,2.297
5886,50.741781,8.023,4.453,0.075,0.874,2.621
5887,50.750304,7.684,4.495,0.067,0.852,2.27
5888,50.758243,8.134,4.5,0.064,0.832,2.738
5889,50.768557,7.989,4.545,0.076,0.608,2.76
5890,50.777135,7.801,4.504,0.07,0.626,2.601
5891,50.785667,7.601,4.482,0.067,0.63,2.422
5892,50.794306,7.388,4.514,0.08,0.698,2.096
5893,50.802258,7.742,4.539,0.079,0.673,2.451
5894,50.810521,7.867,4.565,0.066,0.657,2.579
5895,50.819073,7.629,4.51,0.057,0.641,2.421
5896,50.827392,7.664,4.502,0.08,0.646,2.436
5897,50.837304,8.186,4.612,0.069,0.655,2.85
5898,50.847782,6.073,4.589,0.079,0.667,0.738
5899,50.856457,5.758,4.594,0.063,0.657,0.444
5900,50.864438,6.183,4.6,0.07,0.711,0.802
5901,50.872841,6.124,4.588,0.052,0.71,0.774
5902,50.88091,6.365,4.595,0.058,0.695,1.017
5903,50.889509,6.116,4.594,0.069,0.676,0.777
5904,50.897816,6.196,4.588,0.066,0.662,0.88
5905,50.906306,6.084,4.595,0.077,0.674,0.738
5906,50.914689,6.13,4.549,0.12,0.777,0.684
5907,50.923121,6.014,4.625,0.08,0.755,0.554
5908,50.930873,6.597,4.627,0.119,0.763,1.088
5909,50.939731,6.187,4.57,0.166,0.864,0.587
5910,50.948116,6.153,4.617,0.109,0.844,0.583
5911,50.958709,8.063,4.573,0.119,0.76,2.611
5912,50.966579,8.491,4.593,0.144,0.738,3.016
5913,50.975267,8.155,4.624,0.077,0.728,2.726
5914,50.983235,8.5,4.615,0.118,0.7,3.067
5915,50.991693,8.383,4.579,0.091,0.716,2.997
5916,50.999958,8.445,4.618,0.076,0.7,3.051
5917,51.008117,8.697,4.521,0.071,0.708,3.397
5918,51.016823,8.351,4.611,0.058,0.74,2.942
5919,51.027742,7.81,4.601,0.07,0.659,2.48
5920,51.035744,8.15,4.594,0.054,0.657,2.845
5921,51.043875,8.359,4.626,0.058,0.681,2.994
5922,51.05189,8.735,4.661,0.074,0.674,3.326
5923,51.060604,8.475,4.577,0.08,0.747,3.071
5924,51.068746,8.674,4.556,0.068,0.729,3.321
5925,51.077176,8.568,4.598,0.066,0.709,3.195
5926,51.087932,8.28,4.578,0.09,0.764,2.848
5927,51.09767,6.884,4.566,0.093,0.745,1.48
5928,51.106127,6.784,4.621,0.082,0.734,1.347
5929,51.114315,6.914,4.609,0.143,0.71,1.452
5930,51.122782,6.793,4.62,0.09,0.702,1.381
5931,51.131218,6.722,4.609,0.085,0.741,1.287
5932,51.139616,6.659,4.57,0.084,0.722,1.283
5933,51.147658,6.965,4.586,0.086,0.704,1.589
5934,51.156185,6.838,4.6,0.076,0.725,1.437
5935,51.16438,6.939,4.609,0.067,0.704,1.559
5936,51.172776,6.891,4.611,0.072,0.686,1.522
5937,51.180965,7.108,4.596,0.14,0.734,1.638
5938,51.189762,6.642,4.611,0.053,0.707,1.271
5939,51.198623,6.163,4.577,0.075,0.772,0.739
5940,51.208236,9.054,4.576,0.066,0.715,3.697
5941,51.216766,8.849,4.577,0.091,0.692,3.489
5942,51.224951,9.06,4.527,0.079,0.673,3.781
5943,51.233272,9.116,4.511,0.074,0.691,3.84
5944,51.241753,9.064,4.651,0.11,0.729,3.574
5945,51.250754,8.592,4.579,0.102,0.707,3.204
5946,51.258384,9.16,4.66,0.115,0.747,3.638
5947,51.266831,9.038,4.662,0.096,0.726,3.554
5948,51.277388,13.35,4.617,0.07,5.222,3.441
5949,51.285459,13.686,4.506,0.1,5.2,3.88
5950,51.294086,13.624,4.524,0.081,5.334,3.685
5951,51.301941,14.115,4.728,0.116,5.489,3.782
5952,51.310282,14.155,4.626,0.076,5.466,3.987
5953,51.319027,13.911,4.59,0.088,5.442,3.791
5954,51.327639,13.603,4.607,0.084,5.427,3.485
5955,51.337882,11.555,4.633,0.062,5.405,1.455
5956,51.347996,9.713,4.617,0.087,4.8,0.209
5957,51.3561,9.957,4.611,0.078,5.041,0.227
5958,51.364458,9.966,4.626,0.103,3.308,1.929
5959,51.372718,9.978,4.633,0.091,3.305,1.949
5960,51.381063,9.972,4.616,0.095,3.309,1.952
5961,51.389889,9.486,4.633,0.086,3.31,1.457
5962,51.39787,9.837,4.657,0.094,3.303,1.783
5963,51.406356,9.657,4.63,0.094,3.306,1.627
5964,51.414308,10.081,4.633,0.09,3.308,2.05
5965,51.422946,9.75,4.633,0.094,3.306,1.717
5966,51.431472,13.419,4.601,4.574,0.723,3.521
5967,51.439321,13.929,0.0,0.039,5.071,8.819
5968,51.448604,12.964,4.581,0.082,5.105,3.196
5969,51.458742,11.281,4.636,0.084,5.13,1.431
5970,51.466552,11.69,4.587,0.119,5.151,1.833
5971,51.475101,11.491,4.627,0.078,5.169,1.617
5972,51.483483,11.415,4.606,0.049,5.191,1.569
5973,51.491565,11.695,4.562,0.08,5.207,1.846
5974,51.500422,13.029,4.629,0.081,5.022,3.297
5975,51.508109,13.653,4.468,0.041,5.026,4.118
5976,51.518831,11.299,4.627,0.07,5.066,1.536
5977,51.52745,10.995,4.616,0.072,5.081,1.226
5978,51.535419,11.339,4.596,0.081,5.101,1.561
5979,51.544118,13.344,4.6,0.079,5.278,3.387
5980,51.551954,13.709,4.644,0.059,5.282,3.724
5981,51.560251,13.862,4.644,0.055,5.423,3.74
5982,51.568642,13.86,4.76,0.052,5.419,3.629
5983,51.579162,11.701,4.602,0.079,5.475,1.545
5984,51.589515,9.625,4.585,0.079,4.725,0.236
5985,51.597768,9.686,4.635,0.081,4.761,0.209
5986,51.606056,9.717,4.602,0.07,4.831,0.214
5987,51.614472,9.641,4.604,0.068,3.477,1.492
5988,51.622667,9.769,4.597,0.067,3.502,1.603
5989,51.63103,9.733,4.636,0.073,3.52,1.504
5990,51.640065,9.101,4.614,0.077,3.541,0.869
5991,51.647743,9.715,4.62,0.073,3.562,1.46
5992,51.656159,9.645,4.626,0.083,1.486,3.45
5993,51.664705,9.476,4.579,0.079,1.514,3.304
5994,51.672809,9.691,4.643,0.11,1.534,3.404
5995,51.681863,8.92,4.657,0.097,1.56,2.606
5996,51.689385,9.724,4.529,0.093,1.578,3.524
5997,51.698243,9.19,4.686,0.093,1.597,2.814
5998,51.706457,9.31,4.606,0.076,1.622,3.006
5999,51.716525,7.601,4.567,0.063,1.64,1.331
6000,51.725017,8.469,4.617,0.059,0.614,3.179
6001,51.73315,8.694,4.588,0.07,0.659,3.377
6002,51.741661,8.547,4.556,0.064,0.692,3.235
6003,51.74986,8.676,4.513,0.067,0.714,3.382
6004,51.758757,8.147,4.595,0.071,0.731,2.75
6005,51.766831,8.377,4.609,0.067,0.754,2.947
6006,51.777022,6.494,4.605,0.058,0.774,1.057
6007,51.78545,6.406,4.556,0.095,0.793,0.962
6008,51.794004,6.173,4.625,0.07,0.815,0.663
6009,51.802019,6.485,4.608,0.061,0.833,0.983
6010,51.810387,6.478,4.611,0.064,0.853,0.95
6011,51.818708,8.302,4.569,0.064,0.613,3.056
6012,51.829173,6.181,4.607,0.064,0.632,0.878
6013,51.839561,5.692,4.571,0.058,0.824,0.239
6014,51.847742,5.834,4.602,0.061,0.948,0.223
6015,51.856104,5.851,4.556,0.063,0.97,0.262
6016,51.864175,6.12,4.604,0.099,1.187,0.23
6017,51.872651,5.953,4.554,0.067,1.104,0.228
6018,51.880964,5.973,4.617,0.061,1.065,0.23
6019,51.889194,6.064,4.608,0.075,1.176,0.205
6020,51.898584,7.394,4.468,0.067,0.605,2.254
6021,51.906269,8.036,4.519,0.062,0.625,2.83
6022,51.915199,7.474,4.499,0.057,0.646,2.272
6023,51.922902,8.205,4.475,0.062,0.665,3.003
6024,51.931346,7.985,4.521,0.063,0.684,2.717
6025,51.939606,8.038,4.461,0.064,0.706,2.807
6026,51.948184,7.764,4.504,0.057,0.725,2.478
6027,51.958149,8.148,4.591,0.061,0.654,2.842
6028,51.966655,7.995,4.491,0.065,0.671,2.768
6029,51.975099,7.876,4.499,0.054,0.689,2.634
6030,51.983371,7.915,4.552,0.083,0.709,2.571
6031,51.992,7.598,4.5,0.065,0.728,2.305
6032,52.000094,7.846,4.491,0.061,0.75,2.544
6033,52.00873,7.553,4.462,0.058,0.771,2.262
6034,52.016751,7.876,4.482,0.06,0.791,2.543
6035,52.027303,5.632,4.61,0.077,0.74,0.205
6036,52.035149,6.141,4.515,0.061,0.832,0.733
6037,52.044073,5.521,4.495,0.062,0.754,0.21
6038,52.051867,6.068,4.608,0.061,0.876,0.523
6039,52.060405,5.851,4.617,0.06,0.895,0.279
6040,52.068501,6.14,4.567,0.065,0.915,0.593
6041,52.077069,7.675,4.607,0.073,0.647,2.348
6042,52.087642,5.709,4.583,0.073,0.809,0.244
6043,52.097706,5.834,4.579,0.102,0.759,0.394
6044,52.105968,6.274,4.617,0.1,1.115,0.442
6045,52.114253,6.386,4.624,0.17,1.138,0.454
6046,52.122846,6.178,4.601,0.071,1.135,0.371
6047,52.130905,6.359,4.602,0.092,1.184,0.481
6048,52.139402,6.152,4.628,0.069,1.203,0.252
6049,52.148309,5.686,4.61,0.073,0.79,0.213
6050,52.156356,7.417,4.606,0.061,0.685,2.065
6051,52.164705,7.391,4.579,0.071,0.705,2.036
6052,52.172971,7.667,4.603,0.07,0.818,2.176
6053,52.181644,7.417,4.515,0.072,0.87,1.96
6054,52.189721,7.876,4.525,0.13,1.018,2.203
6055,52.198171,7.895,4.444,0.228,1.237,1.986
6056,52.208587,5.973,4.579,0.106,0.973,0.315
6057,52.21672,6.167,4.461,0.079,1.317,0.31
6058,52.224897,6.257,4.49,0.09,1.428,0.249
6059,52.233199,6.297,4.462,0.136,1.447,0.252
6060,52.241736,6.099,4.482,0.153,1.203,0.261
6061,52.250139,6.027,4.468,0.116,1.204,0.239
6062,52.258901,5.717,4.488,0.125,0.777,0.327
6063,52.266784,6.096,4.493,0.102,1.25,0.251
6064,52.277381,7.238,4.582,0.147,0.89,1.619
6065,52.285348,7.645,4.489,0.091,0.905,2.16
6066,52.293912,7.349,4.462,0.158,0.933,1.796
6067,52.302332,7.33,4.491,0.104,0.95,1.785
6068,52.31034,7.721,4.485,0.149,0.961,2.126
6069,52.319081,7.261,4.482,0.132,0.993,1.654
6070,52.329408,5.975,4.536,0.076,1.046,0.317
6071,52.339332,5.772,4.596,0.105,0.788,0.283
6072,52.347867,5.701,4.47,0.09,0.853,0.288
6073,52.356305,6.148,4.579,0.13,0.887,0.552
6074,52.364314,6.24,4.607,0.116,1.226,0.291
6075,52.372835,6.024,4.603,0.095,1.068,0.258
6076,52.381032,6.254,4.557,0.067,1.251,0.379
6077,52.389642,5.842,4.566,0.081,0.966,0.229
6078,52.397798,6.052,4.611,0.157,1.042,0.242
6079,52.406346,5.803,4.574,0.097,0.923,0.209
6080,52.415236,6.358,4.595,0.093,0.756,0.914
6081,52.422894,7.075,4.596,0.089,0.777,1.613
6082,52.43135,6.886,4.595,0.067,0.801,1.423
6083,52.439654,7.056,4.583,0.084,0.833,1.556
6084,52.448123,6.913,4.632,0.072,0.861,1.348
6085,52.458211,7.166,4.61,0.086,0.779,1.691
6086,52.46673,6.962,4.552,0.089,0.801,1.52
6087,52.475102,6.811,4.634,0.092,0.822,1.263
6088,52.483341,6.888,4.658,0.08,0.837,1.313
6089,52.491893,6.773,4.621,0.082,0.859,1.211
6090,52.499879,7.004,4.484,0.065,0.879,1.576
6091,52.50883,6.366,4.519,0.083,0.899,0.865
6092,52.516732,6.796,4.485,0.059,0.919,1.333
6093,52.52734,6.286,4.611,0.067,0.579,1.029
6094,52.53545,6.709,4.487,0.083,0.649,1.49
6095,52.543858,6.464,4.518,0.062,0.671,1.213
6096,52.551858,6.901,4.533,0.081,0.691,1.596
6097,52.560409,6.708,4.511,0.076,0.708,1.413
6098,52.568651,6.706,4.449,0.055,0.731,1.471
6099,52.57738,6.567,4.485,0.083,0.799,1.2
6100,52.587726,5.802,4.595,0.137,0.68,0.39
6101,52.597781,5.611,4.614,0.088,0.657,0.252
6102,52.606048,5.642,4.521,0.073,0.826,0.222
6103,52.61434,5.751,4.497,0.172,0.83,0.252
6104,52.622729,5.73,4.485,0.087,0.911,0.247
6105,52.631102,5.724,4.51,0.072,0.846,0.296
6106,52.639859,5.501,4.549,0.085,0.659,0.208
6107,52.648226,5.641,4.544,0.137,0.692,0.268
6108,52.656321,6.271,4.646,0.109,0.707,0.809
6109,52.665052,5.89,4.633,0.071,0.73,0.456
6110,52.673185,6.091,4.595,0.082,0.754,0.66
6111,52.681232,6.374,4.613,0.079,0.776,0.906
6112,52.689627,6.318,4.575,0.048,0.797,0.898
6113,52.697752,6.504,4.633,0.063,0.819,0.989
6114,52.70822,5.71,4.626,0.076,0.813,0.195
6115,52.71678,5.727,4.634,0.125,0.743,0.225
6116,52.724678,6.489,4.596,0.134,0.691,1.068
6117,52.733587,5.911,4.587,0.074,0.721,0.529
6118,52.741437,6.42,4.635,0.081,0.77,0.934
6119,52.750167,6.024,4.625,0.115,0.785,0.499
6120,52.758635,5.921,4.603,0.066,0.806,0.446
6121,52.766587,6.261,4.58,0.087,0.829,0.765
6122,52.777316,5.769,4.637,0.091,0.833,0.208
6123,52.78534,6.087,4.62,0.123,1.083,0.261
6124,52.79366,6.136,4.569,0.08,0.748,0.739
6125,52.80205,6.099,4.504,0.084,0.77,0.741
6126,52.810086,6.403,4.501,0.078,0.791,1.033
6127,52.818675,6.18,4.452,0.075,0.863,0.79
6128,52.827292,5.978,4.494,0.087,0.881,0.516
6129,52.837683,5.675,4.566,0.083,0.796,0.23
6130,52.847644,5.589,4.557,0.096,0.732,0.204
6131,52.855955,5.607,4.499,0.086,0.815,0.207
6132,52.864298,5.608,4.542,0.089,0.787,0.19
6133,52.872725,5.67,4.493,0.063,0.897,0.217
6134,52.880907,5.866,4.537,0.084,0.999,0.246
6135,52.889432,5.629,4.541,0.086,0.807,0.195
6136,52.898,5.563,4.55,0.117,0.668,0.228
6137,52.906389,5.584,4.508,0.134,0.72,0.222
6138,52.915275,5.679,4.494,0.137,0.765,0.283
6139,52.922704,6.578,4.496,0.175,1.371,0.536
6140,52.931268,6.449,4.502,0.09,1.39,0.467
6141,52.93977,6.194,4.471,0.085,1.407,0.231
6142,52.948169,6.138,4.502,0.076,1.313,0.247
6143,52.958142,5.855,4.598,0.111,0.863,0.283
6144,52.966535,5.732,4.578,0.081,0.862,0.211
6145,52.975142,5.954,4.613,0.094,0.951,0.296
6146,52.983242,6.145,4.595,0.111,1.169,0.27
6147,52.991668,6.033,4.627,0.132,0.987,0.287
6148,53.000186,6.045,4.602,0.128,0.877,0.438
6149,53.008933,5.838,4.604,0.081,0.825,0.328
6150,53.019215,5.761,4.577,0.092,0.846,0.246
6151,53.027609,5.787,4.602,0.072,0.821,0.292
6152,53.03572,5.962,4.569,0.097,1.066,0.23
6153,53.044621,5.616,4.562,0.06,0.73,0.264
6154,53.052871,5.701,4.587,0.093,0.776,0.245
6155,53.062281,5.59,4.598,0.077,0.629,0.286
6156,53.072672,5.746,4.576,0.088,0.83,0.252
6157,53.080233,6.501,4.59,0.084,1.581,0.246
6158,53.088363,6.7,4.597,0.087,1.778,0.238
6159,53.095884,7.522,4.57,0.082,2.618,0.252
6160,53.104379,7.343,4.565,0.079,2.463,0.236
6161,53.112881,7.178,4.605,0.07,2.257,0.246
6162,53.121004,7.431,4.592,0.048,2.473,0.318
6163,53.129594,7.12,4.571,0.107,2.239,0.203
6164,53.139894,5.532,4.644,0.088,0.577,0.223
6165,53.148058,5.707,4.595,0.065,0.794,0.253
6166,53.156517,5.548,4.583,0.062,0.675,0.228
6167,53.164423,5.977,4.603,0.085,1.082,0.207
6168,53.173083,5.723,4.591,0.06,0.795,0.277
6169,53.180888,6.22,4.586,0.095,1.306,0.233
6170,53.189667,5.761,4.557,0.087,0.914,0.203
6171,53.198549,5.527,4.573,0.06,0.66,0.234
6172,53.208214,5.478,4.593,0.088,0.567,0.23
6173,53.216712,5.675,4.591,0.108,0.783,0.193
6174,53.2253,5.582,4.624,0.114,0.607,0.237
6175,53.233641,5.587,4.58,0.093,0.673,0.241
6176,53.24181,5.728,4.624,0.092,0.799,0.213
6177,53.250258,5.609,4.616,0.081,0.694,0.218
6178,53.258483,5.72,4.58,0.075,0.838,0.227
6179,53.266677,5.859,4.571,0.11,0.965,0.213
6180,53.27764,5.637,4.553,0.082,0.794,0.208
6181,53.285417,6.198,4.569,0.067,1.322,0.24
6182,53.293674,6.281,4.565,0.092,1.405,0.219
6183,53.302217,6.043,4.588,0.097,1.158,0.2
6184,53.310349,6.237,4.592,0.08,1.366,0.199
6185,53.318795,6.152,4.566,0.111,1.258,0.217
6186,53.329333,5.554,4.597,0.106,0.59,0.261
6187,53.337616,5.583,4.565,0.105,0.674,0.239
6188,53.34615,5.559,4.611,0.088,0.65,0.21
6189,53.354568,5.509,4.557,0.064,0.637,0.251
6190,53.36273,5.665,4.606,0.091,0.767,0.201
6191,53.370881,5.878,4.597,0.1,0.944,0.237
6192,53.379486,5.604,4.577,0.074,0.702,0.251
6193,53.387549,5.861,4.595,0.066,0.959,0.241
6194,53.397663,5.522,4.569,0.083,0.651,0.219
6195,53.406347,5.472,4.6,0.08,0.572,0.22
6196,53.414822,6.136,4.613,0.075,1.239,0.209
6197,53.423169,6.214,4.603,0.093,1.208,0.31
6198,53.431758,5.879,4.584,0.09,0.962,0.243
6199,53.4397,6.261,4.633,0.089,1.326,0.213
6200,53.44792,6.377,4.603,0.088,1.476,0.21
6201,53.456327,6.305,4.613,0.069,1.394,0.229
6202,53.466687,5.616,4.579,0.096,0.741,0.2
6203,53.475157,5.761,4.573,0.093,0.809,0.286
6204,53.483278,5.912,4.597,0.097,1.001,0.217
6205,53.491679,5.84,4.582,0.075,0.953,0.23
6206,53.500083,5.909,4.6,0.093,0.989,0.227
6207,53.508153,6.165,4.591,0.089,1.267,0.218
6208,53.51669,5.94,4.568,0.085,1.091,0.196
6209,53.525858,5.714,4.577,0.082,0.844,0.211
6210,53.535462,5.699,4.585,0.065,0.824,0.225
6211,53.543895,5.603,4.611,0.071,0.702,0.219
6212,53.551838,5.986,4.511,0.074,1.196,0.205
6213,53.559954,6.203,4.503,0.07,1.407,0.223
6214,53.568626,5.887,4.474,0.049,1.106,0.258
6215,53.579004,5.663,4.595,0.075,0.744,0.249
6216,53.587768,5.486,4.48,0.087,0.71,0.209
6217,53.595755,5.813,4.476,0.076,1.062,0.199
6218,53.60422,5.706,4.521,0.07,0.882,0.233
6219,53.61267,5.592,4.47,0.063,0.817,0.242
6220,53.620887,5.697,4.511,0.073,0.888,0.225
6221,53.629399,5.552,4.523,0.084,0.732,0.213
6222,53.637692,5.589,4.478,0.064,0.817,0.23
6223,53.647856,5.64,4.628,0.076,0.723,0.213
6224,53.656203,5.618,4.496,0.08,0.834,0.208
6225,53.664343,5.803,4.507,0.08,1.018,0.198
6226,53.672852,5.637,4.523,0.074,0.826,0.214
6227,53.681437,5.56,4.526,0.069,0.748,0.217
6228,53.689641,5.687,4.469,0.064,0.931,0.223
6229,53.698305,5.654,4.508,0.083,0.841,0.222
6230,53.70839,5.772,4.619,0.066,0.87,0.217
6231,53.716751,5.735,4.614,0.094,0.836,0.191
6232,53.724749,6.102,4.609,0.064,1.188,0.241
6233,53.733366,5.779,4.605,0.066,0.909,0.199
6234,53.741281,6.214,4.606,0.091,1.327,0.19
6235,53.750079,5.775,4.599,0.082,0.883,0.211
6236,53.758364,5.821,4.615,0.063,0.919,0.224
6237,53.768333,5.66,4.604,0.089,0.782,0.185
6238,53.777144,5.748,4.631,0.08,0.827,0.21
6239,53.785595,5.682,4.564,0.06,0.823,0.235
6240,53.79358,6.014,4.567,0.068,1.172,0.207
6241,53.802002,5.955,4.586,0.062,1.057,0.25
6242,53.810266,5.992,4.615,0.08,1.103,0.194
6243,53.818699,5.907,4.615,0.084,1.004,0.204
6244,53.827298,5.866,4.607,0.097,0.969,0.193
6245,53.837827,5.783,4.651,0.09,0.835,0.207
6246,53.845862,6.068,4.607,0.074,1.168,0.219
6247,53.854404,5.869,4.512,0.079,1.059,0.219
6248,53.862419,6.161,4.514,0.074,1.373,0.2
6249,53.870864,6.05,4.531,0.089,1.243,0.187
6250,53.878875,6.386,4.486,0.077,1.615,0.208
6251,53.88751,6.097,4.496,0.075,1.303,0.223
6252,53.895961,5.972,4.504,0.074,1.183,0.211
6253,53.906039,5.618,4.596,0.056,0.716,0.25
6254,53.914807,5.56,4.516,0.082,0.765,0.197
6255,53.923176,5.638,4.505,0.085,0.81,0.238
6256,53.931556,5.576,4.473,0.067,0.792,0.244
6257,53.939601,5.868,4.461,0.081,1.064,0.262
6258,53.950153,5.735,4.655,0.078,0.808,0.194
6259,53.959913,5.602,4.605,0.08,0.712,0.205
6260,53.968423,5.607,4.506,0.083,0.795,0.223
6261,53.976866,5.497,4.497,0.085,0.708,0.207
6262,53.985145,5.544,4.476,0.073,0.781,0.214
6263,53.994088,5.49,4.499,0.085,0.683,0.223
6264,54.001855,6.049,4.623,0.087,1.131,0.208
6265,54.010052,6.21,4.594,0.12,1.243,0.253
6266,54.019151,5.751,4.61,0.123,0.836,0.182
6267,54.027077,6.214,4.594,0.102,1.275,0.243
6268,54.035531,6.066,4.561,0.09,1.201,0.214
6269,54.043591,6.34,4.562,0.073,1.476,0.229
6270,54.052094,6.195,4.641,0.094,1.22,0.24
6271,54.060749,5.841,4.591,0.087,0.952,0.211
6272,54.068553,6.386,4.574,0.081,1.503,0.228
6273,54.077233,6.045,4.592,0.109,1.11,0.234
6274,54.087436,5.646,4.572,0.064,0.775,0.235
6275,54.096021,5.679,4.589,0.092,0.773,0.225
6276,54.104107,5.937,4.633,0.09,0.986,0.228
6277,54.112671,5.698,4.566,0.089,0.822,0.221
6278,54.120716,5.988,4.567,0.096,1.108,0.217
6279,54.129208,5.847,4.63,0.098,0.881,0.238
6280,54.137444,5.927,4.577,0.067,1.051,0.232
6281,54.147991,5.644,4.607,0.075,0.747,0.215
6282,54.156622,5.472,4.46,0.076,0.707,0.229
6283,54.165012,5.63,4.508,0.078,0.795,0.249
6284,54.173011,5.953,4.531,0.09,1.105,0.227
6285,54.181009,6.262,4.526,0.073,1.451,0.212
6286,54.189636,5.982,4.478,0.064,1.205,0.235
6287,54.197813,6.132,4.527,0.082,1.311,0.212
6288,54.208136,5.701,4.605,0.088,0.804,0.204
6289,54.218411,5.686,4.61,0.076,0.793,0.207
6290,54.226761,5.681,4.484,0.094,0.884,0.219
6291,54.235082,5.693,4.5,0.078,0.896,0.219
6292,54.243512,5.615,4.495,0.08,0.806,0.234
6293,54.251998,5.659,4.516,0.096,0.797,0.25
6294,54.260074,5.895,4.515,0.09,1.061,0.229
6295,54.268252,6.041,4.506,0.095,1.225,0.215
6296,54.277265,5.62,4.511,0.097,0.803,0.209
6297,54.285075,6.152,4.519,0.084,1.329,0.22
6298,54.293821,5.738,4.499,0.094,0.931,0.214
6299,54.30228,5.695,4.609,0.083,0.8,0.203
6300,54.3103,6.015,4.591,0.103,1.117,0.204
6301,54.319217,5.846,4.602,0.108,0.873,0.263
6302,54.327353,6.01,4.597,0.071,1.108,0.234
6303,54.337359,5.707,4.595,0.078,0.808,0.226
6304,54.345808,5.722,4.61,0.096,0.808,0.208
6305,54.354363,5.821,4.638,0.065,0.899,0.219
6306,54.362249,6.266,4.611,0.101,1.36,0.194
6307,54.370925,5.956,4.603,0.118,1.006,0.229
6308,54.378921,6.285,4.605,0.119,1.344,0.217
6309,54.387729,5.818,4.595,0.088,0.911,0.224
6310,54.397739,5.692,4.606,0.084,0.804,0.198
6311,54.40626,5.823,4.568,0.219,0.833,0.203
6312,54.414811,5.786,4.593,0.084,0.86,0.249
6313,54.423009,6.157,4.597,0.126,0.94,0.494
6314,54.431245,6.017,4.615,0.1,1.067,0.235
6315,54.439228,6.366,4.615,0.099,1.42,0.232
6316,54.44785,6.051,4.61,0.078,1.154,0.209
6317,54.458808,5.457,4.556,0.065,0.6,0.236
6318,54.468443,5.55,4.507,0.084,0.737,0.222
6319,54.47682,5.505,4.498,0.092,0.698,0.217
6320,54.48503,5.617,4.519,0.104,0.788,0.206
6321,54.493483,5.52,4.496,0.077,0.715,0.232
6322,54.501875,5.488,4.515,0.072,0.69,0.211
6323,54.509934,5.777,4.515,0.104,0.932,0.226
6324,54.518205,5.815,4.506,0.085,1.026,0.198
6325,54.526692,5.68,4.457,0.074,0.907,0.242
6326,54.535163,5.518,4.473,0.076,0.774,0.195
6327,54.543918,5.411,4.498,0.078,0.62,0.215
6328,54.551881,5.767,4.474,0.079,1.012,0.202
6329,54.560482,5.554,4.5,0.089,0.746,0.219
6330,54.569282,5.507,4.511,0.079,0.699,0.218
6331,54.577066,6.055,4.492,0.089,1.253,0.221
6332,54.587518,5.742,4.555,0.089,0.876,0.222
6333,54.595924,5.738,4.599,0.09,0.809,0.24
6334,54.603977,6.001,4.584,0.078,1.126,0.213
6335,54.61251,5.829,4.548,0.08,0.961,0.24
6336,54.620786,5.854,4.621,0.075,0.947,0.211
6337,54.62911,5.883,4.607,0.078,0.972,0.226
6338,54.637441,5.875,4.569,0.075,1.013,0.218
6339,54.645817,5.828,4.602,0.081,0.935,0.21
6340,54.656465,5.573,4.57,0.076,0.716,0.211
6341,54.664581,5.804,4.572,0.078,0.936,0.218
6342,54.673101,5.674,4.58,0.075,0.799,0.22
6343,54.681206,5.913,4.589,0.075,1.026,0.223
6344,54.689552,5.881,4.568,0.073,1.032,0.208
6345,54.697708,6.053,4.556,0.077,1.077,0.343
6346,54.708005,5.764,4.619,0.082,0.851,0.212
6347,54.718593,5.73,4.56,0.09,0.865,0.215
6348,54.727018,5.673,4.586,0.107,0.752,0.228
6349,54.735112,5.906,4.589,0.12,0.975,0.222
6350,54.743631,5.8,4.564,0.086,0.95,0.2
6351,54.751897,5.896,4.5,0.077,1.087,0.232
6352,54.760366,5.957,4.489,0.104,0.931,0.433
6353,54.768694,5.809,4.453,0.068,1.004,0.284
6354,54.777056,5.745,4.505,0.076,0.718,0.446
6355,54.785472,5.826,4.514,0.064,0.842,0.406
6356,54.793751,5.849,4.47,0.105,0.823,0.451
6357,54.801862,6.066,4.504,0.08,0.802,0.68
6358,54.810632,5.629,4.462,0.08,0.783,0.304
6359,54.818824,5.761,4.521,0.073,0.765,0.402
6360,54.827038,5.884,4.492,0.066,0.742,0.584
6361,54.836037,5.438,4.47,0.082,0.671,0.215
6362,54.845914,5.922,4.535,0.075,0.712,0.6
6363,54.85423,5.937,4.513,0.094,0.835,0.495
6364,54.862178,6.315,4.508,0.099,0.813,0.895
6365,54.870911,5.919,4.539,0.09,0.794,0.496
6366,54.879012,6.169,4.502,0.08,0.773,0.814
6367,54.887724,5.751,4.47,0.09,0.751,0.44
6368,54.897676,5.664,4.568,0.079,0.821,0.196
6369,54.906119,5.597,4.599,0.082,0.725,0.191
6370,54.914711,5.669,4.579,0.09,0.826,0.174
6371,54.922885,5.849,4.625,0.075,0.939,0.21
6372,54.931313,5.757,4.604,0.068,0.874,0.211
6373,54.939169,6.242,4.597,0.065,1.36,0.22
6374,54.947906,5.826,4.6,0.072,0.951,0.203
6375,54.958997,5.668,4.592,0.085,0.75,0.241
6376,54.968462,5.518,4.568,0.069,0.658,0.223
6377,54.976742,5.556,4.624,0.058,0.655,0.219
6378,54.9852,5.626,4.614,0.066,0.687,0.259
6379,54.993416,5.751,4.582,0.097,0.867,0.205
6380,55.001993,5.757,4.602,0.126,0.821,0.208
6381,55.010071,6.037,4.588,0.072,1.135,0.242
6382,55.018422,5.996,4.608,0.098,1.085,0.205
6383,55.027,5.766,4.584,0.086,0.865,0.231
6384,55.03546,5.654,4.581,0.073,0.79,0.21
6385,55.043615,5.828,4.571,0.068,0.975,0.214
6386,55.052092,5.67,4.603,0.083,0.807,0.177
6387,55.060084,5.993,4.649,0.07,1.12,0.154
6388,55.069129,5.713,4.613,0.072,0.816,0.212
6389,55.077134,6.045,4.597,0.062,1.164,0.222
6390,55.087781,6.142,4.597,0.08,0.717,0.748
6391,55.095678,6.579,4.658,0.07,0.695,1.156
6392,55.10399,6.693,4.604,0.073,0.757,1.259
6393,55.112357,7.047,4.627,0.144,1.142,1.134
6394,55.12104,6.736,4.623,0.113,1.127,0.873
6395,55.128902,7.2,4.603,0.12,1.108,1.369
6396,55.13762,6.819,4.575,0.083,1.083,1.078
6397,55.147843,5.684,4.588,0.081,0.787,0.228
6398,55.156369,6.646,4.616,0.09,0.874,1.066
6399,55.164472,6.916,4.574,0.085,0.855,1.402
6400,55.172872,6.811,4.619,0.084,0.835,1.273
6401,55.180945,7.362,4.593,0.082,0.932,1.755
6402,55.189463,7.048,4.574,0.069,0.912,1.493
6403,55.197774,7.029,4.61,0.068,0.892,1.459
6404,55.208748,5.437,4.573,0.067,0.6,0.197
6405,55.218602,5.567,4.577,0.136,0.622,0.232
6406,55.226738,5.765,4.465,0.081,0.995,0.224
6407,55.235016,5.81,4.501,0.082,1.012,0.215
6408,55.243446,5.707,4.515,0.084,0.905,0.203
6409,55.251807,5.678,4.476,0.096,0.908,0.198
6410,55.259996,5.855,4.505,0.099,1.013,0.238
6411,55.268532,5.639,4.483,0.102,0.835,0.219
6412,55.276998,5.534,4.524,0.071,0.674,0.265
6413,55.286114,5.452,4.466,0.072,0.637,0.277
6414,55.293606,6.246,4.478,0.075,1.477,0.216
6415,55.302093,6.108,4.447,0.091,1.325,0.245
6416,55.310203,6.304,4.511,0.081,1.504,0.208
6417,55.318913,5.921,4.498,0.075,1.152,0.196
6418,55.329318,6.798,4.613,0.075,0.662,1.448
6419,55.337364,7.089,4.529,0.09,0.644,1.826
6420,55.345666,7.159,4.484,0.107,0.63,1.938
6421,55.353872,7.448,4.607,0.088,0.778,1.975
6422,55.362481,7.264,4.577,0.184,0.751,1.752
6423,55.370512,7.539,4.559,0.111,0.771,2.098
6424,55.37979,6.689,4.598,0.093,0.795,1.203
6425,55.387422,7.354,4.561,0.098,0.773,1.922
6426,55.398064,7.112,4.556,0.07,0.691,1.795
6427,55.40651,7.07,4.549,0.087,0.8,1.634
6428,55.41459,7.316,4.582,0.099,0.786,1.849
6429,55.423003,7.292,4.606,0.144,0.813,1.729
6430,55.431136,7.517,4.583,0.111,0.801,2.022
6431,55.439704,7.363,4.574,0.104,0.799,1.886
6432,55.447844,7.62,4.667,0.104,0.891,1.958
6433,55.456231,7.725,4.577,0.387,0.816,1.945
6434,55.466641,7.412,4.513,0.076,0.701,2.122
6435,55.476761,5.815,4.672,0.116,0.734,0.293
6436,55.485397,5.802,4.483,0.111,0.786,0.422
6437,55.493574,5.906,4.488,0.116,0.954,0.348
6438,55.501801,5.974,4.591,0.128,0.987,0.268
6439,55.510303,5.894,4.582,0.108,0.843,0.361
6440,55.518482,7.787,4.555,0.08,0.703,2.449
6441,55.527223,7.462,4.537,0.125,0.747,2.053
6442,55.535634,7.353,4.495,0.069,0.727,2.062
6443,55.543626,7.797,4.514,0.226,0.792,2.265
6444,55.552736,7.144,4.521,0.101,0.837,1.685
6445,55.560224,7.973,4.565,0.135,0.817,2.456
6446,55.568893,7.647,4.51,0.094,0.799,2.244
6447,55.577154,7.733,4.585,0.121,0.778,2.249
6448,55.587752,6.272,4.553,0.16,1.189,0.37
6449,55.595821,6.557,4.575,0.137,1.484,0.361
6450,55.60426,6.366,4.603,0.093,1.407,0.263
6451,55.612469,7.734,4.536,0.085,0.677,2.436
6452,55.620692,7.906,4.584,0.098,0.734,2.49
6453,55.629241,7.672,4.58,0.089,0.715,2.288
6454,55.637499,7.76,4.534,0.074,0.685,2.467
6455,55.646396,7.273,4.565,0.103,0.754,1.851
6456,55.656455,7.574,4.518,0.077,0.692,2.287
6457,55.664568,8.022,4.451,0.085,0.884,2.602
6458,55.673153,7.839,4.521,0.091,0.864,2.363
6459,55.681142,8.123,4.492,0.115,0.844,2.672
6460,55.689642,8.003,4.47,0.072,0.825,2.636
6461,55.698104,7.85,4.487,0.084,0.805,2.474
6462,55.706235,8.036,4.479,0.095,0.785,2.677
6463,55.716678,5.929,4.574,0.073,0.766,0.516
6464,55.726841,5.621,4.586,0.069,0.711,0.255
6465,55.735344,5.724,4.484,0.135,0.847,0.258
6466,55.743541,5.845,4.469,0.069,1.025,0.282
6467,55.751751,5.96,4.479,0.081,1.144,0.256
6468,55.760176,5.836,4.489,0.073,1.04,0.234
6469,55.76841,5.941,4.514,0.091,1.118,0.218
6470,55.777073,8.133,4.491,0.091,0.697,2.854
6471,55.786196,7.346,4.48,0.087,0.713,2.066
6472,55.793721,8.19,4.474,0.084,0.724,2.908
6473,55.802635,7.616,4.527,0.069,0.727,2.293
6474,55.810162,8.496,4.602,0.1,0.754,3.04
6475,55.818975,8.018,4.632,0.078,0.737,2.571
6476,55.827275,8.06,4.573,0.057,0.718,2.712
6477,55.837277,8.449,4.557,0.08,0.7,3.112
6478,55.845677,8.43,4.559,0.091,0.725,3.055
6479,55.854262,8.262,4.596,0.067,0.758,2.841
6480,55.862263,8.574,4.573,0.082,0.732,3.187
6481,55.870924,8.243,4.58,0.095,0.717,2.851
6482,55.878792,8.73,4.589,0.095,0.722,3.324
6483,55.887569,8.334,4.534,0.181,0.74,2.879
6484,55.896503,7.747,4.585,0.111,0.741,2.31
6485,55.906138,8.505,4.599,0.105,0.7,3.101
6486,55.914556,8.413,4.587,0.105,0.677,3.044
6487,55.923091,8.329,4.629,0.084,0.752,2.864
6488,55.931191,8.55,4.605,0.102,0.732,3.111
6489,55.939583,8.475,4.586,0.158,0.709,3.022
6490,55.94787,8.544,4.607,0.045,0.696,3.196
6491,55.956287,8.456,4.603,0.099,0.673,3.081
6492,55.966919,8.26,4.543,0.103,0.678,2.936
6493,55.976732,6.804,4.58,0.105,0.673,1.446
6494,55.985216,6.706,4.553,0.103,0.719,1.331
6495,55.993503,6.817,4.561,0.098,0.724,1.434
6496,56.001758,6.884,4.569,0.115,0.713,1.487
6497,56.0104,6.571,4.581,0.104,0.696,1.19
6498,56.018468,6.837,4.587,0.086,0.674,1.49
6499,56.027155,6.468,4.59,0.112,0.664,1.102
6500,56.035796,6.172,4.55,0.069,0.651,0.902
6501,56.043608,6.823,4.543,0.071,0.735,1.474
6502,56.052598,6.189,4.571,0.068,0.717,0.833
6503,56.060148,6.926,4.589,0.072,0.698,1.567
6504,56.068848,6.584,4.58,0.067,0.683,1.254
6505,56.077061,8.778,4.585,0.105,0.655,3.433
6506,56.08771,8.567,4.577,0.079,0.637,3.274
6507,56.095609,9.155,4.641,0.082,0.737,3.695
6508,56.1046,13.489,4.526,0.092,5.417,3.454
6509,56.112288,13.924,4.703,0.079,5.401,3.741
6510,56.12084,13.621,4.607,0.153,5.378,3.483
6511,56.129438,13.363,4.584,0.131,5.363,3.285
6512,56.13744,13.722,4.6,0.093,5.339,3.69
6513,56.146398,13.047,4.585,0.154,5.31,2.998
6514,56.156449,11.372,4.584,0.109,5.301,1.378
6515,56.164376,11.708,4.611,0.11,5.278,1.709
6516,56.172722,11.689,4.622,0.107,5.261,1.699
6517,56.181418,13.388,4.586,0.09,5.212,3.5
6518,56.189468,13.752,4.63,0.1,5.189,3.833
6519,56.197607,13.878,4.561,0.095,5.168,4.054
6520,56.208966,10.858,4.605,0.072,5.152,1.029
6521,56.21845,9.682,4.584,0.079,4.836,0.183
6522,56.226791,9.677,4.635,0.079,4.777,0.186
6523,56.235158,9.648,4.583,0.091,4.788,0.186
6524,56.243455,9.695,4.579,0.077,4.829,0.21
6525,56.25201,9.62,4.608,0.088,4.579,0.345
6526,56.260142,9.709,4.588,0.098,4.796,0.227
6527,56.26857,9.565,4.572,0.075,4.72,0.198
6528,56.276897,9.71,4.625,0.074,0.923,4.088
6529,56.28562,9.407,4.566,0.092,0.925,3.824
6530,56.293938,9.314,4.647,0.087,0.925,3.655
6531,56.302443,13.068,4.495,4.501,0.632,3.44
6532,56.310012,13.792,0.0,0.042,4.916,8.834
6533,56.319015,13.195,4.555,0.075,4.948,3.617
6534,56.329246,13.473,4.621,0.084,5.17,3.598
6535,56.337462,13.592,4.59,0.037,5.173,3.792
6536,56.345414,14.658,4.258,0.04,5.876,4.484
6537,56.354078,14.339,4.857,0.049,5.879,3.554
6538,56.362622,14.146,4.725,0.066,5.878,3.477
6539,56.370619,14.458,4.492,0.099,5.927,3.94
6540,56.37952,14.021,4.596,0.054,5.948,3.423
6541,56.387761,14.092,4.501,0.056,5.965,3.57
6542,56.397623,12.414,4.565,0.08,3.914,3.855
6543,56.406167,12.257,4.614,0.082,3.935,3.626
6544,56.414733,13.074,4.634,0.078,5.022,3.34
6545,56.422537,13.586,4.479,0.045,5.028,4.034
6546,56.431247,13.277,4.622,0.087,5.063,3.505
6547,56.439721,13.162,4.571,0.086,5.126,3.379
6548,56.447575,13.607,4.585,0.056,5.134,3.832
6549,56.458291,11.236,4.614,0.116,5.167,1.339
6550,56.468331,9.577,4.637,0.11,4.58,0.25
6551,56.476786,9.405,4.645,0.09,3.134,1.536
6552,56.48505,9.478,4.585,0.074,3.153,1.666
6553,56.493494,9.388,4.603,0.153,3.174,1.458
6554,56.502211,9.003,4.615,0.152,3.192,1.044
6555,56.509975,9.556,4.61,0.111,3.214,1.621
6556,56.518916,8.931,4.603,0.1,3.237,0.991
6557,56.52755,8.832,4.456,0.071,3.253,1.052
6558,56.53549,9.19,4.589,0.073,3.274,1.254
6559,56.543829,9.074,4.624,0.064,1.212,3.174
6560,56.55178,9.411,4.576,0.095,1.232,3.508
6561,56.560481,9.222,4.567,0.079,1.253,3.323
6562,56.569113,8.829,4.59,0.1,1.276,2.863
6563,56.578706,7.615,4.588,0.077,1.296,1.654
6564,56.58755,8.481,4.548,0.064,0.613,3.256
6565,56.596006,8.329,4.597,0.083,0.641,3.008
6566,56.604299,8.271,4.61,0.063,0.659,2.939
6567,56.612864,8.178,4.586,0.072,0.684,2.836
6568,56.620892,8.407,4.586,0.08,0.712,3.029
6569,56.629473,8.181,4.548,0.062,0.768,2.803
6570,56.637571,8.517,4.533,0.067,0.787,3.13
6571,56.646098,8.257,4.597,0.078,0.81,2.772
6572,56.655946,6.816,4.594,0.082,0.825,1.315
6573,56.664615,6.478,4.541,0.077,0.848,1.012
6574,56.673036,6.405,4.613,0.084,0.867,0.841
6575,56.681258,6.495,4.601,0.079,0.886,0.929
6576,56.689422,6.527,4.56,0.034,0.91,1.023
6577,56.697776,6.574,4.579,0.085,0.928,0.982
6578,56.708168,8.416,4.609,0.09,0.742,2.975
6579,56.718346,6.563,4.609,0.066,0.762,1.126
6580,56.727031,6.211,4.507,0.068,0.777,0.859
6581,56.735006,6.894,4.509,0.093,1.106,1.186
6582,56.743493,6.733,4.453,0.12,1.102,1.058
6583,56.75178,6.742,4.5,0.134,1.133,0.975
6584,56.759934,6.916,4.496,0.083,1.157,1.18
6585,56.76861,6.714,4.457,0.071,1.179,1.007
6586,56.777062,8.152,4.497,0.069,0.651,2.935
6587,56.785533,7.971,4.457,0.062,0.763,2.689
6588,56.793737,8.168,4.464,0.088,0.787,2.829
6589,56.8018,8.379,4.474,0.072,0.808,3.025
6590,56.810221,8.413,4.507,0.067,0.825,3.014
6591,56.819101,7.776,4.524,0.062,0.849,2.341
6592,56.827123,8.187,4.498,0.063,0.871,2.755
6593,56.837621,7.703,4.559,0.077,0.624,2.443
6594,56.845995,7.69,4.532,0.075,0.649,2.434
6595,56.854128,7.885,4.597,0.06,0.698,2.53
6596,56.862839,7.667,4.598,0.07,0.71,2.289
6597,56.870691,7.981,4.668,0.076,0.736,2.501
6598,56.879208,7.895,4.609,0.1,0.758,2.428
6599,56.88772,7.691,4.584,0.092,0.774,2.241
6600,56.897801,5.927,4.554,0.122,0.803,0.448
6601,56.906413,7.666,4.595,0.084,0.698,2.289
6602,56.914446,7.884,4.544,0.067,0.716,2.557
6603,56.922944,7.82,4.593,0.076,0.737,2.414
6604,56.931408,7.74,4.549,0.073,0.8,2.318
6605,56.940144,7.407,4.658,0.12,0.817,1.812
6606,56.947999,7.749,4.565,0.098,0.841,2.245
6607,56.958717,5.889,4.574,0.076,0.812,0.427
6608,56.968675,5.637,4.598,0.079,0.694,0.266
6609,56.976688,5.967,4.636,0.077,0.795,0.459
6610,56.98558,5.957,4.544,0.076,0.959,0.378
6611,56.99362,6.171,4.549,0.091,1.25,0.281
6612,57.001788,6.319,4.506,0.117,1.274,0.422
6613,57.010189,6.214,4.494,0.093,1.293,0.334
6614,57.018392,6.334,4.502,0.094,1.312,0.426
6615,57.027108,5.963,4.503,0.071,1.162,0.227
6616,57.035653,5.791,4.478,0.119,0.936,0.258
6617,57.043608,7.692,4.456,0.11,0.75,2.376
6618,57.052118,7.469,4.465,0.116,0.762,2.126
6619,57.060105,7.911,4.508,0.096,0.784,2.523
6620,57.068697,7.604,4.478,0.108,0.804,2.214
6621,57.07703,7.635,4.505,0.065,0.825,2.24
6622,57.087667,7.157,4.601,0.118,0.729,1.709
6623,57.095652,7.604,4.453,0.082,0.763,2.306
6624,57.104508,6.985,4.486,0.071,0.78,1.648
6625,57.112158,7.636,4.515,0.093,0.799,2.229
6626,57.120677,7.47,4.461,0.073,0.82,2.116
6627,57.129246,7.229,4.512,0.091,0.839,1.787
6628,57.137527,7.285,4.453,0.063,0.862,1.907
6629,57.147655,5.505,4.575,0.063,0.637,0.23
6630,57.156418,6.888,4.577,0.075,0.635,1.601
6631,57.164647,7.048,4.597,0.077,0.722,1.652
6632,57.173086,6.937,4.582,0.07,0.739,1.546
6633,57.181833,6.529,4.604,0.076,0.763,1.086
6634,57.189673,7.02,4.607,0.076,0.783,1.554
6635,57.197906,7.122,4.603,0.079,0.801,1.639
6636,57.207968,5.713,4.597,0.063,0.818,0.235
6637,57.216663,5.567,4.614,0.069,0.677,0.207
6638,57.224794,5.777,4.615,0.059,0.877,0.226
6639,57.233364,5.645,4.597,0.073,0.769,0.206
6640,57.241413,5.929,4.586,0.068,1.064,0.211
6641,57.250435,6.573,4.564,0.087,0.808,1.114
6642,57.258017,7.322,4.621,0.087,0.829,1.785
6643,57.266559,7.098,4.571,0.089,0.854,1.584
6644,57.277284,6.033,4.579,0.073,0.912,0.469
6645,57.285213,6.304,4.589,0.089,1.346,0.28
6646,57.293528,6.224,4.569,0.065,1.403,0.187
6647,57.301824,6.291,4.521,0.069,1.475,0.226
6648,57.309962,6.621,4.484,0.07,1.704,0.363
6649,57.318937,6.573,4.494,0.073,0.671,1.335
6650,57.329388,5.564,4.592,0.065,0.67,0.237
6651,57.337581,5.829,4.478,0.077,0.917,0.357
6652,57.345818,5.822,4.476,0.071,1.017,0.258
6653,57.353974,6.014,4.491,0.065,1.181,0.277
6654,57.362173,6.897,4.518,0.072,0.651,1.656
6655,57.370732,6.664,4.503,0.064,0.667,1.43
6656,57.378994,6.882,4.528,0.07,0.687,1.597
6657,57.387363,6.748,4.498,0.133,0.69,1.427
6658,57.398036,5.666,4.606,0.104,0.704,0.252
6659,57.40801,5.372,4.503,0.048,0.552,0.269
6660,57.416347,5.474,4.537,0.077,0.652,0.208
6661,57.424843,5.405,4.474,0.075,0.627,0.229
6662,57.433042,5.557,4.496,0.094,0.746,0.221
6663,57.441421,5.54,4.509,0.113,0.697,0.221
6664,57.449539,6.851,4.496,0.107,0.679,1.569
6665,57.457952,6.771,4.635,0.077,1.857,0.202
6666,57.466407,6.634,4.574,0.073,1.775,0.212
6667,57.474888,6.477,4.627,0.11,0.736,1.004
6668,57.482926,6.783,4.621,0.105,0.76,1.297
6669,57.491666,6.369,4.606,0.08,0.773,0.91
6670,57.500172,6.185,4.626,0.119,0.799,0.641
6671,57.508344,6.362,4.6,0.107,0.82,0.835
6672,57.518899,6.041,4.6,0.077,0.627,0.737
6673,57.526974,6.506,4.597,0.11,0.65,1.149
6674,57.535478,6.268,4.582,0.069,0.798,0.819
6675,57.54364,6.457,4.592,0.078,0.834,0.953
6676,57.551724,6.698,4.597,0.069,0.856,1.176
6677,57.560729,6.02,4.609,0.073,0.876,0.462
6678,57.568597,6.612,4.546,0.112,0.896,1.058
6679,57.577229,6.618,4.595,0.476,0.858,0.689
6680,57.587549,6.124,4.594,0.109,0.781,0.64
6681,57.595718,6.287,4.56,0.078,0.802,0.847
6682,57.604061,6.278,4.571,0.096,0.822,0.789
6683,57.612181,6.496,4.623,0.102,0.843,0.928
6684,57.620776,6.344,4.603,0.107,0.864,0.77
6685,57.629486,5.956,4.567,0.095,0.871,0.423
6686,57.6377,5.956,4.589,0.091,0.902,0.374
6687,57.64808,5.862,4.614,0.076,0.929,0.243
6688,57.658084,5.594,4.612,0.074,0.664,0.244
6689,57.666187,5.835,4.632,0.095,0.871,0.237
6690,57.67479,5.71,4.577,0.07,0.829,0.234
6691,57.682888,5.945,4.587,0.078,1.032,0.248
6692,57.691321,5.851,4.601,0.074,0.943,0.233
6693,57.700193,5.824,4.616,0.113,0.795,0.3
6694,57.708299,5.995,4.597,0.079,1.076,0.243
6695,57.716731,5.873,4.575,0.076,0.987,0.235
6696,57.724677,6.263,4.579,0.072,1.358,0.254
6697,57.733101,6.245,4.641,0.07,1.253,0.281
6698,57.741641,5.988,4.623,0.082,1.048,0.235
6699,57.749813,6.164,4.619,0.068,0.951,0.526
6700,57.758181,6.097,4.503,0.07,0.972,0.552
6701,57.768855,5.636,4.594,0.145,0.619,0.278
6702,57.77767,5.354,4.453,0.073,0.609,0.219
6703,57.785124,6.227,4.467,0.072,1.048,0.64
6704,57.793726,5.964,4.486,0.068,1.068,0.342
6705,57.801718,6.344,4.474,0.08,1.087,0.703
6706,57.810275,6.092,4.466,0.074,1.106,0.446
6707,57.818629,6.082,4.467,0.074,1.127,0.414
6708,57.827155,5.888,4.515,0.068,1.089,0.216
6709,57.835545,5.82,4.48,0.072,1.039,0.229
6710,57.845744,5.515,4.611,0.068,0.616,0.22
6711,57.854231,5.425,4.495,0.069,0.629,0.232
6712,57.862216,5.745,4.502,0.071,0.765,0.407
6713,57.871225,5.434,4.494,0.079,0.634,0.227
6714,57.879057,5.95,4.486,0.073,1.141,0.25
6715,57.887332,6.011,4.486,0.129,1.146,0.25
6716,57.897857,5.516,4.616,0.068,0.616,0.216
6717,57.908092,5.504,4.589,0.069,0.626,0.22
6718,57.91636,5.54,4.568,0.07,0.687,0.215
6719,57.924658,5.587,4.616,0.07,0.682,0.219
6720,57.932989,5.586,4.616,0.074,0.695,0.201
6721,57.941325,5.582,4.617,0.069,0.685,0.211
6722,57.949718,5.526,4.609,0.07,0.63,0.217
6723,57.958056,5.634,4.624,0.082,0.698,0.23
6724,57.966662,5.51,4.594,0.08,0.632,0.204
6725,57.974683,5.824,4.632,0.077,0.933,0.182
6726,57.983118,5.714,4.584,0.093,0.851,0.186
6727,57.991466,5.997,4.594,0.181,0.999,0.223
6728,58.000111,5.863,4.576,0.16,0.852,0.275
6729,58.008278,6.037,4.588,0.089,1.056,0.304
6730,58.016783,5.788,4.596,0.078,0.896,0.218
6731,58.027356,5.596,4.56,0.074,0.67,0.292
6732,58.035259,5.984,4.62,0.089,1.054,0.221
6733,58.04387,5.826,4.579,0.082,0.797,0.368
6734,58.052039,6.003,4.586,0.069,0.989,0.359
6735,58.060247,6.125,4.584,0.087,1.111,0.343
6736,58.068966,5.662,4.622,0.068,0.758,0.214
6737,58.076907,6.176,4.59,0.07,1.17,0.346
6738,58.087161,5.714,4.634,0.08,0.766,0.234
6739,58.095963,5.543,4.583,0.076,0.64,0.244
6740,58.103784,6.048,4.596,0.069,1.118,0.265
6741,58.112523,5.621,4.569,0.069,0.74,0.243
6742,58.120573,5.883,4.554,0.062,1.033,0.234
6743,58.129228,5.78,4.596,0.071,0.807,0.306
6744,58.138043,5.637,4.604,0.062,0.727,0.244
6745,58.14785,5.673,4.643,0.069,0.6,0.361
6746,58.158104,5.528,4.62,0.044,0.571,0.293
6747,58.166142,5.762,4.596,0.065,0.881,0.22
6748,58.175,5.685,4.623,0.07,0.615,0.377
6749,58.183148,5.828,4.597,0.074,0.785,0.372
6750,58.191429,5.782,4.578,0.073,0.862,0.269
6751,58.200236,5.715,4.63,0.069,0.8,0.216
6752,58.208254,6.106,4.582,0.071,1.154,0.299
6753,58.216656,5.982,4.624,0.067,1.057,0.234
6754,58.224715,6.289,4.579,0.065,1.358,0.287
6755,58.233208,6.225,4.612,0.092,1.178,0.343
6756,58.241788,5.861,4.636,0.083,0.907,0.235
6757,58.249881,6.078,4.609,0.075,1.17,0.224
6758,58.258363,5.956,4.563,0.07,1.066,0.257
6759,58.266668,5.963,4.567,0.072,1.085,0.239
6760,58.277054,5.579,4.621,0.081,0.66,0.217
6761,58.285209,5.745,4.57,0.078,0.875,0.222
6762,58.294076,5.482,4.614,0.07,0.594,0.204
6763,58.301802,6.156,4.63,0.069,1.167,0.29
6764,58.310484,5.759,4.57,0.068,0.898,0.223
6765,58.318485,6.083,4.567,0.069,1.216,0.231
6766,58.327173,5.817,4.609,0.082,0.88,0.246
6767,58.337073,5.616,4.619,0.077,0.67,0.25
6768,58.345677,5.683,4.616,0.072,0.777,0.218
6769,58.354146,5.566,4.584,0.073,0.683,0.226
6770,58.362286,5.743,4.611,0.067,0.837,0.228
6771,58.371029,5.527,4.633,0.062,0.614,0.218
6772,58.379131,5.752,4.609,0.068,0.876,0.199
6773,58.38784,5.512,4.615,0.068,0.61,0.219
6774,58.395841,5.835,4.559,0.071,0.978,0.227
6775,58.406139,5.501,4.62,0.067,0.612,0.202
6776,58.416163,5.526,4.646,0.07,0.606,0.204
6777,58.424723,5.549,4.632,0.067,0.62,0.23
6778,58.433186,5.786,4.576,0.11,0.753,0.347
6779,58.441314,5.905,4.579,0.069,1.01,0.247
6780,58.450174,5.686,4.598,0.077,0.787,0.224
6781,58.458135,6.061,4.621,0.066,1.163,0.211
6782,58.466424,6.105,4.567,0.066,1.246,0.226
6783,58.474966,5.9,4.593,0.084,1.028,0.195
6784,58.483563,5.658,4.559,0.074,0.775,0.25
6785,58.49155,5.977,4.566,0.069,1.127,0.215
6786,58.500108,5.739,4.594,0.068,0.886,0.191
6787,58.508183,5.994,4.64,0.071,1.095,0.188
6788,58.516662,5.872,4.712,0.06,0.862,0.238
6789,58.527322,5.834,4.601,0.077,0.776,0.38
6790,58.535273,6.142,4.603,0.071,1.147,0.321
6791,58.54423,5.892,4.616,0.071,0.818,0.387
6792,58.552313,6.117,4.621,0.073,1.074,0.349
6793,58.560247,6.419,4.612,0.07,1.492,0.245
6794,58.568861,6.109,4.629,0.09,1.175,0.215
6795,58.579243,5.667,4.57,0.097,0.784,0.216
6796,58.587194,6.027,4.604,0.144,1.094,0.185
6797,58.595788,5.781,4.536,0.116,0.913,0.216
6798,58.60374,6.192,4.529,0.106,1.319,0.238
6799,58.612545,5.795,4.528,0.105,0.832,0.33
6800,58.620286,6.289,4.59,0.084,1.402,0.213
6801,58.629246,5.945,4.562,0.109,1.043,0.231
6802,58.639907,5.975,4.597,0.083,0.904,0.391
6803,58.649567,5.78,4.559,0.081,0.837,0.303
6804,58.658078,5.893,4.592,0.084,0.864,0.353
6805,58.666191,6.038,4.541,0.19,1.013,0.294
6806,58.674745,6.052,4.571,0.225,0.867,0.389
6807,58.683148,6.005,4.528,0.151,1.037,0.289
6808,58.691595,6.099,4.708,0.279,0.828,0.284
6809,58.700113,5.907,4.624,0.162,0.86,0.261
6810,58.708651,5.969,4.618,0.103,0.895,0.353
6811,58.716503,6.397,4.58,0.111,1.429,0.277
6812,58.725185,6.065,4.588,0.096,1.073,0.308
6813,58.733014,6.577,4.576,0.118,1.566,0.317
6814,58.741699,6.219,4.641,0.119,1.162,0.297
6815,58.749834,6.385,4.575,0.146,1.366,0.298
6816,58.758347,6.352,4.529,0.125,1.296,0.402
6817,58.766986,5.997,4.593,0.129,0.921,0.354
6818,58.776902,5.96,4.622,0.12,0.842,0.376
6819,58.78546,5.839,4.52,0.136,0.836,0.347
6820,58.794489,6.024,4.572,0.113,0.942,0.397
6821,58.801914,6.886,4.559,0.107,1.884,0.336
6822,58.81067,6.548,4.442,0.15,1.515,0.441
6823,58.818684,6.771,4.456,0.15,1.853,0.312
6824,58.827208,6.563,4.497,0.109,1.668,0.289
6825,58.837627,5.905,4.515,0.132,0.748,0.51
6826,58.846254,6.207,4.448,0.083,0.772,0.904
6827,58.854991,6.102,4.454,0.119,0.728,0.801
6828,58.862602,6.729,4.447,0.081,1.507,0.694
6829,58.871739,6.002,4.474,0.113,0.681,0.734
6830,58.879347,6.438,4.485,0.074,1.414,0.465
6831,58.887823,6.581,4.481,0.089,1.29,0.721
6832,58.898337,5.865,4.551,0.062,0.629,0.623
6833,58.908411,5.779,4.548,0.083,0.588,0.56
6834,58.916845,5.87,4.5,0.1,0.653,0.617
6835,58.925248,6.151,4.455,0.101,0.715,0.88
6836,58.933686,5.937,4.455,0.096,0.697,0.689
6837,58.941779,6.387,4.485,0.124,1.049,0.729
6838,58.950328,6.098,4.478,0.109,0.88,0.631
6839,58.95804,6.403,4.606,0.1,1.391,0.306
6840,58.966812,5.864,4.629,0.092,0.932,0.211
6841,58.974899,6.121,4.581,0.096,1.21,0.234
6842,58.983344,5.999,4.573,0.066,1.126,0.234
6843,58.991186,6.515,4.602,0.084,1.592,0.237
6844,58.999748,6.252,4.623,0.1,1.328,0.201
6845,59.008325,6.189,4.594,0.067,1.111,0.417
6846,59.018818,5.751,4.611,0.122,0.76,0.258
6847,59.026973,5.94,4.587,0.095,1.019,0.239
6848,59.035095,6.134,4.57,0.077,1.235,0.252
6849,59.043665,5.896,4.61,0.063,0.975,0.248
6850,59.052139,5.72,4.607,0.08,0.842,0.191
6851,59.059963,6.233,4.602,0.08,1.352,0.199
6852,59.068802,5.739,4.565,0.063,0.885,0.226
6853,59.077099,5.769,4.62,0.082,0.867,0.2
6854,59.087468,5.578,4.589,0.063,0.697,0.229
6855,59.09566,5.711,4.566,0.067,0.861,0.217
6856,59.104182,5.528,4.603,0.087,0.634,0.204
6857,59.112431,5.606,4.49,0.07,0.83,0.216
6858,59.120867,5.59,4.502,0.12,0.738,0.23
6859,59.128958,5.956,4.508,0.092,1.017,0.339
6860,59.137488,5.648,4.459,0.064,0.887,0.238
6861,59.148085,5.762,4.594,0.098,0.686,0.384
6862,59.158165,5.745,4.61,0.075,0.69,0.37
6863,59.166822,5.45,4.473,0.091,0.663,0.223
6864,59.174681,5.919,4.467,0.052,1.156,0.244
6865,59.183106,5.848,4.504,0.086,1.025,0.233
6866,59.191275,5.972,4.525,0.069,1.167,0.211
6867,59.199766,5.953,4.477,0.091,1.057,0.328
6868,59.208011,5.94,4.505,0.083,1.116,0.236
6869,59.216577,5.684,4.48,0.065,0.91,0.229
6870,59.22506,5.601,4.497,0.08,0.817,0.207
6871,59.233155,5.838,4.493,0.063,1.056,0.226
6872,59.241566,5.76,4.48,0.06,0.992,0.228
6873,59.249798,5.925,4.472,0.062,1.169,0.222
6874,59.257985,6.116,4.478,0.071,1.305,0.262
6875,59.266715,5.94,4.606,0.072,1.019,0.243
6876,59.276709,5.762,4.6,0.07,0.842,0.25
6877,59.285499,5.795,4.583,0.076,0.891,0.245
6878,59.293418,6.226,4.57,0.058,1.337,0.261
6879,59.302087,5.882,4.56,0.097,0.974,0.251
6880,59.310203,6.079,4.612,0.067,1.172,0.228
6881,59.31867,5.965,4.572,0.069,1.076,0.248
6882,59.326648,6.298,4.6,0.06,1.419,0.219
6883,59.335442,5.845,4.561,0.059,0.983,0.242
6884,59.345724,5.669,4.574,0.069,0.801,0.225
6885,59.354268,5.688,4.613,0.059,0.79,0.226
6886,59.362472,5.84,4.571,0.058,0.963,0.248
6887,59.370458,6.182,4.57,0.108,1.291,0.213
6888,59.379079,5.889,4.619,0.079,0.978,0.213
6889,59.387397,5.924,4.586,0.058,1.012,0.268
6890,59.395644,5.99,4.571,0.074,1.124,0.221
6891,59.406432,5.633,4.566,0.056,0.764,0.247
6892,59.416448,5.702,4.565,0.07,0.808,0.259
6893,59.424741,5.716,4.616,0.064,0.794,0.242
6894,59.433046,5.742,4.592,0.067,0.851,0.232
6895,59.441404,5.711,4.569,0.067,0.831,0.244
6896,59.449542,5.91,4.565,0.057,1.051,0.237
6897,59.458112,5.658,4.56,0.081,0.823,0.194
6898,59.46659,5.647,4.574,0.042,0.779,0.252
6899,59.474981,5.823,4.692,0.08,0.859,0.192
6900,59.483015,6.151,4.612,0.068,1.234,0.237
6901,59.491505,5.977,4.567,0.055,1.118,0.237
6902,59.500306,5.73,4.511,0.075,0.685,0.459
6903,59.508517,5.686,4.57,0.07,0.789,0.257
6904,59.516804,5.711,4.573,0.068,0.831,0.239
6905,59.52679,5.729,4.578,0.079,0.839,0.233
6906,59.535233,5.715,4.62,0.072,0.813,0.21
6907,59.543637,5.716,4.606,0.088,0.796,0.226
6908,59.551844,5.83,4.585,0.094,0.921,0.23
6909,59.56058,5.49,4.478,0.066,0.696,0.25
6910,59.568589,5.812,4.476,0.067,0.984,0.285
6911,59.577064,5.652,4.48,0.076,0.873,0.223
6912,59.587487,5.629,4.579,0.066,0.748,0.236
6913,59.595838,5.599,4.493,0.073,0.815,0.218
6914,59.604035,5.752,4.48,0.088,0.964,0.22
6915,59.612406,5.703,4.484,0.067,0.923,0.229
6916,59.620372,6.053,4.488,0.053,1.281,0.231
6917,59.628699,6.077,4.487,0.081,0.826,0.683
6918,59.63962,5.643,4.589,0.085,0.731,0.238
6919,59.649585,5.599,4.561,0.098,0.743,0.197
6920,59.657976,5.586,4.464,0.129,0.749,0.244
6921,59.666388,5.512,4.488,0.068,0.724,0.232
6922,59.674635,5.591,4.464,0.08,0.822,0.225
6923,59.682993,5.585,4.462,0.079,0.804,0.24
6924,59.691364,5.54,4.486,0.07,0.752,0.232
6925,59.699632,5.605,4.48,0.087,0.821,0.217
6926,59.707946,5.617,4.484,0.081,0.84,0.212
6927,59.716559,5.694,4.57,0.081,0.824,0.219
6928,59.725413,5.738,4.588,0.064,0.862,0.224
6929,59.73304,6.447,4.613,0.062,1.124,0.648
6930,59.741904,5.93,4.6,0.088,1.027,0.215
6931,59.750067,6.092,4.604,0.068,1.085,0.335
6932,59.758323,6.182,4.573,0.069,1.067,0.473
6933,59.766675,6.164,4.562,0.071,1.048,0.483
6934,59.775135,6.026,4.561,0.088,1.025,0.352
6935,59.785073,5.719,4.579,0.059,0.844,0.237
6936,59.793721,5.736,4.599,0.07,0.847,0.22
6937,59.801802,6.02,4.597,0.075,1.103,0.245
6938,59.810376,5.748,4.601,0.069,0.853,0.225
6939,59.819223,5.61,4.642,0.076,0.674,0.218
6940,59.827028,6.193,4.573,0.064,0.818,0.738
6941,59.837563,5.598,4.574,0.088,0.714,0.222
6942,59.845356,6.131,4.6,0.06,1.235,0.236
6943,59.85412,5.693,4.628,0.058,0.766,0.241
6944,59.862444,5.708,4.481,0.07,0.929,0.228
6945,59.870648,6.056,4.488,0.082,1.248,0.238
6946,59.879529,5.529,4.476,0.07,0.734,0.249
6947,59.887619,5.772,4.48,0.062,0.981,0.249
6948,59.897625,6.384,4.609,0.06,0.635,1.08
6949,59.907758,5.579,4.622,0.075,0.651,0.231
6950,59.916546,5.419,4.461,0.056,0.642,0.26
6951,59.924599,5.7,4.471,0.064,0.92,0.245
6952,59.933063,5.574,4.517,0.069,0.748,0.24
6953,59.941575,5.43,4.488,0.063,0.641,0.238
6954,59.949897,5.468,4.495,0.07,0.648,0.255
6955,59.95851,5.994,4.468,0.079,0.577,0.87
6956,59.966471,6.454,4.48,0.086,0.663,1.225
6957,59.975178,6.081,4.496,0.075,0.646,0.864
6958,59.983185,6.425,4.515,0.069,0.641,1.2
6959,59.991813,6.149,4.51,0.075,0.638,0.926
6960,59.999821,6.472,4.489,0.071,0.623,1.289
6961,60.008334,6.475,4.495,0.077,0.785,1.118
6962,60.018769,6.357,4.607,0.085,0.655,1.01
6963,60.027228,6.249,4.61,0.077,0.639,0.923
6964,60.035482,6.78,4.564,0.071,1.082,1.063
6965,60.043495,7.101,4.602,0.084,1.059,1.356
6966,60.052487,6.467,4.568,0.076,1.037,0.786
6967,60.060508,6.749,4.574,0.051,1.019,1.105
6968,60.068477,7.084,4.561,0.08,1.0,1.443
6969,60.077159,6.794,4.618,0.077,0.977,1.122
6970,60.087098,7.006,4.588,0.07,0.739,1.609
6971,60.095503,7.02,4.56,0.078,0.78,1.602
6972,60.104253,6.661,4.613,0.075,0.821,1.152
6973,60.111994,7.264,4.632,0.079,0.8,1.753
6974,60.120675,6.912,4.621,0.074,0.797,1.42
6975,60.12926,6.771,4.555,0.072,0.858,1.286
6976,60.137305,7.031,4.586,0.082,0.838,1.525
6977,60.147557,5.69,4.568,0.083,0.821,0.218
6978,60.158039,5.939,4.608,0.085,0.95,0.296
6979,60.166363,5.868,4.566,0.067,0.993,0.242
6980,60.174419,6.159,4.57,0.061,1.28,0.248
6981,60.182996,5.892,4.615,0.079,0.979,0.219
6982,60.191654,5.661,4.607,0.075,0.759,0.22
6983,60.199686,5.963,4.605,0.08,1.063,0.215
6984,60.208331,5.925,4.587,0.089,1.016,0.233
6985,60.216234,6.326,4.616,0.093,1.411,0.206
6986,60.224957,7.017,4.589,0.071,0.733,1.624
6987,60.233589,6.965,4.602,0.086,0.98,1.297
6988,60.241543,7.346,4.602,0.141,0.933,1.67
6989,60.24997,7.253,4.596,0.079,0.946,1.632
6990,60.25805,7.525,4.589,0.087,0.928,1.921
6991,60.266464,7.415,4.574,0.08,0.909,1.852
6992,60.27667,5.729,4.61,0.075,0.817,0.227
6993,60.285793,5.783,4.612,0.086,0.882,0.203
6994,60.293643,6.269,4.615,0.085,1.366,0.203
6995,60.301988,6.265,4.598,0.07,1.372,0.225
6996,60.310456,6.102,4.483,0.118,1.304,0.197
6997,60.318871,7.007,4.527,0.068,0.692,1.72
6998,60.326784,7.515,4.455,0.083,0.745,2.232
6999,60.337383,7.323,4.567,0.075,0.717,1.964
7000,60.345572,7.456,4.47,0.062,0.698,2.226
7001,60.35387,7.729,4.472,0.09,0.901,2.266
7002,60.362371,7.648,4.5,0.147,0.954,2.047
7003,60.370984,7.379,4.503,0.077,0.943,1.856
7004,60.378868,7.821,4.517,0.076,0.922,2.306
7005,60.389554,5.578,4.572,0.079,0.681,0.246
7006,60.399605,5.563,4.608,0.082,0.659,0.214
7007,60.407999,5.611,4.504,0.078,0.696,0.333
7008,60.416168,5.754,4.505,0.076,0.677,0.496
7009,60.424531,5.8,4.474,0.088,0.673,0.565
7010,60.433131,5.515,4.508,0.135,0.686,0.186
7011,60.44128,5.8,4.523,0.087,0.759,0.431
7012,60.449657,5.736,4.473,0.076,0.744,0.443
7013,60.458908,5.661,4.524,0.082,0.833,0.222
7014,60.46639,6.498,4.584,0.072,1.522,0.32
7015,60.475018,6.228,4.568,0.079,1.353,0.228
7016,60.483051,6.512,4.59,0.07,1.483,0.369
7017,60.491414,6.475,4.569,0.082,1.463,0.361
7018,60.500121,6.124,4.592,0.092,1.218,0.222
7019,60.508216,6.332,4.602,0.056,1.421,0.253
7020,60.516482,6.397,4.565,0.094,1.404,0.334
7021,60.527431,7.402,4.577,0.083,0.804,1.938
7022,60.535799,7.394,4.581,0.07,0.782,1.961
7023,60.543481,8.029,4.572,0.086,0.767,2.604
7024,60.552465,7.44,4.567,0.107,0.818,1.948
7025,60.560031,8.201,4.558,0.08,0.796,2.767
7026,60.568598,7.968,4.616,0.096,0.781,2.475
7027,60.577183,7.709,4.607,0.077,0.754,2.271
7028,60.585396,7.905,4.584,0.08,0.805,2.436
7029,60.595419,8.369,4.563,0.075,0.855,2.876
7030,60.604105,8.086,4.575,0.071,0.829,2.611
7031,60.612463,8.032,4.48,0.085,0.805,2.662
7032,60.620575,8.251,4.466,0.087,0.789,2.909
7033,60.629591,7.552,4.479,0.065,0.77,2.238
7034,60.637329,8.134,4.509,0.074,0.747,2.804
7035,60.646284,7.521,4.51,0.073,0.729,2.209
7036,60.656379,7.744,4.596,0.067,0.612,2.469
7037,60.666292,6.226,4.592,0.073,0.654,0.907
7038,60.674599,6.294,4.468,0.062,0.664,1.1
7039,60.682933,6.312,4.514,0.071,0.641,1.086
7040,60.691205,6.438,4.499,0.072,0.688,1.179
7041,60.699674,6.282,4.485,0.052,0.664,1.081
7042,60.708059,6.261,4.501,0.072,0.664,1.024
7043,60.716436,8.283,4.472,0.074,0.649,3.088
7044,60.724947,8.211,4.503,0.057,0.725,2.926
7045,60.732922,8.54,4.489,0.067,0.7,3.284
7046,60.741448,8.368,4.478,0.075,0.698,3.117
7047,60.750039,8.13,4.454,0.074,0.676,2.926
7048,60.758211,8.385,4.502,0.068,0.772,3.043
7049,60.768082,6.851,4.592,0.155,0.734,1.37
7050,60.776838,8.54,4.616,0.085,0.773,3.066
7051,60.785307,8.44,4.588,0.081,0.757,3.014
7052,60.793493,8.685,4.577,0.063,0.833,3.212
7053,60.802391,8.113,4.585,0.07,0.807,2.651
7054,60.81059,8.248,4.543,0.081,0.796,2.828
7055,60.818631,8.532,4.565,0.113,0.775,3.079
7056,60.827207,8.335,4.562,0.086,0.769,2.918
7057,60.837083,6.772,4.594,0.09,0.753,1.335
7058,60.84558,8.776,4.556,0.099,0.788,3.333
7059,60.854197,8.457,4.579,0.087,0.768,3.023
7060,60.862044,8.982,4.514,0.07,0.756,3.642
7061,60.870916,8.635,4.604,0.095,0.738,3.198
7062,60.879365,8.4,4.553,0.061,0.74,3.046
7063,60.887177,8.876,4.547,0.068,0.718,3.543
7064,60.896188,8.205,4.621,0.074,0.722,2.788
7065,60.906112,8.915,4.596,0.106,0.889,3.324
7066,60.916348,7.003,4.553,0.075,0.873,1.502
7067,60.924574,7.089,4.572,0.073,0.851,1.593
7068,60.933187,6.832,4.604,0.071,0.833,1.324
7069,60.941396,6.938,4.603,0.076,0.81,1.449
7070,60.949802,6.908,4.582,0.082,0.788,1.456
7071,60.957875,7.12,4.607,0.057,0.774,1.682
7072,60.966488,6.954,4.573,0.066,0.827,1.488
7073,60.974978,13.321,4.62,0.06,5.266,3.375
7074,60.98279,13.854,4.704,0.068,5.245,3.837
7075,60.991572,13.45,4.611,0.1,5.228,3.511
7076,61.000134,13.186,4.633,0.091,5.208,3.254
7077,61.008446,13.332,4.588,0.091,5.187,3.466
7078,61.016592,13.383,4.62,0.094,5.17,3.499
7079,61.027177,11.139,4.611,0.107,5.15,1.271
7080,61.035352,11.258,4.584,0.127,5.128,1.419
7081,61.043388,11.585,4.59,0.066,3.016,3.913
7082,61.052049,11.346,4.526,0.101,2.994,3.725
7083,61.060668,10.984,4.573,0.123,2.973,3.315
7084,61.069035,13.523,4.58,0.108,5.306,3.529
7085,61.076782,13.918,4.752,0.093,5.281,3.792
7086,61.08732,11.679,4.579,0.088,5.262,1.75
7087,61.095932,11.4,4.615,0.11,5.239,1.436
7088,61.10393,11.694,4.598,0.082,5.213,1.801
7089,61.112935,11.06,4.612,0.105,3.118,3.225
7090,61.120988,13.695,4.483,0.092,5.312,3.808
7091,61.129042,13.84,4.747,0.083,5.296,3.714
7092,61.13765,13.691,4.568,0.138,5.274,3.711
7093,61.147691,11.843,4.591,0.078,5.252,1.922
7094,61.158247,9.625,4.614,0.08,4.706,0.225
7095,61.166462,9.865,4.548,0.077,4.861,0.379
7096,61.174735,9.828,4.589,0.095,4.894,0.25
7097,61.182855,10.0,4.605,0.091,5.099,0.205
7098,61.191365,9.869,4.586,0.069,4.944,0.27
7099,61.199673,9.839,4.614,0.107,4.912,0.206
7100,61.208158,14.031,4.584,0.109,5.301,4.037
7101,61.216683,13.767,4.695,4.644,0.811,3.617
7102,61.224717,14.087,0.0,0.043,5.309,8.735
7103,61.233181,13.912,4.518,0.069,5.332,3.993
7104,61.241349,14.083,4.319,0.062,5.345,4.357
7105,61.249727,14.015,4.455,0.153,5.371,4.036
7106,61.25859,13.609,4.576,0.074,5.376,3.583
7107,61.266892,13.662,4.462,0.108,5.396,3.696
7108,61.27714,11.621,4.581,0.122,5.44,1.478
7109,61.285133,11.976,4.596,0.112,5.458,1.81
7110,61.293789,11.631,4.604,0.105,5.479,1.443
7111,61.301985,11.798,4.575,0.088,3.417,3.718
7112,61.311431,11.568,4.526,0.099,3.436,3.507
7113,61.319218,11.801,4.586,0.091,3.451,3.673
7114,61.327165,11.769,4.566,0.111,3.476,3.616
7115,61.33722,9.896,4.63,0.08,3.498,1.688
7116,61.346112,9.333,4.616,0.102,3.506,1.109
7117,61.354163,9.609,4.63,0.097,3.514,1.368
7118,61.362119,10.014,4.633,0.098,1.485,3.798
7119,61.370748,9.679,4.547,0.14,1.501,3.491
7120,61.379692,9.863,4.582,0.078,1.529,3.674
7121,61.387769,9.763,4.588,0.075,1.546,3.554
7122,61.396368,9.465,4.558,0.057,1.567,3.283
7123,61.406007,9.19,4.599,0.06,0.682,3.849
7124,61.414778,8.815,4.571,0.067,0.704,3.473
7125,61.423147,8.582,4.606,0.078,0.723,3.175
7126,61.431179,8.794,4.607,0.102,0.747,3.338
7127,61.44059,8.422,4.527,0.06,0.763,3.072
7128,61.448115,8.898,4.583,0.148,0.846,3.321
7129,61.456526,8.643,4.575,0.079,0.884,3.105
7130,61.466539,6.903,4.647,0.117,0.902,1.237
7131,61.475127,8.469,4.573,0.098,0.675,3.123
7132,61.483284,8.903,4.585,0.059,0.697,3.562
7133,61.491772,8.516,4.619,0.076,0.713,3.108
7134,61.500068,8.643,4.587,0.08,0.738,3.238
7135,61.508347,8.573,4.573,0.06,0.76,3.18
7136,61.516654,8.581,4.592,0.071,0.783,3.135
7137,61.526761,6.807,4.57,0.073,0.801,1.363
7138,61.535238,6.617,4.557,0.061,0.811,1.188
7139,61.543816,8.295,4.562,0.077,0.642,3.014
7140,61.551897,8.532,4.595,0.063,0.659,3.215
7141,61.56039,8.338,4.599,0.048,0.678,3.013
7142,61.568818,8.249,4.574,0.065,0.7,2.91
7143,61.576687,8.717,4.565,0.078,0.722,3.352
7144,61.585257,8.475,4.563,0.048,0.743,3.121
7145,61.59572,6.362,4.573,0.07,0.763,0.956
7146,61.606096,5.777,4.657,0.087,0.812,0.221
7147,61.614303,6.476,4.548,0.099,0.712,1.117
7148,61.622483,6.651,4.46,0.082,0.739,1.37
7149,61.631071,6.534,4.635,0.145,0.761,0.993
7150,61.639484,6.388,4.576,0.078,0.789,0.945
7151,61.647865,6.335,4.627,0.089,0.807,0.812
7152,61.656113,8.255,4.621,0.071,0.617,2.946
7153,61.664547,8.119,4.464,0.058,0.678,2.919
7154,61.673017,8.012,4.522,0.093,0.687,2.71
7155,61.68093,8.4,4.511,0.081,0.717,3.091
7156,61.68949,8.181,4.535,0.084,0.734,2.828
7157,61.69768,8.303,4.487,0.107,0.749,2.96
7158,61.706261,8.041,4.49,0.09,0.774,2.687
7159,61.715261,7.378,4.448,0.105,0.792,2.033
7160,61.724971,7.92,4.601,0.082,0.598,2.639
7161,61.73333,7.887,4.515,0.064,0.649,2.659
7162,61.741374,8.177,4.522,0.063,0.671,2.921
7163,61.749729,8.141,4.518,0.071,0.687,2.865
7164,61.758068,8.131,4.501,0.08,0.71,2.84
7165,61.766693,7.83,4.478,0.061,0.728,2.563
7166,61.776679,6.178,4.603,0.075,0.751,0.749
7167,61.785141,6.048,4.477,0.084,0.772,0.715
7168,61.793575,5.959,4.523,0.066,0.794,0.576
7169,61.801948,5.934,4.505,0.062,0.81,0.557
7170,61.810324,5.905,4.508,0.062,0.838,0.497
7171,61.818573,7.775,4.608,0.082,0.597,2.488
7172,61.827084,7.618,4.598,0.065,0.616,2.339
7173,61.83722,5.87,4.617,0.105,0.719,0.429
7174,61.845494,5.967,4.539,0.083,0.734,0.611
7175,61.854153,5.751,4.581,0.112,0.802,0.256
7176,61.862509,5.762,4.561,0.099,0.836,0.266
7177,61.870706,5.89,4.61,0.11,0.896,0.274
7178,61.878966,5.936,4.625,0.096,0.918,0.297
7179,61.887191,7.809,4.622,0.076,0.611,2.5
7180,61.897959,5.735,4.605,0.077,0.802,0.251
7181,61.906436,5.65,4.564,0.067,0.727,0.292
7182,61.914517,5.893,4.6,0.111,0.941,0.241
7183,61.922823,5.91,4.629,0.119,0.897,0.265
7184,61.931204,5.939,4.546,0.143,0.902,0.348
7185,61.939598,5.977,4.533,0.141,0.996,0.307
7186,61.947985,6.428,4.608,0.279,1.042,0.499
7187,61.956405,6.104,4.53,0.191,1.104,0.279
7188,61.966327,7.85,4.561,0.141,0.82,2.328
7189,61.97493,7.628,4.46,0.124,0.821,2.223
7190,61.983198,7.703,4.446,0.15,0.849,2.258
7191,61.991498,7.681,4.468,0.154,0.863,2.196
7192,62.000158,7.376,4.505,0.178,0.9,1.793
7193,62.00824,7.635,4.449,0.136,0.923,2.127
7194,62.016632,7.524,4.438,0.149,0.938,1.999
7195,62.026851,5.905,4.557,0.119,0.924,0.305
7196,62.035541,7.326,4.497,0.163,0.815,1.851
7197,62.04364,7.495,4.505,0.152,0.833,2.005
7198,62.052124,7.409,4.52,0.116,0.854,1.919
7199,62.060702,7.15,4.545,0.148,0.865,1.592
7200,62.068682,7.649,4.436,0.188,0.89,2.135
7201,62.07762,7.367,4.495,0.305,1.235,1.332
7202,62.085487,7.771,4.449,0.123,1.28,1.919
7203,62.09561,5.841,4.613,0.117,0.848,0.263
7204,62.10416,5.669,4.532,0.15,0.703,0.284
7205,62.112201,5.946,4.514,0.097,1.083,0.252
7206,62.12078,5.764,4.615,0.07,0.842,0.237
7207,62.129037,5.854,4.6,0.062,0.936,0.256
7208,62.137378,7.133,4.57,0.124,0.77,1.669
7209,62.147642,5.684,4.587,0.078,0.749,0.27
7210,62.157003,7.241,4.483,0.162,0.863,1.733
7211,62.164835,7.439,4.559,0.149,0.878,1.853
7212,62.173357,7.145,4.526,0.133,0.902,1.584
7213,62.181078,7.71,4.572,0.161,0.911,2.066
7214,62.189852,7.393,4.533,0.154,0.939,1.767
7215,62.198445,7.14,4.509,0.125,0.956,1.55
7216,62.208405,6.289,4.522,0.117,0.894,0.756
7217,62.217108,6.239,4.554,0.109,0.886,0.69
7218,62.225434,6.233,4.538,0.109,0.916,0.67
7219,62.233761,6.348,4.664,0.133,0.899,0.652
7220,62.241967,6.739,4.564,0.171,1.218,0.786
7221,62.250153,6.917,4.543,0.122,0.778,1.474
7222,62.258274,6.892,4.586,0.155,0.795,1.356
7223,62.268529,5.852,4.55,0.079,0.794,0.429
7224,62.276814,5.749,4.532,0.065,0.906,0.246
7225,62.285325,5.582,4.522,0.098,0.758,0.204
7226,62.293378,6.931,4.478,0.117,0.638,1.698
7227,62.302014,6.613,4.46,0.082,0.674,1.397
7228,62.310404,6.594,4.477,0.079,0.699,1.339
7229,62.318845,6.466,4.521,0.081,0.736,1.128
7230,62.326751,6.901,4.467,0.085,0.75,1.599
7231,62.337415,5.737,4.542,0.083,0.74,0.372
7232,62.345487,5.912,4.452,0.066,1.114,0.28
7233,62.353817,5.877,4.471,0.063,1.098,0.245
7234,62.362437,5.576,4.466,0.066,0.823,0.221
7235,62.3707,6.058,4.485,0.117,0.799,0.657
7236,62.378812,5.884,4.503,0.082,1.085,0.214
7237,62.387494,6.494,4.475,0.123,0.753,1.143
7238,62.395783,6.48,4.491,0.096,0.773,1.12
7239,62.406239,5.868,4.619,0.076,0.94,0.233
7240,62.416326,5.704,4.555,0.091,0.872,0.186
7241,62.424918,5.784,4.588,0.09,0.829,0.277
7242,62.433166,5.84,4.56,0.11,0.925,0.245
7243,62.441503,5.833,4.561,0.089,0.934,0.249
7244,62.45005,5.719,4.585,0.065,0.747,0.322
7245,62.45822,5.813,4.591,0.059,0.907,0.256
7246,62.466444,5.91,4.548,0.055,1.059,0.248
7247,62.475007,6.151,4.59,0.055,0.734,0.772
7248,62.4833,6.198,4.561,0.078,0.755,0.804
7249,62.491504,6.331,4.496,0.133,0.77,0.932
7250,62.499841,6.377,4.586,0.069,0.801,0.921
7251,62.507952,6.607,4.599,0.081,0.823,1.104
7252,62.516634,6.224,4.609,0.057,0.845,0.713
7253,62.527295,5.61,4.593,0.057,0.71,0.25
7254,62.53511,6.139,4.57,0.084,1.234,0.251
7255,62.54366,5.932,4.604,0.064,0.998,0.266
7256,62.551693,6.213,4.613,0.065,1.293,0.242
7257,62.560236,5.978,4.59,0.067,1.101,0.22
7258,62.568867,5.711,4.51,0.056,0.613,0.532
7259,62.576804,6.199,4.515,0.091,0.714,0.879
7260,62.5854,6.079,4.47,0.116,0.804,0.689
7261,62.59553,5.777,4.585,0.093,0.823,0.276
7262,62.604028,5.635,4.462,0.075,0.794,0.304
7263,62.612097,5.818,4.509,0.08,1.01,0.219
7264,62.621212,5.49,4.505,0.079,0.687,0.219
7265,62.629303,5.765,4.534,0.068,0.909,0.254
7266,62.637234,6.133,4.486,0.11,1.333,0.204
7267,62.645638,6.075,4.47,0.087,1.281,0.237
7268,62.656227,5.736,4.603,0.073,0.719,0.341
7269,62.666901,5.781,4.624,0.076,0.824,0.257
7270,62.67473,6.253,4.487,0.062,1.465,0.239
7271,62.68358,5.724,4.463,0.063,0.972,0.226
7272,62.691488,6.341,4.474,0.088,1.363,0.416
7273,62.699851,6.143,4.456,0.077,1.366,0.244
7274,62.708138,6.255,4.525,0.06,1.359,0.311
7275,62.716546,6.222,4.598,0.064,1.207,0.353
7276,62.725002,6.02,4.594,0.059,1.092,0.275
7277,62.733102,6.204,4.581,0.068,1.332,0.223
7278,62.741663,6.044,4.588,0.045,1.092,0.319
7279,62.74987,6.119,4.6,0.066,1.213,0.24
7280,62.75821,6.254,4.611,0.06,1.197,0.386
7281,62.766869,5.901,4.612,0.058,0.87,0.361
7282,62.777227,5.779,4.599,0.059,0.838,0.283
7283,62.785204,6.203,4.571,0.062,1.187,0.383
7284,62.793801,5.864,4.591,0.069,0.934,0.27
7285,62.801849,6.123,4.583,0.064,1.228,0.248
7286,62.810416,5.974,4.572,0.069,1.015,0.318
7287,62.818381,6.291,4.571,0.063,1.268,0.389
7288,62.826873,6.116,4.6,0.058,1.194,0.264
7289,62.837253,5.598,4.573,0.072,0.692,0.261
7290,62.845942,5.757,4.597,0.06,0.797,0.303
7291,62.854019,6.022,4.596,0.066,1.056,0.304
7292,62.862132,6.17,4.596,0.069,1.271,0.234
7293,62.871373,5.464,4.466,0.056,0.662,0.28
7294,62.878974,6.177,4.501,0.055,1.362,0.259
7295,62.887493,5.974,4.46,0.039,1.202,0.273
7296,62.897749,5.749,4.601,0.059,0.778,0.311
7297,62.906198,5.585,4.496,0.086,0.77,0.233
7298,62.914396,5.717,4.486,0.056,0.918,0.257
7299,62.92284,5.628,4.501,0.076,0.792,0.259
7300,62.931216,5.535,4.526,0.07,0.72,0.219
7301,62.939543,5.704,4.472,0.106,0.818,0.308
7302,62.947881,5.676,4.508,0.068,0.81,0.29
7303,62.957988,5.586,4.607,0.064,0.68,0.235
7304,62.966651,5.684,4.493,0.084,0.836,0.271
7305,62.975015,5.609,4.497,0.079,0.799,0.234
7306,62.983073,5.904,4.465,0.068,1.105,0.266
7307,62.991535,5.909,4.479,0.155,0.996,0.279
7308,62.99968,6.114,4.525,0.157,1.139,0.293
7309,63.008155,6.005,4.502,0.086,1.097,0.32
7310,63.016647,5.815,4.581,0.065,0.908,0.261
7311,63.027081,5.718,4.584,0.072,0.825,0.237
7312,63.035326,5.818,4.561,0.043,0.947,0.267
7313,63.043653,5.794,4.559,0.083,0.964,0.188
7314,63.051681,6.159,4.585,0.089,1.229,0.256
7315,63.059972,6.178,4.593,0.085,1.267,0.233
7316,63.068554,5.925,4.555,0.073,1.059,0.238
7317,63.0792,5.488,4.55,0.08,0.632,0.226
7318,63.089366,5.817,4.563,0.09,0.913,0.251
7319,63.097615,5.876,4.576,0.068,0.986,0.246
7320,63.106099,5.712,4.584,0.073,0.822,0.233
7321,63.114533,6.008,4.592,0.115,1.072,0.229
7322,63.12275,6.128,4.723,0.119,1.042,0.244
7323,63.131042,6.139,4.557,0.073,1.299,0.21
7324,63.139467,6.091,4.565,0.102,1.17,0.254
7325,63.147696,6.184,4.582,0.091,1.282,0.229
7326,63.156104,6.115,4.592,0.091,1.194,0.238
7327,63.164276,6.283,4.516,0.073,1.438,0.256
7328,63.17292,5.979,4.502,0.073,1.144,0.26
7329,63.18114,6.061,4.486,0.061,1.271,0.243
7330,63.189335,6.231,4.472,0.067,1.44,0.252
7331,63.199773,5.798,4.544,0.102,0.766,0.386
7332,63.206524,7.255,4.477,0.064,2.471,0.243
7333,63.216299,5.812,4.673,0.085,0.825,0.229
7334,63.224751,5.748,4.477,0.065,0.91,0.296
7335,63.23321,5.601,4.474,0.095,0.823,0.209
7336,63.241416,5.818,4.492,0.109,0.903,0.314
7337,63.249886,5.613,4.463,0.075,0.823,0.252
7338,63.258058,5.754,4.503,0.065,0.955,0.231
7339,63.266621,5.56,4.498,0.081,0.756,0.225
7340,63.277269,5.639,4.583,0.063,0.752,0.241
7341,63.285371,5.892,4.49,0.116,1.04,0.246
7342,63.293439,6.236,4.472,0.099,1.338,0.327
7343,63.301894,6.053,4.503,0.072,1.204,0.274
7344,63.310521,5.77,4.473,0.077,0.95,0.27
7345,63.318771,5.805,4.574,0.072,0.931,0.228
7346,63.326928,6.016,4.584,0.064,1.089,0.279
7347,63.335523,5.757,4.599,0.039,0.822,0.297
7348,63.345842,5.794,4.614,0.077,0.767,0.336
7349,63.353795,6.126,4.621,0.112,1.123,0.27
7350,63.362561,5.789,4.594,0.079,0.856,0.26
7351,63.37073,5.927,4.6,0.068,1.017,0.242
7352,63.37929,5.699,4.566,0.094,0.825,0.214
7353,63.387493,5.872,4.541,0.072,0.982,0.277
7354,63.395912,5.805,4.625,0.128,0.815,0.237
7355,63.406118,5.709,4.595,0.096,0.786,0.232
7356,63.414181,5.957,4.575,0.074,1.095,0.213
7357,63.422674,5.816,4.617,0.072,0.893,0.234
7358,63.430648,6.177,4.566,0.067,1.306,0.238
7359,63.439554,5.703,4.593,0.071,0.748,0.291
7360,63.447379,6.17,4.584,0.087,1.273,0.226
7361,63.456,5.862,4.608,0.076,0.967,0.211
7362,63.466448,5.532,4.493,0.069,0.738,0.232
7363,63.475049,5.583,4.616,0.067,0.669,0.231
7364,63.482958,6.033,4.493,0.074,1.209,0.257
7365,63.4915,5.798,4.502,0.071,1.009,0.216
7366,63.500062,5.59,4.506,0.1,0.743,0.241
7367,63.507969,6.005,4.509,0.077,1.176,0.243
7368,63.516574,5.728,4.473,0.068,0.948,0.239
7369,63.527096,5.604,4.618,0.08,0.67,0.236
7370,63.537469,5.691,4.57,0.107,0.772,0.242
7371,63.545784,5.687,4.506,0.09,0.858,0.233
7372,63.554101,5.712,4.501,0.079,0.896,0.236
7373,63.562329,5.791,4.514,0.073,0.991,0.213
7374,63.570792,5.676,4.51,0.065,0.866,0.235
7375,63.579141,5.65,4.506,0.065,0.851,0.228
7376,63.587132,6.017,4.471,0.104,1.21,0.232
7377,63.595681,5.786,4.481,0.082,1.002,0.221
7378,63.603834,5.982,4.5,0.093,1.164,0.225
7379,63.612549,5.642,4.467,0.069,0.854,0.252
7380,63.621262,5.851,4.584,0.114,0.885,0.268
7381,63.629108,6.303,4.618,0.098,1.368,0.219
7382,63.637393,6.339,4.554,0.084,1.5,0.201
7383,63.645821,6.279,4.573,0.088,1.37,0.248
7384,63.655753,5.868,4.585,0.073,0.945,0.265
7385,63.664323,5.713,4.569,0.103,0.797,0.244
7386,63.672691,5.841,4.722,0.124,0.763,0.232
7387,63.681016,5.842,4.593,0.101,0.924,0.224
7388,63.689062,6.134,4.637,0.085,1.185,0.227
7389,63.698077,5.757,4.587,0.116,0.818,0.236
7390,63.707822,5.721,4.567,0.082,0.857,0.215
7391,63.716535,5.71,4.562,0.094,0.838,0.216
7392,63.725012,5.717,4.618,0.064,0.791,0.244
7393,63.732966,6.081,4.592,0.096,1.193,0.2
7394,63.741533,5.861,4.555,0.146,0.925,0.235
7395,63.749562,6.15,4.592,0.163,1.15,0.245
7396,63.757983,6.136,4.676,0.101,1.072,0.287
7397,63.766779,5.618,4.457,0.092,0.835,0.234
7398,63.776963,5.595,4.569,0.08,0.722,0.224
7399,63.785589,5.739,4.602,0.071,0.795,0.271
7400,63.79379,5.867,4.474,0.082,1.057,0.254
7401,63.802166,5.778,4.514,0.09,0.969,0.205
7402,63.810489,5.82,4.497,0.084,1.002,0.237
7403,63.818523,6.107,4.459,0.079,1.336,0.233
7404,63.829315,5.841,4.57,0.088,0.908,0.275
7405,63.837102,6.376,4.471,0.089,1.555,0.261
7406,63.84606,5.779,4.49,0.087,0.914,0.288
7407,63.854331,5.806,4.503,0.082,0.968,0.253
7408,63.86255,5.922,4.461,0.118,1.086,0.257
7409,63.870929,5.874,4.517,0.077,1.022,0.258
7410,63.879015,6.119,4.503,0.104,1.271,0.241
7411,63.887346,6.132,4.502,0.076,1.289,0.265
7412,63.895765,6.033,4.499,0.085,1.199,0.25
7413,63.906039,6.005,4.598,0.094,1.081,0.232
7414,63.913927,6.496,4.483,0.248,1.497,0.268
7415,63.922675,6.041,4.607,0.1,1.111,0.223
7416,63.931094,5.923,4.598,0.075,1.027,0.223
7417,63.939576,5.805,4.614,0.088,0.88,0.223
7418,63.948335,5.651,4.593,0.072,0.76,0.226
7419,63.956195,6.134,4.592,0.064,1.231,0.247
7420,63.96631,5.512,4.545,0.064,0.661,0.242
7421,63.974811,5.508,4.578,0.075,0.623,0.232
7422,63.98336,5.64,4.559,0.071,0.771,0.239
7423,63.991513,5.823,4.591,0.086,0.905,0.241
7424,63.999979,5.698,4.62,0.093,0.754,0.231
7425,64.008363,5.629,4.562,0.064,0.766,0.237
7426,64.016676,5.655,4.594,0.091,0.756,0.214
7427,64.0251,5.554,4.609,0.095,0.635,0.215
7428,64.035514,5.714,4.559,0.103,0.795,0.257
7429,64.043463,6.08,4.579,0.072,1.187,0.242
7430,64.052017,5.847,4.577,0.078,0.967,0.225
7431,64.060075,6.107,4.609,0.063,1.207,0.228
7432,64.068639,5.917,4.591,0.096,0.993,0.237
7433,64.076822,6.066,4.604,0.105,1.122,0.235
7434,64.085363,5.864,4.558,0.062,0.97,0.274
7435,64.095352,5.482,4.548,0.06,0.625,0.249
7436,64.104035,5.605,4.596,0.062,0.702,0.245
7437,64.112419,5.686,4.571,0.062,0.805,0.248
7438,64.12041,6.034,4.565,0.06,1.159,0.25
7439,64.129298,5.576,4.58,0.088,0.66,0.248
7440,64.137425,5.773,4.569,0.067,0.87,0.267
7441,64.14565,5.868,4.569,0.061,0.987,0.251
7442,64.156188,5.783,4.635,0.065,0.84,0.243
7443,64.166611,5.526,4.559,0.08,0.664,0.223
7444,64.174796,5.707,4.58,0.111,0.774,0.242
7445,64.183269,5.547,4.555,0.066,0.676,0.25
7446,64.191503,5.673,4.55,0.094,0.8,0.229
7447,64.199868,5.671,4.556,0.078,0.803,0.234
7448,64.207969,5.94,4.588,0.064,1.016,0.272
7449,64.216707,5.544,4.588,0.055,0.66,0.241
7450,64.224782,6.129,4.603,0.112,1.163,0.251
7451,64.23324,6.006,4.578,0.071,1.096,0.261
7452,64.241393,6.197,4.569,0.073,1.272,0.283
7453,64.249794,6.116,4.774,0.087,1.008,0.247
7454,64.258503,5.744,4.543,0.091,0.861,0.249
7455,64.266547,6.012,4.619,0.064,1.081,0.248
7456,64.276705,5.744,4.606,0.067,0.818,0.253
7457,64.285293,5.666,4.576,0.07,0.79,0.23
7458,64.293454,5.851,4.558,0.068,0.984,0.241
7459,64.301727,5.903,4.593,0.089,1.005,0.216
7460,64.310462,5.863,4.589,0.063,0.96,0.251
7461,64.318533,6.148,4.577,0.068,1.239,0.264
7462,64.326852,6.196,4.612,0.093,1.213,0.278
7463,64.337831,5.747,4.598,0.093,0.798,0.258
7464,64.345895,6.011,4.614,0.061,1.055,0.281
7465,64.353948,6.281,4.564,0.09,1.374,0.253
7466,64.36239,6.154,4.576,0.113,1.236,0.229
7467,64.370555,6.32,4.465,0.075,1.533,0.247
7468,64.379246,5.957,4.509,0.114,1.117,0.217
7469,64.387529,6.005,4.454,0.065,1.249,0.237
7470,64.397737,5.714,4.589,0.088,0.801,0.236
7471,64.406247,5.586,4.518,0.069,0.768,0.231
7472,64.414692,5.598,4.497,0.084,0.793,0.224
7473,64.422941,5.683,4.515,0.083,0.858,0.227
7474,64.431283,5.68,4.502,0.064,0.858,0.256
7475,64.439637,5.678,4.487,0.094,0.846,0.251
7476,64.447915,5.717,4.523,0.075,0.87,0.249
7477,64.457733,5.778,4.571,0.087,0.89,0.23
7478,64.466564,5.462,4.454,0.091,0.678,0.239
7479,64.474378,6.289,4.49,0.095,0.903,0.801
7480,64.483074,5.985,4.518,0.09,0.888,0.489
7481,64.491553,5.802,4.475,0.077,0.867,0.383
7482,64.499773,5.896,4.511,0.091,0.845,0.449
7483,64.508227,5.77,4.494,0.08,0.828,0.368
7484,64.518308,5.708,4.577,0.067,0.801,0.263
7485,64.526892,5.694,4.586,0.116,0.724,0.268
7486,64.535385,5.591,4.568,0.063,0.699,0.261
7487,64.543399,5.889,4.576,0.081,1.011,0.221
7488,64.551841,5.801,4.601,0.088,0.876,0.236
7489,64.559934,6.125,4.582,0.077,1.133,0.333
7490,64.568379,5.925,4.55,0.063,1.053,0.259
7491,64.577029,5.811,4.578,0.094,0.854,0.285
7492,64.585199,5.939,4.606,0.065,1.046,0.222
7493,64.595407,6.343,4.56,0.08,0.868,0.835
7494,64.604001,6.08,4.617,0.078,0.849,0.536
7495,64.612482,5.911,4.556,0.096,0.826,0.433
7496,64.620499,6.311,4.584,0.092,0.886,0.749
7497,64.628886,6.286,4.583,0.065,0.869,0.769
7498,64.637065,6.411,4.62,0.072,0.844,0.875
7499,64.645637,6.178,4.582,0.079,0.828,0.689
7500,64.656025,6.317,4.608,0.094,0.878,0.737
7501,64.664152,6.493,4.585,0.095,0.842,0.971
7502,64.672719,6.311,4.506,0.099,0.837,0.869
7503,64.681849,5.622,4.476,0.077,0.82,0.249
7504,64.689221,6.575,4.518,0.077,0.937,1.043
7505,64.697706,6.42,4.5,0.077,0.915,0.928
7506,64.708426,5.884,4.541,0.084,0.842,0.417
7507,64.71636,6.118,4.456,0.078,1.366,0.218
7508,64.72472,6.631,4.501,0.067,1.003,1.06
7509,64.732813,6.874,4.496,0.145,0.982,1.251
7510,64.741309,6.753,4.497,0.094,0.959,1.203
7511,64.749815,6.685,4.508,0.089,0.943,1.145
7512,64.758473,6.21,4.491,0.095,0.919,0.705
7513,64.768746,5.775,4.605,0.083,0.865,0.222
7514,64.778544,5.735,4.6,0.116,0.795,0.224
7515,64.786882,5.719,4.494,0.064,0.927,0.234
7516,64.795302,5.628,4.474,0.067,0.862,0.225
7517,64.803531,5.733,4.46,0.064,0.986,0.223
7518,64.811858,5.737,4.462,0.085,0.974,0.216
7519,64.820594,5.959,4.59,0.108,1.042,0.219
7520,64.828765,6.102,4.588,0.076,1.263,0.175
7521,64.837544,6.335,4.607,0.06,0.781,0.887
7522,64.845652,6.56,4.632,0.073,0.76,1.095
7523,64.853706,6.981,4.614,0.081,0.872,1.414
7524,64.862455,6.602,4.581,0.092,0.896,1.033
7525,64.870604,6.787,4.566,0.09,0.88,1.251
7526,64.87923,6.524,4.583,0.083,0.864,0.994
7527,64.887257,6.804,4.582,0.098,0.837,1.287
7528,64.895504,6.894,4.577,0.08,0.823,1.414
7529,64.905752,7.033,4.606,0.092,0.769,1.566
7530,64.914655,6.469,4.6,0.066,0.752,1.051
7531,64.922582,6.961,4.57,0.078,0.778,1.535
7532,64.931355,6.53,4.558,0.081,0.784,1.107
7533,64.939392,6.826,4.565,0.088,0.798,1.375
7534,64.947489,7.064,4.594,0.097,0.777,1.596
7535,64.956193,6.765,4.609,0.099,0.793,1.264
7536,64.9663,5.695,4.565,0.066,0.845,0.219
7537,64.974606,5.755,4.579,0.062,0.843,0.271
7538,64.982879,5.808,4.6,0.062,0.892,0.254
7539,64.991496,5.753,4.611,0.078,0.828,0.236
7540,64.999439,7.3,4.567,0.07,0.734,1.929
7541,65.00838,6.832,4.582,0.097,0.855,1.298
7542,65.016559,6.976,4.613,0.077,0.837,1.449
7543,65.026695,5.861,4.614,0.077,0.952,0.218
7544,65.036998,5.712,4.599,0.076,0.819,0.218
7545,65.045369,5.731,4.6,0.059,0.779,0.293
7546,65.053784,5.617,4.614,0.086,0.701,0.216
7547,65.062047,5.793,4.602,0.093,0.796,0.302
7548,65.070572,5.896,4.589,0.079,0.846,0.382
7549,65.078718,5.993,4.58,0.093,1.063,0.257
7550,65.087241,7.319,4.572,0.081,0.836,1.83
7551,65.095835,7.165,4.568,0.09,0.831,1.676
7552,65.103877,7.415,4.615,0.118,0.837,1.845
7553,65.112247,7.404,4.586,0.11,0.839,1.869
7554,65.120474,7.61,4.442,0.057,0.819,2.292
7555,65.129123,7.221,4.491,0.088,0.799,1.843
7556,65.137433,7.179,4.473,0.072,0.778,1.856
7557,65.145879,7.093,4.46,0.066,0.76,1.807
7558,65.156031,7.691,4.617,0.17,1.038,1.866
7559,65.164248,8.122,4.479,0.171,1.3,2.172
7560,65.172795,8.076,4.471,0.13,1.291,2.184
7561,65.181287,7.819,4.434,0.146,1.268,1.971
7562,65.189282,8.236,4.46,0.136,1.247,2.393
7563,65.197756,8.017,4.448,0.094,1.238,2.237
7564,65.206053,7.983,4.504,0.085,1.213,2.181
7565,65.216848,5.75,4.627,0.164,0.642,0.317
7566,65.22471,6.187,4.472,0.068,1.377,0.27
7567,65.233314,5.939,4.491,0.114,1.062,0.272
7568,65.241483,6.161,4.56,0.115,1.145,0.341
7569,65.249999,7.566,4.492,0.084,0.875,2.115
7570,65.25794,7.933,4.492,0.142,0.848,2.451
7571,65.268523,5.766,4.522,0.083,0.782,0.379
7572,65.279033,5.789,4.524,0.109,0.811,0.345
7573,65.287083,6.054,4.53,0.123,1.073,0.328
7574,65.295192,6.181,4.556,0.103,1.311,0.211
7575,65.303879,5.888,4.549,0.109,0.927,0.303
7576,65.31207,6.286,4.582,0.198,1.206,0.3
7577,65.320382,6.315,4.516,0.11,1.121,0.568
7578,65.328779,6.249,4.672,0.12,1.094,0.363
7579,65.337205,6.184,4.548,0.099,1.077,0.46
7580,65.345674,6.038,4.6,0.131,1.042,0.265
7581,65.35421,5.897,4.559,0.084,0.881,0.373
7582,65.362393,7.834,4.549,0.09,0.797,2.398
7583,65.370506,8.124,4.608,0.123,0.844,2.549
7584,65.379128,7.866,4.606,0.113,0.867,2.28
7585,65.3874,7.921,4.562,0.095,0.852,2.412
7586,65.397483,6.175,4.617,0.096,0.837,0.625
7587,65.406205,7.818,4.565,0.064,0.775,2.414
7588,65.41441,8.018,4.575,0.096,0.821,2.526
7589,65.422872,7.895,4.517,0.083,0.8,2.495
7590,65.430802,8.278,4.475,0.068,0.78,2.955
7591,65.439328,8.104,4.476,0.095,0.758,2.775
7592,65.447897,7.918,4.5,0.081,0.742,2.595
7593,65.458628,5.637,4.612,0.092,0.695,0.238
7594,65.466331,6.275,4.478,0.098,0.86,0.839
7595,65.475476,5.494,4.463,0.072,0.709,0.25
7596,65.482955,6.337,4.5,0.08,0.861,0.896
7597,65.491373,6.272,4.463,0.08,0.839,0.89
7598,65.500054,5.893,4.477,0.091,0.82,0.505
7599,65.508084,6.196,4.496,0.082,0.801,0.817
7600,65.516554,6.077,4.46,0.085,0.78,0.752
7601,65.527147,7.932,4.621,0.091,0.699,2.521
7602,65.53706,6.373,4.579,0.082,0.696,1.016
7603,65.545462,6.344,4.447,0.084,0.721,1.092
7604,65.553658,6.484,4.499,0.082,0.7,1.203
7605,65.562057,6.494,4.479,0.116,0.772,1.127
7606,65.570293,6.586,4.462,0.079,0.758,1.287
7607,65.578689,6.563,4.586,0.074,0.753,1.15
7608,65.587159,6.498,4.574,0.158,0.818,0.948
7609,65.595381,6.648,4.534,0.095,0.819,1.2
7610,65.603801,6.575,4.607,0.093,0.815,1.06
7611,65.612351,6.359,4.554,0.088,0.796,0.921
7612,65.620141,6.888,4.598,0.071,0.777,1.442
7613,65.629391,5.989,4.542,0.074,0.755,0.618
7614,65.637313,8.439,4.573,0.082,0.701,3.083
7615,65.64793,6.247,4.621,0.067,0.736,0.823
7616,65.65595,8.643,4.64,0.1,0.742,3.161
7617,65.664428,8.515,4.536,0.071,0.733,3.175
7618,65.672746,8.621,4.621,0.094,0.736,3.17
7619,65.681086,8.575,4.639,0.083,0.748,3.105
7620,65.689048,8.946,4.629,0.106,0.717,3.494
7621,65.69751,8.866,4.652,0.099,0.755,3.36
7622,65.706406,8.412,4.573,0.087,0.739,3.013
7623,65.716346,6.709,4.566,0.076,0.72,1.347
7624,65.724868,8.674,4.584,0.081,0.774,3.235
7625,65.733164,8.668,4.62,0.07,0.751,3.227
7626,65.741183,9.024,4.637,0.074,0.736,3.577
7627,65.749815,8.722,4.54,0.066,0.715,3.401
7628,65.758308,8.568,4.579,0.051,0.727,3.211
7629,65.768203,9.096,4.573,0.061,0.708,3.754
7630,65.776855,8.878,4.561,0.062,0.692,3.563
7631,65.785972,8.178,4.599,0.063,0.666,2.85
7632,65.7936,8.957,4.605,0.064,0.76,3.528
7633,65.801728,9.14,4.74,0.074,0.746,3.58
7634,65.810335,8.9,4.491,0.112,0.781,3.516
7635,65.818497,9.042,4.658,0.096,0.77,3.518
7636,65.827239,8.807,4.581,0.093,0.777,3.356
7637,65.835579,8.781,4.465,0.096,0.758,3.462
7638,65.845299,7.306,4.57,0.086,0.743,1.907
7639,65.85418,6.708,4.597,0.078,0.722,1.311
7640,65.862212,7.087,4.592,0.074,0.801,1.62
7641,65.870672,6.94,4.654,0.084,0.786,1.416
7642,65.879648,6.349,4.589,0.068,0.765,0.927
7643,65.887305,9.1,4.567,0.07,0.753,3.71
7644,65.897527,7.195,4.554,0.069,0.735,1.837
7645,65.906104,7.472,4.554,0.062,1.23,1.626
7646,65.91417,7.721,4.604,0.086,1.21,1.821
7647,65.922354,7.902,4.529,0.126,1.192,2.055
7648,65.93101,9.176,4.614,0.085,0.67,3.807
7649,65.939533,13.732,4.563,0.103,5.394,3.672
7650,65.947619,13.953,4.8,0.085,5.375,3.693
7651,65.958374,11.601,4.564,0.107,5.355,1.575
7652,65.968439,9.851,4.604,0.086,4.904,0.257
7653,65.97666,9.941,4.632,0.099,3.281,1.929
7654,65.984821,10.109,4.635,0.103,3.281,2.09
7655,65.993239,10.017,4.582,0.108,3.279,2.048
7656,66.001347,10.242,4.618,0.076,3.284,2.264
7657,66.009719,10.204,4.614,0.08,3.279,2.231
7658,66.018527,9.697,4.679,0.094,3.282,1.642
7659,66.026661,9.907,4.641,0.064,3.28,1.922
7660,66.035602,9.299,4.598,0.082,3.279,1.34
7661,66.043286,9.939,4.59,0.088,3.283,1.978
7662,66.051812,9.76,4.604,0.061,3.282,1.813
7663,66.060255,9.638,4.59,0.087,3.282,1.679
7664,66.068734,13.74,4.627,0.072,5.435,3.606
7665,66.076947,13.881,4.739,0.082,5.435,3.625
7666,66.087433,11.731,4.558,0.093,5.437,1.643
7667,66.095165,12.311,4.605,0.086,5.437,2.183
7668,66.103808,12.029,4.616,0.074,5.436,1.903
7669,66.112301,11.856,4.581,0.077,5.437,1.761
7670,66.120282,12.196,4.595,0.113,5.435,2.053
7671,66.129085,11.74,4.628,0.072,5.436,1.604
7672,66.137234,11.93,4.606,0.093,5.436,1.795
7673,66.145779,11.706,4.591,0.088,5.432,1.595
7674,66.155789,14.188,4.616,0.255,5.321,3.996
7675,66.164374,13.928,4.716,0.107,5.421,3.684
7676,66.172819,13.923,4.612,0.106,5.424,3.781
7677,66.181312,13.769,4.597,0.094,5.426,3.652
7678,66.18919,14.093,4.526,4.558,1.121,3.888
7679,66.197362,14.253,0.0,0.05,5.435,8.768
7680,66.206411,13.636,4.565,0.056,5.454,3.561
7681,66.216481,11.874,4.585,0.084,5.477,1.728
7682,66.226492,10.137,4.625,0.11,3.429,1.973
7683,66.234648,10.333,4.62,0.089,3.449,2.175
7684,66.243392,9.95,4.611,0.09,3.464,1.785
7685,66.251345,10.292,4.595,0.095,3.481,2.121
7686,66.260162,9.984,4.621,0.109,3.507,1.747
7687,66.268372,10.062,4.577,0.095,3.526,1.864
7688,66.276694,9.994,4.629,0.098,3.55,1.717
7689,66.285996,9.103,4.616,0.083,3.568,0.836
7690,66.29345,13.456,4.594,0.097,5.094,3.671
7691,66.301581,13.651,4.567,0.052,5.105,3.927
7692,66.310395,13.438,4.6,0.075,5.136,3.627
7693,66.318755,13.384,4.651,0.102,5.351,3.28
7694,66.326709,13.7,4.588,0.053,5.357,3.702
7695,66.337341,11.524,4.571,0.145,5.391,1.417
7696,66.34573,11.458,4.662,0.093,5.407,1.296
7697,66.353635,11.786,4.607,0.087,5.425,1.667
7698,66.362335,11.583,4.562,0.103,5.448,1.47
7699,66.370295,11.793,4.571,0.095,5.469,1.658
7700,66.378712,11.701,4.635,0.092,5.488,1.486
7701,66.387401,11.359,4.587,0.089,5.509,1.174
7702,66.397376,9.763,4.574,0.088,1.373,3.728
7703,66.405999,9.44,4.579,0.114,1.385,3.362
7704,66.414576,9.257,4.604,0.102,1.402,3.149
7705,66.422865,9.302,4.611,0.11,1.428,3.153
7706,66.430973,9.597,4.552,0.082,1.452,3.511
7707,66.439285,9.502,4.612,0.119,1.467,3.304
7708,66.447481,9.645,4.632,0.106,1.495,3.412
7709,66.456055,9.408,4.622,0.152,1.51,3.124
7710,66.466407,8.578,4.647,0.111,0.718,3.102
7711,66.476557,6.833,4.627,0.129,0.796,1.281
7712,66.484984,6.798,4.578,0.094,0.816,1.31
7713,66.493139,6.959,4.622,0.085,0.838,1.414
7714,66.501449,6.954,4.611,0.069,0.856,1.418
7715,66.510122,6.739,4.633,0.149,0.876,1.081
7716,66.518707,8.302,4.56,0.086,0.628,3.028
7717,66.526864,8.653,4.623,0.111,0.806,3.113
7718,66.535205,8.571,4.598,0.08,0.801,3.092
7719,66.543309,8.746,4.546,0.091,0.833,3.276
7720,66.552317,8.051,4.605,0.081,0.861,2.504
7721,66.560522,8.315,4.601,0.118,0.883,2.713
7722,66.56874,8.423,4.621,0.079,0.903,2.82
7723,66.576824,8.694,4.595,0.102,0.922,3.075
7724,66.585424,8.39,4.553,0.08,0.944,2.813
7725,66.5956,6.559,4.628,0.088,0.964,0.879
7726,66.603725,6.63,4.607,0.166,0.985,0.872
7727,66.612014,8.568,4.565,0.082,0.772,3.149
7728,66.620803,8.215,4.506,0.078,0.797,2.834
7729,66.628911,8.423,4.519,0.088,0.816,3.0
7730,66.637295,8.332,4.487,0.071,0.833,2.941
7731,66.646327,7.586,4.472,0.082,0.856,2.176
7732,66.655711,6.51,4.521,0.109,0.877,1.003
7733,66.664317,6.254,4.467,0.087,0.899,0.801
7734,66.672735,6.149,4.49,0.098,0.914,0.647
7735,66.680817,6.387,4.474,0.06,0.937,0.916
7736,66.689072,6.488,4.471,0.08,0.958,0.979
7737,66.697576,6.333,4.475,0.066,0.978,0.814
7738,66.70827,7.827,4.561,0.094,0.717,2.455
7739,66.718216,6.203,4.596,0.079,0.732,0.796
7740,66.726528,6.227,4.448,0.097,0.756,0.926
7741,66.735041,6.075,4.487,0.087,0.774,0.727
7742,66.743259,6.16,4.5,0.071,0.794,0.795
7743,66.751486,6.261,4.444,0.093,0.811,0.913
7744,66.759849,6.212,4.51,0.078,0.835,0.789
7745,66.768266,6.142,4.51,0.082,0.857,0.693
7746,66.776512,8.146,4.608,0.085,0.686,2.767
7747,66.785253,7.724,4.565,0.088,0.706,2.365
7748,66.79353,7.782,4.618,0.078,0.73,2.356
7749,66.801967,7.686,4.594,0.077,0.749,2.266
7750,66.810323,7.733,4.581,0.077,0.769,2.306
7751,66.818797,7.515,4.612,0.072,0.788,2.043
7752,66.826802,7.858,4.649,0.076,0.811,2.322
7753,66.83533,7.659,4.583,0.081,0.83,2.165
7754,66.845381,7.982,4.59,0.077,0.822,2.493
7755,66.854004,7.718,4.618,0.123,0.846,2.131
7756,66.862019,8.132,4.602,0.102,0.864,2.564
7757,66.870557,7.95,4.607,0.081,0.886,2.376
7758,66.879286,7.469,4.583,0.101,0.907,1.878
7759,66.887341,7.707,4.574,0.101,0.928,2.104
7760,66.897367,6.021,4.573,0.072,0.949,0.427
7761,66.906054,5.697,4.622,0.086,0.771,0.218
7762,66.914425,5.78,4.66,0.104,0.842,0.174
7763,66.922477,6.081,4.463,0.133,1.192,0.293
7764,66.930966,5.92,4.529,0.115,1.064,0.212
7765,66.939398,5.822,4.47,0.077,1.073,0.202
7766,66.947475,6.072,4.484,0.089,1.253,0.246
7767,66.958367,7.138,4.577,0.088,0.732,1.741
7768,66.968292,5.568,4.588,0.084,0.703,0.193
7769,66.976571,5.747,4.485,0.105,0.924,0.233
7770,66.984779,5.888,4.495,0.095,0.946,0.352
7771,66.993206,5.798,4.509,0.072,0.966,0.251
7772,67.001484,5.846,4.49,0.1,0.988,0.268
7773,67.009862,5.805,4.463,0.1,0.996,0.246
7774,67.018173,5.814,4.522,0.076,1.008,0.208
7775,67.026934,7.231,4.508,0.112,0.818,1.793
7776,67.035377,7.128,4.466,0.074,0.834,1.754
7777,67.043633,7.211,4.506,0.082,0.852,1.771
7778,67.052077,7.084,4.496,0.084,0.874,1.63
7779,67.060239,7.256,4.523,0.099,0.894,1.74
7780,67.068656,7.187,4.505,0.076,0.917,1.689
7781,67.076758,7.422,4.599,0.084,0.937,1.802
7782,67.08537,7.144,4.583,0.075,0.959,1.527
7783,67.095006,7.7,4.575,0.077,0.776,2.272
7784,67.103873,7.158,4.6,0.084,0.795,1.679
7785,67.112292,7.1,4.58,0.087,0.822,1.611
7786,67.120411,7.318,4.574,0.07,0.836,1.838
7787,67.129053,6.988,4.633,0.079,0.861,1.415
7788,67.136909,7.499,4.629,0.064,0.881,1.925
7789,67.146172,6.55,4.6,0.083,0.903,0.964
7790,67.155918,7.156,4.617,0.129,0.845,1.565
7791,67.164403,7.004,4.563,0.095,0.869,1.477
7792,67.172407,7.332,4.585,0.085,0.891,1.771
7793,67.180595,7.496,4.628,0.097,0.907,1.864
7794,67.189257,7.139,4.575,0.098,0.929,1.537
7795,67.197689,7.174,4.61,0.227,1.015,1.322
7796,67.206097,7.094,4.645,0.166,1.104,1.179
7797,67.2164,5.549,4.565,0.086,0.671,0.227
7798,67.226753,5.578,4.613,0.081,0.661,0.223
7799,67.234619,6.053,4.51,0.106,1.201,0.236
7800,67.243392,5.61,4.475,0.086,0.842,0.207
7801,67.251461,5.862,4.473,0.093,1.089,0.207
7802,67.260044,5.724,4.509,0.132,0.804,0.279
7803,67.269209,6.039,4.485,0.143,0.705,0.706
7804,67.276695,6.81,4.501,0.112,0.723,1.474
7805,67.285337,6.49,4.458,0.162,0.743,1.127
7806,67.293286,6.875,4.48,0.089,0.764,1.542
7807,67.301796,6.685,4.53,0.118,0.791,1.246
7808,67.310398,6.426,4.472,0.148,0.809,0.997
7809,67.31862,6.531,4.528,0.083,0.823,1.097
7810,67.326852,6.641,4.528,0.114,0.849,1.15
7811,67.337348,5.658,4.609,0.107,0.745,0.197
7812,67.345409,5.936,4.459,0.086,1.182,0.209
7813,67.353924,5.736,4.546,0.083,0.939,0.168
7814,67.362645,5.983,4.508,0.093,0.65,0.732
7815,67.370529,6.595,4.469,0.097,0.825,1.204
7816,67.378564,6.871,4.594,0.153,0.849,1.275
7817,67.387239,6.528,4.62,0.151,0.866,0.891
7818,67.395662,6.448,4.616,0.105,0.889,0.838
7819,67.40559,5.647,4.578,0.079,0.79,0.2
7820,67.414341,5.564,4.563,0.053,0.698,0.25
7821,67.422953,5.663,4.59,0.079,0.785,0.209
7822,67.430781,6.196,4.583,0.066,1.3,0.247
7823,67.439581,5.799,4.614,0.087,0.892,0.206
7824,67.447881,5.929,4.654,0.145,0.944,0.186
7825,67.458013,6.52,4.615,0.13,0.778,0.997
7826,67.468346,5.718,4.529,0.068,0.814,0.307
7827,67.476672,5.799,4.598,0.079,0.769,0.353
7828,67.484973,5.72,4.552,0.106,0.829,0.233
7829,67.493398,5.826,4.589,0.076,0.806,0.355
7830,67.501671,5.884,4.578,0.084,0.875,0.347
7831,67.509923,5.896,4.61,0.076,0.939,0.271
7832,67.518581,5.852,4.573,0.083,0.855,0.341
7833,67.526663,6.168,4.553,0.07,0.649,0.896
7834,67.535275,6.089,4.572,0.097,0.76,0.66
7835,67.543482,6.206,4.62,0.084,0.777,0.725
7836,67.551959,6.087,4.617,0.092,0.797,0.581
7837,67.560123,6.24,4.597,0.111,0.819,0.713
7838,67.568823,5.883,4.606,0.069,0.838,0.37
7839,67.576804,6.249,4.581,0.112,0.86,0.696
7840,67.588288,6.931,4.521,0.239,1.105,1.066
7841,67.596206,7.038,4.576,0.195,1.498,0.769
7842,67.60402,7.177,4.593,0.076,2.139,0.369
7843,67.611986,7.439,4.63,0.085,2.469,0.255
7844,67.62072,7.009,4.624,0.079,2.081,0.225
7845,67.628645,7.42,4.608,0.078,2.51,0.224
7846,67.637265,7.113,4.545,0.112,2.052,0.404
7847,67.647913,5.638,4.561,0.091,0.738,0.248
7848,67.655825,6.055,4.615,0.105,0.837,0.498
7849,67.664385,5.812,4.575,0.078,0.854,0.305
7850,67.672998,5.547,4.541,0.075,0.71,0.221
7851,67.68109,5.75,4.498,0.065,0.895,0.292
7852,67.689258,5.949,4.49,0.151,0.914,0.394
7853,67.697531,6.022,4.454,0.093,0.933,0.542
7854,67.708322,5.537,4.59,0.09,0.647,0.21
7855,67.718347,5.482,4.561,0.072,0.616,0.233
7856,67.726438,5.743,4.482,0.079,0.958,0.224
7857,67.734908,5.602,4.49,0.087,0.804,0.221
7858,67.74418,5.609,4.544,0.103,0.746,0.216
7859,67.751619,6.532,4.51,0.094,1.697,0.231
7860,67.760008,6.428,4.528,0.077,1.623,0.2
7861,67.76838,6.398,4.489,0.073,1.631,0.205
7862,67.77683,6.288,4.534,0.079,1.467,0.208
7863,67.785399,6.055,4.487,0.102,1.273,0.193
7864,67.793286,6.485,4.489,0.184,1.619,0.193
7865,67.80176,6.342,4.521,0.128,1.51,0.183
7866,67.809942,6.502,4.515,0.082,1.709,0.196
7867,67.81861,6.187,4.53,0.084,1.362,0.211
7868,67.826804,6.336,4.612,0.068,1.409,0.247
7869,67.837408,5.807,4.587,0.085,0.916,0.219
7870,67.845409,6.126,4.618,0.09,1.211,0.207
7871,67.854028,5.823,4.622,0.108,0.909,0.184
7872,67.862067,6.121,4.62,0.08,1.231,0.19
7873,67.870425,6.121,4.583,0.116,1.211,0.211
7874,67.878772,6.096,4.591,0.082,1.218,0.205
7875,67.886879,6.322,4.628,0.101,1.402,0.191
7876,67.895543,5.986,4.643,0.104,1.052,0.187
7877,67.906144,5.753,4.599,0.095,0.849,0.21
7878,67.914189,6.015,4.622,0.092,1.136,0.165
7879,67.922752,5.818,4.613,0.085,0.904,0.216
7880,67.931206,5.685,4.6,0.081,0.802,0.202
7881,67.939313,5.908,4.581,0.103,1.041,0.183
7882,67.947459,6.089,4.639,0.085,1.185,0.18
7883,67.956093,5.829,4.618,0.095,0.878,0.238
7884,67.966973,5.655,4.627,0.095,0.742,0.191
7885,67.976396,5.422,4.465,0.089,0.659,0.209
7886,67.984937,5.586,4.623,0.074,0.678,0.211
7887,67.993282,6.084,4.503,0.259,1.093,0.229
7888,68.001706,6.253,4.469,0.1,1.187,0.497
7889,68.009841,6.243,4.514,0.077,1.376,0.276
7890,68.018233,6.126,4.5,0.079,1.319,0.228
7891,68.026593,6.085,4.494,0.076,1.282,0.233
7892,68.035264,5.734,4.485,0.091,0.953,0.205
7893,68.043309,6.034,4.495,0.134,1.2,0.205
7894,68.051854,5.83,4.513,0.126,0.999,0.192
7895,68.060724,5.533,4.496,0.095,0.704,0.238
7896,68.068461,6.111,4.479,0.078,1.35,0.204
7897,68.076742,6.169,4.498,0.078,1.37,0.223
7898,68.085279,5.95,4.488,0.081,1.187,0.194
7899,68.09524,5.643,4.594,0.096,0.739,0.214
7900,68.1037,5.515,4.49,0.086,0.743,0.196
7901,68.112364,5.412,4.489,0.073,0.642,0.208
7902,68.120326,5.797,4.463,0.084,1.031,0.219
7903,68.129015,5.639,4.635,0.075,0.709,0.22
7904,68.137202,5.752,4.588,0.067,0.892,0.205
7905,68.145729,5.754,4.605,0.112,0.855,0.182
7906,68.155864,5.683,4.612,0.103,0.769,0.199
7907,68.163931,5.953,4.62,0.088,1.058,0.187
7908,68.172699,5.593,4.603,0.09,0.7,0.2
7909,68.180446,6.17,4.625,0.084,1.293,0.168
7910,68.189312,5.772,4.586,0.133,0.854,0.199
7911,68.197136,6.282,4.624,0.097,1.36,0.201
7912,68.205928,5.799,4.617,0.09,0.895,0.197
7913,68.214373,5.705,4.576,0.123,0.815,0.191
7914,68.224339,5.723,4.587,0.098,0.853,0.185
7915,68.232968,5.696,4.652,0.094,0.793,0.157
7916,68.241266,5.75,4.567,0.11,0.879,0.194
7917,68.249686,5.707,4.621,0.104,0.822,0.16
7918,68.257859,5.893,4.623,0.098,0.964,0.208
7919,68.266272,5.797,4.568,0.098,0.927,0.204
7920,68.274909,5.756,4.622,0.092,0.769,0.273
7921,68.285374,5.754,4.559,0.079,0.825,0.291
7922,68.293454,6.09,4.623,0.124,0.994,0.349
7923,68.301834,5.905,4.625,0.095,0.992,0.193
7924,68.310412,5.639,4.588,0.093,0.774,0.184
7925,68.318695,5.843,4.572,0.072,0.826,0.373
7926,68.327104,5.74,4.599,0.078,0.816,0.247
7927,68.335303,5.847,4.581,0.075,0.974,0.217
7928,68.345824,5.869,4.64,0.104,0.789,0.336
7929,68.353579,6.322,4.543,0.113,1.385,0.281
7930,68.362115,6.121,4.618,0.121,1.127,0.255
7931,68.370484,6.092,4.614,0.098,1.126,0.254
7932,68.378487,6.377,4.615,0.084,1.461,0.217
7933,68.387134,6.08,4.576,0.114,1.168,0.222
7934,68.397215,6.115,4.6,0.196,1.129,0.19
7935,68.405824,5.862,4.596,0.104,0.954,0.208
7936,68.414531,5.754,4.598,0.1,0.856,0.2
7937,68.4227,5.982,4.493,0.161,1.023,0.305
7938,68.4306,6.463,4.486,0.153,1.526,0.298
7939,68.439451,5.982,4.426,0.152,1.015,0.389
7940,68.447659,6.081,4.53,0.302,0.83,0.419
7941,68.456079,5.974,4.503,0.126,1.017,0.328
7942,68.464852,5.849,4.432,0.144,0.826,0.447
7943,68.474677,5.851,4.501,0.139,0.861,0.35
7944,68.483314,5.746,4.452,0.153,0.797,0.344
7945,68.491282,6.058,4.484,0.136,1.161,0.277
7946,68.499842,5.867,4.467,0.123,0.963,0.314
7947,68.508185,5.82,4.469,0.133,0.961,0.257
7948,68.516737,5.692,4.436,0.128,0.783,0.345
7949,68.52711,5.85,4.511,0.152,0.811,0.376
7950,68.53529,5.905,4.461,0.196,0.973,0.275
7951,68.543833,5.883,4.474,0.14,0.908,0.361
7952,68.551909,6.122,4.51,0.191,1.062,0.359
7953,68.560434,5.928,4.16,0.085,1.045,0.638
7954,68.568369,6.254,4.546,0.139,1.298,0.271
7955,68.576947,6.1,4.582,0.214,0.911,0.393
7956,68.585515,6.033,4.592,0.104,0.843,0.494
7957,68.595815,5.859,4.616,0.132,0.807,0.304
7958,68.60614,5.763,4.572,0.088,0.86,0.243
7959,68.613954,6.281,4.607,0.08,1.379,0.215
7960,68.622599,5.975,4.564,0.072,1.071,0.268
7961,68.630672,6.227,4.582,0.07,1.356,0.219
7962,68.639611,5.962,4.586,0.083,0.83,0.463
7963,68.647451,6.24,4.574,0.106,1.3,0.26
7964,68.656024,5.999,4.568,0.099,1.079,0.253
7965,68.664154,6.228,4.533,0.082,1.317,0.296
7966,68.672665,6.02,4.566,0.073,1.094,0.287
7967,68.680616,6.387,4.568,0.072,1.489,0.258
7968,68.68943,5.908,4.533,0.07,1.036,0.269
7969,68.699995,5.782,4.577,0.199,0.749,0.257
7970,68.706137,7.955,4.557,0.084,3.086,0.228
7971,68.716665,5.784,4.558,0.082,0.879,0.265
7972,68.724772,6.005,4.487,0.077,1.212,0.229
7973,68.732871,6.263,4.511,0.071,1.423,0.258
7974,68.741209,6.219,4.488,0.085,1.426,0.22
7975,68.74989,5.895,4.519,0.083,1.064,0.229
7976,68.757881,6.211,4.52,0.082,1.402,0.207
7977,68.766412,6.008,4.457,0.078,1.26,0.213
7978,68.777058,5.582,4.59,0.082,0.639,0.271
7979,68.785004,5.928,4.512,0.096,1.137,0.183
7980,68.793985,5.516,4.492,0.075,0.711,0.238
7981,68.80155,6.253,4.498,0.097,1.474,0.184
7982,68.810153,5.999,4.498,0.087,1.206,0.208
7983,68.818635,5.853,4.467,0.075,1.089,0.222
7984,68.826703,6.142,4.491,0.075,1.321,0.255
7985,68.837027,5.501,4.587,0.082,0.589,0.243
7986,68.847499,5.709,4.621,0.178,0.63,0.28
7987,68.85587,5.684,4.504,0.095,0.837,0.248
7988,68.86407,5.789,4.487,0.075,0.97,0.257
7989,68.872525,5.663,4.482,0.08,0.862,0.239
7990,68.880715,5.824,4.59,0.078,0.885,0.271
7991,68.889136,5.717,4.575,0.084,0.815,0.243
7992,68.897411,5.819,4.581,0.082,0.894,0.262
7993,68.905818,5.717,4.613,0.08,0.786,0.238
7994,68.914339,5.696,4.53,0.079,0.833,0.254
7995,68.922842,5.797,4.621,0.075,0.859,0.242
7996,68.930666,6.312,4.56,0.077,1.397,0.278
7997,68.939422,5.883,4.554,0.153,0.914,0.262
7998,68.947657,5.997,4.545,0.094,1.08,0.278
7999,68.958228,5.732,4.573,0.092,0.852,0.215
8000,68.966254,6.089,4.54,0.081,1.188,0.28
8001,68.974742,5.906,4.572,0.082,1.025,0.227
8002,68.983287,5.766,4.577,0.123,0.825,0.241
8003,68.991272,6.058,4.597,0.118,1.157,0.186
8004,68.999879,5.839,4.617,0.109,0.888,0.225
8005,69.008298,5.72,4.552,0.092,0.86,0.216
8006,69.016266,6.101,4.568,0.078,1.208,0.247
8007,69.026749,5.546,4.603,0.084,0.632,0.227
8008,69.035332,5.38,4.456,0.088,0.596,0.24
8009,69.043983,5.583,4.466,0.086,0.771,0.26
8010,69.051615,6.325,4.493,0.442,1.109,0.281
8011,69.0602,6.005,4.497,0.088,1.191,0.229
8012,69.068321,6.205,4.447,0.085,1.444,0.229
8013,69.076827,6.058,4.504,0.078,1.25,0.226
8014,69.085383,5.836,4.448,0.087,1.06,0.241
8015,69.095338,5.554,4.563,0.107,0.618,0.266
8016,69.103801,5.513,4.528,0.104,0.642,0.239
8017,69.112448,5.411,4.437,0.083,0.654,0.237
8018,69.120404,5.783,4.487,0.085,1.014,0.197
8019,69.129084,5.462,4.51,0.117,0.6,0.235
8020,69.137297,5.588,4.444,0.069,0.814,0.261
8021,69.145645,5.565,4.507,0.136,0.711,0.211
8022,69.155723,5.573,4.61,0.102,0.645,0.216
8023,69.164229,5.412,4.481,0.088,0.628,0.215
8024,69.172663,5.456,4.514,0.089,0.608,0.245
8025,69.18054,5.874,4.582,0.088,0.992,0.212
8026,69.189306,5.492,4.569,0.085,0.598,0.24
8027,69.197579,5.541,4.613,0.091,0.619,0.218
8028,69.207915,5.513,4.61,0.091,0.599,0.213
8029,69.216198,5.714,4.596,0.082,0.803,0.233
8030,69.224937,5.521,4.595,0.088,0.613,0.225
8031,69.233049,5.728,4.627,0.087,0.772,0.242
8032,69.241537,5.565,4.616,0.084,0.647,0.218
8033,69.249608,5.804,4.608,0.098,0.903,0.195
8034,69.257744,6.04,4.604,0.088,1.141,0.207
8035,69.266494,5.615,4.607,0.091,0.691,0.226
8036,69.276574,5.531,4.598,0.081,0.589,0.263
8037,69.285062,5.461,4.597,0.074,0.571,0.219
8038,69.293605,5.513,4.621,0.084,0.599,0.209
8039,69.3016,5.852,4.589,0.102,0.953,0.208
8040,69.310151,5.644,4.592,0.092,0.743,0.217
8041,69.31872,5.481,4.607,0.093,0.579,0.202
8042,69.3268,5.746,4.604,0.08,0.85,0.212
8043,69.336947,5.504,4.618,0.082,0.585,0.219
8044,69.345531,5.716,4.602,0.085,0.82,0.209
8045,69.354062,5.527,4.617,0.096,0.604,0.21
8046,69.362096,5.818,4.577,0.079,0.948,0.214
8047,69.370739,5.536,4.6,0.081,0.646,0.209
8048,69.379547,5.72,4.581,0.081,0.817,0.241
8049,69.387113,6.464,4.603,0.078,1.582,0.201
8050,69.395607,6.325,4.584,0.088,1.428,0.225
8051,69.406094,5.436,4.569,0.097,0.578,0.192
8052,69.413952,5.915,4.612,0.086,1.039,0.178
8053,69.422635,5.61,4.615,0.082,0.668,0.245
8054,69.431094,5.492,4.596,0.077,0.586,0.233
8055,69.439242,5.688,4.55,0.088,0.822,0.228
8056,69.448027,5.859,4.61,0.092,0.908,0.249
8057,69.457828,5.538,4.594,0.101,0.626,0.217
8058,69.466491,5.751,4.587,0.088,0.812,0.264
8059,69.475013,5.543,4.582,0.095,0.623,0.243
8060,69.482925,5.96,4.603,0.082,0.997,0.278
8061,69.49141,5.806,4.587,0.08,0.911,0.228
8062,69.499395,6.155,4.612,0.104,0.956,0.483
8063,69.508153,5.714,4.586,0.094,0.827,0.207
8064,69.516154,6.03,4.569,0.09,0.912,0.459
8065,69.527193,5.598,4.561,0.123,0.636,0.278
8066,69.535253,5.886,4.567,0.09,1.015,0.214
8067,69.543532,5.942,4.553,0.069,1.012,0.308
8068,69.551503,6.283,4.608,0.101,0.989,0.585
8069,69.560152,5.966,4.579,0.089,0.971,0.327
8070,69.568574,5.872,4.603,0.077,0.951,0.241
8071,69.576609,6.232,4.592,0.135,0.971,0.534
8072,69.587222,5.787,4.56,0.157,0.862,0.208
8073,69.595685,5.76,4.594,0.086,0.84,0.24
8074,69.604135,5.742,4.604,0.08,0.837,0.221
8075,69.612293,5.901,4.569,0.074,1.032,0.226
8076,69.620659,5.883,4.592,0.096,0.964,0.231
8077,69.628942,5.928,4.605,0.082,1.021,0.22
8078,69.637014,6.187,4.605,0.067,0.772,0.743
8079,69.645674,6.175,4.606,0.083,1.053,0.433
8080,69.655714,6.34,4.612,0.176,0.796,0.756
8081,69.664802,5.883,4.564,0.085,0.998,0.236
8082,69.672462,6.538,4.61,0.096,1.062,0.77
8083,69.681145,6.182,4.58,0.14,1.043,0.419
8084,69.68919,6.518,4.559,0.089,1.026,0.844
8085,69.697441,6.6,4.597,0.073,1.007,0.923
8086,69.706099,6.239,4.574,0.099,0.987,0.579
8087,69.716528,5.801,4.606,0.065,0.88,0.25
8088,69.724448,6.225,4.586,0.148,1.233,0.258
8089,69.732975,5.999,4.687,0.14,0.979,0.193
8090,69.741159,6.202,4.581,0.077,1.297,0.247
8091,69.749765,5.92,4.594,0.06,1.019,0.247
8092,69.757763,6.254,4.607,0.091,1.32,0.236
8093,69.766377,5.946,4.566,0.071,1.093,0.216
8094,69.775345,5.584,4.476,0.085,0.785,0.238
8095,69.785214,6.176,4.574,0.07,0.676,0.856
8096,69.793191,6.538,4.509,0.071,0.65,1.308
8097,69.801657,6.404,4.52,0.087,0.642,1.155
8098,69.810238,6.173,4.491,0.089,0.635,0.958
8099,69.81825,6.484,4.475,0.071,0.62,1.318
8100,69.826738,6.404,4.504,0.095,0.653,1.152
8101,69.834921,6.578,4.49,0.093,0.653,1.342
8102,69.845446,5.879,4.6,0.065,0.969,0.245
8103,69.855867,5.696,4.601,0.123,0.736,0.236
8104,69.863897,6.007,4.494,0.075,1.198,0.24
8105,69.872462,5.804,4.482,0.123,0.944,0.255
8106,69.880536,6.003,4.515,0.118,1.17,0.2
8107,69.888881,6.016,4.463,0.079,1.254,0.22
8108,69.897298,5.925,4.474,0.063,1.159,0.229
8109,69.905613,5.94,4.509,0.083,1.149,0.199
8110,69.914218,5.675,4.506,0.067,0.875,0.227
8111,69.922648,5.692,4.494,0.128,0.861,0.209
8112,69.931165,6.464,4.569,0.118,0.737,1.04
8113,69.939346,6.669,4.576,0.082,0.781,1.23
8114,69.947791,6.558,4.564,0.084,0.763,1.147
8115,69.955895,6.772,4.599,0.126,0.745,1.302
8116,69.96454,6.489,4.57,0.087,0.726,1.106
8117,69.974525,5.531,4.622,0.085,0.633,0.191
8118,69.983074,5.548,4.598,0.077,0.664,0.209
8119,69.991067,5.875,4.599,0.073,1.003,0.2
8120,69.999593,5.708,4.599,0.067,0.812,0.23
8121,70.007812,5.842,4.596,0.096,0.922,0.228
8122,70.016324,5.634,4.578,0.072,0.771,0.213
8123,70.02538,6.144,4.557,0.088,0.677,0.822
8124,70.034774,5.485,4.551,0.078,0.626,0.23
8125,70.043538,6.706,4.62,0.075,0.583,1.428
8126,70.05148,7.189,4.619,0.09,0.669,1.811
8127,70.060042,6.97,4.623,0.096,0.651,1.6
8128,70.068529,6.812,4.618,0.07,0.635,1.489
8129,70.076813,6.858,4.62,0.081,0.619,1.538
8130,70.0876,5.558,4.613,0.068,0.663,0.214
8131,70.097488,5.446,4.579,0.07,0.592,0.205
8132,70.105729,5.547,4.596,0.078,0.667,0.206
8133,70.114124,5.695,4.594,0.07,0.829,0.202
8134,70.122308,5.85,4.571,0.082,1.006,0.191
8135,70.130618,5.888,4.609,0.074,0.99,0.215
8136,70.139044,5.778,4.627,0.063,0.879,0.209
8137,70.147303,5.891,4.592,0.073,0.993,0.233
8138,70.15563,7.593,4.58,0.144,0.789,2.08
8139,70.164264,7.345,4.57,0.127,0.78,1.868
8140,70.172537,7.368,4.65,0.076,0.763,1.879
8141,70.181499,6.733,4.581,0.127,0.728,1.297
8142,70.189195,7.421,4.577,0.089,0.761,1.994
8143,70.197658,7.313,4.598,0.074,0.764,1.877
8144,70.206139,7.149,4.591,0.1,0.749,1.709
8145,70.216156,5.51,4.575,0.072,0.631,0.232
8146,70.224582,5.732,4.605,0.119,0.786,0.222
8147,70.233227,5.525,4.562,0.076,0.63,0.257
8148,70.241079,5.978,4.621,0.073,1.074,0.21
8149,70.249934,5.543,4.594,0.061,0.617,0.271
8150,70.257888,5.891,4.599,0.117,0.96,0.215
8151,70.266414,5.69,4.603,0.073,0.784,0.23
8152,70.275386,5.562,4.566,0.102,0.646,0.248
8153,70.285043,7.615,4.595,0.092,0.706,2.222
8154,70.293527,7.407,4.632,0.077,0.688,2.01
8155,70.301725,7.591,4.613,0.081,0.701,2.196
8156,70.309552,8.158,4.618,0.201,0.719,2.62
8157,70.31847,7.614,4.587,0.13,0.747,2.15
8158,70.32661,7.799,4.634,0.083,0.724,2.358
8159,70.334918,7.938,4.565,0.086,0.826,2.461
8160,70.345543,7.509,4.599,0.082,0.587,2.241
8161,70.355879,5.532,4.605,0.073,0.596,0.258
8162,70.364041,5.85,4.596,0.069,0.737,0.448
8163,70.372337,5.905,4.573,0.079,0.723,0.53
8164,70.380496,6.073,4.592,0.084,0.705,0.692
8165,70.389039,5.854,4.605,0.064,0.684,0.501
8166,70.397375,5.944,4.572,0.093,0.74,0.539
8167,70.405751,5.92,4.585,0.072,0.719,0.544
8168,70.414266,7.713,4.583,0.087,0.595,2.448
8169,70.422756,7.803,4.553,0.076,0.78,2.394
8170,70.43127,7.588,4.565,0.07,0.762,2.191
8171,70.439487,7.74,4.614,0.078,0.75,2.298
8172,70.44762,7.929,4.628,0.079,0.756,2.466
8173,70.458166,5.765,4.582,0.072,0.768,0.343
8174,70.466228,6.052,4.583,0.086,0.772,0.611
8175,70.474605,5.994,4.588,0.089,0.762,0.555
8176,70.482782,6.185,4.595,0.067,0.747,0.776
8177,70.491305,5.988,4.57,0.078,0.729,0.611
8178,70.499473,6.246,4.619,0.142,0.795,0.69
8179,70.508211,7.924,4.59,0.086,0.796,2.452
8180,70.51632,8.156,4.57,0.082,0.774,2.73
8181,70.524869,7.959,4.499,0.066,0.754,2.64
8182,70.534857,6.288,4.582,0.061,0.732,0.913
8183,70.543343,6.137,4.46,0.079,0.719,0.879
8184,70.55175,8.203,4.475,0.065,0.722,2.941
8185,70.559989,8.283,4.516,0.085,0.707,2.975
8186,70.568344,8.244,4.495,0.088,0.68,2.981
8187,70.576542,8.392,4.503,0.07,0.673,3.146
8188,70.587081,8.324,4.606,0.079,0.702,2.937
8189,70.597444,6.303,4.591,0.056,0.679,0.977
8190,70.605706,6.369,4.521,0.084,0.656,1.108
8191,70.613836,6.638,4.527,0.169,0.671,1.271
8192,70.622484,6.267,4.549,0.068,0.657,0.993
8193,70.630551,6.579,4.519,0.059,0.674,1.327
8194,70.639145,6.326,4.507,0.073,0.663,1.083
8195,70.648064,5.762,4.497,0.055,0.646,0.564
8196,70.655738,6.423,4.502,0.068,0.634,1.219
8197,70.664497,5.995,4.509,0.07,0.616,0.8
8198,70.672159,6.777,4.513,0.052,0.702,1.51
8199,70.680725,6.601,4.617,0.071,0.745,1.168
8200,70.68933,6.349,4.561,0.066,0.722,1.0
8201,70.697774,6.234,4.591,0.049,0.705,0.889
8202,70.70599,8.534,4.578,0.083,0.792,3.081
8203,70.716357,6.515,4.541,0.054,0.769,1.151
8204,70.724441,6.756,4.574,0.075,0.745,1.362
8205,70.732983,6.547,4.576,0.074,0.731,1.166
8206,70.741656,6.194,4.586,0.051,0.708,0.849
8207,70.749847,6.355,4.623,0.074,0.691,0.967
8208,70.75792,6.649,4.617,0.069,0.718,1.245
8209,70.767546,5.631,4.595,0.054,0.757,0.225
8210,70.774913,8.433,4.609,0.062,0.685,3.077
8211,70.784658,7.024,4.634,0.075,0.677,1.638
8212,70.793381,6.628,4.542,0.066,0.656,1.364
8213,70.801412,6.935,4.57,0.066,0.642,1.657
8214,70.810239,6.524,4.54,0.052,0.703,1.229
8215,70.818572,8.669,4.572,0.075,0.732,3.29
8216,70.826798,8.76,4.502,0.084,0.713,3.461
8217,70.837197,6.796,4.535,0.053,0.76,1.448
8218,70.847171,5.525,4.568,0.048,0.65,0.259
8219,70.855794,5.691,4.595,0.086,0.771,0.239
8220,70.86395,7.1,4.63,0.073,0.666,1.731
8221,70.872418,7.016,4.536,0.077,0.729,1.674
8222,70.880632,7.143,4.609,0.065,0.709,1.76
8223,70.889068,7.165,4.575,0.072,0.816,1.702
8224,70.897312,7.268,4.587,0.075,0.798,1.808
8225,70.905613,9.279,4.593,0.064,0.666,3.956
8226,70.914369,9.062,4.557,0.086,0.725,3.694
8227,70.922649,13.523,4.785,0.077,5.14,3.521
8228,70.930774,13.878,4.57,0.12,5.317,3.871
8229,70.939213,13.744,4.676,0.087,5.296,3.685
8230,70.948082,13.379,4.597,0.102,5.277,3.403
8231,70.955967,13.694,4.523,0.111,5.257,3.803
8232,70.966617,11.376,4.598,0.118,5.231,1.429
8233,70.97469,11.623,4.579,0.079,5.211,1.754
8234,70.982766,11.867,4.582,0.104,5.188,1.993
8235,70.991284,11.686,4.603,0.077,5.179,1.827
8236,70.99971,11.609,4.64,0.104,5.166,1.699
8237,71.007763,11.91,4.612,0.098,5.168,2.032
8238,71.016336,11.645,4.601,0.128,5.17,1.746
8239,71.024916,11.375,4.625,0.069,3.091,3.59
8240,71.035293,9.331,4.611,0.081,3.092,1.547
8241,71.043413,13.897,4.643,0.079,5.359,3.816
8242,71.051815,13.835,4.741,0.077,5.361,3.656
8243,71.059993,13.998,4.693,0.076,5.383,3.846
8244,71.068517,13.872,4.752,0.085,5.387,3.648
8245,71.07667,13.982,4.696,0.069,5.384,3.833
8246,71.085319,13.825,4.72,0.086,5.383,3.636
8247,71.095071,12.224,4.575,0.115,5.382,2.152
8248,71.103728,11.926,4.617,0.073,5.374,1.862
8249,71.112438,13.735,4.625,0.144,5.472,3.494
8250,71.120395,14.094,4.687,0.157,5.497,3.753
8251,71.129627,13.275,4.571,0.118,5.498,3.088
8252,71.137351,13.928,4.554,0.103,5.496,3.775
8253,71.145772,13.832,4.478,0.158,5.491,3.705
8254,71.155619,14.043,4.63,4.509,0.875,4.029
8255,71.163923,14.066,0.0,0.046,5.234,8.786
8256,71.172213,14.116,4.213,0.059,5.254,4.59
8257,71.180675,13.994,4.41,0.068,5.279,4.237
8258,71.189124,13.905,4.599,0.044,5.346,3.916
8259,71.197624,13.732,4.682,0.072,5.362,3.616
8260,71.205771,13.93,4.535,0.049,5.379,3.967
8261,71.214859,13.532,4.513,0.078,5.406,3.535
8262,71.224574,11.955,4.624,0.108,3.352,3.871
8263,71.233039,11.678,4.667,0.151,3.368,3.492
8264,71.241565,13.411,4.558,0.08,5.242,3.531
8265,71.249539,13.675,4.638,0.041,5.242,3.754
8266,71.258367,13.363,4.527,0.07,5.284,3.482
8267,71.266118,13.783,4.616,0.044,5.297,3.826
8268,71.276841,11.57,4.612,0.096,5.323,1.539
8269,71.287115,9.549,4.574,0.069,4.565,0.341
8270,71.295424,9.593,4.617,0.199,4.427,0.35
8271,71.30348,9.783,4.587,0.136,4.81,0.25
8272,71.311978,9.621,4.621,0.143,4.589,0.268
8273,71.32044,9.469,4.631,0.128,3.34,1.37
8274,71.328614,9.613,4.627,0.09,3.357,1.539
8275,71.337111,9.468,4.6,0.095,3.379,1.394
8276,71.345447,9.463,4.601,0.081,3.402,1.379
8277,71.353597,9.618,4.612,0.084,3.417,1.505
8278,71.362261,9.31,4.566,0.104,3.443,1.197
8279,71.370513,9.359,4.651,0.131,3.462,1.115
8280,71.378855,9.354,4.642,0.095,3.481,1.136
8281,71.387227,9.339,4.589,0.086,1.429,3.235
8282,71.397823,7.085,4.619,0.079,1.45,0.937
8283,71.405549,7.679,4.608,0.081,1.468,1.522
8284,71.414354,7.204,4.586,0.079,1.488,1.051
8285,71.422441,7.466,4.617,0.105,1.512,1.232
8286,71.430654,8.854,4.59,0.077,0.708,3.479
8287,71.439214,8.86,4.554,0.077,0.977,3.252
8288,71.447713,8.727,4.544,0.102,1.0,3.081
8289,71.456308,8.466,4.578,0.126,1.02,2.742
8290,71.466308,6.795,4.588,0.17,1.043,0.994
8291,71.474784,6.641,4.607,0.091,1.062,0.881
8292,71.482971,6.768,4.626,0.105,1.085,0.952
8293,71.49105,7.011,4.601,0.09,1.102,1.218
8294,71.499581,6.841,4.609,0.092,1.122,1.018
8295,71.507602,7.141,4.596,0.143,1.143,1.259
8296,71.516344,6.834,4.543,0.098,1.155,1.038
8297,71.524833,6.735,4.606,0.089,1.178,0.862
8298,71.534898,8.528,4.592,0.082,0.695,3.159
8299,71.54349,8.224,4.599,0.077,0.715,2.833
8300,71.553542,6.5,4.593,0.072,0.732,1.103
8301,71.562035,6.345,4.613,0.094,0.755,0.883
8302,71.570136,6.59,4.576,0.094,0.775,1.145
8303,71.579189,5.854,4.575,0.134,0.788,0.357
8304,71.586954,8.5,4.447,0.118,0.77,3.165
8305,71.5956,8.439,4.487,0.116,1.04,2.796
8306,71.603975,8.483,4.488,0.13,1.056,2.809
8307,71.612297,8.398,4.457,0.135,1.076,2.73
8308,71.62053,8.519,4.508,0.105,1.097,2.809
8309,71.628481,8.853,4.529,0.103,1.118,3.103
8310,71.637605,8.064,4.509,0.084,1.14,2.331
8311,71.647679,6.33,4.627,0.1,1.158,0.445
8312,71.656068,6.32,4.544,0.158,1.176,0.442
8313,71.664222,6.423,4.524,0.117,1.184,0.598
8314,71.672602,6.512,4.451,0.239,1.211,0.611
8315,71.681093,6.336,4.487,0.147,1.233,0.469
8316,71.68924,6.482,4.505,0.151,1.256,0.57
8317,71.697533,6.528,4.499,0.13,1.278,0.621
8318,71.7058,6.594,4.501,0.1,1.296,0.697
8319,71.714332,6.341,4.473,0.116,1.317,0.435
8320,71.724382,8.173,4.564,0.127,0.703,2.779
8321,71.73257,8.453,4.466,0.114,0.871,3.002
8322,71.741342,8.118,4.569,0.146,0.897,2.506
8323,71.750089,7.69,4.645,0.123,0.914,2.008
8324,71.757954,8.113,4.557,0.108,0.935,2.513
8325,71.766364,8.053,4.601,0.112,0.959,2.381
8326,71.776906,7.862,4.588,0.117,0.848,2.309
8327,71.787054,6.043,4.5,0.119,0.87,0.554
8328,71.795273,6.14,4.521,0.119,0.979,0.521
8329,71.803569,6.311,4.546,0.112,0.999,0.654
8330,71.812437,6.019,4.535,0.122,0.992,0.37
8331,71.820496,6.276,4.555,0.103,1.261,0.357
8332,71.828761,6.371,4.524,0.135,1.312,0.4
8333,71.836944,6.45,4.514,0.095,1.339,0.502
8334,71.845924,6.085,4.566,0.1,0.918,0.501
8335,71.853755,6.42,4.559,0.075,1.437,0.349
8336,71.862386,7.522,4.609,0.065,0.858,1.99
8337,71.870233,8.137,4.594,0.074,1.036,2.433
8338,71.878793,7.948,4.598,0.071,1.058,2.221
8339,71.88694,8.113,4.484,0.047,1.085,2.497
8340,71.895388,7.963,4.479,0.071,1.103,2.31
8341,71.90597,7.423,4.617,0.124,0.728,1.954
8342,71.913904,7.81,4.522,0.076,0.747,2.465
8343,71.923542,7.679,4.545,0.082,1.063,1.989
8344,71.931428,7.973,4.427,0.056,1.087,2.403
8345,71.939887,7.703,4.493,0.074,1.103,2.033
8346,71.948126,7.712,4.465,0.06,1.122,2.065
8347,71.958645,6.252,4.559,0.085,0.739,0.869
8348,71.966795,6.475,4.437,0.078,1.093,0.867
8349,71.974957,7.266,4.522,0.083,0.771,1.89
8350,71.982707,7.709,4.506,0.077,0.794,2.332
8351,71.991274,7.391,4.461,0.076,0.814,2.04
8352,71.999705,7.312,4.502,0.066,0.83,1.914
8353,72.007803,7.554,4.517,0.074,0.855,2.108
8354,72.016172,7.482,4.501,0.07,0.876,2.035
8355,72.024741,7.247,4.497,0.058,0.894,1.798
8356,72.035258,5.554,4.534,0.05,0.713,0.257
8357,72.045787,5.66,4.598,0.083,0.753,0.226
8358,72.053494,6.263,4.567,0.09,1.381,0.225
8359,72.061968,6.137,4.573,0.087,1.236,0.241
8360,72.07002,6.402,4.582,0.07,1.518,0.232
8361,72.078426,6.322,4.605,0.067,1.423,0.227
8362,72.087315,6.873,4.58,0.074,0.754,1.465
8363,72.095408,7.156,4.613,0.091,0.808,1.644
8364,72.103419,7.489,4.591,0.107,0.826,1.965
8365,72.11217,7.152,4.58,0.092,0.903,1.577
8366,72.12052,7.13,4.63,0.059,0.923,1.518
8367,72.128783,7.191,4.622,0.08,0.943,1.546
8368,72.137008,7.247,4.604,0.067,0.961,1.615
8369,72.145413,7.19,4.613,0.076,0.983,1.518
8370,72.155922,6.804,4.589,0.084,0.698,1.433
8371,72.163847,7.275,4.636,0.079,0.771,1.789
8372,72.172533,6.915,4.609,0.071,0.797,1.438
8373,72.18076,7.028,4.61,0.052,0.818,1.548
8374,72.18934,6.772,4.585,0.051,0.842,1.294
8375,72.19759,6.912,4.599,0.05,0.916,1.347
8376,72.205887,6.962,4.558,0.078,0.94,1.386
8377,72.216772,5.728,4.619,0.059,0.823,0.227
8378,72.224778,6.048,4.572,0.047,1.166,0.263
8379,72.232617,6.538,4.575,0.069,1.654,0.24
8380,72.241154,6.327,4.562,0.053,1.469,0.243
8381,72.249799,6.02,4.62,0.069,1.13,0.201
8382,72.257948,6.228,4.614,0.057,1.312,0.245
8383,72.266098,6.38,4.598,0.091,1.484,0.207
8384,72.274854,5.957,4.603,0.045,1.058,0.251
8385,72.28522,6.319,4.576,0.067,0.673,1.003
8386,72.295481,5.639,4.574,0.05,0.781,0.234
8387,72.303405,6.094,4.61,0.054,1.153,0.277
8388,72.311933,5.859,4.596,0.053,0.97,0.24
8389,72.320234,5.887,4.563,0.061,1.029,0.234
8390,72.328385,6.069,4.601,0.061,1.172,0.235
8391,72.336861,5.928,4.501,0.061,1.145,0.221
8392,72.345694,6.213,4.523,0.054,0.771,0.865
8393,72.353872,6.409,4.488,0.077,0.796,1.048
8394,72.36215,6.43,4.478,0.073,0.816,1.063
8395,72.369856,7.072,4.49,0.07,0.833,1.679
8396,72.378669,6.575,4.516,0.071,0.856,1.132
8397,72.38659,6.984,4.482,0.08,0.875,1.547
8398,72.395403,6.526,4.459,0.074,0.894,1.099
8399,72.405765,6.436,4.581,0.075,0.779,1.001
8400,72.414363,6.227,4.462,0.046,0.849,0.87
8401,72.422326,6.567,4.454,0.06,0.875,1.178
8402,72.430647,6.616,4.512,0.072,0.893,1.139
8403,72.439166,6.419,4.491,0.091,0.913,0.924
8404,72.447602,6.32,4.501,0.074,0.934,0.811
8405,72.455734,6.531,4.512,0.059,0.954,1.006
8406,72.466184,5.553,4.538,0.053,0.717,0.245
8407,72.474808,5.872,4.505,0.11,0.666,0.591
8408,72.483314,5.897,4.447,0.086,0.735,0.629
8409,72.491253,6.15,4.562,0.094,0.753,0.741
8410,72.499821,5.897,4.644,0.078,0.774,0.401
8411,72.507712,6.366,4.59,0.074,0.796,0.906
8412,72.516385,6.008,4.576,0.084,0.82,0.528
8413,72.526892,5.676,4.53,0.074,0.84,0.232
8414,72.536846,5.693,4.585,0.086,0.795,0.227
8415,72.545177,5.815,4.614,0.133,0.81,0.258
8416,72.55382,6.146,4.589,0.122,0.895,0.54
8417,72.562042,6.019,4.601,0.102,1.019,0.297
8418,72.570051,6.286,4.59,0.075,1.367,0.254
8419,72.578549,6.138,4.592,0.14,1.152,0.254
8420,72.587329,5.668,4.576,0.07,0.77,0.252
8421,72.595399,5.942,4.607,0.097,0.995,0.243
8422,72.603808,5.965,4.564,0.091,0.968,0.342
8423,72.612002,5.98,4.624,0.073,1.052,0.231
8424,72.620372,5.937,4.634,0.065,1.012,0.226
8425,72.628853,5.794,4.603,0.084,0.905,0.202
8426,72.637544,5.757,4.611,0.085,0.85,0.211
8427,72.64739,6.123,4.59,0.117,0.993,0.423
8428,72.655591,6.307,4.593,0.079,1.018,0.617
8429,72.66417,6.004,4.568,0.066,1.036,0.334
8430,72.672704,5.813,4.599,0.094,0.898,0.222
8431,72.68063,6.217,4.582,0.09,1.078,0.467
8432,72.689402,5.79,4.625,0.064,0.871,0.23
8433,72.697346,6.19,4.607,0.053,1.127,0.403
8434,72.70581,6.051,4.553,0.063,1.146,0.289
8435,72.716505,5.599,4.614,0.094,0.687,0.204
8436,72.724675,5.752,4.603,0.058,0.866,0.225
8437,72.732717,6.056,4.625,0.063,1.046,0.322
8438,72.741212,5.878,4.568,0.058,1.034,0.218
8439,72.749834,5.71,4.608,0.064,0.805,0.233
8440,72.757863,5.999,4.592,0.085,1.132,0.19
8441,72.76647,5.738,4.602,0.063,0.85,0.223
8442,72.777148,5.604,4.58,0.063,0.74,0.221
8443,72.78682,5.778,4.655,0.077,0.791,0.255
8444,72.795306,5.585,4.474,0.064,0.826,0.221
8445,72.803543,5.686,4.515,0.062,0.885,0.224
8446,72.811882,5.684,4.49,0.079,0.906,0.209
8447,72.819954,5.968,4.498,0.061,1.155,0.254
8448,72.828541,5.681,4.512,0.078,0.89,0.201
8449,72.836639,5.917,4.505,0.062,1.119,0.231
8450,72.845703,5.503,4.504,0.044,0.703,0.252
8451,72.853681,5.848,4.531,0.073,1.044,0.2
8452,72.862178,5.682,4.492,0.064,0.905,0.221
8453,72.871036,5.555,4.543,0.067,0.727,0.218
8454,72.878808,6.158,4.504,0.077,1.318,0.259
8455,72.887508,5.756,4.508,0.084,0.951,0.213
8456,72.897769,5.622,4.557,0.071,0.768,0.226
8457,72.905656,6.062,4.513,0.082,1.259,0.208
8458,72.914201,5.843,4.499,0.066,1.059,0.219
8459,72.922288,6.088,4.48,0.068,1.317,0.223
8460,72.930754,5.964,4.506,0.091,1.165,0.202
8461,72.939211,5.828,4.586,0.065,0.969,0.208
8462,72.94738,6.018,4.615,0.098,1.079,0.226
8463,72.956001,5.752,4.602,0.07,0.834,0.246
8464,72.96635,5.768,4.601,0.099,0.867,0.201
8465,72.974548,6.042,4.578,0.085,0.996,0.383
8466,72.982988,5.83,4.628,0.081,0.88,0.241
