sample,elapsed_s,total_ms,decode_wait_ms,prepare_ms,submit_to_flip_ms,other_ms
0,0.00546,8.275,4.651,1.656,1.479,0.489
1,0.01615,8.132,4.595,1.712,1.268,0.557
2,0.02632,8.957,4.634,2.441,1.411,0.471
3,0.034745,9.18,4.696,1.772,1.938,0.774
4,0.042705,9.212,4.608,1.893,2.295,0.416
5,0.050788,9.401,4.617,1.722,2.716,0.346
6,0.059594,9.222,4.653,2.264,1.616,0.689
7,0.06807,9.246,4.53,1.468,2.424,0.824
8,0.076025,9.204,4.589,2.186,2.006,0.423
9,0.085088,9.075,4.604,2.297,1.274,0.9
10,0.093088,8.972,4.555,1.935,2.02,0.462
11,0.102062,8.836,4.604,2.136,1.3,0.796
12,0.110015,8.985,4.541,2.083,1.796,0.565
13,0.117839,9.239,4.648,2.08,2.203,0.308
14,0.126153,9.244,4.665,1.895,2.402,0.282
15,0.136203,7.76,4.61,1.955,0.937,0.258
16,0.14461,7.67,4.512,1.856,1.07,0.232
17,0.152759,7.807,4.5,1.984,1.14,0.183
18,0.161776,7.956,4.565,2.183,1.02,0.188
19,0.169676,8.411,4.498,1.332,2.397,0.184
20,0.178677,8.054,4.558,2.093,1.102,0.301
21,0.186662,8.376,4.569,2.017,1.524,0.266
22,0.19669,7.749,4.686,1.914,0.916,0.233
23,0.204832,7.943,4.509,1.982,1.217,0.235
24,0.213253,7.831,4.504,1.954,1.16,0.213
25,0.221959,7.693,4.559,1.962,0.965,0.207
26,0.229844,8.151,4.541,2.03,1.371,0.209
27,0.238258,8.078,4.543,1.83,1.478,0.227
28,0.246541,8.111,4.574,1.965,1.379,0.193
29,0.255517,7.539,4.57,1.818,0.963,0.188
30,0.26387,7.585,4.597,1.938,0.803,0.247
31,0.27392,7.199,4.625,1.408,0.945,0.221
32,0.283943,7.579,4.655,1.735,1.026,0.163
33,0.292595,7.775,4.549,1.736,1.298,0.192
34,0.30076,8.035,4.641,1.734,1.383,0.277
35,0.30917,7.869,4.622,1.705,1.353,0.189
36,0.317778,7.673,4.666,1.206,1.537,0.264
37,0.325743,8.087,4.701,1.791,1.349,0.246
38,0.3346,7.888,4.659,1.732,1.278,0.219
39,0.342801,8.066,4.703,1.798,1.365,0.2
40,0.351139,8.091,4.601,1.79,1.469,0.231
41,0.359213,8.315,4.611,1.706,1.801,0.197
42,0.367865,8.037,4.659,1.736,1.406,0.236
43,0.375915,8.291,4.679,1.762,1.645,0.205
44,0.386408,7.879,4.644,1.663,1.329,0.243
45,0.395273,7.774,4.671,1.721,1.175,0.207
46,0.40296,8.419,4.658,1.693,1.867,0.201
47,0.411975,7.866,4.666,1.754,1.245,0.201
48,0.420339,8.638,4.576,1.109,1.962,0.991
49,0.428301,8.421,4.63,1.723,1.65,0.418
50,0.437047,8.298,4.6,1.69,1.311,0.697
51,0.445445,8.165,4.511,1.757,1.257,0.64
52,0.455485,8.208,4.6,1.698,1.081,0.829
53,0.463967,7.921,4.544,1.769,0.905,0.703
54,0.472032,7.791,4.536,1.771,1.179,0.305
55,0.480401,7.959,4.538,1.711,1.203,0.507
56,0.489849,8.152,4.533,1.829,0.931,0.859
57,0.497418,8.768,4.546,1.256,2.255,0.711
58,0.505852,8.779,4.576,2.364,1.368,0.471
59,0.514613,9.055,4.51,2.329,1.313,0.903
60,0.524329,8.563,4.594,1.838,1.292,0.839
61,0.534758,8.304,4.626,1.691,1.073,0.914
62,0.542728,8.112,4.509,1.748,1.485,0.37
63,0.550971,8.222,4.589,1.78,1.464,0.389
64,0.559587,8.205,4.535,1.685,1.328,0.657
65,0.568774,8.115,4.509,1.737,1.089,0.78
66,0.576117,8.746,4.474,1.331,2.515,0.426
67,0.584618,8.514,4.551,1.775,1.822,0.366
68,0.592922,8.58,4.552,1.712,1.922,0.394
69,0.601181,8.634,4.582,1.702,1.976,0.374
70,0.609949,8.526,4.614,1.787,1.42,0.705
71,0.618058,8.456,4.567,1.654,1.825,0.41
72,0.626413,8.524,4.647,1.659,1.724,0.494
73,0.636755,8.499,4.634,1.662,1.412,0.791
74,0.644971,8.246,4.625,1.712,1.485,0.424
75,0.653733,8.424,4.637,1.674,1.398,0.715
76,0.661958,8.222,4.613,1.707,1.494,0.408
77,0.670131,8.364,4.577,1.664,1.734,0.389
78,0.678583,8.332,4.621,1.657,1.574,0.48
79,0.686772,8.704,4.583,1.658,1.763,0.7
80,0.69518,8.937,4.621,2.442,1.489,0.385
81,0.704889,8.38,4.584,2.228,1.179,0.389
82,0.71397,8.821,4.631,2.15,1.287,0.753
83,0.722367,9.187,4.629,2.218,1.541,0.799
84,0.730791,8.982,4.555,1.895,1.854,0.678
85,0.739095,8.841,4.547,2.168,1.596,0.53
86,0.747362,9.216,4.476,1.424,2.503,0.813
87,0.755379,9.147,4.556,2.2,1.94,0.451
88,0.76574,7.375,4.667,1.506,0.82,0.382
89,0.775887,8.478,4.64,2.194,1.229,0.415
90,0.7852,9.123,4.493,2.267,1.499,0.864
91,0.792961,9.615,4.491,2.305,2.033,0.786
92,0.801353,9.615,4.473,1.351,2.966,0.825
93,0.809351,9.534,4.506,2.096,2.497,0.435
94,0.817667,9.615,4.572,2.381,2.157,0.505
95,0.826381,9.666,4.478,1.505,2.778,0.905
96,0.834474,9.448,4.534,2.302,2.142,0.47
97,0.842845,9.402,4.561,2.215,2.16,0.466
98,0.851688,9.231,4.515,2.193,1.733,0.79
99,0.859387,9.646,4.459,1.38,3.253,0.554
100,0.86775,9.341,4.513,1.955,2.585,0.288
101,0.876146,9.227,4.547,2.033,2.399,0.248
102,0.886299,8.202,4.658,2.011,1.273,0.26
103,0.894755,8.056,4.624,1.878,1.332,0.222
104,0.902865,8.275,4.654,1.954,1.446,0.221
105,0.911324,8.148,4.611,1.519,1.811,0.207
106,0.919809,8.118,4.613,1.989,1.27,0.246
107,0.928091,8.148,4.606,2.016,1.289,0.237
108,0.936432,8.125,4.649,1.989,1.277,0.21
109,0.94704,7.897,4.61,1.854,1.242,0.191
110,0.955008,8.282,4.614,1.859,1.61,0.199
111,0.963615,8.043,4.606,1.963,1.235,0.239
112,0.972113,8.225,4.61,1.928,1.453,0.234
113,0.980153,8.537,4.6,1.984,1.697,0.256
114,0.988788,8.197,4.64,1.947,1.407,0.203
115,0.996785,8.549,4.64,1.942,1.75,0.217
116,1.005311,8.335,4.645,1.828,1.656,0.206
117,1.01563,7.774,4.565,1.585,1.246,0.378
118,1.025752,7.728,4.612,1.602,1.22,0.294
119,1.034351,7.891,4.606,2.068,0.974,0.243
120,1.042661,7.888,4.53,2.103,1.014,0.241
121,1.050709,8.155,4.548,2.02,1.398,0.189
122,1.059186,8.041,4.522,1.915,1.381,0.223
123,1.067422,8.116,4.556,1.878,1.482,0.2
124,1.075776,8.095,4.489,1.942,1.47,0.194
125,1.084462,7.841,4.531,1.989,1.032,0.289
126,1.092495,8.071,4.515,1.532,1.796,0.228
127,1.101006,7.926,4.536,1.305,1.855,0.23
128,1.109346,7.976,4.54,1.692,1.436,0.308
129,1.117735,7.942,4.538,2.111,0.964,0.329
130,1.126058,7.898,4.554,1.944,1.137,0.263
131,1.136197,7.835,4.63,2.009,0.95,0.246
132,1.144703,7.738,4.511,1.967,1.016,0.244
133,1.153183,7.718,4.532,2.038,0.915,0.233
134,1.161286,7.984,4.55,1.526,1.637,0.271
135,1.170244,7.657,4.506,1.942,0.928,0.281
136,1.17786,8.373,4.568,2.124,1.426,0.255
137,1.186369,8.152,4.572,1.747,1.633,0.2
138,1.19505,7.831,4.529,1.749,1.339,0.214
139,1.204845,7.995,4.647,1.748,1.382,0.218
140,1.21349,7.966,4.602,2.104,1.029,0.231
141,1.222395,7.739,4.603,1.589,1.313,0.234
142,1.230416,8.372,4.616,1.432,1.78,0.544
143,1.238912,8.181,4.592,1.418,1.667,0.504
144,1.247278,8.106,4.57,1.437,1.639,0.46
145,1.255463,8.282,4.563,1.29,1.946,0.483
146,1.265531,7.178,4.604,1.161,1.102,0.311
147,1.275992,7.417,4.608,1.21,1.329,0.27
148,1.284758,7.388,4.562,1.165,1.143,0.518
149,1.292813,7.662,4.627,1.191,1.323,0.521
150,1.300967,7.785,4.591,1.294,1.44,0.46
151,1.309446,7.654,4.609,1.149,1.427,0.469
152,1.317595,7.758,4.56,1.194,1.609,0.395
153,1.32642,7.724,4.689,1.278,1.299,0.458
154,1.33469,8.183,4.604,1.743,1.347,0.489
155,1.343051,8.122,4.548,1.887,1.231,0.456
156,1.351111,8.368,4.503,1.74,1.694,0.431
157,1.359873,8.181,4.518,1.228,1.761,0.674
158,1.368168,7.977,4.494,1.737,1.318,0.428
159,1.376574,8.372,4.521,1.689,1.27,0.892
160,1.38506,8.159,4.511,1.22,1.595,0.833
161,1.395413,7.908,4.583,1.632,1.13,0.563
162,1.403485,8.248,4.527,1.673,1.408,0.64
163,1.412004,8.167,4.552,1.827,1.126,0.662
164,1.419937,8.456,4.566,1.822,1.502,0.566
165,1.428332,8.203,4.497,1.749,1.578,0.379
166,1.437149,8.273,4.496,1.8,1.066,0.911
167,1.445431,8.13,4.507,1.695,1.211,0.717
168,1.455907,8.265,4.636,1.83,1.012,0.787
169,1.463856,8.328,4.551,1.806,1.507,0.464
170,1.472124,8.524,4.502,1.773,1.648,0.601
171,1.480563,8.461,4.519,1.686,1.613,0.643
172,1.489236,8.156,4.49,1.672,1.325,0.669
173,1.497164,8.503,4.577,1.666,1.648,0.612
174,1.505764,8.249,4.613,1.085,1.925,0.626
175,1.515607,7.982,4.62,1.648,1.181,0.533
176,1.526078,8.132,4.58,1.673,1.251,0.628
177,1.534664,8.071,4.603,1.666,1.056,0.746
178,1.542676,8.08,4.591,1.64,1.411,0.438
179,1.550995,8.01,4.617,1.712,1.327,0.354
180,1.559566,8.103,4.63,1.732,1.128,0.613
181,1.567583,8.215,4.589,1.64,1.574,0.412
182,1.576636,8.223,4.588,1.657,1.294,0.684
183,1.584386,8.47,4.629,1.654,1.829,0.358
184,1.592865,8.631,4.602,1.735,1.642,0.652
185,1.601234,8.338,4.579,1.675,1.686,0.398
186,1.609467,8.621,4.615,1.642,1.786,0.578
187,1.61801,8.39,4.593,1.655,1.587,0.555
188,1.626605,8.21,4.626,1.652,1.287,0.645
189,1.636353,7.865,4.61,1.676,1.203,0.376
190,1.645159,8.12,4.461,1.764,1.197,0.698
191,1.653971,7.845,4.557,1.574,0.842,0.872
192,1.661536,8.102,4.525,1.669,1.557,0.351
193,1.670456,8.007,4.517,1.245,1.405,0.84
194,1.678281,8.11,4.488,1.685,1.498,0.439
195,1.686859,8.177,4.562,1.789,1.078,0.748
196,1.697337,7.847,4.632,1.754,0.919,0.542
197,1.705826,7.997,4.525,1.766,1.034,0.672
198,1.713735,8.114,4.546,1.715,1.479,0.374
199,1.721804,8.374,4.55,1.72,1.736,0.368
200,1.730639,8.124,4.543,1.665,1.286,0.63
201,1.739141,7.956,4.514,1.811,1.012,0.619
202,1.747235,8.244,4.495,1.778,1.292,0.679
203,1.75777,8.179,4.631,1.805,0.948,0.795
204,1.767719,7.91,4.616,1.728,1.106,0.46
205,1.776019,7.956,4.55,1.73,1.203,0.473
206,1.784288,7.973,4.502,1.701,1.338,0.432
207,1.792979,8.361,4.538,1.777,1.297,0.749
208,1.801301,8.356,4.663,1.732,1.216,0.745
209,1.809192,8.389,4.531,1.088,2.44,0.33
210,1.817583,8.34,4.644,1.734,1.621,0.341
211,1.825857,8.403,4.631,1.701,1.735,0.336
212,1.834714,8.36,4.645,1.726,1.322,0.667
213,1.843323,8.386,4.593,1.659,1.356,0.778
214,1.851346,8.502,4.623,1.672,1.609,0.598
215,1.859773,8.278,4.616,1.729,1.471,0.462
216,1.868035,8.591,4.594,1.762,1.536,0.699
217,1.876553,8.26,4.62,1.644,1.433,0.563
218,1.884973,8.1,4.6,1.742,1.28,0.478
219,1.895759,8.239,4.599,1.616,1.189,0.835
220,1.903281,8.51,4.595,1.745,1.871,0.299
221,1.911562,8.873,4.619,1.842,1.807,0.605
222,1.919889,8.645,4.626,1.8,1.852,0.367
223,1.928829,8.279,4.637,1.767,1.267,0.608
224,1.936617,8.81,4.613,1.761,1.834,0.602
225,1.944935,8.595,4.514,1.74,1.979,0.362
226,1.955716,7.946,4.611,1.781,0.864,0.69
227,1.963642,8.213,4.518,1.702,1.439,0.554
228,1.972213,8.071,4.497,1.8,1.12,0.654
229,1.980711,7.857,4.536,1.705,1.021,0.595
230,1.988486,8.142,4.542,1.648,1.625,0.327
231,1.997225,8.099,4.492,1.701,1.218,0.688
232,2.007915,8.134,4.663,1.777,0.943,0.751
233,2.017656,7.821,4.625,1.72,0.964,0.512
234,2.025702,7.935,4.508,1.679,1.397,0.351
235,2.034412,7.93,4.53,1.734,1.187,0.479
236,2.043069,8.015,4.525,1.786,0.954,0.75
237,2.05134,8.136,4.482,1.782,1.059,0.813
238,2.059195,8.391,4.499,1.707,1.594,0.591
239,2.067806,8.15,4.526,1.669,1.329,0.626
240,2.075832,8.13,4.556,1.709,1.564,0.301
241,2.084944,7.877,4.519,1.712,0.906,0.74
242,2.092819,8.168,4.54,1.634,1.412,0.582
243,2.101326,8.169,4.62,1.699,1.317,0.533
244,2.109874,8.095,4.623,1.685,1.136,0.651
245,2.117801,8.415,4.639,1.694,1.525,0.557
246,2.12657,8.252,4.634,1.673,1.272,0.673
247,2.136455,8.116,4.641,1.609,1.359,0.507
248,2.145042,8.205,4.612,1.713,1.295,0.585
249,2.153551,8.202,4.625,1.728,1.193,0.656
250,2.161465,8.385,4.636,1.728,1.596,0.425
251,2.170192,8.485,4.587,1.751,1.432,0.715
252,2.178049,8.651,4.61,1.152,2.474,0.415
253,2.186489,8.477,4.629,1.652,1.856,0.34
254,2.195295,8.393,4.613,1.64,1.41,0.73
255,2.205896,8.84,4.652,1.803,1.56,0.825
256,2.213752,8.951,4.72,1.788,1.989,0.454
257,2.221912,9.029,4.649,1.74,2.285,0.355
258,2.23035,9.253,4.577,1.72,2.269,0.687
259,2.238612,9.215,4.626,1.797,2.216,0.576
260,2.246639,9.311,4.547,1.916,2.47,0.378
261,2.255086,9.148,4.509,1.808,2.509,0.322
262,2.266403,7.828,4.598,1.694,0.815,0.721
263,2.276161,8.065,4.596,1.721,1.103,0.645
264,2.28445,8.059,4.563,1.7,1.197,0.599
265,2.292781,8.07,4.527,1.787,1.155,0.601
266,2.301022,8.042,4.55,1.862,1.219,0.411
267,2.309684,8.274,4.542,1.781,1.207,0.744
268,2.317526,8.382,4.547,1.707,1.764,0.364
269,2.326264,8.324,4.503,1.659,1.463,0.699
270,2.334966,7.977,4.545,1.763,0.948,0.721
271,2.342705,8.407,4.536,1.721,1.584,0.566
272,2.3509,8.376,4.528,1.761,1.697,0.39
273,2.359868,7.741,4.561,1.795,0.996,0.389
274,2.368063,8.138,4.523,1.794,1.175,0.646
275,2.376362,7.977,4.494,1.524,1.513,0.446
276,2.384997,8.056,4.526,1.853,0.956,0.721
277,2.395042,7.842,4.577,1.82,1.036,0.409
278,2.402938,8.201,4.583,1.135,2.154,0.329
279,2.411504,7.991,4.621,1.798,1.241,0.331
280,2.419916,7.953,4.633,1.731,1.22,0.369
281,2.428469,7.919,4.673,1.658,1.175,0.413
282,2.436664,8.255,4.616,1.649,1.379,0.611
283,2.444965,8.005,4.605,1.699,1.369,0.332
284,2.455586,8.341,4.626,1.636,1.229,0.85
285,2.463642,8.138,4.604,1.673,1.49,0.371
286,2.472211,7.937,4.579,1.68,1.278,0.4
287,2.480468,8.168,4.617,1.637,1.36,0.554
288,2.489282,8.255,4.59,1.681,1.334,0.65
289,2.497063,8.722,4.597,1.712,1.843,0.57
290,2.507717,8.431,4.617,1.679,1.25,0.885
291,2.515413,8.476,4.654,1.671,1.851,0.3
292,2.524488,8.271,4.639,1.72,1.253,0.659
293,2.532522,8.501,4.628,1.741,1.566,0.566
294,2.540773,8.352,4.615,1.764,1.617,0.356
295,2.548861,8.72,4.551,1.282,2.402,0.485
296,2.557736,8.608,4.531,1.748,1.431,0.898
297,2.565924,8.253,4.57,1.76,1.52,0.403
298,2.574522,8.243,4.501,1.734,1.348,0.66
299,2.584931,8.115,4.604,1.709,0.96,0.842
300,2.593148,7.786,4.49,1.764,1.131,0.401
301,2.601169,8.223,4.482,1.628,1.595,0.518
302,2.610221,7.883,4.492,1.745,1.014,0.632
303,2.618139,8.309,4.486,1.154,2.03,0.639
304,2.626407,8.148,4.537,1.684,1.507,0.42
305,2.636852,8.226,4.626,1.733,0.96,0.907
306,2.645017,8.14,4.55,2.041,1.103,0.446
307,2.652998,8.472,4.556,1.654,1.848,0.414
308,2.662036,8.34,4.522,1.79,1.206,0.822
309,2.669849,8.478,4.533,1.69,1.813,0.442
310,2.67888,8.174,4.508,1.738,1.16,0.768
311,2.686839,8.424,4.533,1.731,1.519,0.641
312,2.695487,9.139,4.542,2.413,1.418,0.766
313,2.705541,8.284,4.682,1.786,1.342,0.474
314,2.715479,8.157,4.631,1.737,1.313,0.476
315,2.724051,8.106,4.595,1.844,1.2,0.467
316,2.732401,8.747,4.643,1.715,1.625,0.764
317,2.740949,8.669,4.601,1.738,1.515,0.815
318,2.749395,8.311,4.638,1.719,1.385,0.569
319,2.757285,8.672,4.618,1.673,1.888,0.493
320,2.765911,8.457,4.621,1.702,1.564,0.57
321,2.774172,8.472,4.616,1.721,1.626,0.509
322,2.78284,8.364,4.615,1.734,1.392,0.623
323,2.791005,8.457,4.601,1.702,1.606,0.548
324,2.79948,8.63,4.622,1.098,2.052,0.858
325,2.807354,8.548,4.596,1.685,1.944,0.323
326,2.816216,8.266,4.583,1.675,1.439,0.569
327,2.826087,8.043,4.574,1.719,1.252,0.498
328,2.834695,8.086,4.628,1.674,1.225,0.559
329,2.842874,7.996,4.615,1.744,1.318,0.319
330,2.851191,8.173,4.482,1.533,1.683,0.475
331,2.859742,8.126,4.536,1.798,1.143,0.649
332,2.867903,8.246,4.504,1.733,1.415,0.594
333,2.876239,8.184,4.489,1.676,1.481,0.538
334,2.884979,7.985,4.554,1.668,1.036,0.727
335,2.895287,7.115,4.616,1.147,0.728,0.624
336,2.902963,7.535,4.564,1.834,0.753,0.384
337,2.912032,7.963,4.541,1.749,0.932,0.741
338,2.919878,8.266,4.546,1.748,1.419,0.553
339,2.928456,7.992,4.524,1.691,1.251,0.526
340,2.937121,7.721,4.491,1.807,0.837,0.586
341,2.945232,7.948,4.492,1.147,1.718,0.591
342,2.955174,7.584,4.583,1.656,0.924,0.421
343,2.963854,7.765,4.514,1.702,0.951,0.598
344,2.972192,7.615,4.488,1.764,0.986,0.377
345,2.980152,8.137,4.487,1.217,1.893,0.54
346,2.988743,7.824,4.538,1.704,1.108,0.474
347,2.996713,8.127,4.529,1.676,1.513,0.409
348,3.005675,8.302,4.654,1.719,1.192,0.737
349,3.016172,8.265,4.574,1.618,1.437,0.636
350,3.024188,8.615,4.589,1.692,1.666,0.668
351,3.032539,8.575,4.626,1.803,1.498,0.648
352,3.040836,8.331,4.645,1.77,1.544,0.372
353,3.049478,8.494,4.626,1.697,1.339,0.832
354,3.05773,8.47,4.63,1.691,1.418,0.731
355,3.067843,8.076,4.643,1.71,1.111,0.612
356,3.076907,8.37,4.642,1.74,1.396,0.592
357,3.084553,9.041,4.551,2.288,1.592,0.61
358,3.093483,8.347,4.63,1.338,1.879,0.5
359,3.100919,9.182,4.592,2.216,1.919,0.455
360,3.110121,8.903,4.568,1.563,1.752,1.02
361,3.118103,8.697,4.601,2.196,1.419,0.481
362,3.126195,8.933,4.482,1.228,2.776,0.447
363,3.134604,8.785,4.611,1.742,2.056,0.376
364,3.144902,7.865,4.621,1.822,1.056,0.366
365,3.155729,7.941,4.587,1.706,0.933,0.715
366,3.163594,8.174,4.508,1.666,1.514,0.486
367,3.172098,8.184,4.505,1.741,1.278,0.66
368,3.180652,7.989,4.53,1.722,1.068,0.669
369,3.188903,8.018,4.539,1.849,1.0,0.63
370,3.196896,8.308,4.516,2.083,1.108,0.601
371,3.20558,8.492,4.486,2.24,0.855,0.911
372,3.21391,8.272,4.528,2.203,0.986,0.555
373,3.222196,8.628,4.497,2.294,1.005,0.832
374,3.229831,9.038,4.549,1.41,2.565,0.514
375,3.238699,8.36,4.531,1.856,1.602,0.371
376,3.246657,8.734,4.5,1.201,2.674,0.359
377,3.255423,8.388,4.564,1.725,1.653,0.446
378,3.266178,8.775,4.622,2.438,0.921,0.794
379,3.27452,8.689,4.516,1.96,1.512,0.701
380,3.282443,8.857,4.515,1.888,1.99,0.464
381,3.290967,9.075,4.523,2.135,1.53,0.887
382,3.299487,8.809,4.61,2.175,1.229,0.795
383,3.307474,9.105,4.506,1.789,2.087,0.723
384,3.3163,8.693,4.603,1.06,2.238,0.792
385,3.326002,7.936,4.593,1.734,1.279,0.33
386,3.334485,8.426,4.628,2.328,0.982,0.488
387,3.343671,8.664,4.642,2.187,1.052,0.783
388,3.351452,9.298,4.73,1.804,1.936,0.828
389,3.35961,9.005,4.582,1.761,2.295,0.367
390,3.367718,9.435,4.633,1.769,2.467,0.566
391,3.376218,9.084,4.67,1.722,2.307,0.385
392,3.384698,9.122,4.61,1.9,2.036,0.576
393,3.394584,8.063,4.583,1.773,1.315,0.392
394,3.403396,7.936,4.613,1.722,1.194,0.407
395,3.411731,8.194,4.593,1.718,1.228,0.655
396,3.420229,8.192,4.603,1.752,1.217,0.62
397,3.428379,8.279,4.62,1.676,1.471,0.512
398,3.436859,8.162,4.618,1.732,1.266,0.546
399,3.446975,8.344,4.603,1.741,1.342,0.658
400,3.455469,8.007,4.624,1.666,1.368,0.349
401,3.463755,8.401,4.634,1.747,1.332,0.688
402,3.472278,8.277,4.628,1.66,1.387,0.602
403,3.479976,8.922,4.612,1.771,1.932,0.607
404,3.488853,8.266,4.625,2.22,1.056,0.365
405,3.496926,8.444,4.607,1.862,1.717,0.258
406,3.505032,8.637,4.511,1.955,1.942,0.229
407,3.515191,7.959,4.576,1.98,1.204,0.199
408,3.523911,7.704,4.667,1.905,0.954,0.178
409,3.531896,8.42,4.653,1.936,1.643,0.188
410,3.540364,8.304,4.623,1.103,2.381,0.197
411,3.549038,7.995,4.604,1.694,1.468,0.229
412,3.557004,8.314,4.618,2.242,1.232,0.222
413,3.565639,8.395,4.741,1.988,1.455,0.211
414,3.573984,8.399,4.606,2.005,1.559,0.229
415,3.584614,7.923,4.621,2.07,1.004,0.228
416,3.594528,7.896,4.649,1.967,1.024,0.256
417,3.602754,8.024,4.581,1.921,1.306,0.216
418,3.611108,7.981,4.491,1.859,1.427,0.204
419,3.61946,7.984,4.561,1.957,1.245,0.221
420,3.628061,7.702,4.525,1.982,0.998,0.197
421,3.63632,7.935,4.551,1.963,1.182,0.239
422,3.64482,7.965,4.523,2.026,1.114,0.302
423,3.653273,7.931,4.515,1.993,1.171,0.252
424,3.661235,8.274,4.536,2.18,1.336,0.222
425,3.670767,7.668,4.549,2.098,0.827,0.194
426,3.678051,8.767,4.529,1.891,2.086,0.261
427,3.686354,8.763,4.503,1.74,2.291,0.229
428,3.694851,8.611,4.527,1.961,1.884,0.239
429,3.70535,7.685,4.635,1.862,0.982,0.206
430,3.713178,8.164,4.48,1.748,1.739,0.197
431,3.721802,8.109,4.556,2.123,1.215,0.215
432,3.729805,8.435,4.556,2.051,1.612,0.216
433,3.738467,8.139,4.575,2.142,1.177,0.245
434,3.747313,8.19,4.519,1.95,1.477,0.244
435,3.75745,7.995,4.639,1.826,1.314,0.216
436,3.76597,7.777,4.595,1.773,1.23,0.179
437,3.773811,8.277,4.649,1.782,1.661,0.185
438,3.782457,7.945,4.633,1.671,1.478,0.163
439,3.790377,8.615,4.689,2.254,1.405,0.267
440,3.799048,8.24,4.63,1.99,1.401,0.219
441,3.807177,8.605,4.629,2.099,1.491,0.386
442,3.815583,8.446,4.707,2.181,1.367,0.191
443,3.825749,8.564,4.654,2.052,1.637,0.221
444,3.834373,8.28,4.643,1.929,1.492,0.216
445,3.842859,8.18,4.659,2.074,1.212,0.235
446,3.850946,8.424,4.648,2.053,1.502,0.221
447,3.859344,8.357,4.646,2.093,1.398,0.22
448,3.867492,8.513,4.796,2.073,1.454,0.19
449,3.875879,8.479,4.655,2.043,1.569,0.212
450,3.884319,8.357,4.648,2.04,1.474,0.195
451,3.894816,7.997,4.651,2.072,1.103,0.171
452,3.903002,8.201,4.56,2.136,1.292,0.213
453,3.911297,8.237,4.64,2.107,1.278,0.212
454,3.919535,8.329,4.517,1.739,1.87,0.203
455,3.928051,8.158,4.546,2.097,1.291,0.224
456,3.936387,8.299,4.589,2.212,1.279,0.219
457,3.946765,8.054,4.621,2.071,1.169,0.193
458,3.955051,8.133,4.524,2.05,1.351,0.208
459,3.963699,8.119,4.574,2.265,1.046,0.234
460,3.9719,8.285,4.506,2.011,1.516,0.252
461,3.979893,8.61,4.557,2.069,1.735,0.249
462,3.988556,9.425,4.572,2.505,2.089,0.259
463,3.99671,9.681,4.646,1.285,3.434,0.316
464,4.00515,9.515,4.524,1.828,2.921,0.242
465,4.013719,9.286,4.57,1.788,2.687,0.241
466,4.023597,8.404,4.668,2.368,1.132,0.236
467,4.032277,8.058,4.527,2.009,1.297,0.225
468,4.041022,7.958,4.551,2.098,1.084,0.225
469,4.048822,8.478,4.559,1.937,1.786,0.196
470,4.05766,8.239,4.674,1.954,1.389,0.222
471,4.065344,8.899,4.588,1.85,2.257,0.204
472,4.075911,7.835,4.647,1.695,1.272,0.221
473,4.084353,7.978,4.666,1.781,1.318,0.213
474,4.092341,8.293,4.712,1.785,1.621,0.175
475,4.100758,8.211,4.753,1.845,1.439,0.174
476,4.110162,8.074,4.58,1.094,1.324,1.076
477,4.117698,8.276,4.604,1.693,1.527,0.452
478,4.126443,8.233,4.601,1.668,1.409,0.555
479,4.136613,7.516,4.611,1.079,1.128,0.698
480,4.145064,8.409,4.58,1.73,1.408,0.691
481,4.153221,8.539,4.596,1.723,1.571,0.649
482,4.161615,8.504,4.624,1.694,1.517,0.669
483,4.169883,8.569,4.683,1.775,1.708,0.403
484,4.178246,8.789,4.626,1.704,1.806,0.653
485,4.187273,8.424,4.608,1.687,1.417,0.712
486,4.197539,8.047,4.617,1.638,0.98,0.812
487,4.207646,8.261,4.629,1.673,1.241,0.718
488,4.215968,8.353,4.576,1.753,1.253,0.771
489,4.224353,8.291,4.536,1.686,1.249,0.82
490,4.232323,8.852,4.536,2.408,1.355,0.553
491,4.240545,9.059,4.512,1.159,2.795,0.593
492,4.24896,8.776,4.542,1.694,2.147,0.393
493,4.256788,9.251,4.539,1.691,2.661,0.36
494,4.265546,8.956,4.508,1.914,2.038,0.496
495,4.273895,8.842,4.569,1.803,2.08,0.39
496,4.282873,8.515,4.533,1.737,1.533,0.712
497,4.291066,8.44,4.496,1.698,1.752,0.494
498,4.299366,8.743,4.535,1.734,1.705,0.769
499,4.307587,8.83,4.522,1.68,1.885,0.743
500,4.316126,8.575,4.508,1.744,1.637,0.686
501,4.326196,8.333,4.576,1.756,1.19,0.811
502,4.334916,7.935,4.559,1.255,1.307,0.814
503,4.34267,8.207,4.534,1.185,1.985,0.503
504,4.351138,8.014,4.512,1.717,1.35,0.435
505,4.360255,8.724,4.624,1.755,1.408,0.937
506,4.368375,8.747,4.627,1.129,2.245,0.746
507,4.376244,8.901,4.501,1.674,2.289,0.437
508,4.3872,8.53,4.581,1.645,1.474,0.83
509,4.395296,8.598,4.603,1.749,1.582,0.664
510,4.403224,9.003,4.647,1.204,2.489,0.663
511,4.411709,8.658,4.588,1.729,1.868,0.473
512,4.419842,8.911,4.629,1.34,2.38,0.562
513,4.428182,8.876,4.55,1.22,2.598,0.508
514,4.436586,8.793,4.572,1.21,2.527,0.484
515,4.445418,8.499,4.633,1.827,1.58,0.459
516,4.455572,7.56,4.576,1.186,1.255,0.543
517,4.465629,7.542,4.604,1.201,1.288,0.449
518,4.473807,7.742,4.535,1.258,1.457,0.492
519,4.482387,7.463,4.597,1.134,1.272,0.46
520,4.490366,7.793,4.645,1.174,1.538,0.436
521,4.499027,7.494,4.491,1.233,1.297,0.473
522,4.50803,7.359,4.497,1.257,1.107,0.498
523,4.515654,8.039,4.49,1.168,1.927,0.454
524,4.524562,7.501,4.506,1.287,1.208,0.5
525,4.532684,7.707,4.491,1.461,1.226,0.529
526,4.541058,7.673,4.517,1.289,1.364,0.503
527,4.548903,8.11,4.491,1.194,1.98,0.445
528,4.557281,8.01,4.523,1.277,1.816,0.394
529,4.565929,7.811,4.554,1.267,1.475,0.515
530,4.574301,8.206,4.558,1.802,1.261,0.585
531,4.584717,8.178,4.594,1.698,1.353,0.533
532,4.592741,8.494,4.535,1.776,1.646,0.537
533,4.601491,7.983,4.518,1.693,1.357,0.415
534,4.609943,8.844,4.582,2.47,1.17,0.622
535,4.617944,8.792,4.594,1.812,2.168,0.218
536,4.626097,9.016,4.544,2.169,2.035,0.268
537,4.636053,7.86,4.619,2.064,0.931,0.246
538,4.644637,8.082,4.523,2.094,1.066,0.399
539,4.653146,8.236,4.601,2.013,1.405,0.217
540,4.660855,8.845,4.596,2.15,1.882,0.217
541,4.669702,8.583,4.621,2.139,1.606,0.217
542,4.678832,9.743,4.718,2.394,1.599,1.032
543,4.686858,9.98,4.997,1.907,2.131,0.945
544,4.695465,9.715,4.641,1.59,2.538,0.946
545,4.70536,9.107,4.608,2.288,1.747,0.464
546,4.716059,8.789,4.594,2.205,1.096,0.894
547,4.723999,9.066,4.556,1.263,2.472,0.775
548,4.732206,8.883,4.496,2.188,1.726,0.473
549,4.740434,8.942,4.631,1.857,2.047,0.407
550,4.748919,8.858,4.545,2.313,1.483,0.517
551,4.757359,8.702,4.591,1.906,1.77,0.435
552,4.765636,8.826,4.523,2.105,1.696,0.502
553,4.774056,8.632,4.569,2.1,1.557,0.406
554,4.782663,9.267,4.623,2.151,1.688,0.805
555,4.791246,9.042,4.62,1.428,2.177,0.817
556,4.798928,9.25,4.523,2.262,2.034,0.431
557,4.80775,9.226,4.598,1.979,1.823,0.826
558,4.815555,9.385,4.514,1.737,2.688,0.446
559,4.826092,7.956,4.593,1.806,1.054,0.503
560,4.834768,7.854,4.548,1.727,0.837,0.742
561,4.842498,8.071,4.497,1.675,1.535,0.364
562,4.851265,8.285,4.503,1.721,1.37,0.691
563,4.860016,8.413,4.508,1.779,1.266,0.86
564,4.868003,8.333,4.523,1.725,1.647,0.438
565,4.876594,8.37,4.493,1.154,1.986,0.737
566,4.884867,8.042,4.505,1.753,1.434,0.35
567,4.895016,7.891,4.583,1.776,1.049,0.483
568,4.90355,8.43,4.51,1.876,1.261,0.783
569,4.911709,8.625,4.545,2.329,1.163,0.588
570,4.920053,8.913,4.516,1.403,2.139,0.855
571,4.92821,8.616,4.517,2.272,1.42,0.407
572,4.936376,8.857,4.521,1.948,1.911,0.477
573,4.94528,8.846,4.504,2.158,1.341,0.843
574,4.955571,8.707,4.653,2.166,1.337,0.551
575,4.966008,9.129,4.595,2.13,1.522,0.882
576,4.974223,9.236,4.578,2.193,1.584,0.881
577,4.982378,8.986,4.642,1.503,2.394,0.447
578,4.990337,9.413,4.639,2.288,1.982,0.504
579,4.999201,8.954,4.466,1.652,2.273,0.563
580,5.007039,9.406,4.569,2.001,2.307,0.529
581,5.016187,9.057,4.539,2.206,1.319,0.993
582,5.023874,9.31,4.736,1.206,2.79,0.578
583,5.03249,8.897,4.541,2.25,1.626,0.48
584,5.041211,8.501,4.593,2.328,1.107,0.473
585,5.049487,8.891,4.562,1.177,2.385,0.767
586,5.057548,8.767,4.635,2.316,1.409,0.407
587,5.065972,9.205,4.611,2.175,1.622,0.797
588,5.074605,8.939,4.635,2.191,1.283,0.83
589,5.084432,8.756,4.632,2.217,1.003,0.904
590,5.093041,8.321,4.59,2.131,0.843,0.757
591,5.101372,8.285,4.533,2.156,0.886,0.71
592,5.109325,8.646,4.508,1.467,1.996,0.675
593,5.117704,8.299,4.587,2.172,1.152,0.388
594,5.126363,8.258,4.591,2.277,0.867,0.523
595,5.134598,8.268,4.549,2.14,1.154,0.425
596,5.14513,8.366,4.599,2.199,1.07,0.498
597,5.153035,8.699,4.755,2.01,1.541,0.393
598,5.161489,8.628,4.509,2.163,1.515,0.441
599,5.169699,8.837,4.516,1.384,2.409,0.528
600,5.178162,8.602,4.532,2.252,1.384,0.434
601,5.186352,8.761,4.523,1.933,1.872,0.433
602,5.195075,8.74,4.496,2.234,1.2,0.81
603,5.203763,8.373,4.489,2.152,0.957,0.775
604,5.213855,8.523,4.638,2.23,0.836,0.819
605,5.224336,8.679,4.619,2.255,0.918,0.887
606,5.232491,8.659,4.52,1.497,1.953,0.689
607,5.240425,8.841,4.535,2.173,1.653,0.48
608,5.24903,8.493,4.581,1.971,1.565,0.376
609,5.257444,8.851,4.618,1.725,1.705,0.803
610,5.265799,8.575,4.654,1.687,1.685,0.549
611,5.274482,8.376,4.602,1.622,1.453,0.699
612,5.282256,8.718,4.615,1.695,1.924,0.484
613,5.291526,8.308,4.619,1.682,1.227,0.78
614,5.299226,8.717,4.625,1.647,1.885,0.56
615,5.30769,8.581,4.647,1.786,1.602,0.546
616,5.315511,8.811,4.593,1.655,2.293,0.27
617,5.324719,8.479,4.579,1.075,2.021,0.804
618,5.334308,8.01,4.665,1.698,1.235,0.412
619,5.343025,8.054,4.59,1.654,1.125,0.685
620,5.351428,8.108,4.632,1.629,1.233,0.614
621,5.35952,8.379,4.608,1.696,1.434,0.641
622,5.3687,8.266,4.598,1.682,1.231,0.755
623,5.37629,8.607,4.58,1.061,2.611,0.355
624,5.386397,7.942,4.609,1.67,1.183,0.48
625,5.395067,7.909,4.577,1.659,1.013,0.66
626,5.403535,7.648,4.56,1.619,0.933,0.536
627,5.411423,8.048,4.515,1.666,1.377,0.49
628,5.420387,8.016,4.543,1.658,1.021,0.794
629,5.428492,8.205,4.493,1.644,1.311,0.757
630,5.437051,8.317,4.51,1.749,1.231,0.827
631,5.445761,8.05,4.504,1.723,1.044,0.779
632,5.455619,8.168,4.634,1.673,1.102,0.759
633,5.465916,8.325,4.613,1.698,1.302,0.712
634,5.47373,8.517,4.537,1.091,2.505,0.384
635,5.482269,8.41,4.528,1.68,1.723,0.479
636,5.49082,8.364,4.553,1.736,1.425,0.65
637,5.499352,8.295,4.531,1.686,1.298,0.78
638,5.50786,8.066,4.522,1.78,1.041,0.723
639,5.515986,8.267,4.548,1.754,1.244,0.721
640,5.524416,8.253,4.508,1.749,1.426,0.57
641,5.532831,8.487,4.474,1.66,1.474,0.879
642,5.540743,8.426,4.52,1.735,1.771,0.4
643,5.548826,8.781,4.535,1.808,1.926,0.512
644,5.557517,8.33,4.656,1.724,1.537,0.413
645,5.565562,8.617,4.581,1.703,1.921,0.412
646,5.576555,8.225,4.607,1.635,1.206,0.777
647,5.5853,8.364,4.606,1.645,1.2,0.913
648,5.593025,8.619,4.615,1.748,1.69,0.566
649,5.601975,8.285,4.578,1.697,1.292,0.718
650,5.60949,8.989,4.684,1.67,2.03,0.605
651,5.61818,8.752,4.613,1.755,1.65,0.734
652,5.626602,8.63,4.628,1.747,1.559,0.696
653,5.636539,8.111,4.632,1.716,1.25,0.513
654,5.645173,8.124,4.587,1.704,1.195,0.638
655,5.653598,8.194,4.61,1.688,1.122,0.774
656,5.662376,8.256,4.603,1.636,1.325,0.692
657,5.670123,8.877,4.582,2.497,1.031,0.767
658,5.678881,8.118,4.584,1.909,1.227,0.398
659,5.686585,8.988,4.589,1.694,2.078,0.627
660,5.697143,7.919,4.608,1.634,1.042,0.635
661,5.707745,8.106,4.68,1.714,0.931,0.781
662,5.716046,7.954,4.497,1.823,1.05,0.584
663,5.724541,8.261,4.527,1.713,1.19,0.831
664,5.732379,8.524,4.534,1.756,1.627,0.607
665,5.740925,8.493,4.527,1.791,1.384,0.791
666,5.749215,8.433,4.501,1.8,1.447,0.685
667,5.757661,8.511,4.553,1.824,1.251,0.883
668,5.76553,8.457,4.551,1.619,1.917,0.37
669,5.774222,8.224,4.499,1.732,1.508,0.485
670,5.782559,8.945,4.536,2.484,1.05,0.875
671,5.790751,8.746,4.478,1.487,2.273,0.508
672,5.799051,8.754,4.494,2.187,1.568,0.505
673,5.80771,8.822,4.557,2.291,1.084,0.89
674,5.815947,8.86,4.551,2.247,1.221,0.841
675,5.824675,8.75,4.54,2.365,0.985,0.86
676,5.835045,8.625,4.601,2.229,0.957,0.838
677,5.843194,8.942,4.461,1.334,2.211,0.936
678,5.851237,8.842,4.614,2.216,1.497,0.515
679,5.85988,9.552,4.617,2.188,1.809,0.938
680,5.868409,9.305,4.545,2.258,1.62,0.882
681,5.876089,9.631,4.574,1.302,3.232,0.523
682,5.886257,8.719,4.648,2.388,1.438,0.245
683,5.894737,8.551,4.684,2.171,1.494,0.202
684,5.902918,8.759,4.618,1.725,2.19,0.226
685,5.912149,8.057,4.63,1.781,1.466,0.18
686,5.919692,8.891,4.727,1.822,2.106,0.236
687,5.928401,8.459,4.644,1.736,1.903,0.176
688,5.936245,8.968,4.67,1.702,2.412,0.184
689,5.944839,8.704,4.601,1.742,2.182,0.179
690,5.954974,7.768,4.609,1.676,1.308,0.175
691,5.96532,7.767,4.67,1.638,1.262,0.197
692,5.973724,8.069,4.66,1.741,1.455,0.213
693,5.982011,8.071,4.596,1.75,1.559,0.166
694,5.990184,8.239,4.662,1.64,1.772,0.165
695,5.998875,7.881,4.637,1.721,1.358,0.165
696,6.006979,8.178,4.616,1.684,1.643,0.235
697,6.015518,7.942,4.653,1.836,1.235,0.218
698,6.023949,7.884,4.618,1.798,1.278,0.19
699,6.031885,8.288,4.615,1.776,1.703,0.194
700,6.040513,7.971,4.604,1.666,1.535,0.166
701,6.048951,7.884,4.62,1.665,1.415,0.184
702,6.057193,7.97,4.674,1.695,1.42,0.181
703,6.066063,7.794,4.617,1.724,1.273,0.18
704,6.075716,7.588,4.647,1.646,1.127,0.168
705,6.084262,7.876,4.631,1.671,1.417,0.157
706,6.092275,8.211,4.669,1.677,1.702,0.163
707,6.100836,7.993,4.634,1.652,1.534,0.173
708,6.109458,7.809,4.689,1.719,1.247,0.154
709,6.117661,8.68,4.679,2.413,1.373,0.215
710,6.125858,8.838,4.638,1.796,2.208,0.196
711,6.136022,7.637,4.588,1.717,1.168,0.164
712,6.144963,7.537,4.607,1.68,1.075,0.175
713,6.153075,7.746,4.494,1.769,1.314,0.169
714,6.161092,8.071,4.499,1.694,1.706,0.172
715,6.169652,7.847,4.545,1.732,1.395,0.175
716,6.177746,8.053,4.52,1.658,1.732,0.143
717,6.186176,8.443,4.602,2.414,1.222,0.205
718,6.196283,7.617,4.682,1.733,1.048,0.154
719,6.205241,7.807,4.5,1.802,1.16,0.345
720,6.213117,8.1,4.508,1.064,2.338,0.19
721,6.22215,8.441,4.55,2.374,1.288,0.229
722,6.230231,8.675,4.491,1.824,2.159,0.201
723,6.238545,8.708,4.561,2.298,1.622,0.227
724,6.246431,9.148,4.568,2.216,2.146,0.218
725,6.25515,8.736,4.56,1.842,2.172,0.162
726,6.26483,7.717,4.647,1.805,1.064,0.201
727,6.273716,7.207,4.535,1.659,0.868,0.145
728,6.282308,7.134,4.497,1.679,0.807,0.151
729,6.290382,7.402,4.517,1.746,0.976,0.163
730,6.299032,7.643,4.502,1.642,1.326,0.173
731,6.306963,8.036,4.595,1.665,1.607,0.169
732,6.315978,7.835,4.588,1.708,1.322,0.217
733,6.32384,8.258,4.616,1.722,1.756,0.164
734,6.334351,7.697,4.646,1.609,1.292,0.15
735,6.34239,8.02,4.655,1.668,1.518,0.179
736,6.350864,7.873,4.613,1.707,1.382,0.171
737,6.359351,7.714,4.646,1.626,1.273,0.169
738,6.367216,8.155,4.592,1.644,1.782,0.137
739,6.375845,8.077,4.627,1.696,1.395,0.359
740,6.384411,7.761,4.609,1.669,1.295,0.188
741,6.394446,7.723,4.658,1.676,1.198,0.191
742,6.404973,7.872,4.595,1.658,1.272,0.347
743,6.413223,7.805,4.624,1.648,1.327,0.206
744,6.421265,8.094,4.645,1.668,1.581,0.2
745,6.429911,7.912,4.61,1.677,1.295,0.33
746,6.438124,7.983,4.593,1.738,1.37,0.282
747,6.446633,7.828,4.606,1.806,1.129,0.287
748,6.454965,8.554,4.564,2.517,1.216,0.257
749,6.463425,8.384,4.496,1.965,1.732,0.191
750,6.472296,7.857,4.578,1.898,1.193,0.188
751,6.479763,8.761,4.579,2.248,1.683,0.251
752,6.488567,8.279,4.543,2.199,1.308,0.229
753,6.496552,8.646,4.545,2.029,1.832,0.24
754,6.505274,8.215,4.561,2.097,1.349,0.208
755,6.515064,8.171,4.622,2.146,1.207,0.196
756,6.523861,7.758,4.536,2.044,0.944,0.234
757,6.531686,8.254,4.546,2.114,1.344,0.25
758,6.540453,8.081,4.552,2.175,1.098,0.256
759,6.548683,8.135,4.531,2.103,1.297,0.204
760,6.556851,8.323,4.551,2.101,1.446,0.225
761,6.565565,7.971,4.525,2.069,1.14,0.237
762,6.573966,7.991,4.513,1.918,1.322,0.238
763,6.584253,8.117,4.633,2.289,0.948,0.247
764,6.592309,8.395,4.547,1.862,1.768,0.218
765,6.600978,8.052,4.54,2.104,1.187,0.221
766,6.609022,8.343,4.628,2.037,1.473,0.205
767,6.617727,8.151,4.629,2.11,1.068,0.344
768,6.626301,8.356,4.642,1.821,1.604,0.289
769,6.634617,8.884,4.652,2.101,1.665,0.466
770,6.644676,8.106,4.606,2.029,1.23,0.241
771,6.654394,8.178,4.636,2.121,1.223,0.198
772,6.663143,7.883,4.575,2.012,1.046,0.25
773,6.671591,8.856,4.641,2.122,1.839,0.254
774,6.679881,8.865,4.571,2.083,1.984,0.227
775,6.688259,8.813,4.624,2.115,1.854,0.22
776,6.69638,8.994,4.598,2.085,2.124,0.187
777,6.705402,8.389,4.648,2.067,1.405,0.269
778,6.713432,8.7,4.534,1.35,2.556,0.26
779,6.721869,8.535,4.67,1.823,1.848,0.194
780,6.730077,8.673,4.523,1.926,2.017,0.207
781,6.738523,8.623,4.652,1.82,1.874,0.277
782,6.746444,9.018,4.578,1.704,2.489,0.247
783,6.75512,8.722,4.492,1.926,2.005,0.299
784,6.765888,8.509,4.656,2.408,1.162,0.283
785,6.774337,8.711,4.536,1.564,2.034,0.577
786,6.782172,9.062,4.498,2.069,2.041,0.454
787,6.791026,8.841,4.576,2.197,1.304,0.764
788,6.799084,8.92,4.494,1.916,1.969,0.541
789,6.807649,9.001,4.54,2.16,1.442,0.859
790,6.816295,8.696,4.525,2.195,1.112,0.864
791,6.824221,8.809,4.48,1.64,2.129,0.56
792,6.834341,8.217,4.631,2.266,0.797,0.523
793,6.843159,7.977,4.49,2.148,0.954,0.385
794,6.851225,8.628,4.469,1.454,1.967,0.738
795,6.859895,8.014,4.558,2.22,0.854,0.382
796,6.867835,8.841,4.517,2.218,1.287,0.819
797,6.876317,8.582,4.495,2.165,1.222,0.7
798,6.88456,8.401,4.501,2.083,1.396,0.421
799,6.894685,8.727,4.644,2.218,1.451,0.414
800,6.903107,8.621,4.535,1.306,2.399,0.381
801,6.91377,8.939,4.635,2.234,1.159,0.911
802,6.922093,8.899,4.579,2.024,1.442,0.854
803,6.930519,8.789,4.616,2.135,1.204,0.834
804,6.938656,8.774,4.629,2.112,1.403,0.63
805,6.947688,8.769,4.586,2.165,1.169,0.849
806,6.955581,9.26,4.684,2.234,1.447,0.895
807,6.964091,9.05,4.582,2.181,1.426,0.861
808,6.972287,9.207,4.61,2.201,1.522,0.874
809,6.980574,9.231,4.522,1.287,2.596,0.826
810,6.988665,8.995,4.634,1.764,2.248,0.349
811,6.997094,9.252,4.577,1.688,2.289,0.698
812,7.007598,8.073,4.622,1.693,1.306,0.452
813,7.015521,8.372,4.6,1.717,1.719,0.336
814,7.024287,8.256,4.618,1.644,1.339,0.655
815,7.032646,8.139,4.629,1.657,1.291,0.562
816,7.04067,8.358,4.607,1.66,1.617,0.474
817,7.049132,8.056,4.508,1.828,1.41,0.31
818,7.057315,8.225,4.53,1.172,2.203,0.32
819,7.065668,8.125,4.518,1.735,1.634,0.238
820,7.075661,7.508,4.595,1.752,0.97,0.191
821,7.084108,7.377,4.523,1.824,0.85,0.18
822,7.092909,7.225,4.514,1.792,0.725,0.194
823,7.100633,7.836,4.531,1.736,1.378,0.191
824,7.109031,7.745,4.495,1.825,1.262,0.163
825,7.117632,7.517,4.536,1.719,1.061,0.201
826,7.125702,7.742,4.546,1.795,1.238,0.163
827,7.134352,7.448,4.538,1.789,0.93,0.191
828,7.144734,7.393,4.597,1.795,0.824,0.177
829,7.154817,7.67,4.587,1.846,1.016,0.221
830,7.163092,7.692,4.497,1.788,1.22,0.187
831,7.171402,7.722,4.552,1.734,1.237,0.199
832,7.180095,8.014,4.552,1.999,1.017,0.446
833,7.188238,8.037,4.521,1.995,1.237,0.284
834,7.196435,8.361,4.58,2.115,1.413,0.253
835,7.205188,7.913,4.624,1.532,1.538,0.219
836,7.213218,8.235,4.646,1.938,1.403,0.248
837,7.221744,8.339,4.658,1.976,1.462,0.243
838,7.229616,8.846,4.601,1.882,2.077,0.286
839,7.238262,8.528,4.628,1.867,1.754,0.279
840,7.247047,8.025,4.61,1.939,1.241,0.235
841,7.254898,8.511,4.611,1.908,1.771,0.221
842,7.265699,8.27,4.623,2.162,1.156,0.329
843,7.273663,8.535,4.631,2.004,1.678,0.222
844,7.2821,8.407,4.608,2.057,1.535,0.207
845,7.290579,8.326,4.679,1.881,1.525,0.241
846,7.298606,8.602,4.631,1.91,1.856,0.205
847,7.306919,8.614,4.65,1.913,1.842,0.209
848,7.315756,8.446,4.656,2.346,1.12,0.324
849,7.325658,8.421,4.63,2.173,1.365,0.253
850,7.33419,8.155,4.725,1.803,1.467,0.16
851,7.34233,8.419,4.636,1.744,1.816,0.223
852,7.350886,8.175,4.551,1.186,2.226,0.212
853,7.35944,7.931,4.532,1.349,1.862,0.188
854,7.367539,8.178,4.545,1.829,1.61,0.194
855,7.375793,8.221,4.547,1.79,1.727,0.157
856,7.386015,7.499,4.669,1.757,0.893,0.18
857,7.394665,7.522,4.54,1.703,1.042,0.237
858,7.403286,7.331,4.571,1.717,0.871,0.172
859,7.411252,7.921,4.535,1.872,1.115,0.399
860,7.419738,7.668,4.546,1.796,1.082,0.244
861,7.428281,7.509,4.52,1.717,0.973,0.299
862,7.436264,7.763,4.537,1.813,1.208,0.205
863,7.444843,7.532,4.529,1.706,1.088,0.209
864,7.454641,7.25,4.591,1.755,0.732,0.172
865,7.463165,7.065,4.493,1.703,0.692,0.177
866,7.47188,7.336,4.534,1.81,0.797,0.195
867,7.479856,7.754,4.525,1.684,1.295,0.25
868,7.488484,7.383,4.533,1.649,1.033,0.168
869,7.4965,7.817,4.554,1.85,1.206,0.207
870,7.505018,7.853,4.588,1.789,1.28,0.196
871,7.515485,7.575,4.634,1.714,0.964,0.263
872,7.523949,7.754,4.625,1.707,1.213,0.209
873,7.532014,8.0,4.611,1.7,1.502,0.187
874,7.540448,7.903,4.642,1.771,1.29,0.2
875,7.548655,8.034,4.628,1.78,1.426,0.2
876,7.55664,8.364,4.626,2.372,1.157,0.209
877,7.565272,8.089,4.678,2.108,1.087,0.216
878,7.576023,7.243,4.582,1.284,1.196,0.181
879,7.585993,7.858,4.56,1.698,1.371,0.229
880,7.594382,7.769,4.554,1.809,1.207,0.199
881,7.602604,8.346,4.649,2.041,1.416,0.24
882,7.611041,8.199,4.593,1.842,1.576,0.188
883,7.61924,8.353,4.667,1.973,1.507,0.206
884,7.627749,8.216,4.648,1.891,1.434,0.243
885,7.636303,8.308,4.663,1.99,1.459,0.196
886,7.644688,8.414,4.599,1.227,2.233,0.355
887,7.653155,8.147,4.524,1.79,1.62,0.213
888,7.661356,8.37,4.556,1.199,2.298,0.317
889,7.669867,8.147,4.558,1.344,1.982,0.263
890,7.677933,8.439,4.521,1.925,1.705,0.288
891,7.686518,8.178,4.564,1.828,1.51,0.276
892,7.696456,6.916,4.612,1.187,0.862,0.255
893,7.70499,6.884,4.517,1.282,0.853,0.232
894,7.713401,6.958,4.533,1.288,0.845,0.292
895,7.721591,7.44,4.502,1.606,1.003,0.329
896,7.730075,7.287,4.541,1.466,0.972,0.308
897,7.738312,7.48,4.543,1.629,0.991,0.317
898,7.747298,7.306,4.521,1.584,0.911,0.29
899,7.75496,7.958,4.52,1.438,1.721,0.279
900,7.76555,7.846,4.607,1.769,1.097,0.373
901,7.773588,8.051,4.556,1.606,1.602,0.287
902,7.782274,7.736,4.527,1.506,1.386,0.317
903,7.790269,8.068,4.513,1.389,1.86,0.306
904,7.798972,7.74,4.555,1.31,1.537,0.338
905,7.807217,7.81,4.786,1.481,1.205,0.338
906,7.815608,8.125,4.613,1.988,1.164,0.36
907,7.823913,8.076,4.607,1.374,1.817,0.278
908,7.833962,8.502,4.643,2.305,1.288,0.266
909,7.842494,8.315,4.641,1.422,1.988,0.264
910,7.8511,8.888,4.627,2.347,1.548,0.366
911,7.859292,9.078,4.676,2.211,1.788,0.403
912,7.867791,9.098,4.555,1.616,2.356,0.571
913,7.876234,8.892,4.488,1.254,2.69,0.46
914,7.886274,8.037,4.58,1.585,1.297,0.575
915,7.894842,7.701,4.568,1.296,1.36,0.477
916,7.903455,7.711,4.588,1.32,1.279,0.524
917,7.911403,8.043,4.591,1.382,1.592,0.478
918,7.920428,7.833,4.57,1.437,1.327,0.499
919,7.928038,8.552,4.553,1.436,2.069,0.494
920,7.936326,8.635,4.629,1.346,2.148,0.512
921,7.944857,8.414,4.604,1.522,1.79,0.498
922,7.953706,8.564,4.56,2.318,1.147,0.539
923,7.96415,8.165,4.643,1.461,1.009,1.052
924,7.971793,8.335,4.472,1.984,1.361,0.518
925,7.980123,8.258,4.488,1.194,2.157,0.419
926,7.9888,7.972,4.528,1.807,1.167,0.47
927,7.997188,8.075,4.485,1.253,1.709,0.628
928,8.005392,8.129,4.533,1.71,1.328,0.558
929,8.01605,8.885,4.602,2.389,1.017,0.877
930,8.025683,8.2,4.569,2.117,1.082,0.432
931,8.034691,8.72,4.509,2.313,1.022,0.876
932,8.042737,8.844,4.494,2.326,1.301,0.723
933,8.051286,8.772,4.506,1.568,1.861,0.837
934,8.059306,8.647,4.527,2.32,1.379,0.421
935,8.067668,8.753,4.555,1.888,1.797,0.513
936,8.075822,8.836,4.523,2.317,1.551,0.445
937,8.084899,8.564,4.497,2.24,0.971,0.856
938,8.093078,8.829,4.541,1.654,1.702,0.932
939,8.101065,8.686,4.496,2.192,1.534,0.464
940,8.10968,8.909,4.624,2.141,1.2,0.944
941,8.11793,8.834,4.601,2.093,1.358,0.782
942,8.126578,8.51,4.616,2.1,1.032,0.762
943,8.136334,8.906,4.675,2.202,1.418,0.611
944,8.144837,8.651,4.613,1.936,1.597,0.505
945,8.153676,8.303,4.618,1.794,1.24,0.651
946,8.161896,8.51,4.594,1.691,1.484,0.741
947,8.169843,8.927,4.62,1.782,1.753,0.772
948,8.178513,8.414,4.661,1.656,1.503,0.594
949,8.186544,8.764,4.628,1.686,1.805,0.645
950,8.196581,7.922,4.64,1.673,1.117,0.492
951,8.203707,9.316,4.533,1.748,2.368,0.667
952,8.213498,8.058,4.62,1.697,1.158,0.583
953,8.22227,7.836,4.605,1.638,0.958,0.635
954,8.230241,8.15,4.612,1.642,1.307,0.589
955,8.238524,8.185,4.614,1.643,1.36,0.568
956,8.247451,7.637,4.588,1.601,0.887,0.561
957,8.255248,8.179,4.502,1.673,1.445,0.559
958,8.263751,8.009,4.5,1.686,1.271,0.552
959,8.273787,9.003,4.673,2.457,1.312,0.561
960,8.282287,8.763,4.515,1.552,2.233,0.463
961,8.290632,8.702,4.516,2.403,1.343,0.44
962,8.299239,8.797,4.472,1.559,1.973,0.793
963,8.307021,8.928,4.527,2.442,1.55,0.409
964,8.31563,8.705,4.514,2.126,1.627,0.438
965,8.325827,8.458,4.645,2.215,1.091,0.507
966,8.33487,8.866,4.485,2.338,1.142,0.901
967,8.34289,9.22,4.52,2.234,1.549,0.917
968,8.351517,9.312,4.488,2.417,1.463,0.944
969,8.359675,9.086,4.565,2.267,1.716,0.538
970,8.367419,9.422,4.505,1.907,2.735,0.275
971,8.375897,9.249,4.555,2.051,2.379,0.264
972,8.384285,9.182,4.556,2.049,2.338,0.239
973,8.394397,7.615,4.582,1.931,0.913,0.189
974,8.403358,8.059,4.558,1.886,1.392,0.223
975,8.410984,8.77,4.563,2.155,1.81,0.242
976,8.419541,8.553,4.649,2.118,1.55,0.236
977,8.42811,8.475,4.627,2.143,1.514,0.191
978,8.43606,8.882,4.591,2.06,2.021,0.21
979,8.446222,8.293,4.626,2.055,1.344,0.268
980,8.45487,8.133,4.617,1.957,1.327,0.232
981,8.463153,8.378,4.667,2.062,1.406,0.243
982,8.471664,8.137,4.62,1.944,1.403,0.17
983,8.479865,8.3,4.628,1.912,1.556,0.204
984,8.488427,8.224,4.661,2.024,1.183,0.356
985,8.497168,7.929,4.615,1.909,1.207,0.198
986,8.504887,8.569,4.595,1.941,1.828,0.205
987,8.5153,7.93,4.664,2.025,1.032,0.209
988,8.523808,7.816,4.612,1.822,1.176,0.206
989,8.531816,8.142,4.63,1.989,1.326,0.197
990,8.540242,8.05,4.657,1.515,1.686,0.192
991,8.54902,8.243,4.639,1.992,1.387,0.225
992,8.556917,8.686,4.591,2.027,1.843,0.225
993,8.565601,8.424,4.691,2.01,1.511,0.212
994,8.575644,7.888,4.611,2.098,0.984,0.195
995,8.584075,7.796,4.619,1.931,1.049,0.197
996,8.592493,8.273,4.659,2.104,1.293,0.217
997,8.600676,8.417,4.616,1.925,1.671,0.205
998,8.609257,8.163,4.638,1.848,1.472,0.205
999,8.617247,8.525,4.638,1.877,1.799,0.211
1000,8.625759,8.343,4.647,1.884,1.612,0.2
1001,8.634223,8.174,4.622,1.753,1.649,0.15
1002,8.64447,7.728,4.604,1.754,1.132,0.238
1003,8.654859,7.701,4.614,1.668,1.228,0.191
1004,8.663061,7.84,4.644,1.72,1.305,0.171
1005,8.671544,7.821,4.597,1.706,1.216,0.302
1006,8.679679,7.925,4.647,1.73,1.345,0.203
1007,8.68816,7.811,4.572,1.103,1.903,0.233
1008,8.696402,7.842,4.607,1.677,1.383,0.175
1009,8.704698,7.931,4.506,1.735,1.461,0.229
1010,8.713272,7.629,4.535,1.68,1.249,0.165
1011,8.721703,7.57,4.515,1.733,1.119,0.203
1012,8.730388,7.482,4.547,1.735,0.889,0.311
1013,8.738532,7.618,4.512,1.698,1.146,0.262
1014,8.746874,7.559,4.513,1.747,1.098,0.201
1015,8.754911,7.82,4.524,1.763,1.366,0.167
1016,8.763308,7.739,4.551,1.706,1.329,0.153
1017,8.773296,7.215,4.621,1.658,0.767,0.169
1018,8.782226,7.256,4.508,1.768,0.709,0.271
1019,8.790405,7.777,4.532,1.848,1.115,0.282
1020,8.798977,7.508,4.516,1.857,0.889,0.246
1021,8.807312,7.576,4.568,1.81,1.022,0.176
1022,8.815279,8.235,4.556,2.468,0.969,0.242
1023,8.823829,8.021,4.531,1.971,1.287,0.232
1024,8.834087,7.574,4.593,1.858,0.915,0.208
1025,8.842574,7.393,4.539,1.744,0.928,0.182
1026,8.850552,7.767,4.519,1.736,1.325,0.187
1027,8.859128,7.876,4.642,1.757,1.171,0.306
1028,8.86769,7.845,4.634,1.798,1.174,0.239
1029,8.875742,8.08,4.677,1.771,1.439,0.193
1030,8.885949,7.727,4.589,1.682,1.284,0.172
1031,8.894912,7.835,4.628,1.776,1.239,0.192
1032,8.902791,8.265,4.658,1.709,1.736,0.162
1033,8.911274,8.139,4.652,1.658,1.643,0.186
1034,8.920602,8.681,4.595,1.696,1.218,1.172
1035,8.928149,8.63,4.703,1.663,1.921,0.343
1036,8.936944,8.667,4.613,1.071,2.143,0.84
1037,8.947131,7.932,4.558,1.689,1.238,0.447
1038,8.955333,8.343,4.645,1.637,1.425,0.636
1039,8.963894,8.225,4.59,1.714,1.296,0.625
1040,8.972035,8.626,4.572,1.685,1.54,0.829
1041,8.980081,8.399,4.574,1.674,1.831,0.32
1042,8.988816,8.065,4.581,1.079,2.021,0.384
1043,8.99674,8.39,4.597,1.695,1.794,0.304
1044,9.00777,7.941,4.648,1.694,0.969,0.63
1045,9.015648,8.51,4.513,2.354,0.966,0.677
1046,9.024622,8.776,4.534,2.276,1.052,0.914
1047,9.032383,9.186,4.553,2.058,1.823,0.752
1048,9.040699,8.905,4.513,2.256,1.682,0.454
1049,9.049186,9.116,4.472,1.483,2.368,0.793
1050,9.057059,9.208,4.497,2.117,2.133,0.461
1051,9.066054,8.849,4.509,2.221,1.367,0.752
1052,9.074605,8.71,4.48,2.193,1.217,0.82
1053,9.084339,8.303,4.687,2.237,0.934,0.445
1054,9.09269,8.405,4.579,2.308,1.026,0.492
1055,9.103151,8.697,4.623,2.306,1.035,0.733
1056,9.111461,8.64,4.505,1.562,1.914,0.659
1057,9.119568,8.897,4.564,2.274,1.597,0.462
1058,9.128138,8.993,4.464,1.53,2.229,0.77
1059,9.136183,8.89,4.463,1.618,2.426,0.383
1060,9.144744,8.633,4.523,2.221,1.513,0.376
1061,9.153461,8.867,4.534,2.219,1.353,0.761
1062,9.161417,9.232,4.566,1.456,2.472,0.738
1063,9.169731,8.918,4.595,2.191,1.707,0.425
1064,9.17866,8.776,4.595,2.228,1.127,0.826
1065,9.186801,8.933,4.637,2.163,1.352,0.781
1066,9.195156,8.874,4.583,1.528,2.032,0.731
1067,9.204799,8.316,4.582,2.128,1.229,0.377
1068,9.213821,8.969,4.641,2.165,1.353,0.81
1069,9.222217,8.883,4.589,2.13,1.421,0.743
1070,9.230098,9.099,4.57,2.273,1.743,0.513
1071,9.238799,8.738,4.621,2.132,1.459,0.526
1072,9.247124,8.972,4.636,1.391,2.232,0.713
1073,9.255155,8.838,4.573,1.662,2.323,0.28
1074,9.265601,8.311,4.639,1.683,1.265,0.724
1075,9.273968,8.001,4.587,1.702,1.27,0.442
1076,9.28276,7.793,4.657,1.09,1.356,0.69
1077,9.290936,8.43,4.613,1.769,1.303,0.745
1078,9.298919,8.543,4.596,1.794,1.649,0.504
1079,9.307082,8.423,4.71,1.734,1.76,0.219
1080,9.315228,8.606,4.672,1.725,2.002,0.207
1081,9.325642,8.927,4.695,2.462,1.496,0.274
1082,9.334687,8.783,4.639,1.926,1.945,0.273
1083,9.342286,9.476,4.808,1.717,2.726,0.225
1084,9.350835,9.278,4.655,1.741,2.63,0.252
1085,9.358958,9.449,4.619,1.754,2.872,0.204
1086,9.367739,8.994,4.672,1.792,2.333,0.197
1087,9.375711,9.334,4.587,1.812,2.758,0.177
1088,9.384301,9.1,4.666,1.705,2.536,0.193
1089,9.394051,7.775,4.659,1.697,1.214,0.205
1090,9.402854,7.779,4.613,1.711,1.264,0.191
1091,9.411327,7.612,4.585,1.632,1.239,0.156
1092,9.419591,7.837,4.639,1.671,1.299,0.228
1093,9.428411,7.868,4.627,1.754,1.314,0.173
1094,9.436173,8.477,4.633,1.699,1.939,0.206
1095,9.444754,8.218,4.691,1.782,1.546,0.199
1096,9.454815,7.575,4.612,1.837,0.922,0.204
1097,9.463351,7.362,4.546,1.697,0.926,0.193
1098,9.471363,7.665,4.567,1.735,1.184,0.179
1099,9.480177,7.343,4.531,1.703,0.901,0.208
1100,9.488344,7.491,4.551,1.739,1.008,0.193
1101,9.496819,7.416,4.53,1.772,0.902,0.212
1102,9.505244,7.315,4.549,1.711,0.846,0.209
1103,9.513377,7.509,4.548,1.762,0.996,0.203
1104,9.523975,7.273,4.593,1.695,0.778,0.207
1105,9.53388,6.853,4.579,1.284,0.782,0.208
1106,9.542309,7.495,4.558,1.746,0.995,0.196
1107,9.550936,7.442,4.505,1.807,0.907,0.223
1108,9.558967,7.717,4.501,1.78,1.244,0.192
1109,9.567759,7.405,4.525,1.781,0.938,0.161
1110,9.57565,7.892,4.494,1.223,1.953,0.222
1111,9.583898,7.943,4.531,1.744,1.494,0.174
1112,9.592588,7.6,4.535,1.657,1.226,0.182
1113,9.600603,7.901,4.543,1.677,1.521,0.16
1114,9.609424,7.731,4.598,1.629,1.307,0.197
1115,9.617474,8.009,4.625,1.69,1.509,0.185
1116,9.625976,7.848,4.604,1.673,1.375,0.196
1117,9.634335,7.812,4.663,1.686,1.274,0.189
1118,9.644412,7.696,4.627,1.619,1.254,0.196
1119,9.652893,7.705,4.586,1.669,1.219,0.231
1120,9.661095,7.879,4.573,1.64,1.393,0.273
1121,9.669749,8.038,4.685,1.856,1.266,0.231
1122,9.677836,8.27,4.621,1.811,1.631,0.207
1123,9.686199,9.076,4.676,2.436,1.727,0.237
1124,9.694566,9.111,4.819,1.859,2.174,0.259
1125,9.704818,7.84,4.593,1.769,1.302,0.176
1126,9.7132,7.926,4.629,1.727,1.262,0.308
1127,9.721596,7.907,4.638,1.735,1.326,0.208
1128,9.730084,7.765,4.587,1.588,1.352,0.238
1129,9.73858,7.979,4.631,1.862,1.283,0.203
1130,9.746685,8.201,4.602,1.781,1.623,0.195
1131,9.754951,8.293,4.577,2.123,1.316,0.277
1132,9.765357,7.928,4.661,1.788,1.257,0.222
1133,9.775591,7.738,4.654,1.796,1.025,0.263
1134,9.784316,7.526,4.536,1.72,1.052,0.218
1135,9.792287,7.883,4.533,1.729,1.411,0.21
1136,9.800663,7.88,4.529,1.666,1.442,0.243
1137,9.809162,7.624,4.496,1.735,1.238,0.155
1138,9.817281,7.867,4.541,1.748,1.394,0.184
1139,9.825607,7.853,4.562,1.879,1.239,0.173
1140,9.833954,7.869,4.52,1.759,1.4,0.19
1141,9.842448,7.71,4.545,1.746,1.227,0.192
1142,9.850985,7.555,4.516,1.679,1.122,0.238
1143,9.859041,7.914,4.505,1.768,1.32,0.321
1144,9.867135,8.024,4.509,1.789,1.536,0.19
1145,9.875847,7.628,4.524,1.274,1.638,0.192
1146,9.884388,7.569,4.566,1.724,1.086,0.193
1147,9.894439,7.356,4.6,1.72,0.813,0.223
1148,9.903049,7.522,4.521,1.682,1.135,0.184
1149,9.911143,7.768,4.676,1.656,1.259,0.177
1150,9.919602,7.712,4.624,1.638,1.274,0.176
1151,9.928084,7.825,4.64,1.652,1.348,0.185
1152,9.936106,8.139,4.636,1.73,1.584,0.189
1153,9.944702,7.88,4.61,1.706,1.369,0.195
1154,9.955473,7.455,4.63,1.632,1.038,0.155
1155,9.963061,8.227,4.643,1.613,1.795,0.176
1156,9.971999,7.613,4.609,1.639,1.198,0.167
1157,9.979748,8.191,4.621,1.733,1.669,0.168
1158,9.988076,8.227,4.618,1.768,1.637,0.204
1159,9.996723,7.926,4.626,1.772,1.322,0.206
1160,10.005045,7.936,4.617,1.701,1.408,0.21
1161,10.013464,7.842,4.651,1.715,1.279,0.197
1162,10.023734,7.22,4.654,1.077,1.278,0.211
1163,10.034013,7.805,4.607,1.714,1.288,0.196
1164,10.042327,7.832,4.634,1.666,1.327,0.205
1165,10.050598,7.852,4.634,1.657,1.402,0.159
1166,10.059011,7.864,4.659,1.685,1.343,0.177
1167,10.067358,8.349,4.621,1.657,1.883,0.188
1168,10.075582,8.466,4.629,1.675,1.968,0.194
1169,10.084087,8.276,4.619,1.733,1.746,0.178
1170,10.092587,8.122,4.651,1.66,1.622,0.189
1171,10.100652,8.349,4.727,1.733,1.744,0.145
1172,10.108929,8.437,4.595,1.692,1.975,0.175
1173,10.117555,8.147,4.635,1.654,1.678,0.18
1174,10.126211,7.805,4.647,1.732,1.265,0.161
1175,10.136305,7.688,4.61,1.609,1.236,0.233
1176,10.144438,7.849,4.606,1.671,1.38,0.192
1177,10.152598,8.003,4.6,1.615,1.616,0.172
1178,10.161011,7.932,4.612,1.637,1.504,0.179
1179,10.169743,8.009,4.701,2.021,1.088,0.199
1180,10.17794,8.223,4.599,1.764,1.598,0.262
1181,10.186228,8.204,4.622,1.691,1.7,0.191
1182,10.194554,8.224,4.635,1.705,1.683,0.201
1183,10.202933,8.137,4.526,1.829,1.619,0.163
1184,10.213015,7.467,4.585,1.738,0.971,0.173
1185,10.222542,8.626,4.485,1.652,1.321,1.168
1186,10.23155,8.55,4.549,1.719,1.426,0.856
1187,10.238651,9.694,4.552,1.704,2.666,0.772
1188,10.247185,9.532,4.494,1.65,2.581,0.807
1189,10.255364,9.408,4.547,1.662,2.67,0.529
1190,10.264131,9.309,4.489,1.111,2.877,0.832
1191,10.273578,7.943,4.522,1.69,1.275,0.456
1192,10.28288,7.443,4.528,1.153,0.879,0.883
1193,10.290812,7.885,4.556,1.765,1.131,0.433
1194,10.299734,8.186,4.497,1.656,1.209,0.824
1195,10.30772,8.375,4.534,1.15,2.02,0.671
1196,10.315559,8.562,4.533,1.657,2.007,0.365
1197,10.324305,8.504,4.513,1.224,2.051,0.716
1198,10.334579,7.934,4.591,1.663,1.215,0.465
1199,10.342732,8.361,4.491,1.66,1.502,0.708
1200,10.351142,8.041,4.51,1.648,1.419,0.464
1201,10.359202,8.482,4.604,1.67,1.57,0.638
1202,10.367918,8.289,4.573,1.698,1.287,0.731
1203,10.3767,8.461,4.593,1.704,1.414,0.75
1204,10.386549,8.414,4.605,1.622,1.392,0.795
1205,10.395102,8.211,4.602,1.641,1.283,0.685
1206,10.403525,8.12,4.615,1.687,1.124,0.694
1207,10.411392,8.419,4.585,1.839,1.467,0.528
1208,10.420097,8.473,4.611,1.727,1.377,0.758
1209,10.428181,8.653,4.611,1.677,1.677,0.688
1210,10.436422,8.709,4.61,1.705,1.743,0.651
1211,10.444856,8.539,4.599,1.739,1.615,0.586
1212,10.456138,8.488,4.578,1.66,1.537,0.713
1213,10.465709,8.48,4.619,1.74,1.344,0.777
1214,10.473746,8.69,4.637,2.307,1.314,0.432
1215,10.482104,8.751,4.605,2.031,1.605,0.51
1216,10.490152,8.756,4.619,1.801,2.114,0.222
1217,10.498421,8.831,4.678,2.109,1.794,0.25
1218,10.506792,8.764,4.569,1.977,1.995,0.223
1219,10.51514,8.783,4.505,1.917,2.12,0.241
1220,10.523705,8.547,4.57,2.124,1.606,0.247
1221,10.532253,8.312,4.564,2.147,1.377,0.224
1222,10.540298,8.712,4.556,1.946,1.881,0.329
1223,10.549146,8.098,4.53,2.09,1.243,0.235
1224,10.556785,8.767,4.582,1.973,2.008,0.204
1225,10.565382,8.486,4.561,2.257,1.469,0.199
1226,10.573871,8.326,4.575,2.097,1.461,0.193
1227,10.583989,7.846,4.619,2.02,0.996,0.211
1228,10.59247,7.931,4.569,2.056,1.027,0.279
1229,10.600475,8.186,4.531,1.845,1.613,0.197
1230,10.608885,8.122,4.555,2.036,1.31,0.221
1231,10.617342,7.986,4.536,1.849,1.402,0.199
1232,10.626173,7.866,4.528,2.025,1.131,0.182
1233,10.634124,8.268,4.508,1.961,1.597,0.202
1234,10.644787,7.878,4.613,1.958,1.061,0.246
1235,10.652883,8.08,4.619,2.025,1.203,0.233
1236,10.661264,8.049,4.653,1.972,1.193,0.231
1237,10.669351,8.264,4.636,1.819,1.618,0.191
1238,10.678065,7.922,4.619,1.975,1.086,0.242
1239,10.685912,8.404,4.606,1.942,1.623,0.233
1240,10.69458,8.056,4.614,1.996,1.23,0.216
1241,10.70523,8.068,4.64,1.848,1.382,0.198
1242,10.713216,8.421,4.65,2.062,1.514,0.195
1243,10.723567,8.281,4.631,1.971,1.454,0.225
1244,10.731818,8.32,4.623,1.973,1.513,0.211
1245,10.740129,8.358,4.644,1.881,1.628,0.205
1246,10.748551,8.293,4.665,1.957,1.453,0.218
1247,10.756991,8.202,4.63,1.88,1.455,0.237
1248,10.765144,8.351,4.642,1.889,1.593,0.227
1249,10.773785,8.074,4.639,2.06,1.146,0.229
1250,10.781799,8.395,4.548,1.254,2.366,0.227
1251,10.790593,8.421,4.696,1.933,1.32,0.472
1252,10.799486,7.91,4.511,1.638,1.254,0.507
1253,10.807535,8.409,4.549,1.74,1.398,0.722
1254,10.816023,8.726,4.513,2.338,1.092,0.783
1255,10.825596,7.256,4.578,1.295,0.933,0.45
1256,10.834277,8.101,4.579,1.852,1.177,0.493
1257,10.842946,8.204,4.508,1.882,1.034,0.78
1258,10.850723,8.384,4.513,1.864,1.602,0.405
1259,10.859083,8.33,4.496,1.704,1.755,0.375
1260,10.867731,8.118,4.526,1.792,1.325,0.475
1261,10.876015,8.123,4.492,1.742,1.459,0.43
1262,10.884481,7.997,4.53,1.813,1.209,0.445
1263,10.894485,7.915,4.589,1.823,1.07,0.433
1264,10.903142,7.595,4.53,1.224,1.398,0.443
1265,10.911786,7.192,4.546,1.38,0.921,0.345
1266,10.919381,7.968,4.476,1.252,1.86,0.38
1267,10.928039,8.755,4.609,2.487,1.294,0.365
1268,10.936469,8.844,4.519,1.271,2.553,0.501
1269,10.94627,7.368,4.631,1.177,1.3,0.26
1270,10.955321,7.433,4.619,1.242,1.26,0.312
1271,10.963093,7.992,4.568,1.208,1.911,0.305
1272,10.971898,7.504,4.682,1.384,1.131,0.307
1273,10.980199,7.757,4.588,1.527,1.152,0.49
1274,10.988583,7.695,4.583,1.446,1.173,0.493
1275,10.996735,7.911,4.564,1.343,1.489,0.515
1276,11.005225,7.706,4.581,1.394,1.251,0.48
1277,11.01571,7.793,4.609,1.402,1.313,0.469
1278,11.024023,7.982,4.592,1.265,1.493,0.632
1279,11.032407,7.854,4.565,1.154,1.586,0.549
1280,11.040849,7.636,4.555,1.104,1.527,0.45
1281,11.049066,7.744,4.55,1.205,1.541,0.448
1282,11.057106,8.123,4.583,1.214,1.8,0.526
1283,11.065894,7.629,4.551,1.241,1.355,0.482
1284,11.075813,8.113,4.597,1.711,1.393,0.412
1285,11.084461,8.088,4.623,1.732,1.217,0.516
1286,11.093017,8.235,4.607,1.666,1.297,0.665
1287,11.10106,8.479,4.499,1.721,1.64,0.619
1288,11.109229,8.398,4.548,1.693,1.776,0.381
1289,11.11767,8.587,4.552,1.665,1.703,0.667
1290,11.126178,8.39,4.488,1.707,1.528,0.667
1291,11.134787,8.176,4.52,1.757,1.19,0.709
1292,11.144589,7.78,4.604,1.648,1.185,0.343
1293,11.15526,8.159,4.628,1.655,1.029,0.847
1294,11.163697,7.943,4.513,1.659,1.035,0.736
1295,11.1718,8.208,4.494,1.763,1.184,0.767
1296,11.180293,8.055,4.54,1.694,1.043,0.778
1297,11.188546,7.985,4.531,1.866,0.968,0.62
1298,11.196609,8.021,4.536,1.705,1.396,0.384
1299,11.205555,8.367,4.515,1.665,1.461,0.726
1300,11.213851,8.47,4.552,1.525,1.58,0.813
1301,11.221844,8.392,4.556,1.787,1.665,0.384
1302,11.229806,8.716,4.55,1.778,2.056,0.332
1303,11.238586,9.079,4.528,2.382,1.435,0.734
1304,11.247078,9.063,4.475,1.509,2.238,0.841
1305,11.255257,8.818,4.68,2.277,1.393,0.468
1306,11.26564,9.003,4.627,2.22,1.662,0.494
1307,11.274336,9.071,4.576,1.347,2.262,0.886
1308,11.282666,8.97,4.635,1.739,1.812,0.784
1309,11.290517,9.292,4.591,1.126,2.961,0.614
1310,11.29925,8.675,4.659,1.637,1.981,0.398
1311,11.307675,8.933,4.633,1.7,1.855,0.745
1312,11.315719,8.847,4.529,1.7,2.244,0.374
1313,11.32411,8.885,4.643,1.691,2.079,0.472
1314,11.334364,8.503,4.628,1.659,1.482,0.734
1315,11.342722,8.562,4.671,1.767,1.479,0.645
1316,11.351194,8.284,4.617,1.531,1.636,0.5
1317,11.358975,8.799,4.574,1.28,2.485,0.46
1318,11.367526,8.457,4.605,1.673,1.847,0.332
1319,11.376526,8.477,4.638,1.705,1.319,0.815
1320,11.386273,8.503,4.635,1.711,1.587,0.57
1321,11.393265,9.943,4.696,1.648,2.938,0.661
1322,11.403257,8.401,4.535,1.7,1.386,0.78
1323,11.411777,8.237,4.613,1.742,1.085,0.797
1324,11.419823,8.188,4.513,1.235,1.976,0.464
1325,11.428096,8.219,4.5,1.711,1.574,0.434
1326,11.43667,8.247,4.539,1.731,1.274,0.703
1327,11.444661,8.284,4.543,1.675,1.67,0.396
1328,11.455943,8.26,4.577,1.701,1.244,0.738
1329,11.463737,8.565,4.497,1.289,2.273,0.506
1330,11.471679,8.946,4.548,1.674,2.225,0.499
1331,11.48036,8.597,4.527,1.676,1.894,0.5
1332,11.488292,8.762,4.557,1.853,2.078,0.274
1333,11.496241,9.111,4.534,1.743,2.602,0.232
1334,11.505149,8.507,4.53,1.648,2.123,0.206
1335,11.513352,8.656,4.569,1.902,1.953,0.232
1336,11.52392,7.959,4.643,1.806,1.237,0.273
1337,11.531853,8.268,4.552,1.726,1.804,0.186
1338,11.540412,8.082,4.55,1.77,1.539,0.223
1339,11.549423,7.686,4.549,1.748,1.192,0.197
1340,11.556821,8.627,4.628,1.749,2.044,0.206
1341,11.56516,8.596,4.538,1.724,2.158,0.176
1342,11.575575,7.773,4.658,1.677,1.194,0.244
1343,11.584073,7.912,4.657,1.75,1.318,0.187
1344,11.592579,7.861,4.611,1.699,1.304,0.247
1345,11.600569,8.133,4.632,1.667,1.667,0.167
1346,11.608782,8.26,4.646,1.064,2.376,0.174
1347,11.617316,8.05,4.807,1.672,1.406,0.165
1348,11.626405,7.759,4.618,1.686,1.263,0.192
1349,11.634048,8.437,4.59,1.677,1.992,0.178
1350,11.644578,7.71,4.639,1.667,1.163,0.241
1351,11.652644,8.064,4.678,1.726,1.379,0.281
1352,11.660958,7.997,4.625,1.677,1.499,0.196
1353,11.669494,7.828,4.644,1.696,1.272,0.216
1354,11.677696,7.964,4.674,1.814,1.277,0.199
1355,11.685972,8.029,4.625,1.695,1.505,0.204
1356,11.694638,7.892,4.623,1.779,1.223,0.267
1357,11.705551,7.483,4.515,1.686,1.076,0.206
1358,11.713202,8.187,4.542,1.683,1.73,0.232
1359,11.72167,8.02,4.544,1.648,1.631,0.197
1360,11.729644,8.347,4.556,1.78,1.845,0.166
1361,11.738134,8.185,4.534,1.76,1.723,0.168
1362,11.746932,7.764,4.507,1.769,1.284,0.204
1363,11.754907,8.097,4.519,1.726,1.673,0.179
1364,11.763298,8.034,4.538,1.663,1.656,0.177
1365,11.77357,7.201,4.648,1.646,0.723,0.184
1366,11.784038,7.608,4.655,1.632,1.131,0.19
1367,11.792225,7.75,4.523,1.7,1.341,0.186
1368,11.800585,7.759,4.571,1.683,1.287,0.218
1369,11.808885,7.747,4.531,1.743,1.297,0.176
1370,11.817327,7.785,4.539,1.683,1.242,0.321
1371,11.825438,7.974,4.56,1.704,1.421,0.289
1372,11.834245,7.431,4.532,1.666,1.018,0.215
1373,11.842929,8.27,4.495,1.773,1.046,0.956
1374,11.851097,7.965,4.493,1.645,1.342,0.485
1375,11.859563,8.386,4.63,1.73,1.206,0.82
1376,11.867706,8.205,4.628,1.63,1.494,0.453
1377,11.876422,8.234,4.613,1.672,1.513,0.436
1378,11.887024,8.476,4.58,1.65,1.478,0.768
1379,11.895228,8.557,4.595,1.64,1.597,0.725
1380,11.90323,8.88,4.621,1.391,2.152,0.716
1381,11.911379,8.606,4.652,1.759,1.927,0.268
1382,11.919238,9.061,4.642,1.713,2.459,0.247
1383,11.927948,8.636,4.506,1.676,2.259,0.195
1384,11.93577,9.127,4.601,1.719,2.633,0.174
1385,11.944719,8.544,4.638,1.702,1.994,0.21
1386,11.953494,8.228,4.658,1.801,1.432,0.337
1387,11.96326,7.761,4.604,1.668,1.285,0.204
1388,11.971292,8.051,4.644,1.662,1.557,0.188
1389,11.979924,7.774,4.593,1.637,1.338,0.206
1390,11.988055,7.956,4.632,1.685,1.45,0.189
1391,11.996437,7.947,4.651,1.669,1.398,0.229
1392,12.004806,7.879,4.555,1.756,1.373,0.195
1393,12.013278,7.737,4.551,1.682,1.308,0.196
1394,12.02411,7.424,4.612,1.71,0.774,0.328
1395,12.034025,7.76,4.661,1.761,0.999,0.339
1396,12.042324,7.816,4.522,1.695,1.242,0.357
1397,12.050628,7.773,4.546,1.772,1.161,0.294
1398,12.058793,7.826,4.539,1.742,1.368,0.177
1399,12.067253,7.692,4.547,1.652,1.331,0.162
1400,12.075397,7.921,4.569,1.696,1.449,0.207
1401,12.083814,7.813,4.549,1.931,1.147,0.186
1402,12.09261,8.442,4.593,2.397,1.207,0.245
1403,12.101375,8.794,4.529,1.221,2.073,0.971
1404,12.109802,8.158,4.559,1.758,1.409,0.432
1405,12.117975,8.766,4.498,1.401,1.989,0.878
1406,12.126136,8.581,4.538,2.406,1.162,0.475
1407,12.136139,8.738,4.59,2.328,1.277,0.543
1408,12.144671,8.51,4.473,1.702,1.838,0.497
1409,12.153225,8.326,4.536,1.734,1.544,0.512
1410,12.161588,8.507,4.653,1.747,1.387,0.72
1411,12.16956,8.448,4.657,1.78,1.705,0.306
1412,12.177666,8.563,4.589,1.208,2.573,0.193
1413,12.186206,8.372,4.619,1.705,1.84,0.208
1414,12.194664,8.223,4.646,1.749,1.644,0.184
1415,12.204549,7.098,4.593,1.106,1.215,0.184
1416,12.213118,7.917,4.653,1.786,1.301,0.177
1417,12.221527,7.886,4.638,1.815,1.224,0.209
1418,12.22999,7.807,4.601,1.655,1.341,0.21
1419,12.238245,7.986,4.666,1.713,1.292,0.315
1420,12.246551,8.036,4.639,1.682,1.382,0.333
1421,12.255101,7.978,4.617,1.739,1.377,0.245
1422,12.265692,7.942,4.653,1.714,1.282,0.293
1423,12.275389,7.796,4.646,1.683,1.273,0.194
1424,12.283918,7.751,4.613,1.643,1.316,0.179
1425,12.292553,7.933,4.655,1.717,1.214,0.347
1426,12.300521,8.166,4.61,1.798,1.546,0.212
1427,12.308909,8.101,4.509,1.783,1.608,0.201
1428,12.3173,8.037,4.57,1.637,1.629,0.201
1429,12.325537,8.128,4.534,1.664,1.741,0.189
1430,12.333892,8.092,4.515,1.672,1.73,0.175
1431,12.342647,7.687,4.564,1.783,1.145,0.195
1432,12.350901,7.728,4.529,1.21,1.831,0.158
1433,12.359381,7.591,4.536,1.653,1.234,0.168
1434,12.367561,7.758,4.55,1.676,1.357,0.175
1435,12.377515,8.616,4.667,2.551,1.146,0.252
1436,12.38424,10.324,4.71,2.102,3.167,0.345
1437,12.394569,8.205,4.61,2.134,1.244,0.217
1438,12.402508,8.605,4.558,2.115,1.715,0.217
1439,12.411126,8.317,4.523,1.981,1.594,0.219
1440,12.419159,8.667,4.534,1.996,1.86,0.277
1441,12.427767,8.411,4.56,2.055,1.486,0.31
1442,12.436207,8.277,4.555,1.996,1.453,0.273
1443,12.444651,8.159,4.551,1.989,1.374,0.245
1444,12.454794,7.877,4.61,1.792,1.256,0.219
1445,12.463259,7.866,4.636,1.779,1.229,0.222
1446,12.471282,8.187,4.667,1.675,1.622,0.223
1447,12.47979,8.214,4.644,2.23,1.071,0.269
1448,12.488307,8.038,4.633,2.091,1.053,0.261
1449,12.496257,8.407,4.647,1.95,1.577,0.233
1450,12.505192,8.415,4.692,2.067,1.357,0.299
1451,12.515607,8.014,4.611,1.899,1.28,0.224
1452,12.525517,8.372,4.637,2.028,1.495,0.212
1453,12.533814,8.382,4.679,2.049,1.453,0.201
1454,12.542359,8.41,4.66,2.151,1.371,0.228
1455,12.550622,8.469,4.602,1.973,1.689,0.205
1456,12.559162,8.713,4.612,2.26,1.254,0.587
1457,12.567618,8.731,4.575,1.919,1.547,0.69
1458,12.575692,8.7,4.661,2.173,1.448,0.418
1459,12.585137,9.163,4.629,2.162,1.585,0.787
1460,12.592848,9.816,4.744,1.508,2.76,0.804
1461,12.600998,9.639,4.605,1.958,2.622,0.454
1462,12.610229,9.175,4.516,1.109,2.697,0.853
1463,12.617654,9.59,4.55,1.777,2.893,0.37
1464,12.626092,9.56,4.489,1.952,2.669,0.45
1465,12.63646,8.421,4.645,1.711,1.303,0.762
1466,12.644963,8.464,4.52,1.828,1.359,0.757
1467,12.653118,8.57,4.534,2.398,1.121,0.517
1468,12.661167,8.768,4.485,1.428,2.453,0.402
1469,12.669567,8.687,4.512,2.199,1.552,0.424
1470,12.677872,8.813,4.552,2.166,1.585,0.51
1471,12.686992,8.394,4.462,1.591,1.495,0.846
1472,12.694866,8.423,4.545,2.302,1.116,0.46
1473,12.705387,8.661,4.584,2.229,0.914,0.934
1474,12.713581,8.422,4.466,1.993,1.411,0.552
1475,12.721523,8.756,4.515,2.03,1.699,0.512
1476,12.729944,8.561,4.515,1.989,1.697,0.36
1477,12.738564,8.732,4.522,1.834,1.568,0.808
1478,12.746742,8.601,4.566,1.644,1.814,0.577
1479,12.75497,8.402,4.515,1.953,1.686,0.248
1480,12.765544,8.502,4.656,2.065,1.549,0.232
1481,12.775345,7.869,4.718,1.949,1.03,0.172
1482,12.783862,7.719,4.589,1.707,1.236,0.187
1483,12.791982,7.922,4.576,1.725,1.449,0.172
1484,12.800743,8.318,4.673,2.226,1.114,0.305
1485,12.808848,8.507,4.616,1.899,1.745,0.247
1486,12.817131,8.537,4.656,1.981,1.675,0.225
1487,12.825644,8.376,4.664,1.922,1.545,0.245
1488,12.83408,8.272,4.674,1.844,1.536,0.218
1489,12.843011,8.687,4.634,2.166,1.644,0.243
1490,12.850517,9.538,4.828,2.177,2.254,0.279
1491,12.859099,9.249,4.65,2.064,2.312,0.223
1492,12.86722,9.451,4.671,2.164,2.4,0.216
1493,12.875623,9.511,4.623,2.078,2.473,0.337
1494,12.88406,9.29,4.665,2.126,2.27,0.229
1495,12.894587,8.505,4.626,2.106,1.527,0.246
1496,12.902652,8.712,4.743,1.957,1.836,0.176
1497,12.911235,8.51,4.556,1.948,1.785,0.221
1498,12.919385,8.713,4.553,1.975,1.946,0.239
1499,12.927911,8.498,4.516,1.99,1.77,0.222
1500,12.93672,8.02,4.523,1.978,1.301,0.218
1501,12.944426,8.663,4.522,1.837,2.08,0.224
1502,12.954735,7.87,4.635,2.068,0.952,0.215
1503,12.963216,7.712,4.53,1.937,1.041,0.204
1504,12.971277,7.995,4.56,1.979,1.244,0.212
1505,12.979745,7.847,4.55,1.544,1.553,0.2
1506,12.988234,7.845,4.538,2.079,1.003,0.225
1507,12.99623,8.226,4.579,2.227,1.149,0.271
1508,13.004946,7.767,4.529,2.101,0.934,0.203
1509,13.015066,7.744,4.625,1.923,0.973,0.223
1510,13.025418,7.949,4.634,2.024,1.056,0.235
1511,13.033785,7.899,4.573,1.981,1.131,0.214
1512,13.042172,7.852,4.539,1.771,1.313,0.229
1513,13.050494,7.919,4.543,1.965,1.223,0.188
1514,13.059031,7.878,4.628,1.972,1.042,0.236
1515,13.067045,8.191,4.63,1.986,1.36,0.215
1516,13.075814,7.853,4.617,2.011,1.003,0.222
1517,13.083896,8.11,4.624,1.921,1.343,0.222
1518,13.092526,8.253,4.638,1.986,1.41,0.219
1519,13.100477,8.642,4.64,1.937,1.845,0.22
1520,13.109095,8.333,4.671,1.975,1.49,0.197
1521,13.117345,8.42,4.612,1.857,1.753,0.198
1522,13.125916,8.186,4.624,1.978,1.374,0.21
1523,13.134058,8.366,4.7,1.957,1.515,0.194
1524,13.144437,8.031,4.623,2.054,1.116,0.238
1525,13.152916,7.962,4.622,2.006,1.129,0.205
1526,13.160969,8.271,4.631,1.93,1.493,0.217
1527,13.169876,7.907,4.593,1.994,1.126,0.194
1528,13.177609,8.553,4.653,1.994,1.679,0.227
1529,13.186136,8.306,4.644,1.954,1.534,0.174
1530,13.194716,8.137,4.651,1.473,1.77,0.243
1531,13.204758,7.865,4.607,2.128,0.93,0.2
1532,13.213181,7.8,4.567,1.972,1.035,0.226
1533,13.221191,8.129,4.505,1.971,1.431,0.222
1534,13.229611,8.027,4.57,2.095,1.149,0.213
1535,13.238434,7.607,4.588,2.061,0.758,0.2
1536,13.24678,7.88,4.554,2.065,1.071,0.19
1537,13.254805,8.279,4.551,1.884,1.577,0.267
1538,13.265336,7.514,4.637,1.682,0.982,0.213
1539,13.275417,7.627,4.629,1.636,1.102,0.26
1540,13.283866,7.464,4.502,1.794,0.96,0.208
1541,13.292197,8.712,4.59,2.435,1.442,0.245
1542,13.300743,8.631,4.579,1.365,2.333,0.354
1543,13.309074,8.564,4.556,2.118,1.595,0.295
1544,13.317485,8.606,4.529,2.176,1.483,0.418
1545,13.32564,8.661,4.524,1.878,1.99,0.269
1546,13.334068,8.507,4.494,1.845,1.962,0.206
1547,13.342678,8.256,4.557,1.218,2.255,0.226
1548,13.350688,8.581,4.551,1.731,2.07,0.229
1549,13.359168,8.392,4.679,1.683,1.849,0.181
1550,13.367212,8.688,4.573,1.661,2.261,0.193
1551,13.375579,8.646,4.544,1.676,2.249,0.177
1552,13.384002,8.588,4.596,1.684,2.098,0.21
1553,13.392648,8.252,4.626,1.7,1.739,0.187
1554,13.404889,8.458,4.64,2.417,1.153,0.248
1555,13.411357,10.43,5.218,1.411,3.481,0.32
1556,13.419425,10.56,4.638,2.145,3.573,0.204
1557,13.427885,10.416,4.635,2.086,3.502,0.193
1558,13.436082,10.571,4.657,2.228,3.474,0.212
1559,13.444636,10.315,4.587,2.133,3.438,0.157
1560,13.454714,8.629,4.548,2.146,1.707,0.228
1561,13.462969,8.715,4.594,2.15,1.732,0.239
1562,13.471606,8.408,4.668,2.094,1.408,0.238
1563,13.479606,8.719,4.64,2.043,1.835,0.201
1564,13.488254,8.432,4.676,1.691,1.836,0.229
1565,13.496936,8.153,4.597,2.016,1.349,0.191
1566,13.505032,8.544,4.565,2.028,1.603,0.348
1567,13.513456,8.381,4.555,2.036,1.526,0.264
1568,13.523563,7.737,4.628,1.978,0.909,0.222
1569,13.53388,7.768,4.611,1.992,0.945,0.22
1570,13.542017,7.969,4.507,2.088,1.135,0.239
1571,13.550493,7.817,4.581,1.969,1.055,0.212
1572,13.558849,7.796,4.543,1.888,1.143,0.222
1573,13.567313,7.667,4.548,1.891,1.015,0.213
1574,13.57549,7.811,4.517,1.871,1.222,0.201
1575,13.583754,7.862,4.527,2.086,1.061,0.188
1576,13.592344,7.882,4.558,2.156,0.937,0.231
1577,13.600792,7.752,4.55,1.863,1.132,0.207
1578,13.608925,7.95,4.51,1.838,1.389,0.213
1579,13.617055,8.146,4.497,1.824,1.622,0.203
1580,13.625857,7.677,4.534,1.931,1.014,0.198
1581,13.634119,7.754,4.541,2.09,0.913,0.21
1582,13.644666,7.935,4.669,2.09,0.988,0.188
1583,13.652692,8.254,4.553,1.857,1.659,0.185
1584,13.661198,8.066,4.669,1.896,1.333,0.168
1585,13.669342,8.268,4.665,2.049,1.365,0.189
1586,13.677837,8.092,4.597,2.021,1.274,0.2
1587,13.686175,8.157,4.645,1.949,1.343,0.22
1588,13.694337,8.296,4.585,2.046,1.48,0.185
1589,13.702948,8.027,4.578,1.823,1.437,0.189
1590,13.712796,8.16,4.61,1.89,1.461,0.199
1591,13.721516,7.985,4.619,1.907,1.248,0.211
1592,13.730595,8.589,4.655,1.943,1.788,0.203
1593,13.738174,9.439,4.7,1.544,2.884,0.311
1594,13.746497,9.33,4.638,2.05,2.466,0.176
1595,13.754805,9.358,4.625,1.958,2.604,0.171
1596,13.764992,7.768,4.657,1.913,1.003,0.195
1597,13.773477,8.068,4.64,1.913,1.309,0.206
1598,13.781706,8.223,4.624,2.145,1.284,0.17
1599,13.790202,8.273,4.694,2.139,1.249,0.191
1600,13.798618,8.185,4.632,1.914,1.473,0.166
1601,13.806958,8.202,4.499,1.844,1.657,0.202
1602,13.815443,8.08,4.554,2.008,1.283,0.235
1603,13.825472,7.662,4.625,1.939,0.901,0.197
1604,13.833889,7.655,4.529,1.998,0.914,0.214
1605,13.842133,7.754,4.546,1.926,1.058,0.224
1606,13.850725,7.576,4.55,1.874,0.855,0.297
1607,13.859259,7.475,4.538,1.822,0.902,0.213
1608,13.867208,7.886,4.558,1.876,1.207,0.245
1609,13.875808,7.614,4.512,1.812,1.058,0.232
1610,13.886782,7.79,4.608,2.007,0.911,0.264
1611,13.894522,8.517,4.558,1.935,1.628,0.396
1612,13.902887,8.304,4.538,2.057,1.486,0.223
1613,13.911012,8.584,4.526,1.977,1.78,0.301
1614,13.91955,8.311,4.552,2.05,1.499,0.21
1615,13.92764,8.557,4.527,1.869,1.943,0.218
1616,13.935844,8.677,4.539,1.559,2.374,0.205
1617,13.944669,8.169,4.547,2.01,1.435,0.177
1618,13.953213,8.001,4.573,1.724,1.506,0.198
1619,13.963261,7.947,4.628,1.661,1.452,0.206
1620,13.973367,7.934,4.65,1.666,1.418,0.2
1621,13.981722,7.912,4.668,1.657,1.389,0.198
1622,13.990065,7.875,4.665,1.667,1.369,0.174
1623,13.998512,7.838,4.652,1.688,1.305,0.193
1624,14.006518,8.154,4.633,1.677,1.66,0.184
1625,14.01508,7.905,4.619,1.678,1.446,0.162
1626,14.023398,7.975,4.658,1.701,1.398,0.218
1627,14.032009,7.843,4.655,1.689,1.303,0.196
1628,14.040283,8.458,4.704,2.328,1.149,0.277
1629,14.048611,8.442,4.661,1.979,1.579,0.223
1630,14.057229,8.19,4.663,2.126,1.19,0.211
1631,14.065204,8.552,4.555,1.661,2.134,0.202
1632,14.07551,7.401,4.578,1.393,1.158,0.272
1633,14.083941,7.592,4.596,1.576,1.201,0.219
1634,14.092044,7.991,4.634,2.101,1.043,0.213
1635,14.100519,8.505,4.633,1.96,1.647,0.265
1636,14.109095,8.27,4.594,2.174,1.291,0.211
1637,14.117044,8.678,4.519,2.204,1.718,0.237
1638,14.125833,8.215,4.562,2.243,1.181,0.229
1639,14.135677,7.149,4.643,1.523,0.812,0.171
1640,14.144415,8.161,4.582,2.357,0.984,0.238
1641,14.152531,8.362,4.563,1.451,2.082,0.266
1642,14.16115,8.139,4.565,1.259,2.055,0.26
1643,14.169651,8.448,4.5,2.422,1.198,0.328
1644,14.177858,8.56,4.528,1.452,2.27,0.31
1645,14.186391,8.604,4.48,1.384,2.195,0.545
1646,14.196469,7.435,4.58,1.408,0.944,0.503
1647,14.204864,7.367,4.519,1.421,0.939,0.488
1648,14.214182,7.732,4.531,1.551,1.039,0.611
1649,14.221692,8.455,4.511,1.454,1.994,0.496
1650,14.23029,8.24,4.522,1.416,1.75,0.552
1651,14.238359,8.473,4.464,1.369,2.133,0.507
1652,14.246851,8.31,4.544,1.393,1.861,0.512
1653,14.255317,8.184,4.484,1.39,1.801,0.509
1654,14.265243,8.076,4.55,1.388,1.666,0.472
1655,14.273824,7.972,4.635,1.548,1.279,0.51
1656,14.282092,8.073,4.584,1.628,1.361,0.5
1657,14.290588,8.866,4.602,2.295,1.442,0.527
1658,14.29921,9.081,4.629,1.538,1.901,1.013
1659,14.307407,8.731,4.669,2.223,1.299,0.54
1660,14.315996,9.304,4.59,2.217,1.618,0.879
1661,14.326224,8.822,4.6,2.219,1.413,0.59
1662,14.334587,9.03,4.545,1.449,2.211,0.825
1663,14.342606,9.053,4.64,2.234,1.64,0.539
1664,14.351397,8.913,4.621,1.602,1.855,0.835
1665,14.359427,9.043,4.633,2.18,1.563,0.667
1666,14.367595,9.117,4.563,2.188,1.801,0.565
1667,14.375915,9.193,4.538,1.753,2.28,0.622
1668,14.384714,8.538,4.56,1.785,1.758,0.435
1669,14.394426,8.864,4.569,2.181,1.606,0.508
1670,14.403,8.759,4.581,2.229,1.532,0.417
1671,14.411566,8.578,4.521,1.718,1.886,0.453
1672,14.419629,8.916,4.534,2.17,1.679,0.533
1673,14.428319,9.016,4.525,2.248,1.433,0.81
1674,14.436493,8.881,4.516,1.466,2.39,0.509
1675,14.444338,9.07,4.528,1.906,2.424,0.212
1676,14.454577,8.123,4.633,2.096,1.141,0.253
1677,14.463687,7.733,4.534,2.151,0.867,0.181
1678,14.471338,8.455,4.519,1.944,1.772,0.22
1679,14.479929,8.235,4.538,2.264,1.168,0.265
1680,14.488406,8.213,4.563,2.088,1.316,0.246
1681,14.496536,8.564,4.564,1.564,2.058,0.378
1682,14.504878,8.371,4.538,2.079,1.545,0.209
1683,14.513352,8.231,4.565,2.13,1.326,0.21
1684,14.523211,8.139,4.615,2.135,1.19,0.199
1685,14.531893,7.81,4.503,1.494,1.606,0.207
1686,14.540459,8.29,4.539,2.156,1.336,0.259
1687,14.548517,8.538,4.563,2.095,1.646,0.234
1688,14.557247,8.117,4.57,1.936,1.413,0.198
1689,14.565327,8.384,4.641,2.017,1.508,0.218
1690,14.573789,8.324,4.62,2.073,1.445,0.186
1691,14.583937,8.377,4.629,2.091,1.443,0.214
1692,14.592391,8.669,4.671,2.171,1.601,0.226
1693,14.600576,8.791,4.549,1.557,2.507,0.178
1694,14.608889,8.812,4.614,2.064,1.94,0.194
1695,14.617129,8.921,4.664,1.964,2.086,0.207
1696,14.625998,8.569,4.666,2.194,1.313,0.396
1697,14.634665,8.264,4.65,1.926,1.448,0.24
1698,14.64414,8.088,4.622,1.956,1.277,0.233
1699,14.652881,7.705,4.61,1.862,1.011,0.222
1700,14.660872,8.039,4.633,1.977,1.216,0.213
1701,14.669367,8.04,4.655,1.951,1.227,0.207
1702,14.677655,8.051,4.662,1.473,1.745,0.171
1703,14.686292,7.816,4.645,1.952,1.006,0.213
1704,14.694389,8.064,4.605,1.965,1.265,0.229
1705,14.702926,7.838,4.591,1.837,1.245,0.165
1706,14.713177,7.589,4.562,1.829,0.98,0.218
1707,14.721712,7.504,4.56,1.943,0.76,0.241
1708,14.729648,7.853,4.54,2.048,1.027,0.238
1709,14.738338,7.634,4.559,1.93,0.912,0.233
1710,14.746347,8.016,4.516,1.956,1.27,0.274
1711,14.754921,7.748,4.529,1.905,1.056,0.258
1712,14.765634,8.002,4.668,2.014,1.04,0.28
1713,14.775626,7.884,4.659,1.95,0.974,0.301
1714,14.783962,7.893,4.577,2.005,1.01,0.301
1715,14.792393,7.774,4.563,1.923,1.038,0.25
1716,14.800561,7.923,4.551,2.02,1.121,0.231
1717,14.808871,7.912,4.525,1.921,1.271,0.195
1718,14.817232,7.939,4.546,1.942,1.197,0.254
1719,14.825496,7.992,4.563,2.053,1.122,0.254
1720,14.833992,7.832,4.548,2.029,0.998,0.257
1721,14.842269,7.893,4.552,1.859,1.243,0.239
1722,14.850799,7.698,4.559,1.857,1.02,0.262
1723,14.858976,7.857,4.516,1.867,1.246,0.228
1724,14.867552,8.335,4.647,1.955,1.503,0.23
1725,14.875622,8.627,4.654,1.948,1.809,0.216
1726,14.886038,7.978,4.641,1.873,1.238,0.226
1727,14.892631,9.753,4.739,1.83,2.942,0.242
1728,14.902503,8.196,4.671,2.015,1.303,0.207
1729,14.910961,8.053,4.601,1.867,1.384,0.201
1730,14.919627,8.024,4.687,1.881,1.211,0.245
1731,14.927588,8.379,4.638,2.043,1.491,0.207
1732,14.93612,8.191,4.61,2.045,1.292,0.244
1733,14.94745,8.193,4.673,1.871,1.391,0.258
1734,14.954775,9.164,5.004,1.835,2.074,0.251
1735,14.963292,9.025,4.644,2.059,2.049,0.273
1736,14.971269,9.319,4.561,1.84,2.706,0.212
1737,14.979645,9.261,4.557,1.914,2.609,0.181
1738,14.988137,9.113,4.613,1.732,2.586,0.182
1739,14.996525,9.119,4.649,1.78,2.452,0.238
1740,15.004816,9.113,4.684,1.664,2.571,0.194
1741,15.013427,8.852,4.538,1.701,2.41,0.203
1742,15.023402,7.317,4.635,1.67,0.772,0.24
1743,15.03175,7.278,4.529,1.728,0.802,0.219
1744,15.040719,7.238,4.577,1.754,0.718,0.189
1745,15.048422,7.87,4.585,1.661,1.441,0.183
1746,15.056857,7.777,4.504,1.83,1.247,0.196
1747,15.065403,7.624,4.523,1.662,1.175,0.264
1748,15.073819,7.516,4.534,1.745,1.02,0.217
1749,15.083701,7.523,4.599,1.773,0.962,0.189
1750,15.092368,7.499,4.536,1.756,1.019,0.188
1751,15.100709,7.554,4.558,1.716,1.092,0.188
1752,15.108878,7.706,4.517,1.778,1.228,0.183
1753,15.117376,7.556,4.553,1.703,1.103,0.197
1754,15.125838,7.421,4.512,1.216,1.499,0.194
1755,15.134381,7.515,4.534,1.771,0.961,0.249
1756,15.144365,7.639,4.621,1.734,1.064,0.22
1757,15.152855,7.463,4.499,1.73,1.033,0.201
1758,15.160784,7.829,4.542,1.705,1.423,0.159
1759,15.169219,7.737,4.651,1.661,1.248,0.177
1760,15.177633,7.669,4.667,1.754,1.066,0.182
1761,15.186125,7.687,4.658,1.649,1.157,0.223
1762,15.194247,7.855,4.642,1.724,1.309,0.18
1763,15.204749,7.702,4.624,1.63,1.231,0.217
1764,15.213399,7.827,4.633,1.683,1.296,0.215
1765,15.221417,8.194,4.663,1.71,1.562,0.259
1766,15.230821,8.713,4.579,1.725,1.337,1.072
1767,15.23829,8.886,4.582,1.125,2.789,0.39
1768,15.246578,8.902,4.605,1.654,2.283,0.36
1769,15.255006,8.85,4.503,1.729,2.217,0.401
1770,15.263843,8.526,4.586,1.708,1.649,0.583
1771,15.274554,7.724,4.566,1.074,1.232,0.852
1772,15.282242,7.933,4.61,1.685,1.242,0.396
1773,15.290951,8.497,4.587,1.657,1.645,0.608
1774,15.299094,8.575,4.639,1.685,1.76,0.491
1775,15.306862,8.959,4.636,1.767,2.231,0.325
1776,15.315386,8.793,4.564,1.737,2.144,0.348
1777,15.323877,8.614,4.495,1.772,2.023,0.324
1778,15.332294,8.407,4.529,1.759,1.913,0.206
1779,15.342261,7.341,4.623,1.708,0.76,0.25
1780,15.350683,7.441,4.531,1.756,0.949,0.205
1781,15.358864,7.577,4.494,1.771,1.123,0.189
1782,15.367296,7.511,4.535,1.715,1.031,0.23
1783,15.375564,7.595,4.573,1.674,1.17,0.178
1784,15.384604,7.551,4.534,1.732,1.029,0.256
1785,15.392738,8.314,4.602,2.539,0.946,0.227
1786,15.402856,7.847,4.626,2.013,0.994,0.214
1787,15.412853,7.841,4.625,1.922,1.068,0.226
1788,15.421342,7.681,4.587,1.712,1.172,0.21
1789,15.429926,7.625,4.508,1.967,0.967,0.183
1790,15.438139,7.782,4.579,2.01,0.981,0.212
1791,15.446265,7.98,4.558,1.872,1.351,0.199
1792,15.454494,8.074,4.567,1.978,1.34,0.189
1793,15.463012,7.879,4.532,1.905,1.263,0.179
1794,15.471529,8.042,4.667,2.072,1.089,0.214
1795,15.47958,8.287,4.603,1.943,1.58,0.161
1796,15.488237,8.122,4.651,2.083,1.18,0.208
1797,15.496486,8.184,4.612,1.798,1.596,0.178
1798,15.504735,8.26,4.635,1.978,1.466,0.181
1799,15.513465,7.98,4.637,1.93,1.209,0.204
1800,15.523839,7.897,4.632,2.086,0.982,0.197
1801,15.531484,8.6,4.554,1.922,1.925,0.199
1802,15.540602,8.074,4.652,1.929,1.321,0.172
1803,15.548807,8.2,4.601,1.83,1.603,0.166
1804,15.557108,8.425,4.646,1.928,1.493,0.358
1805,15.565439,8.434,4.654,2.066,1.344,0.37
1806,15.573694,8.363,4.673,2.01,1.469,0.211
1807,15.582341,8.14,4.615,1.756,1.48,0.289
1808,15.592253,7.869,4.682,1.744,1.215,0.228
1809,15.600619,7.84,4.644,1.656,1.35,0.19
1810,15.608801,7.966,4.575,1.729,1.499,0.163
1811,15.617209,7.886,4.566,1.818,1.34,0.162
1812,15.625471,8.023,4.536,1.73,1.535,0.222
1813,15.63625,7.16,4.591,1.694,0.717,0.158
1814,15.646196,7.796,4.629,1.831,1.144,0.192
1815,15.654688,7.649,4.556,1.751,1.137,0.205
1816,15.662884,8.093,4.544,2.407,0.936,0.206
1817,15.671392,7.979,4.561,2.128,1.036,0.254
1818,15.679941,7.758,4.529,2.122,0.912,0.195
1819,15.687999,8.054,4.52,1.905,1.423,0.206
1820,15.696543,7.878,4.517,1.99,1.137,0.234
1821,15.704688,8.006,4.482,1.914,1.442,0.168
1822,15.713217,7.829,4.506,2.064,1.061,0.198
1823,15.721281,8.092,4.538,1.83,1.536,0.188
1824,15.729759,7.949,4.549,2.046,1.16,0.194
1825,15.737987,8.062,4.509,1.918,1.432,0.203
1826,15.746498,7.9,4.517,2.049,1.127,0.207
1827,15.754803,7.92,4.523,1.89,1.308,0.199
1828,15.763238,7.811,4.55,1.996,1.071,0.194
1829,15.774246,7.734,4.631,1.922,0.968,0.213
1830,15.781858,8.436,4.607,1.922,1.713,0.194
1831,15.790763,7.888,4.599,1.867,1.208,0.214
1832,15.799023,8.601,4.635,1.721,1.371,0.874
1833,15.807288,8.391,4.612,1.73,1.474,0.575
1834,15.815354,8.624,4.652,1.981,1.468,0.523
1835,15.824095,8.214,4.645,1.77,1.288,0.511
1836,15.834102,8.175,4.611,1.659,1.278,0.627
1837,15.842866,8.297,4.611,1.662,1.311,0.713
1838,15.850751,8.352,4.596,1.683,1.755,0.318
1839,15.859306,8.479,4.624,1.646,1.537,0.672
1840,15.867981,8.271,4.59,1.611,1.23,0.84
1841,15.87597,8.299,4.67,1.787,1.465,0.377
1842,15.886845,8.441,4.602,1.717,1.388,0.734
1843,15.896459,8.055,4.631,1.684,1.201,0.539
1844,15.90509,8.207,4.625,1.673,1.278,0.631
1845,15.913443,8.198,4.538,1.687,1.339,0.634
1846,15.921834,8.193,4.514,1.704,1.287,0.688
1847,15.930599,7.964,4.515,1.701,0.988,0.76
1848,15.938554,8.194,4.529,1.653,1.398,0.614
1849,15.947488,8.102,4.511,1.694,1.036,0.861
1850,15.955158,8.521,4.518,1.632,1.749,0.622
1851,15.963725,8.148,4.542,1.742,1.38,0.484
1852,15.971715,8.432,4.527,1.72,1.755,0.43
1853,15.98012,8.459,4.534,1.708,1.689,0.528
1854,15.988719,8.27,4.553,1.765,1.347,0.605
1855,15.996568,8.546,4.52,1.646,1.985,0.395
1856,16.005409,8.34,4.518,1.644,1.472,0.706
1857,16.016253,7.588,4.621,1.119,0.886,0.962
1858,16.0237,7.903,4.496,1.207,1.792,0.408
1859,16.03194,8.113,4.501,1.746,1.35,0.516
1860,16.040844,7.445,4.493,1.727,0.801,0.424
1861,16.048824,7.811,4.522,1.803,1.047,0.439
1862,16.057256,7.843,4.514,1.724,1.227,0.378
1863,16.065647,8.446,4.649,1.754,1.268,0.775
1864,16.073841,8.217,4.588,1.662,1.562,0.405
1865,16.08378,7.949,4.562,1.665,1.348,0.374
1866,16.092471,8.166,4.678,1.645,1.521,0.322
1867,16.101496,8.067,4.607,1.058,1.5,0.902
1868,16.108976,8.317,4.557,1.706,1.742,0.312
1869,16.117692,8.249,4.621,1.859,1.258,0.511
1870,16.125664,8.428,4.589,1.686,1.82,0.333
1871,16.135333,8.195,4.644,1.73,1.302,0.519
1872,16.144709,8.154,4.606,1.693,1.235,0.62
1873,16.153314,9.202,4.637,2.389,1.439,0.737
1874,16.161734,9.291,4.644,2.146,1.594,0.907
1875,16.169757,9.128,4.655,1.804,2.267,0.402
1876,16.177921,9.389,4.586,1.7,2.616,0.487
1877,16.186698,9.208,4.537,1.741,2.183,0.747
1878,16.194319,9.499,4.596,1.676,2.896,0.331
1879,16.203302,9.156,4.635,1.657,2.226,0.638
1880,16.213815,8.264,4.595,1.738,1.255,0.676
1881,16.221542,8.591,4.599,1.73,1.867,0.395
1882,16.229856,8.407,4.604,1.786,1.813,0.204
1883,16.238114,8.45,4.621,1.639,2.028,0.162
1884,16.247095,8.563,4.604,1.63,1.416,0.913
1885,16.255287,8.473,4.606,1.781,1.401,0.685
1886,16.266028,8.444,4.629,1.715,1.288,0.812
1887,16.274215,8.626,4.599,1.683,1.514,0.83
1888,16.282252,8.727,4.606,1.682,1.799,0.64
1889,16.291063,8.41,4.648,1.663,1.314,0.785
1890,16.299021,8.574,4.652,1.679,1.663,0.58
1891,16.307249,8.768,4.63,1.731,1.738,0.669
1892,16.315345,8.563,4.597,1.118,2.612,0.236
1893,16.323543,8.664,4.577,1.802,2.079,0.206
1894,16.33389,7.781,4.581,1.708,1.304,0.188
1895,16.344374,7.829,4.635,1.673,1.33,0.191
1896,16.352581,7.952,4.67,1.731,1.358,0.193
1897,16.360849,7.985,4.604,1.755,1.464,0.162
1898,16.369362,7.826,4.537,1.693,1.42,0.176
1899,16.377829,7.719,4.529,1.838,1.149,0.203
1900,16.385969,7.909,4.519,1.735,1.453,0.202
1901,16.394413,7.807,4.496,1.703,1.396,0.212
1902,16.402636,7.886,4.536,1.794,1.377,0.179
1903,16.41102,8.377,4.559,2.482,1.138,0.198
1904,16.41924,8.472,4.541,1.896,1.867,0.168
1905,16.42755,8.58,4.55,2.166,1.608,0.256
1906,16.436032,8.368,4.54,2.093,1.546,0.189
1907,16.444238,8.523,4.556,1.86,1.916,0.191
1908,16.452925,8.179,4.521,1.733,1.728,0.197
1909,16.462894,6.795,4.605,1.174,0.819,0.197
1910,16.471491,7.36,4.568,1.656,0.962,0.174
1911,16.480044,7.733,4.69,1.768,1.063,0.212
1912,16.487988,8.239,4.54,2.516,0.943,0.24
1913,16.49644,8.122,4.539,1.975,1.375,0.233
1914,16.50475,8.138,4.531,1.949,1.419,0.239
1915,16.515431,8.302,4.771,2.107,1.239,0.185
1916,16.523901,8.249,4.634,2.075,1.301,0.239
1917,16.532841,9.25,4.57,2.259,1.306,1.115
1918,16.540568,9.575,4.705,2.247,1.781,0.842
1919,16.549422,9.136,4.611,1.554,2.065,0.906
1920,16.557077,9.434,4.636,2.277,1.978,0.543
1921,16.565496,9.297,4.574,1.945,2.28,0.498
1922,16.573836,9.298,4.583,2.182,2.037,0.496
1923,16.584385,9.08,4.624,2.194,1.359,0.903
1924,16.592721,8.741,4.619,2.202,1.385,0.535
1925,16.60122,8.794,4.626,1.249,2.201,0.718
1926,16.609236,8.689,4.526,1.083,2.788,0.292
1927,16.618092,8.695,4.632,1.702,1.541,0.82
1928,16.626162,8.884,4.636,1.078,2.425,0.745
1929,16.634417,8.613,4.623,1.738,1.849,0.403
1930,16.644441,8.084,4.636,1.711,1.181,0.556
1931,16.653372,8.023,4.622,1.707,1.076,0.618
1932,16.661303,8.48,4.602,1.657,1.549,0.672
1933,16.670021,8.273,4.664,1.715,1.232,0.662
1934,16.677846,8.417,4.614,1.675,1.832,0.296
1935,16.686217,8.669,4.619,1.739,1.726,0.585
1936,16.695772,8.253,4.595,1.684,1.205,0.769
1937,16.703402,8.747,4.612,1.21,2.363,0.562
1938,16.713196,8.174,4.663,1.707,1.285,0.519
1939,16.722098,8.218,4.606,1.68,1.311,0.621
1940,16.730384,8.325,4.619,1.712,1.319,0.675
1941,16.738378,8.536,4.629,1.844,1.509,0.554
1942,16.746799,8.545,4.608,1.787,1.511,0.639
1943,16.755022,8.372,4.613,1.703,1.692,0.364
1944,16.765197,8.141,4.619,1.663,1.391,0.468
1945,16.774314,8.317,4.6,1.803,1.252,0.662
1946,16.782058,8.921,4.607,1.703,1.938,0.673
1947,16.79072,8.502,4.604,1.67,1.649,0.579
1948,16.798739,8.582,4.57,1.705,1.953,0.354
1949,16.807198,8.442,4.622,1.758,1.717,0.345
1950,16.815626,8.79,4.519,1.698,1.801,0.772
1951,16.824235,8.353,4.536,1.748,1.446,0.623
1952,16.834285,8.094,4.592,1.764,1.016,0.722
1953,16.842753,7.845,4.532,1.726,1.002,0.585
1954,16.850566,8.157,4.519,1.711,1.549,0.378
1955,16.859326,8.016,4.52,1.782,1.052,0.662
1956,16.868132,7.788,4.521,1.732,0.945,0.59
1957,16.876057,8.171,4.519,1.695,1.387,0.57
1958,16.884422,8.215,4.522,1.74,1.313,0.64
1959,16.894773,7.676,4.599,1.732,0.763,0.582
1960,16.903071,7.833,4.512,1.82,1.208,0.293
1961,16.910929,8.405,4.507,1.099,2.416,0.383
1962,16.919693,9.114,4.578,2.462,1.582,0.492
1963,16.927706,9.705,4.506,1.283,3.187,0.729
1964,16.936313,9.206,4.534,1.847,2.319,0.506
1965,16.944783,9.187,4.535,1.767,2.266,0.619
1966,16.953082,8.963,4.565,2.539,1.429,0.43
1967,16.963281,7.95,4.625,1.822,1.101,0.402
1968,16.973708,8.369,4.62,1.759,1.243,0.747
1969,16.981909,8.196,4.649,1.686,1.424,0.437
1970,16.990415,8.174,4.63,1.674,1.283,0.587
1971,16.99878,8.175,4.597,1.727,1.354,0.497
1972,17.007072,8.288,4.616,1.685,1.414,0.573
1973,17.015555,8.445,4.646,1.715,1.385,0.699
1974,17.024106,8.01,4.615,1.668,1.256,0.471
1975,17.032401,9.371,4.625,2.408,1.552,0.786
1976,17.040597,9.521,4.772,2.228,1.706,0.815
1977,17.049299,9.267,4.522,1.115,2.753,0.877
1978,17.057021,9.345,4.609,1.089,3.307,0.34
1979,17.065694,9.48,4.613,1.76,2.299,0.808
1980,17.074035,9.29,4.643,1.693,2.324,0.63
1981,17.082681,9.115,4.61,1.726,2.014,0.765
1982,17.092576,8.254,4.637,1.716,1.273,0.628
1983,17.101375,7.661,4.599,1.661,0.994,0.407
1984,17.109344,8.226,4.628,1.688,1.3,0.61
1985,17.117768,8.08,4.532,1.734,1.26,0.554
1986,17.125518,8.401,4.537,1.748,1.822,0.294
1987,17.134422,9.176,4.533,2.49,1.384,0.769
1988,17.143228,8.854,4.51,1.416,2.046,0.882
1989,17.152937,8.653,4.6,2.224,1.275,0.554
1990,17.162017,8.837,4.494,2.166,1.249,0.928
1991,17.169749,9.138,4.553,2.21,1.743,0.632
1992,17.178109,8.77,4.534,1.976,1.976,0.284
1993,17.186072,9.11,4.51,1.233,3.127,0.24
1994,17.194802,8.692,4.518,1.881,2.069,0.224
1995,17.204495,7.333,4.646,1.248,1.222,0.217
1996,17.213056,7.598,4.497,1.811,1.073,0.217
1997,17.221178,7.809,4.558,1.698,1.337,0.216
1998,17.22972,7.675,4.582,1.815,1.068,0.21
1999,17.237816,7.887,4.518,1.792,1.391,0.186
2000,17.246332,7.714,4.545,1.744,1.225,0.2
2001,17.254763,7.625,4.544,1.808,1.067,0.206
2002,17.265005,7.981,4.73,1.753,1.333,0.165
2003,17.273569,7.965,4.667,1.809,1.257,0.232
2004,17.281696,8.269,4.656,1.793,1.493,0.327
2005,17.290216,7.95,4.584,1.166,2.004,0.196
2006,17.298877,7.652,4.584,1.163,1.685,0.22
2007,17.306821,8.822,4.645,2.423,1.488,0.266
2008,17.315447,8.509,4.651,1.926,1.713,0.219
2009,17.32546,7.662,4.601,1.755,1.117,0.189
2010,17.333803,7.98,4.622,1.719,1.441,0.198
2011,17.342371,7.984,4.685,1.731,1.39,0.178
2012,17.350924,7.87,4.642,1.704,1.273,0.251
2013,17.359273,8.073,4.579,1.174,1.854,0.466
2014,17.367898,7.806,4.569,1.082,1.661,0.494
2015,17.375843,8.2,4.595,1.171,1.928,0.506
2016,17.384453,7.942,4.591,1.226,1.604,0.521
2017,17.394464,8.013,4.583,1.73,1.164,0.536
2018,17.403333,8.356,4.634,1.709,1.246,0.767
2019,17.411824,8.372,4.587,1.731,1.32,0.734
2020,17.419864,8.71,4.597,1.928,1.445,0.74
2021,17.428024,8.561,4.553,1.13,2.46,0.418
2022,17.436186,8.748,4.626,1.188,2.5,0.434
2023,17.444681,8.492,4.611,1.329,2.193,0.359
2024,17.455285,7.847,4.6,1.612,1.241,0.394
2025,17.463159,8.225,4.618,1.328,1.986,0.293
2026,17.471553,8.138,4.621,1.167,2.082,0.268
2027,17.47957,8.411,4.615,2.004,1.548,0.244
2028,17.488365,8.026,4.783,1.285,1.652,0.306
2029,17.497268,7.849,4.618,1.513,1.379,0.339
2030,17.504763,8.667,4.584,1.431,2.354,0.298
2031,17.515522,7.893,4.673,1.491,1.365,0.364
2032,17.523724,7.9,4.586,1.483,1.597,0.234
2033,17.531836,8.068,4.575,1.582,1.733,0.178
2034,17.540364,7.956,4.57,1.314,1.808,0.264
2035,17.548523,8.19,4.611,1.465,1.795,0.319
2036,17.556923,8.102,4.604,2.122,1.064,0.312
2037,17.56498,8.371,4.517,1.907,1.651,0.296
2038,17.575785,7.683,4.601,1.875,0.965,0.242
2039,17.584514,7.865,4.569,2.01,0.873,0.413
2040,17.594199,7.428,4.588,1.777,0.856,0.207
2041,17.602881,7.689,4.524,2.014,0.903,0.248
2042,17.610771,8.124,4.545,1.877,1.47,0.232
2043,17.61941,7.828,4.5,1.784,1.318,0.226
2044,17.627454,8.096,4.506,1.82,1.565,0.205
2045,17.636241,7.651,4.567,1.951,0.905,0.228
2046,17.644223,7.989,4.533,1.829,1.42,0.207
2047,17.652749,7.803,4.514,1.547,1.537,0.205
2048,17.661041,7.824,4.517,2.01,1.095,0.202
2049,17.669317,7.92,4.506,1.751,1.438,0.225
2050,17.677987,7.553,4.501,1.856,0.995,0.201
2051,17.686056,7.812,4.508,1.946,1.157,0.201
2052,17.694187,8.027,4.539,1.912,1.378,0.198
2053,17.704627,7.535,4.615,1.856,0.853,0.211
2054,17.713376,7.8,4.535,1.795,1.212,0.258
2055,17.721191,8.264,4.633,2.104,1.303,0.224
2056,17.72972,8.048,4.62,1.955,1.281,0.192
2057,17.737935,8.189,4.632,1.992,1.35,0.215
2058,17.746312,8.395,4.669,2.111,1.393,0.222
2059,17.755686,8.427,4.633,1.907,1.396,0.491
2060,17.764961,7.862,4.616,1.85,1.181,0.215
2061,17.773593,7.796,4.65,1.825,1.097,0.224
2062,17.781555,8.159,4.618,1.88,1.449,0.212
2063,17.790548,8.391,4.651,2.027,1.464,0.249
2064,17.798619,8.627,4.692,1.591,2.101,0.243
2065,17.806857,8.713,4.546,2.026,1.923,0.218
2066,17.815142,8.803,4.667,1.948,1.935,0.253
2067,17.823746,8.521,4.607,1.922,1.726,0.266
2068,17.833646,8.089,4.657,1.898,1.291,0.243
2069,17.842148,7.882,4.624,2.001,1.086,0.171
2070,17.850763,7.868,4.635,2.023,0.997,0.213
2071,17.85888,8.145,4.63,1.896,1.381,0.238
2072,17.867438,7.901,4.543,1.881,1.249,0.228
2073,17.875397,8.296,4.541,1.897,1.604,0.254
2074,17.88425,7.922,4.54,1.987,1.037,0.358
2075,17.894117,7.886,4.666,2.112,0.865,0.243
2076,17.90274,7.742,4.53,1.99,0.966,0.256
2077,17.911613,7.417,4.564,1.884,0.766,0.203
2078,17.919315,8.084,4.48,1.697,1.668,0.239
2079,17.927916,7.787,4.507,1.9,1.174,0.206
2080,17.935858,8.189,4.508,1.901,1.555,0.225
2081,17.9445,7.885,4.551,2.214,0.9,0.22
2082,17.954362,7.782,4.685,2.082,0.844,0.171
2083,17.963048,7.551,4.495,1.782,1.093,0.181
2084,17.971093,7.891,4.548,1.839,1.264,0.24
2085,17.9798,7.51,4.546,1.498,1.246,0.22
2086,17.988745,7.986,4.59,2.291,0.868,0.237
2087,17.996524,8.744,4.541,2.135,1.62,0.448
2088,18.004722,8.679,4.503,1.861,2.08,0.235
2089,18.013322,8.393,4.546,1.99,1.647,0.21
2090,18.023814,8.01,4.608,1.843,1.336,0.223
2091,18.033766,7.771,4.606,1.801,1.152,0.212
2092,18.042051,8.272,4.661,1.98,1.398,0.233
2093,18.050692,7.951,4.675,2.022,1.025,0.229
2094,18.058872,8.105,4.608,1.894,1.383,0.22
2095,18.067013,8.296,4.654,1.813,1.613,0.216
2096,18.075454,8.199,4.626,1.936,1.415,0.222
2097,18.084098,8.067,4.661,1.923,1.27,0.213
2098,18.092175,8.311,4.663,2.156,1.28,0.212
2099,18.100768,8.252,4.692,2.111,1.257,0.192
2100,18.1088,8.577,4.602,1.882,1.881,0.212
2101,18.117462,8.264,4.629,1.881,1.537,0.217
2102,18.125327,8.719,4.569,1.784,2.164,0.202
2103,18.134036,8.327,4.642,1.804,1.685,0.196
2104,18.144876,7.717,4.615,1.949,0.922,0.231
2105,18.15258,8.364,4.62,1.897,1.614,0.233
2106,18.161083,8.176,4.673,1.83,1.456,0.217
2107,18.169575,7.982,4.559,1.995,1.255,0.173
2108,18.177679,8.224,4.554,1.941,1.535,0.194
2109,18.186075,8.159,4.542,1.877,1.547,0.193
2110,18.194629,8.162,4.612,2.321,1.004,0.225
2111,18.204449,7.594,4.604,1.909,0.846,0.235
2112,18.213131,7.547,4.546,1.884,0.927,0.19
2113,18.221157,7.882,4.543,1.924,1.193,0.222
2114,18.229743,7.629,4.577,1.869,0.967,0.216
2115,18.238416,7.773,4.561,2.043,0.935,0.234
2116,18.246164,8.337,4.535,1.62,1.977,0.205
2117,18.254786,8.038,4.529,1.955,1.351,0.203
2118,18.265382,8.17,4.659,1.89,1.389,0.232
2119,18.275282,7.984,4.751,2.042,0.951,0.24
2120,18.283641,7.921,4.553,2.165,1.001,0.202
2121,18.292057,7.881,4.535,2.013,1.095,0.238
2122,18.300787,7.581,4.523,1.923,0.814,0.321
2123,18.308874,7.72,4.508,1.764,1.24,0.208
2124,18.317034,7.888,4.511,1.701,1.472,0.204
2125,18.325433,7.856,4.609,1.735,1.279,0.233
2126,18.334005,7.799,4.682,1.695,1.202,0.22
2127,18.342442,7.91,4.637,1.79,1.271,0.212
2128,18.350595,8.139,4.652,1.759,1.474,0.254
2129,18.359069,7.959,4.631,1.665,1.439,0.224
2130,18.36726,8.093,4.634,1.658,1.593,0.208
2131,18.375638,8.028,4.631,1.665,1.545,0.187
2132,18.383903,8.138,4.585,1.661,1.66,0.232
2133,18.392355,7.982,4.657,1.622,1.512,0.191
2134,18.402911,7.255,4.594,1.09,1.364,0.207
2135,18.41094,7.55,4.583,1.162,1.611,0.194
2136,18.419555,7.944,4.597,1.942,1.172,0.233
2137,18.42785,7.959,4.573,1.471,1.693,0.222
2138,18.436043,8.109,4.649,1.306,1.935,0.219
2139,18.444209,8.711,4.694,2.281,1.461,0.275
2140,18.454421,8.309,4.667,2.032,1.352,0.258
2141,18.463102,7.914,4.629,1.901,1.184,0.2
2142,18.471247,8.154,4.561,1.909,1.427,0.257
2143,18.479654,8.055,4.506,1.978,1.346,0.225
2144,18.488876,7.777,4.521,2.021,1.018,0.217
2145,18.496462,8.606,4.537,2.101,1.673,0.295
2146,18.504866,8.527,4.511,1.95,1.782,0.284
2147,18.513323,8.328,4.546,1.799,1.78,0.203
2148,18.523255,7.67,4.633,1.796,1.015,0.226
2149,18.533753,7.881,4.609,2.11,0.924,0.238
2150,18.54213,7.838,4.591,1.377,1.638,0.232
2151,18.550236,8.01,4.545,2.35,0.923,0.192
2152,18.55869,7.891,4.507,1.974,1.217,0.193
2153,18.567041,7.923,4.553,1.851,1.258,0.261
2154,18.575349,7.984,4.545,1.787,1.367,0.285
2155,18.583849,7.789,4.523,1.929,1.077,0.26
2156,18.592567,7.699,4.557,1.982,0.906,0.254
2157,18.600663,7.894,4.518,1.854,1.327,0.195
2158,18.608709,8.222,4.539,1.906,1.544,0.233
2159,18.617645,7.722,4.541,1.867,1.095,0.219
2160,18.625352,8.342,4.625,1.815,1.674,0.228
2161,18.634091,7.974,4.648,1.883,1.195,0.248
2162,18.644975,8.639,4.653,2.373,1.337,0.276
2163,18.652734,9.379,4.923,1.887,2.14,0.429
2164,18.661169,9.132,4.671,2.159,2.01,0.292
2165,18.669552,9.021,4.609,1.89,2.282,0.24
2166,18.677795,9.101,4.584,1.849,2.453,0.215
2167,18.685703,9.509,4.578,1.803,2.929,0.199
2168,18.694529,9.039,4.607,1.573,2.64,0.219
2169,18.70442,8.403,4.63,2.147,1.306,0.32
2170,18.713052,8.026,4.623,1.918,1.259,0.226
2171,18.721899,7.864,4.601,1.757,1.261,0.245
2172,18.730347,8.624,4.552,1.417,1.55,1.105
2173,18.738883,8.313,4.571,2.171,1.141,0.43
2174,18.747141,8.789,4.621,1.355,1.983,0.83
2175,18.754814,9.101,4.585,2.147,1.89,0.479
2176,18.76371,8.821,4.599,2.133,1.323,0.766
2177,18.773821,8.266,4.488,2.042,0.929,0.807
2178,18.782127,8.428,4.519,2.183,0.95,0.776
2179,18.790884,8.891,4.516,2.097,1.5,0.778
2180,18.798962,9.262,4.463,1.11,2.814,0.875
2181,18.807139,9.129,4.552,1.679,2.288,0.61
2182,18.815542,8.976,4.551,1.736,2.174,0.515
2183,18.823839,9.111,4.495,1.776,2.23,0.61
2184,18.834244,7.673,4.61,1.763,0.786,0.514
2185,18.84327,7.67,4.602,1.1,1.127,0.841
2186,18.851167,8.072,4.566,1.768,1.18,0.558
2187,18.859234,8.309,4.517,1.213,2.063,0.516
2188,18.867571,8.186,4.573,1.721,1.492,0.4
2189,18.87577,8.369,4.512,1.731,1.678,0.448
2190,18.886873,8.142,4.59,1.667,1.106,0.779
2191,18.895428,7.747,4.535,1.704,0.898,0.61
2192,18.903,8.487,4.476,1.688,1.728,0.595
2193,18.911546,8.654,4.545,2.449,0.951,0.709
2194,18.919622,9.029,4.516,1.619,2.105,0.789
2195,18.928052,8.68,4.611,2.271,1.34,0.458
2196,18.936058,9.005,4.571,1.114,2.92,0.4
2197,18.94463,8.864,4.63,1.742,1.996,0.496
2198,18.952949,8.759,4.64,1.688,2.057,0.374
2199,18.964206,8.361,4.608,1.647,1.531,0.575
2200,18.973952,8.558,4.637,1.754,1.496,0.671
2201,18.982337,8.549,4.627,1.706,1.537,0.679
2202,18.990696,8.677,4.579,1.165,2.099,0.834
2203,18.999033,8.676,4.624,1.768,1.547,0.737
2204,19.009299,8.773,4.616,1.687,1.657,0.813
2205,19.016806,9.373,4.578,1.645,2.564,0.586
2206,19.025626,9.017,4.618,1.74,1.94,0.719
2207,19.033043,9.681,4.539,1.676,3.0,0.466
2208,19.041184,10.106,4.638,1.686,3.085,0.697
2209,19.049441,10.215,4.599,1.023,3.864,0.729
2210,19.057093,10.587,4.629,1.611,3.924,0.423
2211,19.066051,10.295,4.632,1.69,3.217,0.756
2212,19.075968,8.574,4.5,1.685,1.768,0.621
2213,19.084512,8.397,4.502,1.661,1.579,0.655
2214,19.093246,8.327,4.507,1.673,1.249,0.898
2215,19.101045,8.57,4.544,1.714,1.691,0.621
2216,19.109734,8.577,4.567,1.852,1.328,0.83
2217,19.117513,8.84,4.529,1.151,2.618,0.542
2218,19.125685,8.807,4.524,1.722,2.22,0.341
2219,19.134311,8.558,4.519,1.692,1.963,0.384
2220,19.144909,7.912,4.563,1.708,1.188,0.453
2221,19.15274,8.427,4.511,1.71,1.732,0.474
2222,19.161324,8.286,4.527,1.743,1.432,0.584
2223,19.169883,8.743,4.528,2.4,1.163,0.652
2224,19.178011,9.077,4.493,1.444,2.381,0.759
2225,19.186182,8.955,4.59,2.364,1.503,0.498
2226,19.194643,8.94,4.466,1.476,2.408,0.59
2227,19.203051,8.711,4.513,2.309,1.429,0.46
2228,19.213997,9.153,4.633,2.177,1.412,0.931
2229,19.224047,9.261,4.633,2.198,1.568,0.862
2230,19.232135,9.383,4.533,1.604,2.491,0.755
2231,19.240147,9.386,4.606,2.287,2.065,0.428
2232,19.248799,9.182,4.621,1.753,2.265,0.543
2233,19.25678,9.483,4.541,1.432,3.017,0.493
2234,19.265272,9.377,4.596,2.145,2.09,0.546
2235,19.273932,9.035,4.631,1.685,2.185,0.534
2236,19.281833,9.49,4.587,2.196,2.146,0.561
2237,19.290454,9.128,4.619,1.546,2.504,0.459
2238,19.298433,9.48,4.684,2.145,2.177,0.474
2239,19.307187,9.037,4.578,1.601,2.42,0.438
2240,19.315563,9.063,4.635,2.254,1.651,0.523
2241,19.325947,8.638,4.584,2.152,1.05,0.852
2242,19.334428,9.03,4.579,2.179,1.52,0.752
2243,19.342661,8.771,4.592,1.401,2.407,0.371
2244,19.351022,8.898,4.743,2.249,1.354,0.552
2245,19.359439,9.031,4.577,1.268,2.452,0.734
2246,19.367195,9.196,4.578,1.749,2.54,0.329
2247,19.376042,9.016,4.547,1.687,2.125,0.657
2248,19.384412,9.11,4.525,1.804,1.997,0.784
2249,19.395181,8.279,4.621,1.765,1.309,0.584
2250,19.403402,8.509,4.514,1.744,1.546,0.705
2251,19.410955,8.927,4.499,1.683,2.398,0.347
2252,19.419552,8.737,4.548,2.39,1.298,0.501
2253,19.428372,8.556,4.509,2.219,1.059,0.769
2254,19.436367,8.887,4.514,1.635,1.982,0.756
2255,19.44469,8.79,4.508,2.259,1.335,0.688
2256,19.455024,8.61,4.578,2.23,0.895,0.907
2257,19.463696,8.903,4.541,2.173,1.322,0.867
2258,19.473481,8.315,4.642,2.186,0.936,0.551
2259,19.4819,8.206,4.493,2.22,0.972,0.521
2260,19.49066,8.066,4.551,1.925,0.826,0.764
2261,19.498486,8.108,4.494,1.997,1.299,0.318
2262,19.506998,8.291,4.538,2.277,0.932,0.544
2263,19.515531,8.474,4.513,1.585,1.476,0.9
2264,19.523781,8.755,4.508,2.076,1.684,0.487
2265,19.532427,8.94,4.594,1.277,2.133,0.936
2266,19.540535,8.694,4.618,1.769,1.844,0.463
2267,19.548503,8.988,4.641,1.77,2.181,0.396
2268,19.557088,8.805,4.608,1.735,2.0,0.462
2269,19.565702,8.887,4.599,1.69,1.78,0.818
2270,19.573732,8.768,4.512,1.739,2.125,0.392
2271,19.582994,8.219,4.642,1.569,1.333,0.675
2272,19.592375,8.208,4.662,1.656,1.348,0.542
2273,19.600954,8.348,4.648,1.675,1.331,0.694
2274,19.609143,8.436,4.631,1.711,1.5,0.594
2275,19.617953,8.411,4.639,1.63,1.431,0.711
2276,19.625807,8.811,4.592,1.723,1.859,0.637
2277,19.634371,8.57,4.65,1.788,1.504,0.628
2278,19.644849,8.299,4.601,1.725,1.328,0.645
2279,19.652808,8.508,4.547,1.191,2.298,0.472
2280,19.660922,8.667,4.573,1.677,1.985,0.432
2281,19.669995,8.296,4.613,1.705,1.194,0.784
2282,19.677809,8.693,4.521,2.424,1.052,0.696
2283,19.686183,8.513,4.557,1.75,1.66,0.546
2284,19.694836,8.166,4.51,1.851,1.307,0.498
2285,19.70473,8.25,4.607,2.292,0.895,0.456
2286,19.713776,8.614,4.51,2.31,0.898,0.896
2287,19.722478,8.361,4.49,2.212,0.919,0.74
2288,19.730216,8.981,4.577,1.533,2.084,0.787
2289,19.738487,8.711,4.538,2.258,1.45,0.465
2290,19.746568,9.135,4.586,1.211,2.745,0.593
2291,19.754553,9.202,4.51,1.71,2.686,0.296
2292,19.763849,8.771,4.511,1.788,1.649,0.823
2293,19.773703,8.059,4.584,1.716,1.113,0.646
2294,19.781852,8.136,4.5,2.319,0.934,0.383
2295,19.790887,8.441,4.504,2.213,0.894,0.83
2296,19.799312,8.48,4.522,2.262,0.902,0.794
2297,19.807455,8.555,4.538,1.544,1.81,0.663
2298,19.815712,8.435,4.554,2.205,1.189,0.487
2299,19.825749,9.017,4.589,2.053,1.63,0.745
2300,19.83387,8.864,4.485,1.729,2.272,0.378
2301,19.842159,8.739,4.654,1.858,2.021,0.206
2302,19.850807,8.466,4.604,1.854,1.753,0.255
2303,19.858583,8.98,4.659,1.966,2.153,0.202
2304,19.867203,8.712,4.57,2.292,1.605,0.245
2305,19.875281,8.953,4.599,1.889,2.231,0.234
2306,19.884129,8.496,4.658,1.36,2.222,0.256
2307,19.89433,7.663,4.616,1.762,1.079,0.206
2308,19.904612,7.859,4.635,1.764,1.251,0.209
2309,19.912878,7.892,4.6,1.678,1.447,0.167
2310,19.921049,8.077,4.676,1.731,1.473,0.197
2311,19.929484,7.981,4.68,1.698,1.401,0.202
2312,19.937793,8.026,4.624,1.668,1.518,0.216
2313,19.946168,7.955,4.616,1.661,1.492,0.186
2314,19.954664,7.784,4.588,1.712,1.306,0.178
2315,19.963145,7.812,4.611,1.681,1.366,0.154
2316,19.971599,7.694,4.644,1.712,1.179,0.159
2317,19.979732,7.897,4.497,1.704,1.532,0.164
2318,19.987851,8.129,4.496,1.757,1.694,0.182
2319,19.996283,8.038,4.533,1.767,1.552,0.186
2320,20.004799,7.904,4.503,1.801,1.364,0.236
2321,20.015171,7.273,4.633,1.706,0.74,0.194
2322,20.023396,7.405,4.548,1.75,0.889,0.218
2323,20.031672,7.454,4.52,1.135,1.591,0.208
2324,20.040297,7.583,4.541,1.737,1.076,0.229
2325,20.048678,7.514,4.536,1.706,1.061,0.211
2326,20.056863,7.626,4.5,1.791,1.16,0.175
2327,20.065238,7.628,4.545,1.691,1.176,0.216
2328,20.073438,7.727,4.522,1.85,1.172,0.183
2329,20.084042,7.211,4.61,1.701,0.692,0.208
2330,20.091995,7.58,4.499,1.694,1.193,0.194
2331,20.100614,7.298,4.544,1.701,0.874,0.179
2332,20.108565,7.69,4.537,1.751,1.212,0.19
2333,20.117412,7.746,4.536,1.861,1.096,0.253
2334,20.125606,7.86,4.527,1.81,1.296,0.227
2335,20.133877,7.86,4.578,1.726,1.396,0.16
2336,20.142867,7.632,4.568,1.693,1.181,0.19
2337,20.152406,7.697,4.614,1.678,1.216,0.189
2338,20.161062,7.7,4.616,1.692,1.184,0.208
2339,20.171313,7.761,4.606,1.667,1.263,0.225
2340,20.179761,7.626,4.587,1.049,1.778,0.212
2341,20.188132,7.818,4.606,1.681,1.308,0.223
2342,20.196214,8.06,4.631,1.691,1.521,0.217
2343,20.204974,7.698,4.641,1.683,1.168,0.206
2344,20.21303,8.0,4.637,1.737,1.395,0.231
2345,20.221473,7.876,4.656,1.645,1.366,0.209
2346,20.229454,8.212,4.6,1.666,1.753,0.193
2347,20.238111,7.881,4.64,1.651,1.402,0.188
2348,20.246448,7.894,4.631,1.665,1.4,0.198
2349,20.254748,7.931,4.591,1.744,1.393,0.203
2350,20.263038,7.988,4.661,1.658,1.445,0.224
2351,20.273648,7.269,4.593,1.693,0.785,0.198
2352,20.282149,7.275,4.543,1.768,0.73,0.234
2353,20.290203,7.674,4.544,1.81,1.083,0.237
2354,20.29921,8.383,4.539,1.762,1.044,1.038
2355,20.307207,8.389,4.489,1.75,1.448,0.702
2356,20.315799,8.156,4.519,1.813,1.081,0.743
2357,20.32543,7.336,4.616,1.188,1.078,0.454
2358,20.334231,7.365,4.535,1.685,0.678,0.467
2359,20.342647,7.859,4.535,1.722,0.988,0.614
2360,20.350686,8.091,4.526,1.813,1.203,0.549
2361,20.358878,8.025,4.508,1.703,1.464,0.35
2362,20.36764,7.785,4.532,1.704,1.054,0.495
2363,20.375847,7.988,4.491,1.737,1.183,0.577
2364,20.384001,8.002,4.53,1.695,1.358,0.419
2365,20.393313,7.933,4.526,1.775,0.908,0.724
2366,20.403379,7.606,4.614,1.626,0.716,0.65
2367,20.41331,7.934,4.636,1.643,1.007,0.648
2368,20.42138,8.068,4.531,1.692,1.323,0.522
2369,20.429476,8.118,4.623,1.673,1.491,0.331
2370,20.438501,8.348,4.629,1.719,1.383,0.617
2371,20.446453,8.605,4.615,1.876,1.61,0.504
2372,20.454691,8.433,4.592,1.715,1.887,0.239
2373,20.462906,8.514,4.608,1.74,1.963,0.203
2374,20.471424,8.349,4.628,1.79,1.712,0.219
2375,20.479658,8.392,4.559,1.163,2.502,0.168
2376,20.487954,8.435,4.718,1.718,1.834,0.165
2377,20.496601,8.179,4.652,1.773,1.528,0.226
2378,20.504765,8.309,4.616,1.68,1.831,0.182
2379,20.513101,8.301,4.633,1.708,1.78,0.18
2380,20.523661,7.627,4.624,1.735,1.047,0.221
2381,20.532327,7.636,4.601,1.334,1.487,0.214
2382,20.53998,8.386,4.625,1.651,1.837,0.273
2383,20.548511,8.134,4.611,1.235,2.054,0.234
2384,20.55678,8.24,4.586,1.42,1.946,0.288
2385,20.565505,8.046,4.655,1.356,1.555,0.48
2386,20.57599,8.042,4.599,1.679,0.735,1.029
2387,20.584096,8.306,4.554,2.023,1.288,0.441
2388,20.592561,8.58,4.536,2.257,0.967,0.82
2389,20.600843,8.375,4.484,2.167,1.166,0.558
2390,20.609647,8.403,4.532,2.199,0.827,0.845
2391,20.617522,8.471,4.502,1.907,1.625,0.437
2392,20.62587,8.474,4.501,1.428,2.095,0.45
2393,20.634065,8.604,4.546,2.38,1.215,0.463
2394,20.642832,8.202,4.521,1.454,1.721,0.506
2395,20.652504,8.555,4.631,2.358,1.018,0.548
2396,20.661402,8.038,4.534,1.753,1.179,0.572
2397,20.669184,8.574,4.538,1.608,1.871,0.557
2398,20.677864,8.402,4.521,2.385,0.989,0.507
2399,20.686274,8.698,4.519,1.601,1.711,0.867
2400,20.694653,8.201,4.565,2.227,0.975,0.434
2401,20.703841,8.563,4.499,2.266,0.97,0.828
2402,20.713414,8.596,4.653,2.187,0.921,0.835
2403,20.721614,8.348,4.512,1.984,1.408,0.444
2404,20.72965,8.672,4.521,2.078,1.599,0.474
2405,20.738218,8.459,4.664,2.121,1.304,0.37
2406,20.746498,8.504,4.572,1.927,1.658,0.347
2407,20.755164,8.72,4.595,2.175,1.224,0.726
2408,20.763589,8.823,4.623,2.332,1.118,0.75
2409,20.773381,7.663,4.591,1.413,1.213,0.446
2410,20.781842,7.682,4.596,1.335,1.274,0.477
2411,20.790265,7.978,4.547,1.691,1.212,0.528
2412,20.798668,7.883,4.659,1.393,1.336,0.495
2413,20.807075,7.817,4.583,1.326,1.419,0.489
2414,20.815226,7.99,4.529,1.154,1.821,0.486
2415,20.823661,7.899,4.608,1.263,1.537,0.491
2416,20.834245,8.353,4.602,1.782,1.464,0.505
2417,20.844339,7.794,4.601,1.371,1.335,0.487
2418,20.852654,7.805,4.65,1.346,1.333,0.476
2419,20.860905,7.799,4.569,1.411,1.418,0.401
2420,20.869353,7.777,4.651,1.455,1.177,0.494
2421,20.877748,8.699,4.59,2.488,1.095,0.526
2422,20.886555,8.609,4.575,1.462,1.695,0.877
2423,20.894288,8.838,4.622,2.079,1.611,0.526
2424,20.90241,8.997,4.569,2.057,1.895,0.476
2425,20.911029,8.619,4.631,2.128,1.48,0.38
2426,20.919832,8.868,4.636,2.274,1.152,0.806
2427,20.927822,8.851,4.572,2.183,1.641,0.455
2428,20.936707,8.756,4.613,2.031,1.21,0.902
2429,20.944544,8.968,4.561,1.478,2.32,0.609
2430,20.953351,8.333,4.668,2.253,0.975,0.437
2431,20.963743,8.681,4.614,2.085,1.135,0.847
2432,20.971822,8.951,4.611,2.242,1.238,0.86
2433,20.980223,8.866,4.633,1.479,1.928,0.826
2434,20.987849,9.128,4.571,2.128,2.038,0.391
2435,20.996908,8.86,4.588,2.168,1.259,0.845
2436,21.005266,8.788,4.612,2.142,1.229,0.805
2437,21.013408,8.538,4.679,1.877,1.634,0.348
2438,21.023935,8.54,4.636,2.153,0.892,0.859
2439,21.032375,8.421,4.515,1.558,1.515,0.833
2440,21.040444,8.25,4.584,2.25,0.995,0.421
2441,21.048665,8.441,4.523,2.155,1.273,0.49
2442,21.056953,8.507,4.498,2.085,1.414,0.51
2443,21.06583,8.344,4.506,2.18,0.898,0.76
2444,21.075619,8.078,4.562,2.064,0.922,0.53
2445,21.084072,8.181,4.556,2.268,0.852,0.505
2446,21.093391,8.439,4.514,2.177,0.94,0.808
2447,21.10089,9.199,4.585,1.786,2.099,0.729
2448,21.109461,8.974,4.52,2.019,1.687,0.748
2449,21.117406,9.01,4.512,1.884,2.226,0.388
2450,21.125977,9.147,4.5,2.097,1.783,0.767
2451,21.134423,9.054,4.569,2.054,1.638,0.793
2452,21.142461,9.014,4.537,1.958,2.069,0.45
2453,21.153093,8.385,4.643,2.151,0.987,0.604
2454,21.161118,8.58,4.539,1.417,2.148,0.476
2455,21.169927,8.1,4.51,2.171,0.974,0.445
2456,21.178137,8.657,4.535,1.238,2.035,0.849
2457,21.186508,8.259,4.623,2.133,1.076,0.427
2458,21.194536,8.779,4.554,1.918,1.674,0.633
2459,21.203328,8.604,4.609,2.029,1.219,0.747
2460,21.213333,8.503,4.603,2.155,1.248,0.497
2461,21.221634,8.486,4.581,1.307,2.147,0.451
2462,21.229449,9.063,4.55,2.222,1.784,0.507
2463,21.238107,8.687,4.672,2.076,1.513,0.426
2464,21.246509,8.768,4.626,1.756,1.82,0.566
2465,21.255041,8.594,4.617,1.68,1.701,0.596
2466,21.26404,8.219,4.581,1.674,1.22,0.744
2467,21.273738,8.12,4.574,1.697,1.229,0.62
2468,21.282129,7.965,4.618,1.717,1.229,0.401
2469,21.290609,8.282,4.629,1.69,1.281,0.682
2470,21.29855,8.37,4.589,1.797,1.607,0.377
2471,21.306832,8.555,4.591,1.635,1.82,0.509
2472,21.315379,8.474,4.617,2.307,1.113,0.437
2473,21.326448,8.821,4.633,2.193,1.385,0.61
2474,21.334471,9.33,4.524,1.848,2.186,0.772
2475,21.342745,9.217,4.601,1.676,2.339,0.601
2476,21.350426,9.532,4.644,1.745,2.873,0.27
2477,21.359376,9.25,4.598,1.701,2.358,0.593
2478,21.367892,9.08,4.499,1.048,2.916,0.617
2479,21.375449,9.503,4.681,1.793,2.761,0.268
2480,21.384025,9.28,4.613,1.779,2.599,0.289
2481,21.394636,7.642,4.621,1.763,1.03,0.228
2482,21.402441,8.192,4.659,2.276,1.015,0.242
2483,21.411118,7.866,4.636,1.952,1.039,0.239
2484,21.419608,7.881,4.647,1.998,0.991,0.245
2485,21.427848,8.056,4.626,2.012,1.201,0.217
2486,21.435935,8.335,4.619,1.899,1.586,0.231
2487,21.444388,8.208,4.646,2.038,1.265,0.259
2488,21.454548,8.171,4.638,1.905,1.434,0.194
2489,21.463165,7.981,4.653,1.947,1.134,0.247
2490,21.471278,8.241,4.703,1.992,1.314,0.232
2491,21.479622,8.243,4.536,1.998,1.446,0.263
2492,21.488138,8.05,4.562,2.081,1.154,0.253
2493,21.496264,8.298,4.542,1.959,1.505,0.292
2494,21.504736,8.134,4.515,2.032,1.323,0.264
2495,21.515216,7.922,4.625,2.095,0.939,0.263
2496,21.523213,8.217,4.557,2.094,1.333,0.233
2497,21.531782,7.999,4.525,1.953,1.264,0.257
2498,21.540235,7.9,4.545,1.998,1.092,0.265
2499,21.548383,8.048,4.535,1.859,1.433,0.221
2500,21.556531,8.24,4.546,1.968,1.501,0.225
2501,21.565086,8.024,4.525,1.887,1.369,0.243
2502,21.573285,8.177,4.543,1.934,1.442,0.258
2503,21.583666,7.834,4.604,1.963,1.017,0.25
2504,21.59197,7.819,4.555,1.937,1.12,0.207
2505,21.600549,7.642,4.545,1.888,0.983,0.226
2506,21.609138,7.526,4.547,1.837,0.946,0.196
2507,21.617283,7.727,4.548,1.452,1.5,0.227
2508,21.625324,8.05,4.554,1.927,1.327,0.242
2509,21.633894,8.076,4.627,1.839,1.341,0.269
2510,21.644431,7.82,4.612,1.853,1.129,0.226
2511,21.654557,7.719,4.653,1.84,1.024,0.202
2512,21.663174,8.083,4.631,2.181,1.037,0.234
2513,21.671303,8.25,4.643,1.848,1.588,0.171
2514,21.679681,8.273,4.612,1.951,1.458,0.252
2515,21.68805,8.214,4.639,1.923,1.433,0.219
2516,21.696221,8.377,4.641,1.848,1.674,0.214
2517,21.704779,8.139,4.589,1.769,1.547,0.234
2518,21.712919,8.306,4.624,1.8,1.683,0.199
2519,21.721349,8.226,4.602,1.907,1.525,0.192
2520,21.729834,8.1,4.601,1.863,1.405,0.231
2521,21.737977,8.267,4.646,1.812,1.593,0.216
2522,21.746639,7.966,4.611,1.759,1.353,0.243
2523,21.754735,8.134,4.58,1.802,1.593,0.159
2524,21.764954,7.82,4.685,1.897,1.013,0.225
2525,21.773341,7.864,4.638,1.836,1.195,0.195
2526,21.781805,7.876,4.562,2.214,0.843,0.257
2527,21.790291,7.712,4.549,2.021,0.888,0.254
2528,21.798268,8.073,4.56,2.049,1.209,0.255
2529,21.806714,7.913,4.483,1.867,1.372,0.191
2530,21.81495,8.016,4.542,1.579,1.658,0.237
2531,21.82341,7.862,4.538,1.964,1.177,0.183
2532,21.833992,7.849,4.63,1.864,1.153,0.202
2533,21.842137,8.053,4.531,1.879,1.432,0.211
2534,21.850214,8.323,4.537,1.804,1.75,0.232
2535,21.858849,8.004,4.509,1.813,1.461,0.221
2536,21.867323,7.87,4.541,2.013,1.086,0.23
2537,21.87537,8.111,4.547,1.995,1.393,0.176
2538,21.883837,7.99,4.501,1.813,1.486,0.19
2539,21.894099,7.707,4.643,1.939,0.921,0.204
2540,21.902602,7.741,4.549,2.036,0.95,0.206
2541,21.911106,7.543,4.509,1.197,1.665,0.172
2542,21.91962,7.386,4.513,1.728,0.953,0.192
2543,21.927764,7.873,4.482,1.793,1.419,0.179
2544,21.935912,8.06,4.58,1.07,2.235,0.175
2545,21.944301,8.027,4.584,1.722,1.525,0.196
2546,21.952922,7.744,4.627,1.655,1.255,0.207
2547,21.962699,7.123,4.597,1.146,1.191,0.189
2548,21.971721,7.703,4.559,1.739,1.24,0.165
2549,21.979203,8.585,4.6,1.807,1.981,0.197
2550,21.988012,8.147,4.598,1.695,1.626,0.228
2551,21.99648,7.966,4.637,1.737,1.411,0.181
2552,22.004693,8.061,4.563,1.678,1.663,0.157
2553,22.013536,7.816,4.627,1.809,1.231,0.149
2554,22.023636,7.83,4.602,1.748,1.306,0.174
2555,22.031692,8.096,4.588,1.765,1.577,0.166
2556,22.040106,8.038,4.612,1.723,1.52,0.183
2557,22.048245,8.247,4.627,1.716,1.706,0.198
2558,22.05659,8.228,4.6,1.677,1.756,0.195
2559,22.064845,8.278,4.637,1.688,1.794,0.159
2560,22.073383,8.136,4.619,1.701,1.588,0.228
2561,22.082009,7.801,4.545,1.736,1.324,0.196
2562,22.092042,7.375,4.642,1.758,0.755,0.22
2563,22.100477,7.235,4.545,1.7,0.813,0.177
2564,22.109104,7.286,4.527,1.716,0.843,0.2
2565,22.117017,7.66,4.524,1.717,1.269,0.15
2566,22.125359,7.711,4.542,1.731,1.231,0.207
2567,22.133872,7.506,4.495,1.734,1.089,0.188
2568,22.142487,7.509,4.549,1.749,1.019,0.192
2569,22.15289,7.276,4.653,1.701,0.723,0.199
2570,22.160999,7.496,4.517,1.753,1.031,0.195
2571,22.169442,7.575,4.545,1.837,1.011,0.182
2572,22.177604,7.778,4.537,1.787,1.237,0.217
2573,22.185923,7.777,4.517,1.216,1.842,0.202
2574,22.194443,7.573,4.539,1.726,1.125,0.183
2575,22.204353,7.537,4.614,1.704,1.045,0.174
2576,22.212928,7.339,4.493,1.743,0.883,0.22
2577,22.221103,7.448,4.517,1.702,1.051,0.178
2578,22.22966,7.714,4.522,1.735,1.28,0.177
2579,22.237796,7.911,4.574,1.729,1.434,0.174
2580,22.246612,7.548,4.624,1.728,1.03,0.166
2581,22.254809,7.681,4.594,1.722,1.195,0.17
2582,22.26481,7.604,4.596,1.677,1.157,0.174
2583,22.273044,7.736,4.64,1.677,1.23,0.189
2584,22.281665,7.693,4.586,1.699,1.211,0.197
2585,22.290061,7.687,4.621,1.695,1.202,0.169
2586,22.298081,8.038,4.629,1.67,1.546,0.193
2587,22.306708,7.728,4.604,1.719,1.224,0.181
2588,22.315236,7.531,4.592,1.679,1.084,0.176
2589,22.32393,7.676,4.612,1.648,1.241,0.175
2590,22.334202,7.86,4.632,1.68,1.329,0.219
2591,22.342359,7.99,4.632,1.664,1.519,0.175
2592,22.350262,8.471,4.627,1.687,1.932,0.225
2593,22.358863,8.156,4.621,1.742,1.612,0.181
2594,22.366968,8.382,4.565,1.093,2.55,0.174
2595,22.375648,8.011,4.575,1.233,2.042,0.161
2596,22.383695,8.324,4.508,1.744,1.89,0.182
2597,22.392393,7.953,4.578,1.812,1.386,0.177
2598,22.402341,7.332,4.618,1.713,0.842,0.159
2599,22.410842,7.204,4.503,1.16,1.343,0.198
2600,22.419368,7.438,4.555,1.777,0.906,0.2
2601,22.427529,7.606,4.538,1.714,1.177,0.177
2602,22.435966,7.557,4.566,1.264,1.486,0.241
2603,22.444093,7.698,4.513,1.732,1.284,0.169
2604,22.452853,7.624,4.523,1.826,1.052,0.223
2605,22.462956,7.43,4.624,1.749,0.858,0.199
2606,22.471285,8.558,4.582,2.382,1.365,0.229
2607,22.480418,8.033,4.537,2.008,1.104,0.384
2608,22.487883,8.71,4.508,1.501,2.53,0.171
2609,22.496313,8.641,4.565,2.169,1.693,0.214
2610,22.504347,8.933,4.514,2.005,2.21,0.204
2611,22.513109,8.512,4.59,2.229,1.488,0.205
2612,22.523486,8.13,4.677,2.059,1.148,0.246
2613,22.531472,8.437,4.528,2.09,1.617,0.202
2614,22.539981,8.249,4.642,2.188,1.23,0.189
2615,22.548215,8.462,4.642,2.087,1.519,0.214
2616,22.556541,8.458,4.658,1.412,2.188,0.2
2617,22.565125,8.174,4.697,2.114,1.194,0.169
2618,22.573843,7.998,4.629,2.042,1.118,0.209
2619,22.583884,8.402,4.658,1.992,1.538,0.214
2620,22.592482,8.496,4.669,2.076,1.56,0.191
2621,22.600405,8.945,4.8,1.938,1.991,0.216
2622,22.608812,8.861,4.708,1.961,1.979,0.213
2623,22.616958,9.111,4.643,1.918,2.287,0.263
2624,22.625553,8.808,4.644,1.857,2.037,0.27
2625,22.633791,8.863,4.637,1.856,2.161,0.209
2626,22.644056,7.985,4.644,1.893,1.189,0.259
2627,22.654489,8.072,4.676,2.101,1.044,0.251
2628,22.662883,7.979,4.628,1.977,1.17,0.204
2629,22.671081,8.217,4.655,1.973,1.382,0.207
2630,22.679248,8.377,4.609,2.207,1.335,0.226
2631,22.687901,8.083,4.52,2.121,1.195,0.247
2632,22.695951,8.367,4.549,2.046,1.514,0.258
2633,22.704552,8.078,4.557,1.622,1.663,0.236
2634,22.712909,8.049,4.521,1.929,1.358,0.241
2635,22.721229,8.074,4.545,2.083,1.189,0.257
2636,22.730307,7.816,4.547,2.016,0.976,0.277
2637,22.73793,8.496,4.536,1.97,1.741,0.249
2638,22.746315,8.441,4.548,1.937,1.704,0.252
2639,22.754892,8.205,4.654,2.009,1.302,0.24
2640,22.764871,7.836,4.631,2.058,0.907,0.24
2641,22.773234,7.799,4.552,1.959,1.06,0.228
2642,22.781779,7.864,4.523,2.048,1.076,0.217
2643,22.790246,7.787,4.541,2.001,0.99,0.255
2644,22.798229,8.108,4.545,2.111,1.22,0.232
2645,22.806814,8.076,4.551,2.045,1.252,0.228
2646,22.815118,8.061,4.543,1.169,2.185,0.164
2647,22.8237,7.788,4.523,1.717,1.412,0.136
2648,22.833733,7.751,4.59,1.682,1.312,0.167
2649,22.842675,7.735,4.644,1.666,1.267,0.158
2650,22.850067,8.671,4.626,1.694,2.194,0.157
2651,22.858785,8.298,4.604,1.663,1.868,0.163
2652,22.867243,8.181,4.612,1.839,1.551,0.179
2653,22.87538,8.403,4.639,1.822,1.743,0.199
2654,22.883958,8.148,4.634,1.712,1.618,0.184
2655,22.892355,8.066,4.625,1.655,1.623,0.163
2656,22.90247,7.711,4.645,1.633,1.265,0.168
2657,22.912519,7.731,4.629,1.638,1.301,0.163
2658,22.92109,7.682,4.631,1.659,1.22,0.172
2659,22.929318,7.799,4.621,1.673,1.328,0.177
2660,22.938069,7.678,4.63,1.654,1.14,0.254
2661,22.946053,7.967,4.653,1.657,1.46,0.197
2662,22.954521,7.839,4.606,1.703,1.342,0.188
2663,22.963514,7.683,4.612,1.654,1.243,0.174
2664,22.971525,7.997,4.627,1.708,1.498,0.164
2665,22.979642,8.233,4.639,1.978,1.414,0.202
2666,22.988098,8.115,4.541,1.715,1.661,0.198
2667,22.99612,8.414,4.541,1.662,2.034,0.177
2668,23.004523,8.324,4.544,1.277,2.324,0.179
2669,23.013218,7.967,4.563,1.762,1.476,0.166
2670,23.023065,7.43,4.629,1.84,0.76,0.201
2671,23.031748,7.26,4.524,1.542,0.996,0.198
2672,23.040371,7.545,4.534,1.781,1.081,0.149
2673,23.048179,8.131,4.559,1.705,1.659,0.208
2674,23.057108,7.545,4.553,1.789,1.014,0.189
2675,23.065284,7.771,4.509,1.72,1.279,0.263
2676,23.075354,7.555,4.636,1.691,1.02,0.208
2677,23.082169,9.245,4.566,1.953,2.335,0.391
2678,23.091994,7.626,4.653,1.83,0.927,0.216
2679,23.100302,7.645,4.521,1.529,1.39,0.205
2680,23.109012,7.535,4.559,1.747,1.038,0.191
2681,23.116775,8.113,4.525,1.736,1.652,0.2
2682,23.125451,7.739,4.546,1.695,1.331,0.167
2683,23.13379,7.784,4.613,1.68,1.296,0.195
2684,23.144172,7.678,4.594,1.616,1.322,0.146
2685,23.154428,7.166,4.631,1.131,1.214,0.19
2686,23.162592,7.75,4.624,1.722,1.231,0.173
2687,23.171319,7.708,4.658,1.623,1.223,0.204
2688,23.179334,8.02,4.643,1.662,1.52,0.195
2689,23.1878,7.871,4.622,1.642,1.422,0.185
2690,23.19598,8.02,4.635,1.682,1.523,0.18
2691,23.204232,8.112,4.593,1.111,2.222,0.186
2692,23.213182,7.723,4.616,1.706,1.234,0.167
2693,23.221273,7.999,4.677,1.66,1.466,0.196
2694,23.229336,8.232,4.607,1.696,1.769,0.16
2695,23.23829,7.759,4.655,1.672,1.24,0.192
2696,23.246414,7.951,4.682,1.707,1.385,0.177
2697,23.254646,8.061,4.614,1.615,1.652,0.18
2698,23.263136,7.87,4.618,1.654,1.452,0.146
2699,23.27302,7.694,4.673,1.623,1.207,0.191
2700,23.281737,7.557,4.588,1.62,1.177,0.172
2701,23.290241,7.53,4.602,1.661,1.093,0.174
2702,23.298165,7.968,4.615,1.667,1.505,0.181
2703,23.307233,7.584,4.596,1.728,1.094,0.166
2704,23.314783,8.362,4.584,1.644,1.972,0.162
2705,23.323379,8.084,4.628,1.694,1.616,0.146
2706,23.331974,7.833,4.669,1.704,1.3,0.16
2707,23.341848,7.692,4.645,1.638,1.204,0.205
2708,23.350304,7.693,4.657,1.685,1.183,0.168
2709,23.359082,7.673,4.66,1.65,1.167,0.196
2710,23.366982,8.097,4.674,1.659,1.58,0.184
2711,23.375281,8.152,4.638,1.635,1.676,0.203
2712,23.384359,7.557,4.625,1.64,1.116,0.176
2713,23.394018,7.821,4.625,1.621,1.392,0.183
2714,23.402514,7.618,4.636,1.648,1.19,0.144
2715,23.410893,7.594,4.632,1.645,1.155,0.162
2716,23.419275,7.693,4.627,1.719,1.137,0.21
2717,23.427767,7.531,4.602,1.697,1.044,0.188
2718,23.435671,7.932,4.533,1.674,1.561,0.164
2719,23.444099,7.852,4.522,1.764,1.386,0.18
2720,23.454718,7.517,4.608,1.675,1.076,0.158
2721,23.463333,7.504,4.524,1.672,1.102,0.206
2722,23.471439,7.711,4.569,1.728,1.227,0.187
2723,23.479474,8.006,4.524,1.702,1.602,0.178
2724,23.487806,8.004,4.509,1.74,1.574,0.181
2725,23.496048,8.096,4.546,1.674,1.699,0.177
2726,23.504622,7.852,4.555,1.756,1.36,0.181
2727,23.513149,7.656,4.562,1.81,1.094,0.19
2728,23.523091,7.753,4.68,1.888,0.98,0.205
2729,23.531847,7.324,4.494,1.747,0.882,0.201
2730,23.53965,7.822,4.55,1.755,1.346,0.171
2731,23.548504,7.545,4.534,1.766,1.073,0.172
2732,23.557104,7.304,4.582,1.752,0.762,0.208
2733,23.565049,7.673,4.548,1.809,1.133,0.183
2734,23.57335,7.715,4.532,1.754,1.239,0.19
2735,23.583676,7.686,4.633,1.65,1.204,0.199
2736,23.592204,7.983,4.639,1.747,1.431,0.166
2737,23.602653,7.851,4.6,1.759,1.293,0.199
2738,23.610711,8.105,4.604,1.714,1.614,0.173
2739,23.619396,7.781,4.616,1.689,1.308,0.168
2740,23.627449,8.066,4.67,1.725,1.494,0.177
2741,23.635699,8.136,4.614,1.665,1.699,0.158
2742,23.64401,8.159,4.617,1.744,1.64,0.158
2743,23.652376,8.158,4.646,1.711,1.61,0.191
2744,23.660785,8.053,4.627,1.764,1.498,0.164
2745,23.669075,8.107,4.637,1.696,1.598,0.176
2746,23.677506,8.006,4.637,1.674,1.524,0.171
2747,23.686248,7.869,4.644,1.7,1.345,0.18
2748,23.694368,8.082,4.612,1.777,1.51,0.183
2749,23.702645,8.137,4.665,1.677,1.616,0.179
2750,23.712786,7.641,4.589,1.625,1.228,0.199
2751,23.721484,7.727,4.653,1.715,1.175,0.184
2752,23.72932,8.2,4.622,1.697,1.724,0.157
2753,23.738094,7.813,4.556,1.751,1.285,0.221
2754,23.746161,8.055,4.552,1.143,2.169,0.191
2755,23.75465,7.898,4.515,1.838,1.349,0.196
2756,23.762988,7.923,4.541,1.711,1.444,0.227
2757,23.77383,7.569,4.656,1.721,0.97,0.222
2758,23.781858,7.817,4.518,1.766,1.382,0.151
2759,23.789878,8.151,4.528,1.733,1.717,0.173
2760,23.798535,8.398,4.598,2.428,1.169,0.203
2761,23.806921,8.343,4.52,2.026,1.601,0.196
2762,23.815066,8.539,4.547,1.879,1.943,0.17
2763,23.825313,8.557,4.653,2.195,1.469,0.24
2764,23.833535,8.68,4.52,1.569,2.356,0.235
2765,23.842367,8.245,4.593,2.237,1.219,0.196
2766,23.852328,8.085,4.685,2.102,1.101,0.197
2767,23.860578,8.147,4.546,1.891,1.548,0.162
2768,23.869169,8.068,4.547,2.103,1.07,0.348
2769,23.877439,8.231,4.567,2.132,1.26,0.272
2770,23.885792,8.177,4.73,1.2,2.039,0.208
2771,23.894311,8.255,4.624,1.324,1.838,0.469
2772,23.902575,8.078,4.588,1.766,1.502,0.222
2773,23.910882,8.596,4.579,1.221,2.093,0.703
2774,23.919453,8.128,4.62,1.655,1.376,0.477
2775,23.928009,8.35,4.644,1.66,1.345,0.701
2776,23.936478,8.27,4.626,1.684,1.209,0.751
2777,23.946731,8.395,4.596,1.715,1.322,0.762
2778,23.953401,10.284,4.807,1.135,3.353,0.989
2779,23.963594,7.896,4.563,1.325,1.56,0.448
2780,23.97213,7.851,4.639,1.165,1.445,0.602
2781,23.979822,8.407,4.565,1.223,2.095,0.524
2782,23.988746,8.333,4.581,1.148,1.565,1.039
2783,23.996361,8.462,4.551,1.269,2.189,0.453
2784,24.005019,8.282,4.639,1.665,1.463,0.515
2785,24.015651,8.579,4.587,1.628,1.474,0.89
2786,24.023845,8.596,4.578,1.656,1.592,0.77
2787,24.032174,8.325,4.545,1.662,1.618,0.5
2788,24.040474,8.599,4.535,1.63,1.698,0.736
2789,24.048308,8.738,4.573,1.7,2.084,0.381
2790,24.05714,8.552,4.511,1.719,1.625,0.697
2791,24.065379,8.651,4.529,1.674,1.752,0.696
2792,24.073777,8.559,4.488,1.711,1.69,0.67
2793,24.084267,8.012,4.594,1.648,1.294,0.476
2794,24.094389,8.966,4.641,2.403,1.299,0.623
2795,24.102877,8.926,4.514,1.782,1.911,0.719
2796,24.110799,9.083,4.503,1.34,2.781,0.459
2797,24.119354,8.938,4.545,1.471,2.38,0.542
2798,24.127459,9.112,4.487,1.446,2.673,0.506
2799,24.13593,8.889,4.512,1.247,2.752,0.378
2800,24.143913,9.116,4.491,1.256,3.103,0.266
2801,24.152399,8.981,4.512,1.322,2.859,0.288
2802,24.161426,8.348,4.528,1.192,2.298,0.33
2803,24.169383,8.603,4.563,1.291,2.523,0.226
2804,24.177598,8.782,4.507,1.461,2.505,0.309
2805,24.185857,8.867,4.575,1.279,2.715,0.298
2806,24.194469,8.582,4.602,1.341,2.346,0.293
2807,24.204792,7.601,4.594,1.487,1.225,0.295
2808,24.213122,8.069,4.593,1.727,1.352,0.397
2809,24.221181,8.202,4.627,2.026,1.312,0.237
2810,24.229364,8.346,4.617,1.798,1.712,0.219
2811,24.237854,8.157,4.667,1.714,1.59,0.186
2812,24.246367,8.17,4.645,1.782,1.55,0.193
2813,24.25478,8.118,4.728,1.777,1.375,0.238
2814,24.263099,8.135,4.655,1.716,1.546,0.218
2815,24.273118,7.994,4.651,1.674,1.482,0.187
2816,24.281704,7.809,4.628,1.702,1.255,0.224
2817,24.290262,8.21,4.599,1.846,1.54,0.225
2818,24.298174,8.648,4.622,1.771,2.017,0.238
2819,24.30681,8.331,4.652,1.722,1.726,0.231
2820,24.314765,8.705,4.559,2.433,1.46,0.253
2821,24.323502,8.493,4.666,2.123,1.485,0.219
2822,24.333788,7.936,4.519,2.098,1.103,0.216
2823,24.344097,7.876,4.626,1.95,1.071,0.229
2824,24.352354,8.106,4.556,2.012,1.322,0.216
2825,24.36072,8.067,4.52,2.205,1.112,0.23
2826,24.369169,8.098,4.547,2.006,1.312,0.233
2827,24.377442,8.152,4.58,2.248,1.087,0.237
2828,24.385747,8.156,4.508,2.283,1.135,0.23
2829,24.394277,8.146,4.512,2.018,1.359,0.257
2830,24.402438,8.922,4.597,2.22,1.84,0.265
2831,24.411176,8.493,4.517,1.882,1.885,0.209
2832,24.419099,8.923,4.571,2.196,1.912,0.244
2833,24.428125,8.271,4.563,1.991,1.452,0.265
2834,24.435986,8.709,4.568,2.28,1.607,0.254
2835,24.44591,8.016,4.636,2.056,1.081,0.243
2836,24.454375,8.196,4.563,2.091,1.232,0.31
2837,24.462704,8.143,4.503,2.092,1.339,0.209
2838,24.471087,8.137,4.568,2.191,1.115,0.263
2839,24.479776,8.479,4.497,2.094,1.665,0.223
2840,24.48823,8.34,4.58,1.68,1.894,0.186
2841,24.496269,8.644,4.593,2.131,1.712,0.208
2842,24.505159,8.254,4.637,2.072,1.324,0.221
2843,24.513008,8.759,4.666,2.118,1.743,0.232
2844,24.523343,8.06,4.637,2.035,1.193,0.195
2845,24.531875,8.304,4.611,2.19,1.274,0.229
2846,24.539936,8.599,4.663,2.197,1.485,0.254
2847,24.548262,8.607,4.681,2.037,1.641,0.248
2848,24.55645,8.688,4.603,2.081,1.817,0.187
2849,24.564749,8.72,4.572,2.063,1.885,0.2
2850,24.573475,8.349,4.697,1.992,1.47,0.19
2851,24.583586,8.492,4.629,2.3,1.37,0.193
2852,24.592014,8.557,4.653,2.186,1.503,0.215
2853,24.602506,8.039,4.667,1.837,1.33,0.205
2854,24.610521,8.327,4.617,1.819,1.728,0.163
2855,24.619038,8.153,4.674,1.749,1.56,0.17
2856,24.627435,8.088,4.665,1.718,1.529,0.176
2857,24.635622,8.226,4.521,1.731,1.802,0.172
2858,24.644529,7.677,4.56,1.72,1.205,0.192
2859,24.652422,8.129,4.544,1.799,1.576,0.21
2860,24.661375,7.555,4.546,1.77,1.05,0.189
2861,24.668981,8.253,4.562,1.7,1.832,0.159
2862,24.678019,7.588,4.56,1.727,1.097,0.204
2863,24.685912,8.001,4.523,1.7,1.609,0.169
2864,24.69409,8.202,4.547,1.836,1.604,0.215
2865,24.704208,7.682,4.615,1.794,1.049,0.224
2866,24.712964,7.259,4.557,1.755,0.736,0.211
2867,24.721451,7.253,4.546,1.67,0.731,0.306
2868,24.729622,7.467,4.529,1.659,1.039,0.24
2869,24.738121,7.586,4.561,1.729,1.105,0.191
2870,24.74604,8.039,4.495,1.208,2.111,0.225
2871,24.755356,8.574,4.582,2.374,1.224,0.394
2872,24.76521,8.335,4.63,2.083,1.365,0.257
2873,24.774192,8.569,4.472,1.692,1.276,1.129
2874,24.781999,8.756,4.556,2.434,1.283,0.483
2875,24.790127,9.011,4.556,1.803,2.149,0.503
2876,24.798756,8.694,4.603,1.867,1.744,0.48
2877,24.806692,9.095,4.569,1.675,2.387,0.464
2878,24.815191,8.913,4.54,1.632,2.298,0.443
2879,24.826319,8.392,4.623,1.633,1.238,0.898
2880,24.836441,8.699,4.642,1.656,1.566,0.835
2881,24.844673,8.794,4.552,1.068,2.34,0.834
2882,24.852477,8.823,4.6,1.739,2.148,0.336
2883,24.861036,8.717,4.607,1.653,2.001,0.456
2884,24.869473,8.867,4.636,1.697,1.829,0.705
2885,24.877914,8.751,4.631,1.663,1.76,0.697
2886,24.885948,8.835,4.599,1.199,2.553,0.484
2887,24.894814,8.276,4.576,1.666,1.578,0.456
2888,24.90271,8.634,4.578,1.646,2.033,0.377
2889,24.911534,8.177,4.61,1.661,1.495,0.411
2890,24.91959,8.778,4.59,1.031,2.422,0.735
2891,24.927638,8.706,4.597,1.645,2.084,0.38
2892,24.936396,8.734,4.524,1.101,2.28,0.829
2893,24.944885,8.555,4.483,1.712,1.554,0.806
2894,24.952829,8.481,4.493,1.691,1.949,0.348
2895,24.963449,7.906,4.641,1.702,1.139,0.424
2896,24.971506,8.405,4.521,1.697,1.541,0.646
2897,24.980198,8.115,4.476,1.721,1.202,0.716
2898,24.989302,7.767,4.528,1.181,1.141,0.917
2899,24.996354,8.498,4.535,1.688,1.899,0.376
2900,25.005803,8.316,4.496,1.789,1.267,0.764
2901,25.015304,8.15,4.521,1.642,1.24,0.747
2902,25.02369,8.051,4.519,1.706,1.158,0.668
2903,25.032255,7.99,4.538,1.681,1.136,0.635
2904,25.040255,8.394,4.522,1.762,1.401,0.709
2905,25.048671,8.28,4.53,1.909,1.157,0.684
2906,25.057002,8.027,4.544,1.725,1.333,0.425
2907,25.065025,8.547,4.557,1.669,1.686,0.635
2908,25.073437,8.188,4.536,1.719,1.583,0.35
2909,25.084569,7.786,4.587,1.119,1.261,0.819
2910,25.094561,8.32,4.619,1.683,1.245,0.773
2911,25.102462,8.341,4.619,1.73,1.629,0.363
2912,25.111111,8.487,4.622,1.669,1.485,0.711
2913,25.119645,8.563,4.583,1.7,1.544,0.736
2914,25.127504,8.714,4.571,1.105,2.621,0.417
2915,25.136043,8.5,4.619,1.657,1.814,0.41
2916,25.144584,8.344,4.588,1.688,1.611,0.457
2917,25.152827,8.419,4.563,1.647,1.77,0.439
2918,25.161181,8.358,4.614,1.674,1.667,0.403
2919,25.169559,8.357,4.608,1.675,1.63,0.444
2920,25.178146,8.385,4.574,1.804,1.286,0.721
2921,25.186728,8.44,4.588,1.697,1.273,0.882
2922,25.194297,8.692,4.574,1.032,2.713,0.373
2923,25.203228,8.511,4.614,1.706,1.446,0.745
2924,25.213796,8.219,4.586,1.647,1.238,0.748
2925,25.221266,8.752,4.566,1.468,2.296,0.422
2926,25.230235,8.421,4.597,1.408,1.688,0.728
2927,25.238018,8.616,4.56,1.691,1.992,0.373
2928,25.246309,8.647,4.531,1.695,2.055,0.366
2929,25.25513,8.466,4.506,1.757,1.531,0.672
2930,25.263691,8.238,4.505,1.799,1.264,0.67
2931,25.273427,8.119,4.6,1.718,1.246,0.555
2932,25.282245,7.919,4.527,1.684,0.864,0.844
2933,25.290588,8.376,4.541,1.739,1.381,0.715
2934,25.299305,8.175,4.524,1.657,1.179,0.815
2935,25.306653,8.729,4.492,1.118,2.738,0.381
2936,25.315372,8.325,4.523,1.725,1.712,0.365
2937,25.325644,8.082,4.571,1.674,1.162,0.675
2938,25.334307,8.221,4.524,1.644,1.254,0.799
2939,25.342349,8.358,4.518,1.678,1.518,0.644
2940,25.351063,8.044,4.552,1.758,1.018,0.716
2941,25.359569,8.178,4.538,1.769,1.395,0.476
2942,25.367773,8.671,4.476,1.153,2.199,0.843
2943,25.375593,8.67,4.521,1.761,2.058,0.33
2944,25.384138,8.611,4.508,1.075,2.561,0.467
2945,25.39502,8.588,4.601,1.667,1.531,0.789
2946,25.403168,8.772,4.605,1.732,1.648,0.787
2947,25.411225,8.633,4.686,1.671,1.902,0.374
2948,25.419661,8.836,4.584,1.675,1.9,0.677
2949,25.427871,8.671,4.622,1.694,1.959,0.396
2950,25.435977,8.984,4.59,1.646,2.27,0.478
2951,25.444843,8.707,4.624,1.701,1.657,0.725
2952,25.454532,8.246,4.604,1.695,1.509,0.438
2953,25.463517,8.304,4.618,1.679,1.314,0.693
2954,25.47161,8.525,4.6,1.643,1.617,0.665
2955,25.480096,8.397,4.622,1.196,1.897,0.682
2956,25.489101,8.2,4.632,1.655,1.292,0.621
2957,25.49649,9.085,4.658,1.679,2.174,0.574
2958,25.505262,8.896,4.631,1.09,2.355,0.82
2959,25.514923,8.223,4.621,1.645,1.519,0.438
2960,25.524026,8.71,4.607,1.733,1.602,0.768
2961,25.531557,9.222,4.663,1.164,2.896,0.499
2962,25.540369,8.628,4.534,1.745,1.978,0.371
2963,25.548315,8.875,4.546,1.697,2.4,0.232
2964,25.556661,8.826,4.506,1.729,2.397,0.194
2965,25.56567,8.201,4.534,1.727,1.694,0.246
2966,25.575116,7.388,4.512,1.813,0.881,0.182
2967,25.581966,8.962,4.521,1.23,2.941,0.27
2968,25.591913,7.58,4.674,1.665,1.04,0.201
2969,25.6005,7.476,4.549,1.703,1.025,0.199
2970,25.608485,7.815,4.556,1.724,1.338,0.197
2971,25.617182,7.646,4.535,1.852,0.973,0.286
2972,25.625536,7.586,4.586,1.803,0.963,0.234
2973,25.633752,7.666,4.484,1.791,1.195,0.196
2974,25.64418,7.419,4.61,1.714,0.902,0.193
2975,25.652682,7.426,4.514,1.762,0.952,0.198
2976,25.660661,7.824,4.51,1.73,1.341,0.243
2977,25.669091,7.692,4.517,1.726,1.239,0.21
2978,25.678007,7.185,4.537,1.152,1.333,0.163
2979,25.685576,7.962,4.596,1.709,1.482,0.175
2980,25.694586,7.793,4.652,1.71,1.27,0.161
2981,25.705211,7.75,4.624,1.675,1.245,0.206
2982,25.714816,7.759,4.609,1.714,1.23,0.206
2983,25.723071,7.777,4.643,1.653,1.339,0.142
2984,25.731321,7.888,4.644,1.639,1.442,0.163
2985,25.739694,7.864,4.592,1.725,1.366,0.181
2986,25.748078,7.779,4.694,1.676,1.26,0.149
2987,25.756289,7.913,4.63,1.673,1.454,0.156
2988,25.764776,7.844,4.654,1.672,1.301,0.217
2989,25.773008,8.033,4.626,1.707,1.512,0.188
2990,25.781229,8.146,4.651,1.698,1.614,0.183
2991,25.789991,7.859,4.673,1.656,1.341,0.189
2992,25.79862,7.624,4.589,1.651,1.223,0.161
2993,25.806403,8.217,4.601,1.735,1.677,0.204
2994,25.815588,7.73,4.611,1.706,1.206,0.207
2995,25.825612,7.265,4.594,1.149,1.339,0.183
2996,25.833711,7.481,4.502,1.665,1.151,0.163
2997,25.841912,7.637,4.518,1.689,1.245,0.185
2998,25.850516,7.443,4.549,1.702,0.972,0.22
2999,25.858317,7.944,4.533,1.7,1.522,0.189
3000,25.867003,7.602,4.558,1.675,1.171,0.198
3001,25.875503,7.413,4.534,1.716,0.982,0.181
3002,25.884038,7.646,4.583,1.893,0.972,0.198
3003,25.8941,7.553,4.651,1.778,0.932,0.192
3004,25.902678,8.439,4.553,2.44,1.196,0.25
3005,25.911063,8.608,4.561,1.973,1.617,0.457
3006,25.919276,8.528,4.546,2.166,1.547,0.269
3007,25.927946,8.153,4.61,2.199,1.105,0.239
3008,25.935959,8.489,4.573,1.982,1.701,0.233
3009,25.94428,8.597,4.515,2.098,1.644,0.34
3010,25.952612,8.509,4.564,1.852,1.854,0.239
3011,25.962657,7.804,4.621,2.094,0.898,0.191
3012,25.971862,8.094,4.538,2.174,1.031,0.351
3013,25.979457,8.768,4.557,2.083,1.841,0.287
3014,25.987836,8.637,4.514,2.02,1.902,0.201
3015,25.996102,8.715,4.622,2.189,1.686,0.218
3016,26.004368,8.788,4.669,1.993,1.901,0.225
3017,26.013147,8.495,4.666,1.95,1.688,0.191
3018,26.023127,8.551,4.643,2.158,1.521,0.229
3019,26.031587,8.387,4.622,2.086,1.485,0.194
3020,26.040133,8.537,4.689,2.056,1.61,0.182
3021,26.048569,8.706,4.622,2.067,1.822,0.195
3022,26.056781,8.82,4.607,1.997,2.031,0.185
3023,26.065284,8.713,4.573,2.047,1.85,0.243
3024,26.075681,8.384,4.642,2.166,1.356,0.22
3025,26.083601,8.776,4.573,2.041,1.955,0.207
3026,26.091737,8.951,4.59,2.166,2.017,0.178
3027,26.100326,8.716,4.591,1.926,2.013,0.186
3028,26.10878,8.611,4.542,2.051,1.803,0.215
3029,26.117097,8.765,4.543,1.967,1.914,0.341
3030,26.125673,8.462,4.605,1.322,2.266,0.269
3031,26.133668,8.716,4.581,2.468,1.456,0.211
3032,26.142642,8.092,4.539,2.201,1.127,0.225
3033,26.152735,7.928,4.615,2.052,1.074,0.187
3034,26.162636,7.537,4.699,1.791,0.883,0.164
3035,26.170842,7.664,4.515,1.688,1.312,0.149
3036,26.179313,7.533,4.507,1.67,1.197,0.159
3037,26.187812,7.484,4.512,1.701,1.075,0.196
3038,26.196065,7.487,4.568,1.701,1.095,0.123
3039,26.204978,7.398,4.566,1.677,1.0,0.155
3040,26.212724,7.976,4.506,1.693,1.619,0.158
3041,26.221197,7.858,4.567,1.677,1.436,0.178
3042,26.229669,7.708,4.515,1.694,1.338,0.161
3043,26.237776,7.931,4.523,1.684,1.565,0.159
3044,26.245997,8.026,4.56,1.687,1.631,0.148
3045,26.254447,7.935,4.53,1.739,1.499,0.167
3046,26.262957,7.749,4.561,1.796,1.226,0.166
3047,26.271677,7.378,4.498,1.129,1.575,0.176
3048,26.281759,7.736,4.686,1.656,1.25,0.144
3049,26.289892,7.947,4.626,1.641,1.525,0.155
3050,26.298291,7.898,4.634,1.668,1.428,0.168
3051,26.306316,8.198,4.627,1.662,1.753,0.156
3052,26.315062,7.857,4.66,1.698,1.322,0.177
3053,26.325455,7.811,4.67,1.71,1.253,0.178
3054,26.333608,7.994,4.616,1.674,1.527,0.177
3055,26.341929,8.006,4.652,1.67,1.505,0.179
3056,26.350558,7.717,4.628,1.692,1.211,0.186
3057,26.358475,8.108,4.639,1.711,1.6,0.158
3058,26.367242,7.84,4.641,1.685,1.34,0.174
3059,26.37531,8.092,4.652,1.656,1.623,0.161
3060,26.383923,7.821,4.661,1.701,1.283,0.176
3061,26.392683,7.58,4.591,1.707,1.087,0.195
3062,26.402497,7.667,4.613,1.665,1.228,0.161
3063,26.412896,7.839,4.667,1.64,1.353,0.179
3064,26.42087,8.197,4.562,1.253,2.205,0.177
3065,26.429363,8.041,4.737,1.776,1.35,0.178
3066,26.437771,7.953,4.507,1.638,1.642,0.166
3067,26.445977,8.404,4.625,2.431,1.145,0.203
3068,26.455083,7.865,4.554,2.083,1.061,0.167
3069,26.462742,8.553,4.511,2.079,1.78,0.183
3070,26.471234,8.382,4.515,2.008,1.686,0.173
3071,26.479525,8.47,4.567,2.058,1.614,0.231
3072,26.488111,8.195,4.563,2.034,1.395,0.203
3073,26.49602,8.634,4.551,2.254,1.596,0.233
3074,26.50468,8.317,4.524,2.076,1.484,0.233
3075,26.515082,8.192,4.666,2.307,0.996,0.223
3076,26.523172,8.419,4.555,1.685,1.986,0.193
3077,26.531736,8.199,4.534,2.199,1.24,0.226
3078,26.539833,8.428,4.538,2.113,1.587,0.19
3079,26.548843,7.79,4.53,2.015,1.017,0.228
3080,26.556541,8.425,4.551,1.908,1.743,0.223
3081,26.565094,8.389,4.606,2.374,1.186,0.223
3082,26.575515,8.015,4.66,2.099,1.031,0.225
3083,26.583588,8.235,4.524,1.826,1.715,0.17
3084,26.592046,8.253,4.726,2.081,1.206,0.24
3085,26.600208,8.41,4.596,1.972,1.622,0.22
3086,26.608606,8.351,4.614,1.874,1.639,0.224
3087,26.617204,8.086,4.636,1.977,1.253,0.22
3088,26.625232,8.393,4.631,1.946,1.591,0.225
3089,26.633779,8.166,4.609,2.002,1.346,0.209
3090,26.643925,7.932,4.654,1.939,1.124,0.215
3091,26.654079,8.308,4.641,2.049,1.404,0.214
3092,26.662819,8.17,4.681,1.991,1.29,0.208
3093,26.671077,8.38,4.655,2.053,1.347,0.325
3094,26.679456,8.245,4.664,1.952,1.394,0.235
3095,26.687757,8.252,4.603,1.963,1.472,0.214
3096,26.69601,8.32,4.653,1.901,1.575,0.191
3097,26.705386,8.166,4.658,2.067,1.083,0.358
3098,26.712814,8.942,4.898,1.497,2.322,0.225
3099,26.721297,8.762,4.626,1.998,1.935,0.203
3100,26.729336,9.052,4.586,1.906,2.369,0.191
3101,26.737964,8.782,4.564,2.109,1.89,0.219
3102,26.746387,8.682,4.547,1.92,2.008,0.207
3103,26.754601,8.807,4.523,1.97,2.093,0.221
3104,26.762954,8.76,4.554,1.961,2.058,0.187
3105,26.773694,7.663,4.611,1.87,0.928,0.254
3106,26.781473,8.185,4.567,2.007,1.382,0.229
3107,26.790049,7.895,4.555,1.956,1.214,0.17
3108,26.798434,7.916,4.553,2.157,0.99,0.216
3109,26.806449,8.237,4.522,1.869,1.64,0.206
3110,26.815129,8.022,4.553,2.095,1.111,0.263
3111,26.823594,7.871,4.552,2.005,1.071,0.243
3112,26.83354,7.896,4.662,1.985,1.056,0.193
3113,26.842061,7.829,4.535,2.108,0.965,0.221
3114,26.850605,7.643,4.547,1.979,0.876,0.241
3115,26.858462,8.092,4.522,1.894,1.467,0.209
3116,26.867277,7.701,4.512,1.943,1.057,0.189
3117,26.875333,8.01,4.562,1.961,1.265,0.222
3118,26.883669,7.982,4.515,1.928,1.338,0.201
3119,26.892699,7.788,4.638,1.844,1.128,0.178
3120,26.902226,8.028,4.658,1.915,1.249,0.206
3121,26.9107,8.373,4.624,1.938,1.587,0.224
3122,26.919291,8.231,4.618,2.062,1.342,0.209
3123,26.927433,8.412,4.649,1.983,1.585,0.195
3124,26.935711,8.448,4.619,1.942,1.712,0.175
3125,26.943927,8.61,4.516,1.865,2.012,0.217
3126,26.952358,8.503,4.634,1.94,1.726,0.203
3127,26.962955,8.086,4.669,1.924,1.27,0.223
3128,26.971461,7.895,4.617,1.877,1.202,0.199
3129,26.979539,8.148,4.619,1.982,1.344,0.203
3130,26.987859,8.182,4.662,1.848,1.451,0.221
3131,26.996131,8.277,4.651,2.026,1.35,0.25
3132,27.004578,8.135,4.626,1.904,1.377,0.228
3133,27.015053,8.131,4.609,1.961,1.353,0.208
3134,27.023477,8.051,4.645,1.893,1.295,0.218
3135,27.031538,8.318,4.574,1.819,1.726,0.199
3136,27.0402,8.013,4.553,1.93,1.302,0.228
3137,27.048769,7.764,4.512,1.964,1.076,0.212
3138,27.056948,7.911,4.549,1.955,1.203,0.204
3139,27.064878,8.307,4.523,1.882,1.697,0.205
3140,27.073222,8.344,4.54,1.885,1.675,0.244
3141,27.081795,8.053,4.518,2.021,1.312,0.202
3142,27.091935,8.077,4.635,2.03,0.994,0.418
3143,27.10045,7.741,4.58,1.999,0.879,0.283
3144,27.110884,7.769,4.65,1.945,0.968,0.206
3145,27.119104,8.066,4.533,1.928,1.241,0.364
3146,27.127379,8.029,4.551,2.072,1.145,0.261
3147,27.13563,8.057,4.509,1.739,1.611,0.198
3148,27.144358,7.73,4.534,1.748,1.251,0.197
3149,27.152363,8.065,4.537,1.72,1.608,0.2
3150,27.160769,8.13,4.538,2.256,1.059,0.277
3151,27.169156,8.245,4.559,2.167,1.234,0.285
3152,27.177409,8.26,4.58,1.949,1.524,0.207
3153,27.185657,8.332,4.588,1.745,1.818,0.181
3154,27.19414,8.436,4.652,2.322,1.148,0.314
3155,27.205058,8.44,4.648,2.091,1.458,0.243
3156,27.212962,8.902,4.666,1.344,2.621,0.271
3157,27.221339,8.923,4.571,1.481,2.537,0.334
3158,27.22928,9.281,4.572,1.985,2.412,0.312
3159,27.238171,8.658,4.554,2.174,1.682,0.248
3160,27.246313,8.813,4.613,1.898,2.104,0.198
3161,27.254464,9.001,4.653,1.969,2.171,0.208
3162,27.264612,7.865,4.592,1.904,1.147,0.222
3163,27.273231,7.918,4.593,1.904,1.208,0.213
3164,27.281336,8.169,4.661,1.862,1.41,0.236
3165,27.289976,7.827,4.66,1.43,1.537,0.2
3166,27.298934,7.476,4.661,1.421,1.208,0.186
3167,27.306361,8.375,4.625,1.42,2.142,0.188
3168,27.315239,8.042,4.581,1.289,1.795,0.377
3169,27.323393,8.223,4.625,1.244,1.981,0.373
3170,27.334126,7.88,4.648,1.795,1.037,0.4
3171,27.344218,7.709,4.612,1.746,1.059,0.292
3172,27.352367,8.081,4.627,1.89,1.292,0.272
3173,27.360494,8.221,4.615,1.503,1.877,0.226
3174,27.368837,8.423,4.656,2.062,1.511,0.194
3175,27.377272,8.529,4.646,1.996,1.648,0.239
3176,27.385627,8.496,4.626,1.967,1.67,0.233
3177,27.39441,7.999,4.654,1.894,1.253,0.198
3178,27.402347,8.41,4.595,1.883,1.732,0.2
3179,27.410925,8.221,4.661,1.877,1.413,0.27
3180,27.418952,8.508,4.642,1.268,2.36,0.238
3181,27.427718,8.137,4.634,1.344,1.859,0.3
3182,27.435709,8.562,4.67,1.522,1.99,0.38
3183,27.444276,8.199,4.589,1.338,2.015,0.257
3184,27.455276,7.858,4.581,1.712,1.287,0.278
3185,27.462928,8.543,4.582,1.623,2.064,0.274
3186,27.471352,8.445,4.65,1.412,2.116,0.267
3187,27.479602,8.515,4.594,1.496,2.158,0.267
3188,27.487824,8.621,4.513,1.485,2.359,0.264
3189,27.496377,8.437,4.557,1.447,2.13,0.303
3190,27.504504,8.664,4.528,1.54,2.26,0.336
3191,27.513148,8.307,4.525,1.487,2.018,0.277
3192,27.523394,7.018,4.596,1.286,0.902,0.234
3193,27.532145,6.864,4.499,1.32,0.819,0.226
3194,27.540034,7.398,4.546,1.282,1.267,0.303
3195,27.548822,7.688,4.538,1.805,1.131,0.214
3196,27.556847,8.017,4.48,1.741,1.569,0.227
3197,27.564827,8.339,4.554,1.7,1.896,0.189
3198,27.573348,8.169,4.522,1.713,1.728,0.206
3199,27.5819,7.947,4.56,1.721,1.46,0.206
3200,27.591884,7.337,4.652,1.682,0.787,0.216
3201,27.602418,7.828,4.673,1.751,1.217,0.187
3202,27.610877,7.681,4.507,1.692,1.311,0.171
3203,27.618865,8.029,4.553,1.698,1.611,0.167
3204,27.627458,7.803,4.568,1.652,1.386,0.197
3205,27.63578,8.202,4.52,1.739,1.592,0.351
3206,27.644054,8.213,4.65,1.742,1.524,0.297
3207,27.652457,8.618,4.691,2.429,1.214,0.284
3208,27.660968,8.427,4.666,2.096,1.432,0.233
3209,27.670013,8.609,4.636,1.578,1.272,1.123
3210,27.677861,8.914,4.622,2.227,1.576,0.489
3211,27.68628,9.189,4.509,1.58,2.248,0.852
3212,27.694575,9.194,4.673,2.319,1.723,0.479
3213,27.705522,9.199,4.615,2.178,1.486,0.92
3214,27.713483,9.591,4.545,1.373,2.744,0.929
3215,27.721574,9.381,4.595,2.297,1.964,0.525
3216,27.729876,9.72,4.563,1.271,3.111,0.775
3217,27.738298,9.254,4.587,1.723,2.555,0.389
3218,27.746617,9.635,4.583,1.084,3.214,0.754
3219,27.754586,9.603,4.544,1.077,3.621,0.361
3220,27.763575,9.382,4.606,1.769,2.265,0.742
3221,27.773355,8.174,4.643,1.858,1.275,0.398
3222,27.782189,8.259,4.626,1.74,1.107,0.786
3223,27.790728,8.949,4.5,2.476,1.152,0.821
3224,27.798956,9.09,4.611,1.442,2.201,0.836
3225,27.806692,9.243,4.496,2.146,2.191,0.41
3226,27.815592,8.792,4.523,2.132,1.628,0.509
3227,27.823802,8.827,4.481,1.353,2.575,0.418
3228,27.833721,8.515,4.582,2.255,1.198,0.48
3229,27.84265,8.839,4.512,2.248,1.204,0.875
3230,27.850883,8.575,4.525,2.257,1.274,0.519
3231,27.858761,9.06,4.512,2.178,1.804,0.566
3232,27.867104,8.734,4.546,1.789,2.19,0.209
3233,27.875342,8.851,4.574,2.262,1.752,0.263
3234,27.883671,8.81,4.473,1.886,2.247,0.204
3235,27.892107,8.703,4.631,1.908,1.982,0.182
3236,27.90269,7.71,4.625,1.84,1.037,0.208
3237,27.910486,8.231,4.516,1.683,1.847,0.185
3238,27.918913,8.142,4.52,1.721,1.703,0.198
3239,27.927561,7.793,4.645,1.786,1.203,0.159
3240,27.935604,8.091,4.478,1.689,1.765,0.159
3241,27.944142,7.911,4.623,1.76,1.341,0.187
3242,27.954698,7.58,4.594,1.741,1.038,0.207
3243,27.962541,8.033,4.579,1.726,1.572,0.156
3244,27.971518,7.89,4.625,1.677,1.412,0.176
3245,27.979606,8.139,4.605,1.126,2.222,0.186
3246,27.98802,8.073,4.646,1.752,1.481,0.194
3247,27.996104,8.321,4.625,1.743,1.759,0.194
3248,28.004483,8.31,4.631,1.737,1.708,0.234
3249,28.012991,8.094,4.614,1.672,1.611,0.197
3250,28.021315,8.116,4.644,1.753,1.517,0.202
3251,28.031458,7.792,4.635,1.677,1.273,0.207
3252,28.039955,7.961,4.638,1.72,1.373,0.23
3253,28.048646,7.931,4.601,1.733,1.378,0.219
3254,28.056442,8.458,4.643,1.736,1.877,0.202
3255,28.064982,8.253,4.631,1.701,1.719,0.202
3256,28.073314,8.297,4.624,1.72,1.708,0.245
3257,28.081893,8.023,4.636,1.748,1.413,0.226
3258,28.091797,7.271,4.624,1.69,0.742,0.215
3259,28.100858,7.213,4.521,1.684,0.836,0.172
3260,28.109063,7.429,4.535,1.718,0.912,0.264
3261,28.116967,7.773,4.511,1.817,1.264,0.181
3262,28.125925,7.53,4.573,1.931,0.838,0.188
3263,28.133756,8.022,4.496,1.768,1.586,0.172
3264,28.144251,8.704,4.633,2.456,1.351,0.264
3265,28.152426,8.945,4.559,1.456,2.587,0.343
3266,28.160503,9.094,4.579,2.258,1.998,0.259
3267,28.168901,9.062,4.552,1.993,2.245,0.272
3268,28.177574,8.676,4.579,2.247,1.63,0.22
3269,28.185445,9.13,4.558,1.412,2.976,0.184
3270,28.194025,8.878,4.537,1.941,2.209,0.191
3271,28.20465,7.303,4.566,1.488,1.0,0.249
3272,28.214644,7.98,4.599,2.124,1.039,0.218
3273,28.223201,8.09,4.546,2.052,1.102,0.39
3274,28.231423,8.222,4.567,2.067,1.286,0.302
3275,28.239707,8.155,4.492,1.978,1.503,0.182
3276,28.248049,8.19,4.649,2.01,1.305,0.226
3277,28.256462,8.101,4.634,1.971,1.275,0.221
3278,28.264738,8.122,4.569,1.779,1.596,0.178
3279,28.273211,8.044,4.632,1.84,1.346,0.226
3280,28.282266,8.078,4.636,1.879,1.324,0.239
3281,28.289928,8.883,4.649,1.757,2.113,0.364
3282,28.298662,8.497,4.667,1.849,1.596,0.385
3283,28.306762,8.599,4.635,1.88,1.823,0.261
3284,28.3146,9.065,4.614,1.813,2.413,0.225
3285,28.323125,8.858,4.648,1.887,2.117,0.206
3286,28.331785,8.55,4.612,1.836,1.869,0.233
3287,28.342127,8.072,4.618,1.902,1.332,0.22
3288,28.350284,8.233,4.615,1.482,1.934,0.202
3289,28.3588,8.161,4.616,1.838,1.484,0.223
3290,28.366871,8.403,4.638,1.832,1.727,0.206
3291,28.375623,8.002,4.669,1.855,1.282,0.196
3292,28.384764,7.56,4.612,1.915,0.856,0.177
3293,28.394348,7.643,4.524,2.009,0.919,0.191
3294,28.402286,8.083,4.527,1.971,1.336,0.249
3295,28.410882,7.796,4.508,1.918,1.155,0.215
3296,28.418836,8.178,4.533,1.953,1.457,0.235
3297,28.427571,7.833,4.543,2.098,0.906,0.286
3298,28.435351,8.323,4.541,1.788,1.784,0.21
3299,28.444021,7.984,4.53,2.088,1.175,0.191
3300,28.454279,7.825,4.608,1.71,1.258,0.249
3301,28.462702,7.682,4.507,1.708,1.273,0.194
3302,28.47121,7.509,4.528,1.685,1.095,0.201
3303,28.479789,7.521,4.511,1.853,0.95,0.207
3304,28.488264,7.439,4.534,1.773,0.923,0.209
3305,28.49596,8.089,4.581,1.852,1.392,0.264
3306,28.504562,7.762,4.513,1.548,1.502,0.199
3307,28.512747,8.111,4.535,2.132,1.244,0.2
3308,28.523423,7.932,4.641,1.947,1.168,0.176
3309,28.532025,8.13,4.577,2.203,1.091,0.259
3310,28.54006,8.428,4.653,2.053,1.461,0.261
3311,28.548513,8.852,4.623,2.079,1.621,0.529
3312,28.556588,8.833,4.519,1.849,2.245,0.22
3313,28.565143,8.617,4.626,1.776,1.988,0.227
3314,28.573194,8.898,4.622,1.715,2.343,0.218
3315,28.583664,7.755,4.595,1.685,1.266,0.209
3316,28.592054,7.643,4.628,1.73,1.13,0.155
3317,28.600147,7.929,4.634,1.683,1.416,0.196
3318,28.608612,7.79,4.584,1.716,1.301,0.189
3319,28.617094,7.648,4.639,1.673,1.136,0.2
3320,28.625519,7.735,4.594,1.777,1.211,0.153
3321,28.633765,7.859,4.615,1.713,1.34,0.191
3322,28.643859,7.632,4.627,1.588,1.252,0.165
3323,28.652399,7.596,4.574,1.733,1.147,0.142
3324,28.660954,7.766,4.612,1.644,1.316,0.194
3325,28.668837,8.834,4.645,2.409,1.57,0.21
3326,28.678419,9.545,4.642,2.254,1.497,1.152
3327,28.686126,9.878,4.722,1.997,2.319,0.84
3328,28.694757,9.592,4.5,2.193,2.016,0.883
3329,28.704379,8.216,4.627,2.181,0.892,0.516
3330,28.712877,7.95,4.461,2.012,1.075,0.402
3331,28.721558,8.069,4.536,2.086,0.966,0.481
3332,28.729621,8.467,4.489,1.984,1.461,0.533
3333,28.738211,8.275,4.547,2.195,1.016,0.517
3334,28.746138,8.546,4.524,1.813,1.842,0.367
3335,28.754598,8.345,4.514,1.88,1.659,0.292
3336,28.762963,8.248,4.574,2.086,1.365,0.223
3337,28.773063,8.143,4.656,1.954,1.288,0.245
3338,28.781876,8.197,4.58,2.203,1.178,0.236
3339,28.790101,8.311,4.535,2.149,1.388,0.239
3340,28.798116,8.602,4.527,1.682,2.182,0.211
3341,28.806532,8.517,4.525,1.931,1.856,0.205
3342,28.814652,8.72,4.515,1.939,2.111,0.155
3343,28.823323,8.409,4.571,2.283,1.339,0.216
3344,28.831788,8.268,4.517,1.963,1.604,0.184
3345,28.841563,7.828,4.605,1.917,1.111,0.195
3346,28.850213,8.033,4.624,1.897,1.336,0.176
3347,28.858724,7.937,4.606,1.813,1.279,0.239
3348,28.866943,8.291,4.662,1.856,1.544,0.229
3349,28.875738,7.859,4.599,1.834,1.212,0.214
3350,28.885978,7.654,4.666,1.827,0.953,0.208
3351,28.893916,8.158,4.717,2.162,1.066,0.213
3352,28.902544,7.925,4.605,1.915,1.185,0.22
3353,28.910563,8.22,4.596,1.918,1.538,0.168
3354,28.918921,8.192,4.639,1.792,1.6,0.161
3355,28.927199,8.285,4.653,2.122,1.275,0.235
3356,28.935529,8.251,4.57,1.819,1.671,0.191
3357,28.944191,7.922,4.608,1.61,1.519,0.185
3358,28.954179,7.891,4.62,1.914,1.156,0.201
3359,28.962689,7.866,4.594,1.772,1.282,0.218
3360,28.971177,7.759,4.613,1.836,1.119,0.191
3361,28.979255,8.073,4.592,1.85,1.38,0.251
3362,28.987893,8.055,4.681,1.817,1.344,0.213
3363,28.995922,8.343,4.671,1.875,1.609,0.188
3364,29.004626,8.055,4.605,1.94,1.203,0.307
3365,29.014868,7.63,4.634,1.864,0.923,0.209
3366,29.023097,8.047,4.627,1.916,1.269,0.235
3367,29.031844,8.057,4.642,1.846,1.344,0.225
3368,29.039944,8.345,4.662,2.086,1.395,0.202
3369,29.048437,8.295,4.718,1.901,1.354,0.322
3370,29.056773,8.175,4.598,1.848,1.512,0.217
3371,29.064861,8.426,4.686,1.992,1.56,0.188
3372,29.073302,8.363,4.654,1.818,1.67,0.221
3373,29.081821,8.201,4.655,1.754,1.541,0.251
3374,29.092174,7.839,4.632,1.707,1.273,0.227
3375,29.10028,8.034,4.653,1.744,1.446,0.191
3376,29.108553,8.102,4.641,1.719,1.542,0.2
3377,29.117076,7.932,4.637,1.665,1.416,0.214
3378,29.125992,7.796,4.656,1.679,1.237,0.224
3379,29.133733,8.351,4.615,1.76,1.781,0.195
3380,29.144337,7.252,4.629,1.689,0.733,0.201
3381,29.152253,7.662,4.548,1.824,1.097,0.193
3382,29.160782,7.458,4.498,1.708,1.065,0.187
3383,29.168797,7.778,4.541,1.69,1.362,0.185
3384,29.177555,7.334,4.548,1.724,0.894,0.168
3385,29.185357,7.902,4.527,1.732,1.44,0.203
3386,29.194132,7.511,4.541,1.744,0.968,0.258
3387,29.204283,7.219,4.601,1.685,0.719,0.214
3388,29.212808,7.121,4.495,1.718,0.719,0.189
3389,29.221029,7.21,4.538,1.648,0.86,0.164
3390,29.229571,7.214,4.524,1.759,0.744,0.187
3391,29.237773,7.342,4.502,1.72,0.928,0.192
3392,29.246077,7.354,4.524,1.692,0.963,0.175
3393,29.254251,7.521,4.511,1.741,1.095,0.174
3394,29.262682,7.431,4.505,1.675,1.068,0.183
3395,29.273256,7.211,4.617,1.66,0.77,0.164
3396,29.281898,7.822,4.525,1.659,1.426,0.212
3397,29.289815,8.21,4.634,1.691,1.706,0.179
3398,29.298264,8.093,4.627,1.64,1.646,0.18
3399,29.306462,8.244,4.617,1.714,1.716,0.197
3400,29.315148,7.918,4.623,1.679,1.395,0.221
3401,29.323413,7.937,4.624,1.714,1.427,0.172
3402,29.3335,7.825,4.604,1.703,1.326,0.192
3403,29.342766,7.684,4.629,1.668,1.167,0.22
3404,29.350118,8.611,4.615,1.668,2.165,0.163
3405,29.35882,8.286,4.609,1.643,1.824,0.21
3406,29.367236,8.615,4.572,1.642,1.791,0.61
3407,29.37581,8.4,4.613,1.631,1.513,0.643
3408,29.383767,8.519,4.611,1.643,1.88,0.385
3409,29.392382,8.324,4.583,1.068,2.207,0.466
3410,29.402723,7.938,4.572,1.616,1.322,0.428
3411,29.410808,8.371,4.594,1.667,1.496,0.614
3412,29.419233,8.042,4.581,1.624,1.465,0.372
3413,29.427769,8.047,4.592,1.638,1.227,0.59
3414,29.435813,8.06,4.578,1.681,1.489,0.312
3415,29.444288,7.984,4.52,1.656,1.437,0.371
3416,29.45484,7.5,4.596,1.648,0.669,0.587
3417,29.463368,7.584,4.546,1.714,0.768,0.556
3418,29.471342,7.937,4.514,1.669,1.204,0.55
3419,29.479955,7.743,4.507,1.73,0.866,0.64
3420,29.488254,8.137,4.527,1.706,1.309,0.595
3421,29.496577,8.408,4.522,1.125,1.912,0.849
3422,29.504887,7.953,4.538,1.638,1.394,0.383
3423,29.515838,7.457,4.617,1.679,0.665,0.496
3424,29.523433,8.12,4.54,1.714,1.445,0.421
3425,29.531825,7.9,4.571,1.837,1.205,0.287
3426,29.53969,8.278,4.493,1.194,2.407,0.184
3427,29.54819,8.148,4.524,1.845,1.561,0.218
3428,29.556774,7.869,4.492,1.727,1.448,0.202
3429,29.564909,8.061,4.534,1.718,1.621,0.188
3430,29.573159,8.183,4.544,1.723,1.699,0.217
3431,29.581725,7.924,4.496,1.669,1.569,0.19
3432,29.592471,7.663,4.604,1.744,1.133,0.182
3433,29.602249,7.681,4.636,1.637,1.233,0.175
3434,29.610537,7.767,4.584,1.72,1.266,0.197
3435,29.619142,7.788,4.652,1.752,1.151,0.233
3436,29.627212,8.389,4.672,2.356,1.08,0.281
3437,29.635671,8.201,4.645,2.112,1.245,0.199
3438,29.643848,8.335,4.679,1.985,1.489,0.182
3439,29.652064,8.486,4.642,1.96,1.677,0.207
3440,29.660749,8.221,4.648,1.93,1.424,0.219
3441,29.66906,8.25,4.637,2.003,1.396,0.214
3442,29.67748,8.184,4.626,1.91,1.411,0.237
3443,29.685779,8.174,4.642,1.686,1.645,0.201
3444,29.694224,8.221,4.6,1.988,1.426,0.207
3445,29.704739,8.224,4.637,1.895,1.471,0.221
3446,29.712764,8.528,4.647,1.867,1.791,0.223
3447,29.721645,8.0,4.613,1.862,1.324,0.201
3448,29.729154,8.826,4.534,2.108,1.977,0.207
3449,29.738173,8.177,4.614,2.012,1.304,0.247
3450,29.746868,9.199,4.622,2.272,1.293,1.012
3451,29.754523,9.26,4.929,1.974,1.971,0.386
3452,29.763332,8.635,4.724,1.931,1.731,0.249
3453,29.773015,7.763,4.659,1.909,1.001,0.194
3454,29.781553,7.98,4.612,1.987,1.172,0.209
3455,29.790293,8.202,4.637,1.983,1.235,0.347
3456,29.798261,8.451,4.622,2.024,1.571,0.234
3457,29.806664,8.351,4.612,1.992,1.54,0.207
3458,29.81473,8.604,4.708,1.961,1.749,0.186
3459,29.82315,8.584,4.635,1.903,1.798,0.248
3460,29.831728,8.56,4.642,2.191,1.52,0.207
3461,29.842272,8.39,4.588,2.04,1.487,0.275
3462,29.850334,8.629,4.652,1.941,1.803,0.233
3463,29.859863,9.285,4.583,2.164,1.4,1.138
3464,29.867671,9.614,4.76,2.178,1.727,0.949
3465,29.875985,9.53,4.657,2.246,1.782,0.845
3466,29.884548,9.405,4.541,1.623,2.307,0.934
3467,29.894344,8.058,4.632,2.002,0.965,0.459
3468,29.903067,8.222,4.547,2.275,0.977,0.423
3469,29.911396,8.585,4.519,1.546,1.759,0.761
3470,29.919777,8.262,4.492,2.148,1.122,0.5
3471,29.927853,8.453,4.53,2.138,1.348,0.437
3472,29.936318,8.842,4.513,1.605,1.789,0.935
3473,29.944384,8.562,4.655,2.175,1.321,0.411
3474,29.954873,8.163,4.608,2.184,0.88,0.491
3475,29.962864,8.462,4.559,1.854,1.605,0.444
3476,29.97138,8.092,4.546,1.88,1.415,0.251
3477,29.979171,8.608,4.507,2.082,1.782,0.237
3478,29.987935,8.136,4.57,2.246,1.125,0.195
3479,29.995976,8.471,4.536,1.886,1.816,0.233
3480,30.004504,8.257,4.544,1.98,1.515,0.218
3481,30.013318,8.141,4.561,1.927,1.464,0.189
3482,30.022865,7.745,4.559,2.111,0.862,0.213
3483,30.031537,7.803,4.56,2.059,0.968,0.216
3484,30.039958,7.701,4.558,1.967,0.986,0.19
3485,30.04816,7.883,4.606,1.93,1.111,0.236
3486,30.056171,8.21,4.639,1.971,1.36,0.24
3487,30.064971,7.817,4.631,1.905,1.075,0.206
3488,30.072877,8.256,4.638,1.965,1.456,0.197
3489,30.083534,8.587,4.645,2.183,1.552,0.207
3490,30.092114,8.35,4.639,2.072,1.433,0.206
3491,30.100072,8.741,4.657,2.071,1.766,0.247
3492,30.108678,8.482,4.586,2.092,1.551,0.253
3493,30.117259,8.2,4.611,1.92,1.474,0.195
3494,30.125324,8.512,4.637,2.004,1.601,0.27
3495,30.133841,8.296,4.634,1.557,1.888,0.217
3496,30.142204,8.241,4.618,2.044,1.392,0.187
3497,30.152298,7.705,4.65,1.852,0.996,0.207
3498,30.160857,7.839,4.683,1.96,0.975,0.221
3499,30.169396,8.019,4.654,1.852,1.296,0.217
3500,30.17752,8.221,4.608,2.016,1.398,0.199
3501,30.185888,8.185,4.679,1.97,1.319,0.217
3502,30.194264,8.17,4.545,1.979,1.403,0.243
3503,30.204295,7.638,4.621,1.921,0.845,0.251
3504,30.212744,7.775,4.535,1.931,1.121,0.188
3505,30.220889,7.972,4.543,1.756,1.479,0.194
3506,30.229756,7.467,4.503,1.722,1.021,0.221
3507,30.237824,7.681,4.562,1.696,1.257,0.166
3508,30.246584,7.492,4.514,1.693,1.111,0.174
3509,30.254296,8.14,4.508,1.725,1.705,0.202
3510,30.262856,8.174,4.59,2.455,0.903,0.226
3511,30.271453,7.894,4.539,1.889,1.273,0.193
3512,30.281598,6.829,4.628,1.329,0.662,0.21
3513,30.289543,7.575,4.553,1.876,0.967,0.179
3514,30.298206,7.921,4.565,2.164,0.985,0.207
3515,30.306161,8.284,4.529,1.798,1.776,0.181
3516,30.314912,7.904,4.561,1.998,1.114,0.231
3517,30.323464,7.678,4.572,1.826,1.065,0.215
3518,30.333902,8.294,4.662,2.164,1.239,0.229
3519,30.341741,8.762,4.489,1.94,2.142,0.191
3520,30.350266,8.603,4.555,2.006,1.818,0.224
3521,30.358639,8.584,4.617,1.947,1.776,0.244
3522,30.366983,8.584,4.652,2.032,1.641,0.259
3523,30.374971,8.869,4.634,2.006,2.028,0.201
3524,30.383402,8.779,4.71,2.196,1.651,0.222
3525,30.392199,8.366,4.635,1.512,1.965,0.254
3526,30.402821,8.417,4.667,2.148,1.378,0.224
3527,30.412465,8.342,4.635,2.049,1.449,0.209
3528,30.420908,8.234,4.633,1.976,1.427,0.198
3529,30.429216,8.276,4.608,1.55,1.911,0.207
3530,30.437607,8.174,4.598,2.072,1.325,0.179
3531,30.445785,8.336,4.658,1.966,1.532,0.18
3532,30.454264,8.202,4.644,1.891,1.479,0.188
3533,30.462968,8.005,4.659,1.887,1.103,0.356
3534,30.470972,8.188,4.648,1.929,1.397,0.214
3535,30.479638,7.907,4.629,2.038,0.993,0.247
3536,30.487571,8.255,4.52,1.591,1.964,0.18
3537,30.496438,7.734,4.583,2.075,0.872,0.204
3538,30.504457,8.019,4.526,2.002,1.309,0.182
3539,30.512909,8.073,4.551,2.102,1.079,0.341
3540,30.523264,7.985,4.647,2.118,0.958,0.262
3541,30.531774,7.866,4.503,2.166,1.003,0.194
3542,30.539644,8.356,4.568,2.274,1.281,0.233
3543,30.548238,8.143,4.854,1.633,1.366,0.29
3544,30.556345,8.456,4.496,1.582,2.022,0.356
3545,30.565054,7.998,4.56,2.152,0.985,0.301
3546,30.573231,8.18,4.552,2.23,1.072,0.326
3547,30.581758,7.9,4.493,1.464,1.724,0.219
3548,30.591717,7.773,4.607,2.057,0.881,0.228
3549,30.600312,7.728,4.54,1.966,1.009,0.213
3550,30.6089,7.775,4.552,2.025,0.953,0.245
3551,30.616736,8.318,4.636,1.461,1.928,0.293
3552,30.625272,8.198,4.595,2.351,0.966,0.286
3553,30.633397,8.416,4.519,1.404,2.227,0.266
3554,30.644029,7.566,4.612,1.501,1.107,0.346
3555,30.652872,7.972,4.62,1.746,1.339,0.267
3556,30.660928,8.234,4.628,2.136,1.217,0.253
3557,30.669081,8.432,4.653,2.06,1.473,0.246
3558,30.67759,8.247,4.654,2.245,1.086,0.262
3559,30.685804,8.382,4.633,1.53,1.957,0.262
3560,30.694121,8.406,4.629,2.084,1.426,0.267
3561,30.702429,8.427,4.655,1.936,1.558,0.278
3562,30.712827,8.208,4.602,2.018,1.4,0.188
3563,30.720958,8.43,4.647,1.766,1.823,0.194
3564,30.729434,8.271,4.64,1.212,2.239,0.18
3565,30.737908,8.175,4.665,1.788,1.49,0.232
3566,30.7464,7.964,4.628,1.805,1.362,0.169
3567,30.754614,8.169,4.603,1.747,1.558,0.261
3568,30.765099,7.754,4.583,1.667,1.276,0.228
3569,30.773217,7.946,4.616,1.697,1.434,0.199
3570,30.781658,7.85,4.592,1.707,1.335,0.216
3571,30.789462,8.355,4.523,1.668,1.977,0.187
3572,30.79829,7.882,4.535,1.777,1.361,0.209
3573,30.80674,7.764,4.509,1.726,1.315,0.214
3574,30.814668,8.171,4.515,1.203,2.234,0.219
3575,30.823363,7.813,4.549,1.331,1.702,0.231
3576,30.833491,7.321,4.639,1.411,0.982,0.289
3577,30.842211,7.353,4.501,1.494,1.013,0.345
3578,30.850791,7.446,4.505,1.369,1.091,0.481
3579,30.858756,7.673,4.517,1.785,1.02,0.351
3580,30.867255,7.428,4.565,1.47,1.102,0.291
3581,30.875112,7.914,4.542,1.493,1.572,0.307
3582,30.883637,7.757,4.484,1.347,1.616,0.31
3583,30.894356,7.13,4.62,1.286,0.877,0.347
3584,30.903194,7.269,4.486,1.547,0.928,0.308
3585,30.910663,8.082,4.544,1.564,1.699,0.275
3586,30.919232,7.891,4.574,1.787,1.248,0.282
3587,30.927312,8.34,4.577,2.457,1.011,0.295
3588,30.935804,8.141,4.515,1.951,1.425,0.25
3589,30.94398,8.279,4.675,2.16,1.22,0.224
3590,30.952523,8.338,4.635,2.088,1.36,0.255
3591,30.962773,7.767,4.634,1.853,1.069,0.211
3592,30.970996,8.383,4.684,2.124,1.348,0.227
3593,30.979522,8.15,4.586,1.942,1.443,0.179
3594,30.987555,8.46,4.673,2.025,1.57,0.192
3595,30.996442,7.924,4.632,2.11,0.967,0.215
3596,31.004527,8.156,4.556,1.786,1.634,0.18
3597,31.014699,7.936,4.66,1.984,1.075,0.217
3598,31.023071,7.924,4.63,1.697,1.395,0.202
3599,31.031643,8.331,4.632,2.107,1.391,0.201
3600,31.039542,8.799,4.698,1.823,2.053,0.225
3601,31.048256,8.36,4.618,1.978,1.588,0.176
3602,31.056624,8.361,4.615,1.89,1.65,0.206
3603,31.065176,8.581,4.61,1.567,1.772,0.632
3604,31.073588,8.517,4.612,2.245,1.178,0.482
3605,31.084132,8.643,4.624,2.219,0.88,0.92
3606,31.09218,8.463,4.515,1.487,2.011,0.45
3607,31.100827,8.275,4.504,2.207,0.973,0.591
3608,31.109171,8.451,4.526,1.572,1.589,0.764
3609,31.116963,8.626,4.565,2.186,1.467,0.408
3610,31.126042,8.293,4.559,2.036,0.895,0.803
3611,31.133883,8.688,4.549,1.8,1.645,0.694
3612,31.142575,8.35,4.501,1.733,1.405,0.711
3613,31.153151,8.009,4.616,1.785,0.774,0.834
3614,31.161082,8.168,4.531,1.767,1.27,0.6
3615,31.169558,7.994,4.497,1.734,1.194,0.569
3616,31.177567,8.143,4.497,1.703,1.549,0.394
3617,31.186119,8.71,4.531,2.508,0.961,0.71
3618,31.194155,8.713,4.495,1.946,1.873,0.399
3619,31.203085,8.521,4.521,2.275,0.917,0.808
3620,31.213212,8.639,4.628,2.173,1.029,0.809
3621,31.221645,8.303,4.486,1.997,1.234,0.586
3622,31.22983,8.387,4.548,2.259,1.051,0.529
3623,31.238591,8.762,4.498,2.092,1.391,0.781
3624,31.246574,9.124,4.583,1.427,2.328,0.786
3625,31.254768,8.99,4.612,1.858,2.03,0.49
3626,31.262876,9.051,4.656,1.737,2.337,0.321
3627,31.271633,8.832,4.613,1.67,2.024,0.525
3628,31.281525,7.819,4.598,1.627,1.204,0.39
3629,31.290178,8.057,4.628,1.684,1.274,0.471
3630,31.298855,8.263,4.621,1.647,1.447,0.548
3631,31.30735,8.238,4.612,1.772,1.173,0.681
3632,31.315243,8.567,4.614,1.708,1.669,0.576
3633,31.325688,7.317,4.588,1.21,1.16,0.359
3634,31.333635,7.782,4.607,1.741,1.031,0.403
3635,31.342178,8.079,4.611,1.784,1.308,0.376
3636,31.350735,8.078,4.642,1.733,1.168,0.535
3637,31.358959,8.161,4.639,1.872,1.143,0.507
3638,31.367237,8.144,4.654,1.835,1.264,0.391
3639,31.375135,8.482,4.623,1.87,1.706,0.283
3640,31.38462,8.917,4.594,2.474,0.96,0.889
3641,31.39455,8.669,4.596,2.282,0.969,0.822
3642,31.402855,8.525,4.521,1.613,1.752,0.639
3643,31.411197,8.329,4.528,2.189,1.146,0.466
3644,31.419294,8.542,4.515,2.004,1.584,0.439
3645,31.427694,8.449,4.458,1.989,1.595,0.407
3646,31.435766,8.727,4.487,2.216,1.589,0.435
3647,31.444464,8.723,4.52,1.995,1.436,0.772
3648,31.452894,8.342,4.531,1.726,1.601,0.484
3649,31.46282,7.521,4.613,1.668,0.957,0.283
3650,31.471191,7.507,4.534,1.136,1.533,0.304
3651,31.480215,7.675,4.519,1.688,0.672,0.796
3652,31.488305,7.722,4.529,1.653,0.935,0.605
3653,31.496423,7.841,4.546,1.695,1.092,0.508
3654,31.504732,8.039,4.496,1.642,1.217,0.684
3655,31.515663,8.708,4.608,2.39,0.969,0.741
3656,31.52415,8.652,4.521,1.19,2.166,0.775
3657,31.531811,8.909,4.518,2.35,1.618,0.423
3658,31.540257,9.217,4.514,1.185,2.733,0.785
3659,31.548532,8.811,4.544,1.729,2.221,0.317
3660,31.55672,9.314,4.636,1.711,2.292,0.675
3661,31.565372,8.874,4.64,1.735,1.949,0.55
3662,31.573903,8.791,4.584,1.719,1.82,0.668
3663,31.583947,8.293,4.633,1.667,1.334,0.659
3664,31.592408,8.051,4.623,1.716,1.171,0.541
3665,31.601113,8.157,4.633,1.675,1.269,0.58
3666,31.609214,8.534,4.593,1.774,1.452,0.715
3667,31.618137,7.826,4.622,1.042,1.563,0.599
3668,31.625372,8.778,4.623,2.419,1.329,0.407
3669,31.636175,8.481,4.622,2.13,1.205,0.524
3670,31.644367,8.584,4.56,1.512,2.059,0.453
3671,31.652535,8.729,4.589,1.767,1.963,0.41
3672,31.660805,8.756,4.627,1.68,2.072,0.377
3673,31.669384,8.788,4.603,1.712,1.828,0.645
3674,31.677659,8.862,4.594,2.422,1.231,0.615
3675,31.686458,8.589,4.619,2.148,0.995,0.827
3676,31.694522,8.775,4.509,1.184,2.378,0.704
3677,31.70262,8.675,4.53,1.653,2.134,0.358
3678,31.713148,8.17,4.638,1.801,0.959,0.772
3679,31.721764,8.081,4.481,1.779,1.111,0.71
3680,31.729353,8.511,4.478,1.675,1.94,0.418
3681,31.738037,8.365,4.563,2.263,0.987,0.552
3682,31.746788,8.653,4.534,2.372,0.994,0.753
3683,31.754724,9.073,4.512,1.578,2.219,0.764
3684,31.763164,8.648,4.534,2.225,1.418,0.471
3685,31.773383,8.276,4.585,2.164,1.049,0.478
3686,31.78185,8.084,4.534,2.183,0.981,0.386
3687,31.790534,8.402,4.534,2.254,0.859,0.755
3688,31.798753,8.463,4.515,2.168,1.069,0.711
3689,31.807204,8.632,4.551,2.245,1.048,0.788
3690,31.815024,8.943,4.501,1.901,1.96,0.581
3691,31.823923,8.624,4.534,2.283,0.987,0.82
3692,31.832317,8.572,4.488,1.435,1.84,0.809
3693,31.841947,8.532,4.607,2.18,1.288,0.457
3694,31.851176,8.744,4.628,1.983,1.432,0.701
3695,31.85903,9.099,4.623,1.131,2.77,0.575
3696,31.867136,9.192,4.68,2.257,1.771,0.484
3697,31.875692,9.032,4.534,2.169,1.807,0.522
3698,31.883789,9.251,4.644,2.249,1.848,0.51
3699,31.894319,8.746,4.594,2.143,1.204,0.805
3700,31.902531,8.434,4.527,1.884,1.656,0.367
3701,31.911101,8.794,4.596,2.243,1.378,0.577
3702,31.919143,9.007,4.688,1.199,2.66,0.46
3703,31.927832,8.542,4.588,1.76,1.846,0.348
3704,31.935898,9.111,4.545,1.686,2.23,0.65
3705,31.945173,8.433,4.637,1.733,1.385,0.678
3706,31.954518,8.213,4.593,1.702,1.396,0.522
3707,31.963267,8.384,4.611,1.692,1.406,0.675
3708,31.971518,8.56,4.578,1.737,1.482,0.763
3709,31.979798,8.427,4.653,1.717,1.472,0.585
3710,31.988522,8.224,4.594,1.769,1.128,0.733
3711,31.996213,8.516,4.622,1.645,1.863,0.386
3712,32.004874,8.436,4.639,1.744,1.421,0.632
3713,32.015106,7.752,4.619,1.156,1.241,0.736
3714,32.023576,7.775,4.565,1.675,1.119,0.416
3715,32.031875,8.692,4.635,1.672,1.748,0.637
3716,32.04055,8.545,4.575,1.67,1.474,0.826
3717,32.048426,8.754,4.606,1.663,1.903,0.582
3718,32.056866,8.643,4.637,1.692,1.736,0.578
3719,32.065452,8.493,4.59,1.056,2.165,0.682
3720,32.073312,8.666,4.7,1.713,1.873,0.38
3721,32.083738,7.924,4.599,1.727,1.151,0.447
3722,32.091782,8.072,4.593,1.66,1.514,0.305
3723,32.100708,7.966,4.606,1.658,1.336,0.366
3724,32.109144,8.273,4.658,1.662,1.45,0.503
3725,32.117395,8.598,4.615,1.696,1.546,0.741
3726,32.125742,8.598,4.607,1.68,1.562,0.749
3727,32.133755,8.502,4.594,1.672,1.886,0.35
3728,32.143892,7.801,4.556,1.706,1.119,0.42
3729,32.152564,7.806,4.504,1.728,1.095,0.479
3730,32.161482,8.054,4.516,1.69,1.043,0.805
3731,32.169612,8.287,4.479,1.741,1.226,0.841
3732,32.178044,7.723,4.551,1.768,1.022,0.382
3733,32.185774,8.517,4.509,1.812,1.617,0.579
3734,32.194545,7.894,4.494,1.127,1.883,0.39
3735,32.20306,8.21,4.524,1.708,1.101,0.877
3736,32.213343,7.454,4.613,1.166,0.857,0.818
3737,32.221251,8.735,4.562,2.355,1.326,0.492
3738,32.229619,8.757,4.544,1.146,2.558,0.509
3739,32.23791,8.64,4.578,1.804,1.91,0.348
3740,32.246208,8.727,4.535,1.715,2.077,0.4
3741,32.255207,8.329,4.511,1.724,1.429,0.665
3742,32.263094,8.764,4.533,1.737,1.841,0.653
3743,32.273556,7.926,4.588,1.667,0.98,0.691
3744,32.282043,7.708,4.53,1.668,0.879,0.631
3745,32.29049,8.122,4.535,1.707,1.271,0.609
3746,32.298564,8.367,4.601,1.714,1.461,0.591
3747,32.306744,8.288,4.633,1.686,1.6,0.369
3748,32.314659,8.806,4.662,2.449,1.306,0.389
3749,32.324146,8.855,4.627,2.189,1.135,0.904
3750,32.333515,8.616,4.578,2.162,1.468,0.408
3751,32.342126,8.365,4.571,1.652,1.747,0.395
3752,32.350658,8.222,4.635,1.735,1.399,0.453
3753,32.358616,8.414,4.557,1.742,1.842,0.273
3754,32.36738,8.207,4.654,1.754,1.307,0.492
3755,32.375463,8.534,4.583,1.691,1.696,0.564
3756,32.383904,8.556,4.608,1.696,1.564,0.688
3757,32.392304,8.413,4.631,1.703,1.466,0.613
3758,32.402591,8.125,4.607,1.623,1.274,0.621
3759,32.411311,8.116,4.629,1.727,1.21,0.55
3760,32.419196,8.692,4.615,1.655,1.75,0.672
3761,32.427921,8.241,4.611,1.669,1.338,0.623
3762,32.436138,8.333,4.618,1.659,1.461,0.595
3763,32.444625,8.152,4.527,1.689,1.37,0.566
3764,32.454695,8.1,4.575,1.725,1.021,0.779
3765,32.461392,9.624,4.612,1.864,2.49,0.658
3766,32.471417,8.217,4.624,1.841,1.007,0.745
3767,32.479592,8.035,4.469,1.766,1.394,0.406
3768,32.488663,8.25,4.514,1.788,1.395,0.553
3769,32.496242,9.091,4.514,1.588,2.322,0.667
3770,32.504633,8.83,4.531,2.227,1.594,0.478
3771,32.512893,8.836,4.516,1.9,2.018,0.402
3772,32.523713,8.568,4.622,2.362,0.995,0.589
3773,32.534196,7.818,4.555,1.554,0.848,0.861
3774,32.54207,8.241,4.529,2.24,0.978,0.494
3775,32.550766,8.253,4.489,2.15,0.823,0.791
3776,32.559027,8.26,4.557,2.03,0.96,0.713
3777,32.567471,8.577,4.531,2.314,0.901,0.831
3778,32.575599,8.505,4.477,2.003,1.483,0.542
3779,32.584028,8.35,4.552,2.252,1.056,0.49
3780,32.59237,8.65,4.52,1.478,1.878,0.774
3781,32.600488,8.764,4.621,2.231,1.476,0.436
3782,32.609004,8.768,4.649,2.196,1.298,0.625
3783,32.617441,8.935,4.576,1.171,2.315,0.873
3784,32.625189,8.994,4.625,1.689,2.344,0.336
3785,32.63395,8.856,4.644,1.767,1.821,0.624
3786,32.642317,8.812,4.642,1.748,1.8,0.622
3787,32.652865,8.332,4.627,1.755,1.345,0.605
3788,32.660832,8.439,4.618,1.394,2.085,0.342
3789,32.669468,8.29,4.559,1.72,1.519,0.492
3790,32.677642,8.495,4.606,1.651,1.702,0.536
3791,32.685545,8.749,4.616,1.643,2.133,0.357
3792,32.69434,8.31,4.612,1.722,1.597,0.379
3793,32.702616,8.627,4.583,1.65,1.757,0.637
3794,32.712993,7.937,4.589,1.623,1.252,0.473
3795,32.722007,8.228,4.655,1.662,1.347,0.564
3796,32.72971,9.111,4.636,2.378,1.37,0.727
3797,32.738448,8.895,4.595,1.483,1.929,0.888
3798,32.746096,9.149,4.483,1.227,2.996,0.443
3799,32.754651,8.92,4.493,1.83,2.16,0.437
3800,32.763251,8.618,4.514,1.75,1.952,0.402
3801,32.773598,8.209,4.584,1.863,0.976,0.786
3802,32.781748,8.037,4.506,1.73,1.377,0.424
3803,32.789875,8.242,4.549,1.682,1.591,0.42
3804,32.799104,8.248,4.579,1.791,1.18,0.698
3805,32.806739,8.672,4.481,1.334,2.429,0.428
3806,32.815153,8.541,4.544,1.786,1.836,0.375
3807,32.823725,8.619,4.505,1.782,1.636,0.696
3808,32.83402,7.627,4.618,1.804,0.745,0.46
3809,32.842195,7.963,4.512,1.872,1.021,0.558
3810,32.850679,7.893,4.491,1.819,1.029,0.554
3811,32.858415,8.244,4.548,1.744,1.657,0.295
3812,32.867236,8.09,4.541,1.837,1.085,0.627
3813,32.875739,7.898,4.479,1.764,1.052,0.603
3814,32.883896,7.833,4.517,1.697,1.258,0.361
3815,32.894357,8.051,4.632,1.671,1.309,0.439
3816,32.9026,8.358,4.628,1.719,1.358,0.653
3817,32.910615,8.407,4.586,1.766,1.68,0.375
