sample,elapsed_s,total_ms,decode_wait_ms,prepare_ms,submit_to_flip_ms,other_ms
0,0.007005,6.055,4.643,0.077,1.138,0.197
1,0.015684,5.702,4.597,0.063,0.838,0.204
2,0.023835,5.885,4.608,0.088,1.009,0.18
3,0.03427,5.493,4.596,0.092,0.615,0.19
4,0.04283,5.577,4.677,0.08,0.619,0.201
5,0.05078,5.962,4.633,0.076,1.051,0.202
6,0.059429,5.635,4.642,0.068,0.727,0.198
7,0.067287,6.111,4.649,0.096,1.189,0.177
8,0.075934,5.811,4.614,0.086,0.915,0.196
9,0.084183,5.843,4.66,0.086,0.953,0.144
10,0.092851,5.658,4.609,0.083,0.766,0.2
11,0.103002,5.656,4.622,0.072,0.759,0.203
12,0.111606,5.471,4.584,0.069,0.6,0.218
13,0.121689,5.506,4.604,0.068,0.63,0.204
14,0.130016,5.549,4.636,0.091,0.633,0.189
15,0.138567,5.523,4.64,0.085,0.617,0.181
16,0.146646,5.784,4.588,0.065,0.923,0.208
17,0.155078,5.712,4.595,0.077,0.82,0.22
18,0.16321,5.882,4.625,0.079,0.99,0.188
19,0.171824,5.612,4.65,0.103,0.678,0.181
20,0.179999,5.79,4.648,0.077,0.852,0.213
21,0.18841,5.791,4.653,0.074,0.877,0.187
22,0.197108,5.541,4.645,0.083,0.611,0.202
23,0.20497,6.007,4.707,0.078,1.024,0.198
24,0.213895,5.606,4.627,0.08,0.714,0.185
25,0.222014,5.825,4.625,0.108,0.904,0.188
26,0.232021,5.48,4.6,0.083,0.633,0.164
27,0.240527,5.497,4.597,0.08,0.63,0.19
28,0.249114,5.587,4.686,0.077,0.623,0.201
29,0.256988,6.029,4.641,0.077,1.126,0.185
30,0.265673,5.688,4.598,0.062,0.817,0.211
31,0.278178,5.778,4.655,0.083,0.822,0.218
32,0.288076,5.543,4.654,0.088,0.611,0.19
33,0.296435,5.5,4.642,0.07,0.599,0.189
34,0.304833,5.54,4.628,0.102,0.634,0.176
35,0.313232,5.697,4.641,0.085,0.808,0.163
36,0.321742,5.531,4.592,0.082,0.678,0.179
37,0.329813,5.81,4.612,0.078,0.923,0.197
38,0.338246,5.703,4.589,0.083,0.846,0.185
39,0.346619,5.765,4.693,0.117,0.747,0.208
40,0.354826,5.861,4.579,0.08,1.038,0.164
41,0.363535,5.531,4.61,0.062,0.645,0.214
42,0.371698,5.703,4.6,0.076,0.828,0.199
43,0.379822,5.88,4.622,0.076,1.018,0.164
44,0.388524,5.64,4.598,0.066,0.769,0.207
45,0.396625,5.87,4.617,0.067,0.982,0.204
46,0.405147,5.743,4.633,0.08,0.823,0.207
47,0.413218,5.974,4.602,0.081,1.119,0.172
48,0.422052,5.557,4.594,0.076,0.69,0.197
49,0.430023,5.927,4.635,0.078,1.011,0.203
50,0.438593,5.679,4.599,0.062,0.807,0.211
51,0.447269,5.558,4.621,0.088,0.684,0.165
52,0.455063,6.133,4.606,0.077,1.239,0.211
53,0.464083,5.523,4.633,0.079,0.611,0.2
54,0.474095,5.657,4.652,0.086,0.731,0.188
55,0.482135,5.962,4.592,0.078,1.084,0.208
56,0.490692,5.751,4.611,0.081,0.843,0.216
57,0.498758,5.979,4.596,0.087,1.122,0.174
58,0.507076,6.018,4.6,0.08,1.137,0.201
59,0.515817,5.595,4.625,0.082,0.699,0.189
60,0.526177,5.605,4.583,0.086,0.778,0.158
61,0.534302,5.853,4.64,0.104,0.923,0.186
62,0.542805,5.681,4.63,0.087,0.781,0.183
63,0.550868,5.961,4.626,0.083,1.055,0.197
64,0.55914,6.049,4.584,0.094,1.157,0.214
65,0.567689,5.81,4.58,0.062,0.946,0.222
66,0.576011,5.827,4.623,0.103,0.902,0.199
67,0.584393,5.76,4.652,0.068,0.836,0.204
68,0.5947,5.681,4.597,0.085,0.794,0.205
69,0.605091,5.519,4.58,0.093,0.638,0.208
70,0.613272,5.658,4.63,0.09,0.742,0.196
71,0.621645,5.6,4.583,0.062,0.75,0.205
72,0.630169,5.797,4.654,0.081,0.854,0.208
73,0.638431,5.845,4.635,0.064,0.946,0.2
74,0.646636,5.992,4.598,0.067,1.11,0.217
75,0.654946,6.002,4.634,0.088,1.099,0.181
76,0.6634,5.878,4.645,0.109,0.948,0.176
77,0.672,5.766,4.642,0.069,0.847,0.208
78,0.679995,6.106,4.653,0.079,1.174,0.2
79,0.688568,5.86,4.607,0.061,0.984,0.208
80,0.696681,6.088,4.636,0.094,1.169,0.189
81,0.705121,5.985,4.627,0.088,1.075,0.195
82,0.714049,5.704,4.648,0.101,0.757,0.198
83,0.724203,5.574,4.6,0.083,0.671,0.22
84,0.732179,5.945,4.64,0.1,0.982,0.223
85,0.740677,5.795,4.635,0.083,0.863,0.214
86,0.748778,6.015,4.639,0.088,1.093,0.195
87,0.757126,6.008,4.635,0.083,1.084,0.206
88,0.765737,5.712,4.612,0.083,0.828,0.189
89,0.77376,6.021,4.639,0.087,1.111,0.184
90,0.782392,5.754,4.655,0.063,0.826,0.21
91,0.792426,5.475,4.631,0.065,0.581,0.198
92,0.800904,5.512,4.649,0.077,0.6,0.186
93,0.809561,5.612,4.599,0.061,0.725,0.227
94,0.817505,6.0,4.627,0.065,1.087,0.221
95,0.825983,5.86,4.657,0.092,0.908,0.203
96,0.834089,6.087,4.635,0.076,1.161,0.215
97,0.842845,5.689,4.613,0.075,0.797,0.204
98,0.853762,5.812,4.634,0.089,0.902,0.187
99,0.863299,5.715,4.667,0.09,0.765,0.193
100,0.872169,6.103,4.619,0.105,0.755,0.624
101,0.879941,6.342,4.687,0.135,1.226,0.294
102,0.888265,6.3,4.628,0.08,1.342,0.25
103,0.896444,6.493,4.66,0.064,1.467,0.302
104,0.905089,6.15,4.65,0.069,1.167,0.264
105,0.913651,5.904,4.609,0.059,0.981,0.255
106,0.921624,6.239,4.585,0.057,1.363,0.234
107,0.930606,5.589,4.582,0.071,0.716,0.22
108,0.938591,5.934,4.602,0.035,1.048,0.249
109,0.94646,6.4,4.67,0.099,1.429,0.202
110,0.955227,6.038,4.648,0.06,1.026,0.304
111,0.963791,5.868,4.707,0.095,0.848,0.218
112,0.973639,6.169,4.728,0.279,0.896,0.266
113,0.982384,5.982,4.677,0.075,0.87,0.36
114,0.990771,5.875,4.652,0.085,0.87,0.268
115,0.998878,6.052,4.685,0.074,1.063,0.23
116,1.007252,6.028,4.615,0.073,1.096,0.244
117,1.015851,5.807,4.615,0.112,0.858,0.222
118,1.024291,5.766,4.576,0.103,0.844,0.243
119,1.034311,5.839,4.546,0.122,0.882,0.289
120,1.04285,5.831,4.59,0.122,0.849,0.27
121,1.050872,6.143,4.537,0.119,1.216,0.271
122,1.059454,5.831,4.519,0.14,0.963,0.209
123,1.067241,6.391,4.545,0.156,1.473,0.217
124,1.076115,5.97,4.561,0.091,0.983,0.335
125,1.084193,6.198,4.533,0.097,1.257,0.311
126,1.092782,5.929,4.509,0.152,0.973,0.295
127,1.102907,5.985,4.674,0.081,0.954,0.276
128,1.111431,5.777,4.531,0.139,0.85,0.257
129,1.121812,6.468,4.655,0.203,1.275,0.335
130,1.130003,6.769,4.563,0.112,1.62,0.474
131,1.13839,6.472,4.511,0.095,1.643,0.223
132,1.146508,6.685,4.523,0.11,1.826,0.226
133,1.154978,6.561,4.573,0.085,1.652,0.251
134,1.163743,6.085,4.515,0.084,1.284,0.202
135,1.172103,6.067,4.542,0.086,1.234,0.205
136,1.180434,6.068,4.555,0.088,1.225,0.2
137,1.189497,6.52,4.51,0.117,0.755,1.138
138,1.197041,6.804,4.615,0.13,1.431,0.628
139,1.205397,6.677,4.644,0.059,1.435,0.539
140,1.214124,6.449,4.612,0.079,1.076,0.682
141,1.224402,6.238,4.637,0.05,0.777,0.774
142,1.232895,6.187,4.639,0.07,0.822,0.656
143,1.24131,5.965,4.647,0.073,0.731,0.514
144,1.249545,6.153,4.613,0.08,0.863,0.597
145,1.258111,5.991,4.618,0.07,0.632,0.671
146,1.266115,6.242,4.603,0.067,0.98,0.592
147,1.274099,6.56,4.64,0.071,1.289,0.56
148,1.282809,6.155,4.629,0.069,0.923,0.534
149,1.292793,5.879,4.661,0.067,0.651,0.5
150,1.301174,5.804,4.644,0.067,0.616,0.477
151,1.309507,5.889,4.587,0.047,0.677,0.578
152,1.318035,6.253,4.638,0.068,0.811,0.736
153,1.326547,5.851,4.582,0.046,0.662,0.561
154,1.334605,6.058,4.58,0.048,0.944,0.486
155,1.343173,6.22,4.63,0.068,0.854,0.668
156,1.353459,5.785,4.609,0.047,0.599,0.53
157,1.363898,6.165,4.588,0.059,0.737,0.781
158,1.372008,6.169,4.67,0.068,0.875,0.556
159,1.380271,6.37,4.608,0.072,1.012,0.678
160,1.388727,6.128,4.614,0.076,0.878,0.56
161,1.39731,6.098,4.628,0.077,0.81,0.583
162,1.405548,6.093,4.607,0.049,0.929,0.508
163,1.41429,5.736,4.591,0.075,0.607,0.463
164,1.422191,6.372,4.545,0.071,1.091,0.665
165,1.430834,6.219,4.636,0.068,0.773,0.742
166,1.438649,6.546,4.574,0.05,1.352,0.57
167,1.447132,6.362,4.59,0.064,1.188,0.52
168,1.455843,6.119,4.584,0.086,0.82,0.629
169,1.464194,6.256,4.618,0.084,0.765,0.789
170,1.472443,6.156,4.627,0.054,0.836,0.639
171,1.482339,6.05,4.62,0.04,0.846,0.544
172,1.491054,5.976,4.614,0.07,0.806,0.486
173,1.499323,6.011,4.658,0.053,0.826,0.474
174,1.50778,6.067,4.64,0.058,0.821,0.548
175,1.516083,6.323,4.617,0.041,0.876,0.789
176,1.524438,6.133,4.628,0.058,0.867,0.58
177,1.534499,5.757,4.627,0.048,0.596,0.486
178,1.543098,5.968,4.621,0.06,0.738,0.549
179,1.550877,6.476,4.632,0.042,1.288,0.514
180,1.559669,6.036,4.569,0.048,0.893,0.526
181,1.567922,6.067,4.595,0.069,0.948,0.455
182,1.576404,6.115,4.621,0.061,0.803,0.63
183,1.584909,5.92,4.639,0.067,0.612,0.602
184,1.594866,5.862,4.674,0.072,0.585,0.531
185,1.603377,5.727,4.6,0.077,0.599,0.451
186,1.611486,6.048,4.602,0.043,0.829,0.574
187,1.61998,5.936,4.629,0.066,0.636,0.605
188,1.628422,5.792,4.631,0.046,0.615,0.5
189,1.637059,6.061,4.619,0.036,0.831,0.575
190,1.645028,6.371,4.619,0.092,1.191,0.469
191,1.655733,5.799,4.586,0.075,0.636,0.502
192,1.664369,6.363,4.616,0.047,0.829,0.871
193,1.672468,6.385,4.617,0.057,1.059,0.652
194,1.680493,6.679,4.587,0.046,1.4,0.646
195,1.689023,6.486,4.604,0.07,1.186,0.626
196,1.697317,6.403,4.636,0.084,1.19,0.493
197,1.705737,6.367,4.587,0.069,1.154,0.557
198,1.713642,6.694,4.599,0.046,1.572,0.477
199,1.724227,6.106,4.614,0.052,0.793,0.647
200,1.7327,5.844,4.588,0.08,0.68,0.496
201,1.740925,5.924,4.621,0.072,0.754,0.477
202,1.74934,6.035,4.621,0.061,0.798,0.555
203,1.757882,5.902,4.625,0.074,0.607,0.596
204,1.766173,6.27,4.586,0.068,0.79,0.826
205,1.774271,6.181,4.613,0.093,0.993,0.482
206,1.784183,5.845,4.636,0.136,0.753,0.32
207,1.792717,5.82,4.662,0.101,0.849,0.208
208,1.80105,6.483,4.618,0.27,1.387,0.208
209,1.809194,6.649,4.661,0.153,1.646,0.189
210,1.817667,6.547,4.614,0.102,1.61,0.221
211,1.825773,6.744,4.687,0.08,1.773,0.204
212,1.834612,6.235,4.616,0.083,1.338,0.198
213,1.842963,6.201,4.653,0.105,1.272,0.171
214,1.853098,6.132,4.631,0.162,1.121,0.218
215,1.861496,6.081,4.675,0.227,1.021,0.158
216,1.869391,6.538,4.654,0.101,1.61,0.173
217,1.877851,6.407,4.663,0.091,1.486,0.167
218,1.886592,5.991,4.638,0.08,1.105,0.168
219,1.8945,6.415,4.633,0.081,1.536,0.165
220,1.903199,6.034,4.657,0.097,1.14,0.14
221,1.913789,5.767,4.659,0.114,0.838,0.156
222,1.921781,6.112,4.662,0.095,1.205,0.15
223,1.930346,5.864,4.67,0.072,0.961,0.161
224,1.938299,6.254,4.656,0.082,1.357,0.159
225,1.946553,6.329,4.639,0.085,1.451,0.154
226,1.9553,5.941,4.559,0.109,1.106,0.167
227,1.963409,6.131,4.566,0.106,1.323,0.136
228,1.97371,5.594,4.667,0.093,0.674,0.16
229,1.98411,5.533,4.617,0.07,0.664,0.182
230,1.992416,5.552,4.56,0.085,0.743,0.164
231,2.000817,5.555,4.54,0.093,0.767,0.155
232,2.009305,5.693,4.566,0.169,0.816,0.142
233,2.017457,5.899,4.576,0.099,1.067,0.157
234,2.02569,6.001,4.519,0.082,1.229,0.171
235,2.034276,5.748,4.553,0.074,0.945,0.176
236,2.042486,5.849,4.538,0.088,1.086,0.137
237,2.050936,5.75,4.554,0.093,0.95,0.153
238,2.059279,5.742,4.533,0.137,0.918,0.154
239,2.067618,5.741,4.522,0.107,0.954,0.158
240,2.076188,5.53,4.548,0.08,0.707,0.195
241,2.084652,5.443,4.53,0.078,0.654,0.181
242,2.092917,5.501,4.561,0.076,0.692,0.172
243,2.103089,5.718,4.609,0.106,0.827,0.176
244,2.111556,5.609,4.636,0.081,0.678,0.214
245,2.119717,5.754,4.659,0.106,0.824,0.165
246,2.128059,5.772,4.632,0.099,0.853,0.188
247,2.136202,5.947,4.643,0.087,1.044,0.173
248,2.144657,5.91,4.61,0.09,1.03,0.18
249,2.153225,5.725,4.654,0.097,0.823,0.151
250,2.163422,5.802,4.646,0.136,0.853,0.167
251,2.171948,5.759,4.659,0.082,0.845,0.173
252,2.180216,5.846,4.653,0.09,0.917,0.186
253,2.188441,5.931,4.638,0.071,1.041,0.181
254,2.196986,5.721,4.681,0.067,0.786,0.187
255,2.20495,6.077,4.662,0.089,1.174,0.152
256,2.213484,5.9,4.619,0.102,1.01,0.169
257,2.221927,5.778,4.676,0.085,0.85,0.167
258,2.232013,5.585,4.664,0.073,0.653,0.195
259,2.240743,5.806,4.666,0.068,0.881,0.191
260,2.248834,6.046,4.668,0.151,1.058,0.169
261,2.257226,5.989,4.64,0.082,1.091,0.176
262,2.265389,6.159,4.658,0.102,1.224,0.175
263,2.27392,5.962,4.653,0.075,1.049,0.185
264,2.282455,5.746,4.615,0.069,0.886,0.176
265,2.292375,5.722,4.672,0.08,0.814,0.156
266,2.300838,5.702,4.678,0.083,0.766,0.175
267,2.309096,5.767,4.622,0.101,0.883,0.161
268,2.317897,5.73,4.674,0.08,0.789,0.187
269,2.325645,6.292,4.609,0.129,1.368,0.186
270,2.334607,5.876,4.643,0.088,0.959,0.186
271,2.344472,5.593,4.615,0.08,0.727,0.171
272,2.352751,5.682,4.626,0.083,0.773,0.2
273,2.361303,5.669,4.609,0.086,0.807,0.167
274,2.369749,5.786,4.662,0.121,0.808,0.195
275,2.37782,6.027,4.621,0.078,1.158,0.17
276,2.386601,5.634,4.602,0.053,0.729,0.25
277,2.394872,5.659,4.661,0.073,0.732,0.193
278,2.403142,5.765,4.54,0.117,0.882,0.226
279,2.413393,5.59,4.647,0.086,0.685,0.172
280,2.421641,5.743,4.523,0.095,0.881,0.244
281,2.430349,5.617,4.566,0.083,0.654,0.314
282,2.438622,5.573,4.505,0.069,0.773,0.226
283,2.446961,5.893,4.552,0.201,0.943,0.197
284,2.455158,6.061,4.517,0.119,1.2,0.225
285,2.465775,5.734,4.63,0.102,0.812,0.19
286,2.473789,6.039,4.51,0.078,1.271,0.18
287,2.48227,5.891,4.512,0.066,1.119,0.194
288,2.490895,5.635,4.535,0.066,0.806,0.228
289,2.499063,5.782,4.521,0.098,0.971,0.192
290,2.507019,6.153,4.542,0.085,1.343,0.183
291,2.515687,5.821,4.508,0.069,1.038,0.206
292,2.523683,6.155,4.514,0.094,1.362,0.185
293,2.534394,5.592,4.664,0.075,0.67,0.183
294,2.542627,5.745,4.51,0.061,0.927,0.247
295,2.551069,5.73,4.574,0.11,0.852,0.194
296,2.559102,6.04,4.627,0.074,1.134,0.205
297,2.568382,6.157,4.662,0.117,0.857,0.521
298,2.575647,6.911,4.637,0.08,1.99,0.204
299,2.584136,6.745,4.654,0.076,1.822,0.193
300,2.592773,6.422,4.609,0.076,1.56,0.177
301,2.602826,6.008,4.715,0.192,0.937,0.164
302,2.611309,5.875,4.665,0.085,0.945,0.18
303,2.621797,5.763,4.647,0.09,0.859,0.167
304,2.629821,6.064,4.643,0.065,1.179,0.177
305,2.638315,5.899,4.656,0.074,1.004,0.165
306,2.646447,6.126,4.628,0.074,1.234,0.19
307,2.654872,6.08,4.646,0.077,1.126,0.231
308,2.663765,5.725,4.665,0.111,0.739,0.21
309,2.671703,6.116,4.653,0.089,1.176,0.198
310,2.680293,6.133,4.657,0.32,0.933,0.223
311,2.688774,6.075,4.669,0.08,1.038,0.288
312,2.697098,6.036,4.657,0.125,1.016,0.238
313,2.705,6.445,4.543,0.073,1.607,0.222
314,2.713715,6.04,4.505,0.061,1.261,0.213
315,2.724175,5.723,4.634,0.084,0.778,0.227
316,2.732172,6.003,4.557,0.106,1.162,0.178
317,2.740776,5.751,4.502,0.061,0.977,0.211
318,2.748646,6.218,4.562,0.19,1.252,0.214
319,2.757316,5.908,4.545,0.092,1.056,0.215
320,2.765608,5.921,4.507,0.093,1.136,0.185
321,2.774077,5.791,4.534,0.084,0.975,0.198
322,2.784542,5.675,4.606,0.076,0.775,0.218
323,2.792463,6.045,4.521,0.083,1.264,0.177
324,2.80168,5.473,4.496,0.062,0.73,0.185
325,2.809579,5.92,4.508,0.071,1.154,0.187
326,2.817494,6.333,4.562,0.061,1.518,0.192
327,2.825877,6.277,4.546,0.076,1.487,0.168
328,2.834204,6.297,4.504,0.057,1.533,0.203
329,2.844296,5.69,4.636,0.115,0.761,0.178
330,2.852921,5.541,4.54,0.088,0.746,0.167
331,2.861724,5.687,4.566,0.067,0.851,0.203
332,2.869657,6.075,4.593,0.103,1.207,0.172
333,2.878607,5.631,4.603,0.081,0.779,0.168
334,2.886497,6.076,4.602,0.071,1.224,0.179
335,2.894684,6.225,4.608,0.122,1.319,0.176
336,2.903219,5.99,4.576,0.078,1.196,0.14
337,2.913427,5.68,4.631,0.075,0.809,0.165
338,2.921977,5.7,4.649,0.086,0.733,0.232
339,2.929939,6.023,4.644,0.075,1.113,0.191
340,2.93852,5.814,4.608,0.067,0.901,0.238
341,2.946492,6.132,4.616,0.083,1.253,0.18
342,2.95582,5.733,4.608,0.084,0.758,0.283
343,2.965451,5.715,4.615,0.072,0.834,0.194
344,2.972084,7.437,4.647,0.083,2.499,0.208
345,2.982393,5.552,4.641,0.068,0.634,0.209
346,2.990555,5.884,4.627,0.082,0.861,0.314
347,2.999112,5.825,4.593,0.1,0.797,0.335
348,3.007151,6.114,4.62,0.083,1.082,0.329
349,3.015466,5.981,4.604,0.068,1.115,0.194
350,3.026447,6.034,4.62,0.098,0.857,0.459
351,3.036203,5.725,4.631,0.065,0.756,0.273
352,3.044532,5.683,4.599,0.071,0.791,0.222
353,3.053039,5.895,4.713,0.091,0.84,0.251
354,3.061106,6.135,4.635,0.07,1.196,0.234
355,3.069711,5.872,4.641,0.079,0.917,0.235
356,3.077627,6.264,4.612,0.088,1.361,0.203
357,3.086179,6.047,4.639,0.076,1.118,0.214
358,3.094218,6.326,4.591,0.079,1.46,0.196
359,3.10316,5.76,4.655,0.074,0.815,0.216
360,3.111257,5.992,4.614,0.064,1.095,0.219
361,3.119876,5.798,4.653,0.08,0.86,0.205
362,3.128399,5.748,4.647,0.09,0.821,0.19
363,3.137148,7.006,4.602,0.162,1.173,1.069
364,3.145584,6.809,4.622,0.189,1.052,0.946
365,3.155444,6.763,4.62,0.209,1.087,0.847
366,3.16416,6.45,4.51,0.203,0.809,0.928
367,3.172306,6.492,4.549,0.166,1.002,0.775
368,3.180578,6.567,4.503,0.199,1.072,0.793
369,3.189066,6.745,4.544,0.215,1.232,0.754
370,3.196803,7.116,4.503,0.196,1.88,0.537
371,3.206309,6.277,4.545,0.162,0.742,0.828
372,3.21393,6.815,4.522,0.139,1.497,0.657
373,3.224242,6.579,4.627,0.172,1.066,0.714
374,3.232896,6.542,4.528,0.167,1.035,0.812
375,3.241086,6.767,4.478,0.177,1.214,0.898
376,3.249493,6.659,4.537,0.182,1.073,0.867
377,3.257951,6.602,4.532,0.178,1.022,0.87
378,3.265826,6.999,4.473,0.13,1.594,0.802
379,3.274157,6.94,4.505,0.134,1.562,0.739
380,3.282751,6.643,4.473,0.12,1.353,0.697
381,3.293345,6.34,4.602,0.139,0.866,0.733
382,3.30328,6.14,4.578,0.13,0.737,0.695
383,3.311522,6.299,4.547,0.111,1.069,0.572
384,3.320189,6.582,4.6,0.16,0.992,0.83
385,3.328268,6.81,4.635,0.188,1.179,0.808
386,3.336608,6.761,4.587,0.147,1.264,0.763
387,3.344953,6.805,4.594,0.085,1.316,0.81
388,3.353415,6.669,4.634,0.131,1.099,0.805
389,3.361714,6.52,4.588,0.12,1.189,0.623
390,3.370194,6.423,4.643,0.152,0.96,0.668
391,3.378924,6.601,4.647,0.171,1.143,0.64
392,3.386698,7.369,4.584,0.182,1.757,0.846
393,3.395217,7.144,4.63,0.176,1.533,0.805
394,3.405854,6.295,4.593,0.141,0.882,0.679
395,3.413602,6.812,4.575,0.118,1.509,0.61
396,3.422347,6.482,4.623,0.124,1.04,0.695
397,3.430269,6.809,4.626,0.192,1.364,0.627
398,3.439007,6.546,4.606,0.139,1.043,0.758
399,3.447198,6.756,4.612,0.138,1.189,0.817
400,3.455998,6.205,4.484,0.129,0.882,0.71
401,3.464077,6.389,4.514,0.115,1.099,0.661
402,3.472389,6.4,4.557,0.212,0.965,0.666
403,3.482494,5.992,4.603,0.079,0.608,0.702
404,3.490533,6.174,4.51,0.049,0.992,0.623
405,3.499429,6.108,4.541,0.066,0.72,0.781
406,3.507469,6.27,4.512,0.066,1.045,0.647
407,3.516416,6.147,4.527,0.082,0.783,0.755
408,3.524036,6.605,4.525,0.065,1.491,0.524
409,3.533283,5.97,4.543,0.07,0.7,0.657
410,3.542947,5.982,4.619,0.058,0.636,0.669
411,3.553348,5.866,4.609,0.068,0.577,0.612
412,3.561492,6.117,4.519,0.047,0.856,0.695
413,3.569933,5.834,4.531,0.061,0.732,0.51
414,3.578354,5.857,4.56,0.063,0.616,0.618
415,3.586507,6.048,4.521,0.055,0.836,0.636
416,3.59533,5.882,4.499,0.037,0.611,0.735
417,3.603346,6.141,4.661,0.066,0.878,0.536
418,3.611802,6.113,4.645,0.111,0.843,0.514
419,3.61968,6.367,4.607,0.087,1.357,0.316
420,3.62822,6.057,4.634,0.086,1.119,0.218
421,3.636129,6.474,4.646,0.091,1.537,0.2
422,3.644832,6.053,4.613,0.072,1.201,0.167
423,3.652997,6.279,4.732,0.164,1.131,0.252
424,3.663196,5.726,4.645,0.08,0.787,0.214
425,3.671921,5.823,4.626,0.082,0.909,0.206
426,3.679945,6.099,4.651,0.075,1.197,0.176
427,3.688572,5.833,4.612,0.062,0.945,0.214
428,3.696505,6.236,4.614,0.074,1.332,0.216
429,3.705311,5.751,4.676,0.058,0.809,0.208
430,3.713485,5.909,4.604,0.055,1.04,0.21
431,3.724079,5.682,4.621,0.08,0.768,0.213
432,3.732248,5.806,4.641,0.158,0.837,0.17
433,3.740608,5.814,4.616,0.063,0.919,0.216
434,3.749453,5.531,4.611,0.065,0.653,0.202
435,3.757053,6.305,4.646,0.09,1.357,0.212
436,3.765908,5.762,4.625,0.1,0.847,0.19
437,3.77361,6.41,4.606,0.062,1.505,0.237
438,3.782277,6.046,4.615,0.093,1.157,0.181
439,3.792458,5.506,4.62,0.068,0.605,0.213
440,3.803009,5.684,4.614,0.069,0.796,0.205
441,3.811204,5.815,4.666,0.077,0.882,0.19
442,3.819503,5.838,4.587,0.058,0.998,0.195
443,3.827752,5.933,4.649,0.064,1.022,0.198
444,3.836111,5.931,4.626,0.06,1.015,0.23
445,3.844471,5.883,4.588,0.053,1.032,0.21
446,3.853127,5.781,4.634,0.071,0.877,0.199
447,3.861437,5.812,4.62,0.055,0.916,0.221
448,3.869562,6.008,4.601,0.061,1.142,0.204
449,3.877838,6.066,4.601,0.07,1.201,0.194
450,3.886444,5.983,4.62,0.054,0.908,0.401
451,3.894741,5.869,4.626,0.072,0.934,0.237
452,3.903301,5.624,4.531,0.059,0.804,0.23
453,3.913353,7.418,5.448,0.99,0.766,0.214
454,3.921873,7.27,4.59,0.306,2.094,0.28
455,3.929882,7.634,4.543,0.109,2.685,0.297
456,3.938466,7.29,4.552,0.171,2.356,0.211
457,3.947031,7.092,4.525,0.085,2.253,0.229
458,3.955316,7.097,4.525,0.157,2.204,0.211
459,3.963474,7.31,4.558,0.12,2.408,0.224
460,3.974001,5.75,4.618,0.115,0.745,0.272
461,3.982267,5.757,4.536,0.057,0.919,0.245
462,3.990178,6.158,4.516,0.081,1.365,0.196
463,3.9997,5.577,4.492,0.095,0.786,0.204
464,4.007108,6.509,4.533,0.08,1.677,0.219
465,4.015678,6.273,4.495,0.057,1.478,0.243
466,4.023697,6.559,4.493,0.05,1.792,0.224
467,4.032329,6.251,4.529,0.065,1.457,0.2
468,4.042455,5.64,4.614,0.052,0.715,0.259
469,4.053004,5.801,4.622,0.077,0.882,0.22
470,4.061123,6.014,4.609,0.073,1.112,0.22
471,4.069558,5.889,4.583,0.049,1.032,0.225
472,4.077862,5.931,4.63,0.079,1.014,0.208
473,4.085979,6.117,4.616,0.076,1.247,0.178
474,4.094512,5.949,4.593,0.104,1.052,0.2
475,4.10296,5.82,4.623,0.078,0.924,0.195
476,4.111512,5.622,4.61,0.054,0.758,0.2
477,4.11963,5.851,4.582,0.053,1.002,0.214
478,4.128179,5.888,4.636,0.142,0.807,0.303
479,4.135983,6.35,4.568,0.11,1.444,0.228
480,4.144702,6.047,4.656,0.105,0.973,0.313
481,4.153091,5.911,4.625,0.089,0.959,0.238
482,4.163251,5.745,4.643,0.075,0.813,0.214
483,4.172016,5.791,4.635,0.073,0.865,0.218
484,4.179819,6.313,4.641,0.078,1.393,0.201
485,4.188611,5.884,4.604,0.051,0.968,0.261
486,4.196616,6.233,4.61,0.072,1.288,0.263
487,4.20557,5.734,4.507,0.08,0.791,0.356
488,4.213365,6.183,4.526,0.086,1.313,0.258
489,4.221997,6.107,4.513,0.118,1.147,0.329
490,4.232098,5.893,4.613,0.099,0.887,0.294
491,4.240683,5.827,4.51,0.075,0.865,0.377
492,4.249547,5.595,4.525,0.078,0.754,0.238
493,4.256991,6.459,4.564,0.077,1.604,0.214
494,4.265524,6.238,4.509,0.062,1.461,0.206
495,4.273889,6.206,4.551,0.071,1.387,0.197
496,4.284235,5.677,4.656,0.085,0.745,0.191
497,4.294648,5.713,4.618,0.074,0.828,0.193
498,4.302996,5.695,4.521,0.075,0.908,0.191
499,4.311138,5.883,4.536,0.074,1.085,0.188
500,4.319699,5.673,4.509,0.066,0.883,0.215
501,4.327675,6.046,4.522,0.095,1.22,0.209
502,4.336124,5.971,4.515,0.117,1.081,0.258
503,4.344605,5.877,4.508,0.116,0.941,0.312
504,4.353253,5.85,4.515,0.141,0.882,0.312
505,4.36128,6.136,4.65,0.115,1.077,0.294
506,4.369753,5.997,4.57,0.077,1.056,0.294
507,4.377827,6.22,4.586,0.103,1.27,0.261
508,4.386346,6.055,4.592,0.087,1.104,0.272
509,4.394651,6.117,4.576,0.128,1.107,0.306
510,4.40535,6.358,4.736,0.185,1.165,0.272
511,4.413709,6.534,4.559,0.075,1.449,0.451
512,4.42224,6.306,4.645,0.142,1.098,0.421
513,4.430294,6.5,4.622,0.134,1.408,0.336
514,4.43865,6.576,4.669,0.089,1.387,0.431
515,4.446571,6.81,4.616,0.073,1.862,0.259
516,4.45525,6.42,4.61,0.068,1.459,0.283
517,4.463297,6.724,4.641,0.107,1.744,0.232
518,4.474012,5.797,4.669,0.099,0.813,0.216
519,4.482622,5.587,4.606,0.072,0.698,0.211
520,4.490645,5.896,4.606,0.068,1.013,0.209
521,4.498688,6.218,4.586,0.057,1.322,0.253
522,4.507246,5.951,4.634,0.095,1.049,0.173
523,4.515594,5.935,4.594,0.057,1.074,0.21
524,4.523724,6.134,4.618,0.065,1.253,0.198
525,4.532401,5.785,4.62,0.068,0.906,0.191
526,4.542834,5.575,4.64,0.076,0.658,0.201
527,4.552767,5.61,4.632,0.075,0.707,0.196
528,4.561108,5.653,4.628,0.075,0.751,0.199
529,4.569343,5.73,4.632,0.074,0.846,0.178
530,4.577702,5.71,4.64,0.098,0.802,0.17
531,4.587112,6.46,4.553,0.081,0.68,1.146
532,4.59556,6.116,4.594,0.079,0.664,0.779
533,4.603257,6.56,4.601,0.071,1.284,0.604
534,4.612031,6.232,4.631,0.057,0.827,0.717
535,4.619701,6.735,4.609,0.071,1.511,0.544
536,4.628425,6.491,4.631,0.067,1.097,0.696
537,4.636435,6.685,4.599,0.063,1.452,0.571
538,4.64515,6.401,4.62,0.075,1.048,0.658
539,4.654013,5.892,4.629,0.057,0.604,0.602
540,4.663579,5.88,4.608,0.064,0.595,0.613
541,4.672143,5.818,4.617,0.066,0.567,0.568
542,4.68026,5.817,4.611,0.065,0.79,0.351
543,4.68878,6.115,4.618,0.082,0.672,0.743
544,4.697283,6.018,4.635,0.083,0.557,0.743
545,4.705671,5.817,4.591,0.057,0.554,0.615
546,4.713469,6.261,4.593,0.059,1.087,0.522
547,4.724096,5.893,4.662,0.087,0.593,0.551
548,4.732755,5.987,4.637,0.082,0.65,0.618
549,4.740541,6.42,4.642,0.061,1.19,0.527
550,4.749389,6.056,4.638,0.071,0.682,0.665
551,4.757684,5.974,4.592,0.074,0.766,0.542
552,4.765745,6.193,4.632,0.076,1.001,0.484
553,4.774032,6.253,4.614,0.086,1.062,0.491
554,4.782706,6.064,4.615,0.088,0.723,0.638
555,4.792908,5.919,4.626,0.073,0.641,0.579
556,4.80341,6.038,4.625,0.064,0.624,0.725
557,4.811414,6.173,4.617,0.064,0.962,0.53
558,4.819768,6.143,4.621,0.085,0.936,0.501
559,4.828455,6.16,4.58,0.141,0.712,0.727
560,4.836534,6.292,4.592,0.061,1.009,0.63
561,4.84481,6.256,4.625,0.078,1.034,0.519
562,4.853148,6.418,4.614,0.085,1.039,0.68
563,4.861761,5.975,4.64,0.072,0.73,0.533
564,4.869827,6.254,4.649,0.08,0.99,0.535
565,4.878358,6.074,4.629,0.072,0.813,0.56
566,4.886433,6.266,4.634,0.058,1.066,0.508
567,4.894793,6.27,4.611,0.083,1.061,0.515
568,4.903947,5.9,4.613,0.081,0.556,0.65
569,4.91385,5.89,4.63,0.081,0.635,0.544
570,4.921834,6.261,4.641,0.075,0.971,0.574
571,4.930428,6.004,4.589,0.064,0.765,0.586
572,4.938749,5.973,4.605,0.073,0.76,0.535
573,4.94732,6.008,4.624,0.072,0.613,0.699
574,4.955688,6.097,4.588,0.07,0.79,0.649
575,4.963552,6.427,4.625,0.061,1.223,0.518
576,4.974105,5.79,4.599,0.052,0.598,0.541
577,4.982564,5.732,4.565,0.066,0.625,0.476
578,4.990674,6.034,4.591,0.073,0.827,0.543
579,4.999419,5.979,4.603,0.065,0.603,0.708
580,5.007217,6.379,4.613,0.081,1.134,0.551
581,5.015809,6.084,4.622,0.087,0.863,0.512
582,5.024243,5.94,4.592,0.076,0.794,0.478
583,5.034432,5.836,4.599,0.06,0.549,0.628
584,5.042654,6.004,4.617,0.076,0.806,0.505
585,5.051465,6.167,4.589,0.059,0.806,0.713
586,5.059877,5.979,4.63,0.074,0.683,0.592
587,5.067648,6.464,4.592,0.076,1.29,0.506
588,5.07591,6.626,4.647,0.089,1.293,0.597
589,5.08455,6.327,4.58,0.058,1.07,0.619
590,5.093192,6.078,4.619,0.079,0.825,0.555
591,5.103468,6.034,4.583,0.059,0.588,0.804
592,5.111987,6.217,4.637,0.058,0.763,0.759
593,5.12034,6.033,4.577,0.062,0.8,0.594
594,5.128358,6.147,4.619,0.089,1.065,0.374
595,5.137099,6.032,4.674,0.071,0.665,0.622
596,5.145181,6.303,4.588,0.06,1.006,0.649
597,5.155312,6.403,4.616,0.075,1.025,0.687
598,5.164112,6.903,4.645,0.082,1.257,0.919
599,5.172511,6.729,4.584,0.073,1.255,0.817
600,5.180196,7.254,4.616,0.085,1.87,0.683
601,5.188908,6.809,4.616,0.075,1.493,0.625
602,5.19719,6.859,4.59,0.079,1.568,0.622
603,5.205431,6.988,4.601,0.07,1.648,0.669
604,5.213775,6.887,4.627,0.09,1.612,0.558
605,5.22407,6.049,4.618,0.081,0.697,0.653
606,5.232469,5.979,4.594,0.077,0.752,0.556
607,5.241089,6.185,4.681,0.07,0.811,0.623
608,5.249152,6.379,4.635,0.081,1.126,0.537
609,5.257811,6.311,4.617,0.084,0.824,0.786
610,5.265605,6.631,4.579,0.06,1.402,0.59
611,5.273995,6.643,4.635,0.061,1.287,0.66
612,5.285073,6.295,4.614,0.079,0.797,0.805
613,5.293395,6.128,4.593,0.061,0.833,0.641
614,5.301589,6.447,4.58,0.078,0.99,0.799
615,5.309287,6.888,4.575,0.057,1.625,0.631
616,5.317999,6.547,4.613,0.08,1.212,0.642
617,5.326501,6.399,4.579,0.059,1.078,0.683
618,5.334418,6.724,4.602,0.058,1.468,0.596
619,5.343212,6.296,4.61,0.076,1.005,0.605
620,5.353094,5.965,4.632,0.067,0.73,0.536
621,5.361576,5.751,4.596,0.059,0.762,0.334
622,5.369637,5.967,4.6,0.078,1.033,0.256
623,5.377899,6.042,4.627,0.053,1.076,0.286
624,5.386959,5.796,4.62,0.081,0.852,0.243
625,5.394508,6.558,4.614,0.054,1.644,0.246
626,5.403171,6.264,4.638,0.08,1.286,0.26
627,5.412617,5.483,4.53,0.055,0.642,0.256
628,5.421612,5.446,4.531,0.069,0.615,0.231
629,5.429987,5.439,4.506,0.073,0.642,0.218
630,5.438662,5.416,4.551,0.072,0.588,0.205
631,5.446832,5.566,4.527,0.066,0.772,0.201
632,5.455018,5.736,4.544,0.078,0.9,0.214
633,5.463811,5.342,4.535,0.074,0.538,0.195
634,5.471864,5.618,4.56,0.069,0.793,0.196
635,5.482153,5.542,4.651,0.082,0.599,0.21
636,5.490703,5.38,4.497,0.054,0.554,0.275
637,5.498904,5.45,4.547,0.07,0.634,0.199
638,5.507309,6.143,4.544,0.069,1.314,0.216
639,5.515514,6.302,4.534,0.077,1.452,0.239
640,5.523904,6.256,4.523,0.063,1.408,0.262
641,5.535001,6.404,4.611,0.074,0.677,1.042
642,5.543434,5.907,4.499,0.074,0.681,0.653
643,5.551142,6.552,4.545,0.073,1.261,0.673
644,5.559825,6.298,4.541,0.071,0.921,0.765
645,5.567648,6.712,4.628,0.098,1.327,0.659
646,5.576009,6.41,4.75,0.084,1.183,0.393
647,5.584968,6.153,4.636,0.078,0.68,0.759
648,5.594995,6.069,4.693,0.082,0.653,0.641
649,5.60356,6.098,4.613,0.066,0.798,0.621
650,5.612014,6.171,4.604,0.077,0.683,0.807
651,5.620377,6.013,4.625,0.067,0.643,0.678
652,5.628457,6.209,4.585,0.065,0.938,0.621
653,5.636905,6.127,4.606,0.091,0.798,0.632
654,5.644906,6.391,4.632,0.08,1.089,0.59
655,5.653318,6.327,4.599,0.081,1.061,0.586
656,5.662143,5.992,4.617,0.072,0.557,0.746
657,5.67229,6.151,4.641,0.075,0.627,0.808
658,5.680504,6.127,4.591,0.068,0.799,0.669
659,5.688631,6.21,4.588,0.092,1.006,0.524
660,5.697496,5.788,4.581,0.06,0.594,0.553
661,5.705323,6.255,4.584,0.082,1.095,0.494
662,5.714174,5.957,4.578,0.07,0.582,0.727
663,5.723947,5.883,4.736,0.078,0.583,0.486
664,5.732335,5.932,4.633,0.072,0.625,0.602
665,5.740726,5.956,4.625,0.085,0.713,0.533
666,5.749382,6.089,4.655,0.078,0.822,0.534
667,5.757353,6.59,4.612,0.066,1.227,0.685
668,5.765978,6.293,4.622,0.087,0.925,0.659
669,5.77449,6.034,4.589,0.062,0.782,0.601
670,5.782605,6.278,4.585,0.064,1.002,0.627
671,5.793234,5.977,4.591,0.102,0.654,0.63
672,5.803095,5.963,4.647,0.093,0.622,0.601
673,5.811598,6.067,4.591,0.061,0.754,0.661
674,5.820157,6.062,4.613,0.088,0.6,0.761
675,5.828266,6.178,4.611,0.084,0.837,0.646
676,5.83663,6.03,4.577,0.085,0.837,0.531
677,5.844872,6.212,4.622,0.092,0.87,0.628
678,5.853577,5.795,4.608,0.085,0.617,0.485
679,5.861974,6.081,4.622,0.074,0.648,0.737
680,5.869892,6.489,4.619,0.072,1.071,0.727
681,5.878253,6.38,4.623,0.087,1.033,0.637
682,5.887164,5.877,4.618,0.077,0.647,0.535
683,5.894915,6.518,4.611,0.073,1.243,0.591
684,5.903486,6.186,4.613,0.074,0.995,0.504
685,5.913617,5.921,4.596,0.083,0.645,0.597
686,5.922212,6.105,4.576,0.074,0.815,0.64
687,5.930945,5.869,4.624,0.084,0.622,0.539
688,5.938652,6.435,4.646,0.073,1.216,0.5
689,5.947731,5.888,4.623,0.082,0.615,0.568
690,5.955412,6.491,4.607,0.067,1.287,0.53
691,5.964073,6.349,4.624,0.081,0.939,0.705
692,5.974046,5.999,4.612,0.074,0.576,0.737
693,5.982436,6.011,4.587,0.06,0.806,0.558
694,5.990967,5.994,4.623,0.078,0.668,0.625
695,5.999065,6.136,4.623,0.08,0.905,0.528
696,6.007198,6.347,4.596,0.091,1.121,0.539
697,6.016012,6.053,4.618,0.065,0.629,0.741
698,6.024951,6.091,4.615,0.074,0.583,0.819
699,6.035016,5.887,4.618,0.086,0.595,0.588
700,6.044566,5.573,4.578,0.063,0.635,0.297
701,6.052651,5.76,4.641,0.077,0.824,0.218
702,6.061301,5.438,4.603,0.081,0.576,0.178
703,6.069537,5.594,4.595,0.063,0.71,0.226
704,6.077789,5.656,4.621,0.081,0.759,0.195
705,6.086468,5.552,4.632,0.059,0.633,0.228
706,6.094508,5.859,4.597,0.06,0.964,0.238
707,6.103129,5.598,4.604,0.079,0.668,0.247
708,6.111094,5.889,4.651,0.084,0.99,0.164
709,6.119687,5.729,4.643,0.085,0.801,0.2
710,6.128105,5.734,4.627,0.08,0.855,0.172
711,6.136323,5.908,4.62,0.058,0.979,0.251
712,6.144838,5.691,4.586,0.071,0.83,0.204
713,6.152972,5.898,4.636,0.081,0.979,0.202
714,6.16152,5.681,4.651,0.102,0.722,0.206
715,6.171998,5.521,4.643,0.091,0.602,0.185
716,6.180405,5.669,4.598,0.063,0.793,0.215
717,6.188625,5.77,4.588,0.074,0.917,0.191
718,6.197113,5.659,4.586,0.057,0.767,0.249
719,6.20516,5.918,4.589,0.07,1.048,0.211
720,6.21571,5.477,4.634,0.098,0.568,0.177
721,6.223535,5.994,4.589,0.061,1.13,0.214
722,6.232342,5.509,4.659,0.061,0.58,0.209
723,6.240143,6.064,4.623,0.088,1.158,0.195
724,6.248822,5.682,4.642,0.094,0.787,0.159
725,6.256878,5.975,4.657,0.075,1.055,0.188
726,6.26545,5.754,4.61,0.064,0.858,0.222
727,6.273961,5.552,4.607,0.077,0.682,0.186
728,6.282358,5.66,4.62,0.069,0.607,0.364
729,6.293182,5.467,4.624,0.089,0.547,0.207
730,6.302742,5.503,4.628,0.08,0.569,0.226
731,6.311267,5.498,4.629,0.1,0.572,0.197
732,6.319636,5.588,4.631,0.086,0.627,0.244
733,6.327868,5.735,4.647,0.078,0.811,0.199
734,6.336422,5.668,4.581,0.066,0.825,0.196
735,6.344482,5.947,4.583,0.067,1.095,0.202
736,6.353062,5.739,4.653,0.081,0.781,0.224
737,6.361351,5.759,4.641,0.075,0.835,0.208
738,6.369682,5.755,4.636,0.078,0.845,0.196
739,6.377994,5.798,4.633,0.084,0.867,0.214
740,6.386888,6.266,4.622,0.088,0.595,0.961
741,6.395059,6.179,4.602,0.086,0.818,0.673
742,6.405628,5.994,4.572,0.066,0.806,0.55
743,6.413784,6.506,4.64,0.085,0.91,0.871
744,6.422358,6.251,4.623,0.062,0.865,0.701
745,6.430704,6.143,4.61,0.092,0.858,0.583
746,6.439049,6.227,4.627,0.089,0.828,0.683
747,6.446782,6.682,4.631,0.076,1.435,0.54
748,6.455417,6.32,4.592,0.065,1.165,0.498
749,6.463865,6.572,4.577,0.073,1.07,0.852
750,6.474557,5.969,4.605,0.068,0.709,0.587
751,6.482626,6.26,4.586,0.078,0.994,0.602
752,6.490454,6.691,4.68,0.063,1.407,0.541
753,6.49914,6.364,4.612,0.082,1.123,0.547
754,6.508074,5.845,4.618,0.084,0.558,0.585
755,6.515792,6.632,4.632,0.077,1.164,0.759
756,6.524117,6.524,4.614,0.079,1.187,0.644
757,6.532493,6.359,4.599,0.064,1.159,0.537
758,6.542899,6.056,4.651,0.076,0.772,0.557
759,6.553386,5.825,4.619,0.062,0.577,0.567
760,6.561546,6.105,4.593,0.074,0.781,0.657
761,6.570073,6.086,4.604,0.106,0.636,0.74
762,6.578164,6.238,4.613,0.086,0.896,0.643
763,6.586497,6.186,4.597,0.063,0.917,0.609
764,6.594838,6.151,4.633,0.082,0.874,0.562
765,6.603456,5.846,4.592,0.061,0.649,0.544
766,6.611696,6.144,4.581,0.081,0.757,0.725
767,6.620306,6.011,4.584,0.084,0.558,0.785
768,6.628338,6.099,4.655,0.065,0.814,0.565
769,6.636432,6.341,4.587,0.065,1.128,0.561
770,6.644818,6.281,4.636,0.083,1.022,0.54
771,6.653381,6.029,4.609,0.06,0.817,0.543
772,6.664223,6.033,4.645,0.084,0.682,0.622
773,6.672317,6.401,4.599,0.077,0.981,0.744
774,6.68048,6.402,4.638,0.063,1.11,0.591
775,6.688889,6.352,4.628,0.076,1.046,0.602
776,6.696781,6.782,4.667,0.077,1.447,0.591
777,6.70572,6.171,4.601,0.073,0.906,0.591
778,6.713943,6.413,4.67,0.071,0.972,0.7
779,6.722266,6.429,4.589,0.074,1.044,0.722
780,6.732384,5.87,4.615,0.058,0.566,0.631
781,6.74121,5.851,4.607,0.108,0.626,0.51
782,6.749398,6.024,4.611,0.061,0.798,0.554
783,6.757392,6.356,4.594,0.052,1.155,0.555
784,6.765704,6.314,4.599,0.071,1.172,0.472
785,6.774273,6.251,4.632,0.111,0.878,0.63
786,6.782722,6.065,4.626,0.077,0.791,0.571
787,6.793055,5.88,4.627,0.089,0.62,0.544
788,6.803387,5.805,4.603,0.076,0.592,0.534
789,6.811615,6.159,4.6,0.103,0.825,0.631
790,6.820004,6.141,4.595,0.079,0.81,0.657
791,6.828284,6.112,4.646,0.066,0.81,0.59
792,6.836426,6.216,4.629,0.061,1.02,0.506
793,6.844753,6.251,4.621,0.091,1.034,0.505
794,6.853236,6.068,4.599,0.083,0.904,0.482
795,6.861898,6.059,4.607,0.075,0.611,0.766
796,6.870105,6.116,4.636,0.076,0.712,0.692
797,6.878247,6.213,4.638,0.082,0.9,0.593
798,6.886477,6.232,4.623,0.058,1.02,0.531
799,6.895095,6.009,4.575,0.118,0.752,0.564
800,6.903414,5.945,4.651,0.083,0.713,0.498
801,6.91346,5.729,4.598,0.072,0.662,0.397
802,6.922562,5.93,4.604,0.087,0.604,0.635
803,6.930784,6.005,4.612,0.094,0.703,0.596
804,6.938714,6.371,4.63,0.078,1.103,0.56
805,6.947306,6.119,4.629,0.062,0.843,0.585
806,6.955316,6.405,4.63,0.062,1.167,0.546
807,6.963939,6.233,4.647,0.075,0.859,0.652
808,6.97423,5.914,4.615,0.084,0.564,0.651
809,6.982286,6.114,4.621,0.071,0.836,0.586
810,6.990964,6.079,4.737,0.103,0.627,0.612
811,6.999318,5.946,4.589,0.071,0.776,0.51
812,7.007508,6.277,4.571,0.071,0.94,0.695
813,7.015934,6.152,4.633,0.067,0.785,0.667
814,7.024153,6.32,4.615,0.084,0.911,0.71
815,7.034965,5.932,4.604,0.064,0.596,0.668
816,7.042967,6.228,4.603,0.066,0.936,0.623
817,7.051127,6.334,4.6,0.094,1.088,0.552
818,7.059324,6.327,4.621,0.067,1.222,0.417
819,7.068216,6.047,4.639,0.083,0.645,0.68
820,7.076288,6.328,4.579,0.061,0.969,0.719
821,7.084562,6.256,4.582,0.058,1.027,0.589
822,7.093061,6.151,4.604,0.076,0.835,0.636
823,7.103182,5.898,4.599,0.062,0.632,0.605
824,7.112281,5.963,4.618,0.078,0.621,0.646
825,7.12006,6.597,4.607,0.074,1.191,0.725
826,7.128381,6.492,4.605,0.06,1.201,0.626
827,7.136782,6.385,4.596,0.073,1.143,0.573
828,7.145052,6.444,4.615,0.085,1.185,0.559
829,7.153337,6.454,4.641,0.066,1.211,0.536
830,7.161988,6.322,4.602,0.067,0.93,0.723
831,7.171715,6.014,4.609,0.075,0.611,0.719
832,7.180544,5.838,4.595,0.06,0.594,0.589
833,7.188426,6.238,4.655,0.06,0.984,0.539
834,7.197125,6.017,4.591,0.078,0.794,0.554
835,7.205816,6.005,4.592,0.067,0.62,0.726
836,7.213887,6.266,4.613,0.053,0.857,0.743
837,7.222384,6.049,4.615,0.062,0.698,0.674
838,7.232238,5.928,4.605,0.088,0.639,0.596
839,7.240709,5.84,4.624,0.073,0.632,0.511
840,7.249208,5.881,4.624,0.076,0.642,0.539
841,7.257265,6.235,4.631,0.068,0.913,0.623
842,7.265807,6.033,4.614,0.076,0.721,0.622
843,7.274646,5.983,4.609,0.077,0.625,0.672
844,7.28262,6.254,4.578,0.068,1.019,0.589
845,7.292977,5.861,4.584,0.089,0.615,0.573
846,7.300994,6.134,4.6,0.079,0.915,0.54
847,7.309589,6.182,4.613,0.076,0.85,0.643
848,7.317949,6.114,4.616,0.079,0.821,0.598
849,7.326227,6.266,4.615,0.081,0.879,0.691
850,7.334845,6.216,4.621,0.094,0.863,0.638
851,7.342731,6.611,4.625,0.079,1.316,0.591
852,7.353354,5.944,4.598,0.057,0.723,0.566
853,7.362234,6.094,4.593,0.058,0.825,0.618
854,7.370096,6.624,4.634,0.084,1.252,0.654
855,7.378643,6.449,4.629,0.066,1.052,0.702
856,7.386561,6.778,4.575,0.054,1.523,0.626
857,7.394734,6.672,4.573,0.064,1.677,0.358
858,7.403218,6.745,4.637,0.086,1.464,0.558
859,7.411973,6.438,4.603,0.057,1.082,0.696
860,7.421854,5.972,4.641,0.071,0.711,0.549
861,7.432459,6.182,4.585,0.058,0.803,0.736
862,7.440588,6.21,4.608,0.127,0.945,0.53
863,7.448745,6.087,4.583,0.082,1.176,0.246
864,7.457688,6.529,4.528,0.11,0.806,1.085
865,7.465856,6.416,4.622,0.136,0.838,0.82
866,7.473787,6.466,4.624,0.122,1.261,0.459
867,7.481943,6.472,4.637,0.079,1.465,0.291
868,7.490409,6.262,4.608,0.064,1.359,0.231
869,7.498711,6.284,4.626,0.153,1.299,0.206
870,7.506893,6.415,4.641,0.113,1.476,0.185
871,7.515457,6.263,4.624,0.231,1.116,0.292
872,7.524143,5.989,4.555,0.103,0.978,0.353
873,7.534276,6.009,4.618,0.129,0.774,0.488
874,7.542633,5.76,4.535,0.087,0.898,0.24
875,7.550645,6.063,4.538,0.097,1.209,0.219
876,7.559323,5.721,4.548,0.093,0.856,0.224
877,7.567787,5.597,4.562,0.074,0.726,0.235
878,7.575722,6.0,4.551,0.07,1.13,0.249
879,7.584287,5.758,4.536,0.068,0.919,0.235
880,7.594636,5.702,4.68,0.074,0.722,0.226
881,7.602893,5.757,4.543,0.073,0.932,0.209
882,7.611511,5.58,4.507,0.091,0.687,0.295
883,7.619457,5.837,4.52,0.066,1.06,0.191
884,7.628197,5.57,4.543,0.077,0.708,0.242
885,7.63624,5.835,4.515,0.085,1.026,0.209
886,7.64482,5.654,4.493,0.138,0.826,0.197
887,7.652799,6.061,4.513,0.136,1.159,0.253
888,7.663375,5.6,4.569,0.087,0.699,0.245
889,7.673773,5.762,4.564,0.156,0.777,0.265
890,7.681956,5.948,4.584,0.113,0.951,0.3
891,7.690247,5.973,4.553,0.082,1.046,0.292
892,7.698848,5.88,4.615,0.123,0.86,0.282
893,7.706937,6.092,4.628,0.193,1.009,0.262
894,7.715315,6.088,4.577,0.096,1.113,0.302
895,7.723627,6.355,4.693,0.299,1.082,0.281
896,7.731992,6.358,4.58,0.06,1.413,0.305
897,7.740653,6.002,4.573,0.095,1.078,0.256
898,7.748727,6.289,4.666,0.142,1.192,0.289
899,7.757875,6.802,4.608,0.223,0.98,0.991
900,7.765828,7.049,4.643,0.167,1.393,0.846
901,7.774275,6.813,4.615,0.218,1.235,0.745
902,7.783349,6.387,4.605,0.129,0.833,0.82
903,7.793194,6.267,4.646,0.142,0.799,0.68
904,7.80124,6.642,4.626,0.13,1.132,0.754
905,7.809652,6.552,4.632,0.14,1.034,0.746
906,7.817556,6.86,4.495,0.115,1.624,0.626
907,7.826107,6.705,4.514,0.175,1.322,0.694
908,7.834611,6.523,4.49,0.126,1.226,0.681
909,7.843241,6.172,4.516,0.174,0.856,0.626
910,7.853626,6.31,4.587,0.212,0.727,0.784
911,7.861642,6.524,4.487,0.145,1.218,0.674
912,7.870097,6.317,4.53,0.151,1.04,0.596
913,7.87894,6.136,4.528,0.232,0.638,0.738
914,7.886811,6.533,4.491,0.139,1.23,0.673
915,7.894849,6.77,4.5,0.141,1.51,0.619
916,7.903524,6.598,4.478,0.166,1.167,0.787
917,7.914054,6.008,4.612,0.148,0.619,0.629
918,7.924115,6.651,4.579,0.207,1.201,0.664
919,7.932626,6.724,4.479,0.176,1.144,0.925
920,7.940886,6.661,4.55,0.141,1.188,0.782
921,7.949115,6.798,4.534,0.13,1.326,0.808
922,7.957626,6.619,4.495,0.166,1.144,0.814
923,7.965512,6.937,4.487,0.143,1.618,0.689
924,7.974045,6.792,4.632,0.148,1.272,0.74
925,7.982535,6.703,4.6,0.166,1.162,0.775
926,7.991168,6.558,4.578,0.179,0.99,0.811
927,7.999787,6.587,4.624,0.186,0.969,0.808
928,8.007735,6.911,4.645,0.164,1.353,0.749
929,8.016241,6.818,4.618,0.172,1.205,0.823
930,8.024244,7.062,4.633,0.138,1.559,0.732
931,8.032706,6.997,4.62,0.185,1.39,0.802
932,8.043135,6.807,4.601,0.206,1.169,0.831
933,8.051265,6.977,4.605,0.201,1.375,0.796
934,8.0595,7.024,4.593,0.172,1.512,0.747
935,8.06818,6.696,4.617,0.171,1.143,0.765
936,8.076622,6.591,4.611,0.182,1.029,0.769
937,8.085082,6.685,4.583,0.148,1.069,0.885
938,8.093753,6.643,4.61,0.186,1.109,0.738
939,8.103182,6.247,4.589,0.202,1.053,0.403
940,8.111675,6.596,4.584,0.157,1.001,0.854
941,8.120212,6.361,4.528,0.24,0.767,0.826
942,8.128555,6.253,4.507,0.217,0.798,0.731
943,8.136831,6.379,4.526,0.158,0.902,0.793
944,8.144833,6.561,4.531,0.148,1.24,0.642
945,8.15335,6.549,4.543,0.194,0.986,0.826
946,8.162006,6.153,4.54,0.175,0.697,0.741
947,8.171868,5.993,4.596,0.152,0.615,0.63
948,8.180417,5.885,4.509,0.193,0.612,0.571
949,8.18866,6.054,4.494,0.14,0.773,0.647
950,8.197201,6.031,4.529,0.161,0.602,0.739
951,8.205624,6.452,4.497,0.161,1.173,0.621
952,8.214084,6.599,4.487,0.148,1.063,0.901
953,8.224326,6.653,4.621,0.155,1.086,0.791
954,8.232286,6.991,4.525,0.178,1.528,0.76
955,8.241129,6.654,4.494,0.165,1.058,0.937
956,8.249185,6.446,4.51,0.18,1.306,0.45
957,8.257398,6.868,4.519,0.15,1.452,0.747
958,8.266097,6.722,4.517,0.173,1.074,0.958
959,8.274086,6.827,4.619,0.13,1.36,0.718
960,8.282664,6.69,4.596,0.168,1.095,0.831
961,8.293088,6.698,4.608,0.15,1.076,0.864
962,8.301264,6.8,4.582,0.157,1.256,0.805
963,8.309462,6.89,4.579,0.139,1.419,0.753
964,8.318192,6.524,4.583,0.148,1.001,0.792
965,8.326568,6.477,4.6,0.14,0.983,0.754
966,8.334541,6.894,4.585,0.14,1.363,0.806
967,8.343636,6.442,4.621,0.145,0.969,0.707
968,8.353491,6.599,4.581,0.133,1.025,0.86
969,8.361717,6.624,4.652,0.151,1.043,0.778
970,8.370263,6.552,4.594,0.165,1.012,0.781
971,8.378425,6.732,4.583,0.134,1.228,0.787
972,8.386561,7.01,4.585,0.174,1.384,0.867
973,8.395512,6.579,4.559,0.094,0.846,1.08
974,8.406377,6.704,4.618,0.151,1.074,0.861
975,8.413766,7.562,4.624,0.143,2.023,0.772
976,8.422577,7.006,4.495,0.166,1.652,0.693
977,8.431091,7.003,4.539,0.17,1.424,0.87
978,8.439208,7.28,4.487,0.149,1.708,0.936
979,8.447592,7.113,4.496,0.141,1.654,0.822
980,8.455652,7.322,4.489,0.15,1.929,0.754
981,8.464062,7.353,4.563,0.161,1.773,0.856
982,8.472528,7.151,4.506,0.162,1.694,0.789
983,8.482454,6.653,4.613,0.158,1.004,0.878
984,8.491173,6.615,4.526,0.152,1.044,0.893
985,8.499621,6.434,4.496,0.139,0.98,0.819
986,8.507536,6.826,4.51,0.149,1.375,0.792
987,8.516188,6.608,4.54,0.146,1.027,0.895
988,8.524132,6.961,4.532,0.152,1.419,0.858
989,8.532706,6.66,4.497,0.165,1.203,0.795
990,8.543074,6.305,4.592,0.087,0.772,0.854
991,8.553575,6.529,4.583,0.148,0.954,0.844
992,8.562055,6.528,4.534,0.142,0.981,0.871
993,8.570133,6.789,4.66,0.223,1.059,0.847
994,8.578333,6.906,4.587,0.182,1.31,0.827
995,8.586538,7.024,4.595,0.211,1.398,0.82
996,8.595382,6.668,4.599,0.198,1.05,0.821
997,8.603461,6.929,4.621,0.231,1.238,0.839
998,8.611545,6.745,4.58,0.23,1.535,0.4
999,8.61967,7.302,4.586,0.15,1.837,0.729
1000,8.628386,6.925,4.586,0.159,1.439,0.741
1001,8.636782,6.81,4.639,0.246,1.222,0.703
1002,8.645158,6.992,4.623,0.19,1.259,0.92
1003,8.653535,6.692,4.589,0.137,1.308,0.658
1004,8.664042,6.344,4.649,0.146,0.833,0.716
1005,8.672154,6.569,4.634,0.235,0.976,0.724
1006,8.680435,6.574,4.58,0.153,1.175,0.666
1007,8.688605,6.598,4.639,0.193,1.237,0.529
1008,8.696372,6.842,4.589,0.088,1.905,0.26
1009,8.705165,6.423,4.628,0.069,1.405,0.321
1010,8.713097,6.777,4.653,0.067,1.777,0.28
1011,8.721774,6.455,4.548,0.069,1.545,0.293
1012,8.73206,5.717,4.652,0.065,0.711,0.289
1013,8.740657,5.615,4.505,0.114,0.735,0.261
1014,8.748715,5.854,4.511,0.071,1.005,0.267
1015,8.757209,5.69,4.549,0.066,0.805,0.27
1016,8.765158,6.097,4.514,0.086,1.229,0.268
1017,8.773601,5.985,4.504,0.073,1.127,0.281
1018,8.784209,5.579,4.629,0.102,0.624,0.224
1019,8.794384,5.626,4.616,0.117,0.634,0.259
1020,8.802679,5.631,4.49,0.111,0.795,0.235
1021,8.811216,5.519,4.538,0.096,0.638,0.247
1022,8.819448,5.709,4.603,0.066,0.752,0.288
1023,8.82784,5.66,4.569,0.073,0.731,0.287
1024,8.836011,5.807,4.553,0.2,0.822,0.232
1025,8.844367,5.766,4.536,0.186,0.841,0.203
1026,8.852675,5.841,4.509,0.108,0.955,0.269
1027,8.861419,5.463,4.499,0.078,0.599,0.287
1028,8.869086,6.148,4.606,0.072,1.163,0.307
1029,8.878087,5.658,4.585,0.08,0.733,0.26
1030,8.886049,6.03,4.634,0.075,1.06,0.261
1031,8.894764,5.747,4.609,0.101,0.752,0.285
1032,8.903284,5.698,4.614,0.078,0.752,0.254
1033,8.91143,5.91,4.596,0.068,0.957,0.289
1034,8.921858,5.712,4.614,0.081,0.761,0.256
1035,8.929925,5.993,4.598,0.071,1.045,0.279
1036,8.938506,5.789,4.639,0.122,0.813,0.215
1037,8.94631,6.326,4.596,0.077,1.387,0.266
1038,8.955106,5.892,4.59,0.072,0.933,0.297
1039,8.963101,6.209,4.638,0.09,1.221,0.26
1040,8.973967,5.7,4.598,0.077,0.755,0.27
1041,8.981892,6.132,4.612,0.069,1.151,0.3
1042,8.990278,6.039,4.629,0.079,1.081,0.25
1043,8.998891,5.789,4.624,0.078,0.808,0.279
1044,9.006774,6.216,4.61,0.069,1.278,0.259
1045,9.015469,5.868,4.587,0.062,0.939,0.28
1046,9.023538,6.111,4.508,0.068,1.278,0.257
1047,9.032211,5.776,4.542,0.089,0.906,0.239
1048,9.042299,5.715,4.631,0.094,0.767,0.223
1049,9.050704,5.697,4.632,0.074,0.717,0.274
1050,9.059315,5.491,4.503,0.092,0.681,0.215
1051,9.067212,5.963,4.5,0.079,1.118,0.266
1052,9.075675,5.812,4.535,0.065,0.953,0.259
1053,9.083784,6.047,4.502,0.116,1.211,0.218
1054,9.092662,5.623,4.506,0.121,0.793,0.203
1055,9.103269,5.817,4.643,0.083,0.861,0.23
1056,9.11131,6.102,4.512,0.092,1.293,0.205
1057,9.119495,6.272,4.516,0.069,1.441,0.246
1058,9.127928,6.18,4.525,0.08,1.335,0.24
1059,9.13643,5.997,4.536,0.128,1.121,0.212
1060,9.144391,6.33,4.565,0.107,1.485,0.173
1061,9.153115,5.985,4.542,0.085,1.133,0.225
1062,9.163413,5.745,4.609,0.083,0.846,0.207
1063,9.171442,6.052,4.62,0.076,1.139,0.217
1064,9.180075,5.752,4.605,0.072,0.856,0.219
1065,9.188426,5.891,4.603,0.098,0.98,0.21
1066,9.197006,5.803,4.662,0.088,0.839,0.214
1067,9.205062,6.059,4.625,0.064,1.159,0.211
1068,9.213249,6.193,4.596,0.165,1.25,0.182
1069,9.221887,5.917,4.642,0.105,0.967,0.203
1070,9.231909,5.767,4.631,0.117,0.812,0.207
1071,9.240139,5.877,4.624,0.083,0.956,0.214
1072,9.249048,5.608,4.626,0.092,0.684,0.206
1073,9.257097,5.874,4.641,0.089,0.962,0.182
1074,9.265534,5.766,4.612,0.089,0.88,0.185
1075,9.274173,5.494,4.634,0.09,0.581,0.189
1076,9.282039,5.972,4.642,0.098,1.015,0.217
1077,9.292677,5.518,4.607,0.081,0.666,0.164
1078,9.300583,5.974,4.725,0.08,0.979,0.19
1079,9.309031,5.872,4.623,0.075,0.967,0.207
1080,9.317217,5.978,4.64,0.074,1.09,0.174
1081,9.326012,5.548,4.525,0.089,0.748,0.186
1082,9.334085,5.775,4.539,0.086,0.986,0.164
1083,9.34265,5.56,4.505,0.085,0.785,0.185
1084,9.351443,5.358,4.496,0.06,0.61,0.192
1085,9.360958,5.49,4.518,0.071,0.704,0.197
1086,9.369611,5.492,4.507,0.078,0.728,0.179
1087,9.378134,5.479,4.544,0.072,0.675,0.188
1088,9.385976,5.986,4.558,0.091,1.144,0.193
1089,9.39438,5.891,4.508,0.065,1.127,0.191
1090,9.402836,5.771,4.562,0.068,0.948,0.193
1091,9.411254,5.676,4.525,0.071,0.902,0.178
1092,9.421811,5.471,4.587,0.091,0.615,0.178
1093,9.431878,5.592,4.685,0.065,0.651,0.191
1094,9.440221,5.538,4.548,0.083,0.76,0.147
1095,9.448557,5.58,4.515,0.077,0.8,0.188
1096,9.456778,5.709,4.546,0.072,0.88,0.211
1097,9.465358,5.443,4.531,0.075,0.656,0.181
1098,9.474044,5.485,4.65,0.069,0.578,0.188
1099,9.481829,6.042,4.646,0.091,1.129,0.176
1100,9.490371,5.86,4.604,0.063,0.966,0.227
1101,9.49873,5.811,4.628,0.076,0.916,0.191
1102,9.507359,5.504,4.591,0.057,0.652,0.204
1103,9.515406,5.793,4.584,0.054,0.951,0.204
1104,9.523568,5.968,4.585,0.056,1.121,0.206
1105,9.532101,5.808,4.632,0.096,0.863,0.217
1106,9.542711,5.585,4.623,0.081,0.682,0.199
1107,9.550836,5.777,4.671,0.097,0.824,0.185
1108,9.559095,5.837,4.604,0.074,0.985,0.174
1109,9.567456,5.825,4.704,0.059,0.856,0.206
1110,9.575677,5.93,4.658,0.067,1.015,0.19
1111,9.584193,5.706,4.665,0.07,0.819,0.152
1112,9.594695,5.739,4.651,0.085,0.813,0.19
1113,9.602772,5.979,4.631,0.082,1.096,0.17
1114,9.611242,5.82,4.677,0.062,0.909,0.172
1115,9.619841,5.698,4.636,0.074,0.807,0.181
1116,9.627796,6.081,4.641,0.069,1.181,0.19
1117,9.636308,5.912,4.627,0.063,1.014,0.208
1118,9.644193,6.333,4.633,0.088,1.458,0.154
1119,9.652973,5.91,4.629,0.077,1.015,0.189
1120,9.663489,5.69,4.599,0.059,0.819,0.213
1121,9.671641,5.848,4.642,0.077,0.959,0.17
1122,9.682039,5.595,4.637,0.075,0.698,0.185
1123,9.690175,5.779,4.602,0.095,0.927,0.155
1124,9.698559,5.747,4.588,0.08,0.896,0.183
1125,9.70663,6.013,4.619,0.068,1.129,0.197
1126,9.715207,5.752,4.608,0.077,0.889,0.178
1127,9.723643,5.659,4.638,0.083,0.765,0.173
1128,9.731984,5.658,4.602,0.065,0.792,0.199
1129,9.740997,5.701,4.592,0.101,0.822,0.186
1130,9.748579,6.474,4.592,0.088,1.588,0.206
1131,9.757023,6.358,4.627,0.087,1.443,0.201
1132,9.765475,6.22,4.587,0.055,1.362,0.216
1133,9.773539,6.479,4.511,0.06,1.704,0.204
1134,9.782119,6.225,4.543,0.069,1.426,0.187
1135,9.792483,5.661,4.599,0.063,0.808,0.191
1136,9.800445,6.039,4.51,0.067,1.263,0.199
1137,9.809253,5.562,4.543,0.072,0.76,0.187
1138,9.817596,5.554,4.532,0.06,0.76,0.202
1139,9.825641,5.841,4.536,0.077,1.041,0.187
1140,9.834361,5.458,4.533,0.062,0.657,0.206
1141,9.842846,5.47,4.541,0.069,0.664,0.196
1142,9.852727,5.607,4.665,0.1,0.653,0.189
1143,9.861065,5.62,4.544,0.077,0.781,0.218
1144,9.86956,5.425,4.514,0.076,0.65,0.185
1145,9.877663,5.664,4.511,0.073,0.883,0.197
1146,9.886083,5.673,4.616,0.074,0.791,0.192
1147,9.894245,5.844,4.546,0.077,1.036,0.185
1148,9.902962,5.495,4.517,0.076,0.714,0.188
1149,9.91168,5.483,4.501,0.082,0.713,0.187
1150,9.921857,5.792,4.637,0.084,0.883,0.188
1151,9.931845,5.764,4.642,0.092,0.84,0.19
1152,9.94005,5.893,4.588,0.086,1.029,0.19
1153,9.948549,5.772,4.594,0.067,0.9,0.211
1154,9.956783,5.865,4.607,0.077,0.987,0.194
1155,9.965444,5.606,4.603,0.067,0.725,0.211
1156,9.973679,5.722,4.641,0.08,0.82,0.181
1157,9.981818,5.929,4.625,0.087,1.037,0.18
1158,9.991114,5.459,4.589,0.087,0.617,0.166
1159,9.998665,6.249,4.644,0.084,1.345,0.176
1160,10.007168,6.08,4.592,0.079,1.225,0.184
1161,10.015028,6.54,4.589,0.077,1.704,0.17
1162,10.023511,6.428,4.608,0.104,1.514,0.202
1163,10.033685,5.686,4.668,0.094,0.781,0.143
1164,10.042413,5.669,4.602,0.063,0.791,0.213
1165,10.050361,6.049,4.59,0.072,1.189,0.198
1166,10.059178,5.893,4.595,0.077,1.023,0.198
1167,10.06789,5.781,4.63,0.099,0.849,0.203
1168,10.075721,6.276,4.623,0.091,1.362,0.2
1169,10.084351,5.974,4.594,0.072,1.1,0.208
1170,10.092653,6.008,4.644,0.073,1.079,0.212
1171,10.102598,5.566,4.638,0.104,0.639,0.185
1172,10.111082,5.698,4.593,0.079,0.823,0.203
1173,10.119792,5.74,4.615,0.096,0.836,0.193
1174,10.127618,6.254,4.635,0.082,1.334,0.203
1175,10.13611,6.075,4.642,0.091,1.168,0.174
1176,10.144621,5.914,4.636,0.091,0.995,0.192
1177,10.152681,6.181,4.639,0.075,1.267,0.2
1178,10.16334,5.5,4.598,0.063,0.617,0.222
1179,10.173631,5.598,4.664,0.047,0.672,0.215
1180,10.181928,5.72,4.619,0.061,0.813,0.227
1181,10.18998,5.998,4.605,0.09,1.11,0.193
1182,10.198474,5.827,4.616,0.064,0.937,0.21
1183,10.206672,5.958,4.65,0.072,1.037,0.199
1184,10.215445,5.567,4.608,0.052,0.689,0.218
1185,10.223315,6.017,4.618,0.063,1.147,0.189
1186,10.232175,5.636,4.596,0.075,0.748,0.217
1187,10.240695,5.691,4.63,0.083,0.789,0.189
1188,10.248878,5.859,4.592,0.082,0.979,0.206
1189,10.257261,5.772,4.591,0.06,0.936,0.185
1190,10.26534,6.043,4.604,0.058,1.172,0.209
1191,10.273812,5.89,4.589,0.077,1.049,0.175
1192,10.283868,5.669,4.626,0.088,0.763,0.192
1193,10.292386,5.613,4.588,0.08,0.773,0.172
1194,10.300835,5.704,4.618,0.093,0.793,0.2
1195,10.309443,5.579,4.603,0.068,0.685,0.223
1196,10.317101,6.231,4.585,0.085,1.375,0.186
1197,10.325898,5.77,4.605,0.069,0.89,0.206
1198,10.334305,5.718,4.622,0.062,0.821,0.213
1199,10.342659,5.691,4.695,0.096,0.726,0.174
1200,10.352662,5.556,4.644,0.081,0.639,0.192
1201,10.361224,5.379,4.577,0.089,0.566,0.147
1202,10.369389,5.607,4.614,0.069,0.704,0.22
1203,10.377789,5.533,4.655,0.093,0.586,0.199
1204,10.385981,5.773,4.643,0.077,0.825,0.228
1205,10.394325,5.731,4.613,0.07,0.843,0.205
1206,10.402806,5.727,4.641,0.09,0.795,0.201
1207,10.411689,5.543,4.626,0.102,0.635,0.18
1208,10.421844,5.721,4.666,0.076,0.773,0.206
1209,10.431843,5.58,4.638,0.085,0.682,0.175
1210,10.439868,5.906,4.68,0.072,0.947,0.207
1211,10.448683,5.733,4.631,0.083,0.827,0.192
1212,10.456796,5.94,4.61,0.095,1.058,0.177
1213,10.465172,5.892,4.595,0.075,1.039,0.183
1214,10.474306,5.516,4.623,0.043,0.64,0.21
1215,10.481918,6.27,4.618,0.081,1.372,0.199
1216,10.490826,5.68,4.643,0.078,0.77,0.189
1217,10.498534,6.297,4.608,0.084,1.432,0.173
1218,10.50711,6.058,4.649,0.099,1.138,0.172
1219,10.515473,6.017,4.616,0.062,1.148,0.191
1220,10.523647,6.168,4.637,0.078,1.288,0.165
1221,10.532114,6.07,4.591,0.078,1.202,0.199
1222,10.542436,5.625,4.612,0.065,0.735,0.213
1223,10.550884,5.623,4.631,0.11,0.672,0.21
1224,10.559068,5.752,4.637,0.08,0.856,0.179
1225,10.567719,5.616,4.664,0.09,0.672,0.19
1226,10.575564,6.107,4.637,0.087,1.197,0.186
1227,10.584468,5.537,4.62,0.063,0.64,0.214
1228,10.59254,5.795,4.604,0.086,0.919,0.186
1229,10.602663,5.579,4.641,0.081,0.669,0.188
1230,10.611159,5.543,4.605,0.092,0.68,0.166
1231,10.619846,5.544,4.629,0.064,0.641,0.21
1232,10.6276,6.115,4.63,0.085,1.22,0.18
1233,10.63597,6.107,4.66,0.081,1.16,0.206
1234,10.644089,6.313,4.616,0.091,1.415,0.191
1235,10.652687,6.046,4.63,0.088,1.138,0.19
1236,10.663251,5.49,4.631,0.068,0.601,0.19
1237,10.673643,5.904,4.637,0.096,0.977,0.194
1238,10.681899,5.991,4.609,0.079,1.098,0.205
1239,10.689837,6.378,4.623,0.091,1.481,0.183
1240,10.698719,5.814,4.613,0.079,0.941,0.181
1241,10.706657,6.208,4.624,0.095,1.319,0.17
1242,10.715311,5.889,4.625,0.069,1.002,0.193
1243,10.723508,6.046,4.605,0.083,1.159,0.199
1244,10.732934,6.589,4.595,0.083,0.827,1.084
1245,10.741555,6.061,4.577,0.077,0.653,0.754
1246,10.749254,6.615,4.574,0.075,1.286,0.68
1247,10.757544,6.423,4.617,0.121,1.254,0.431
1248,10.765356,6.75,4.584,0.094,1.83,0.242
1249,10.773933,6.539,4.59,0.1,1.579,0.27
1250,10.783835,5.615,4.621,0.089,0.641,0.264
1251,10.792458,5.56,4.605,0.069,0.653,0.233
1252,10.800861,5.631,4.635,0.088,0.716,0.192
1253,10.808865,5.972,4.65,0.082,1.033,0.207
1254,10.81786,5.507,4.631,0.077,0.581,0.218
1255,10.82565,6.085,4.638,0.079,1.119,0.249
1256,10.834857,5.858,4.531,0.092,0.722,0.513
1257,10.842805,6.01,4.533,0.116,1.056,0.305
1258,10.852712,5.888,4.618,0.146,0.848,0.276
1259,10.861255,5.776,4.542,0.136,0.795,0.303
1260,10.86993,5.966,4.54,0.126,0.906,0.394
1261,10.877921,6.176,4.525,0.098,1.289,0.264
1262,10.885842,6.516,4.507,0.086,1.72,0.203
1263,10.894322,6.364,4.533,0.084,1.552,0.195
1264,10.902768,6.236,4.515,0.078,1.456,0.187
1265,10.911733,5.828,4.531,0.173,0.936,0.188
1266,10.921992,5.895,4.667,0.12,0.715,0.393
1267,10.931881,5.853,4.665,0.165,0.811,0.212
1268,10.940061,6.044,4.586,0.116,1.084,0.258
1269,10.948838,5.644,4.53,0.094,0.735,0.285
1270,10.956653,6.072,4.549,0.089,1.236,0.198
1271,10.96517,5.883,4.53,0.124,1.017,0.212
1272,10.973656,5.735,4.507,0.096,0.932,0.2
1273,10.981868,5.88,4.634,0.112,0.906,0.228
1274,10.990696,5.9,4.659,0.123,0.82,0.298
1275,10.998818,6.059,4.618,0.104,1.095,0.242
1276,11.007196,6.029,4.608,0.103,1.063,0.255
1277,11.015183,6.344,4.588,0.098,1.428,0.23
1278,11.023688,6.158,4.626,0.084,1.233,0.215
1279,11.032137,6.107,4.572,0.14,1.119,0.276
1280,11.042589,5.871,4.635,0.113,0.782,0.341
1281,11.050992,5.83,4.646,0.102,0.806,0.276
1282,11.059174,5.935,4.558,0.074,1.056,0.247
1283,11.067581,5.844,4.702,0.145,0.762,0.235
1284,11.075565,6.233,4.617,0.103,1.278,0.235
1285,11.084576,5.912,4.669,0.106,0.855,0.282
1286,11.09481,5.895,4.646,0.062,0.862,0.325
1287,11.102769,6.208,4.606,0.148,1.175,0.279
1288,11.111186,6.11,4.637,0.09,1.157,0.226
1289,11.119398,6.23,4.616,0.055,1.304,0.255
1290,11.127659,6.291,4.651,0.069,1.339,0.232
1291,11.136351,5.92,4.539,0.066,1.091,0.224
1292,11.144223,6.377,4.531,0.059,1.562,0.225
1293,11.152931,6.024,4.549,0.07,1.171,0.234
1294,11.16167,5.613,4.515,0.065,0.799,0.234
1295,11.171445,5.677,4.634,0.046,0.72,0.277
1296,11.180028,5.572,4.551,0.062,0.731,0.228
1297,11.188381,5.587,4.533,0.047,0.726,0.281
1298,11.196419,5.85,4.514,0.052,1.04,0.244
1299,11.204966,5.655,4.541,0.071,0.8,0.243
1300,11.213062,5.886,4.553,0.122,0.992,0.219
1301,11.223791,5.68,4.663,0.071,0.668,0.278
1302,11.232141,5.612,4.524,0.139,0.723,0.226
1303,11.240621,5.532,4.492,0.06,0.739,0.241
1304,11.248682,5.803,4.532,0.063,0.967,0.241
1305,11.257178,5.606,4.559,0.065,0.771,0.211
1306,11.2655,5.644,4.494,0.051,0.854,0.245
1307,11.273604,5.883,4.526,0.05,1.056,0.251
1308,11.282104,5.698,4.612,0.061,0.805,0.22
1309,11.292608,5.586,4.639,0.071,0.642,0.234
1310,11.300396,6.108,4.588,0.046,1.236,0.238
1311,11.309195,5.744,4.658,0.061,0.811,0.214
1312,11.317169,6.115,4.654,0.077,1.176,0.208
1313,11.325678,5.951,4.599,0.075,1.057,0.22
1314,11.33413,5.813,4.675,0.074,0.86,0.204
1315,11.342405,5.878,4.584,0.056,0.998,0.24
1316,11.352857,5.722,4.621,0.062,0.803,0.236
1317,11.361267,5.833,4.647,0.077,0.852,0.257
1318,11.37148,5.648,4.588,0.062,0.75,0.248
1319,11.379731,5.838,4.612,0.075,0.92,0.231
1320,11.38797,5.921,4.607,0.069,1.019,0.226
1321,11.396761,5.727,4.628,0.079,0.798,0.222
1322,11.404705,6.101,4.625,0.078,1.192,0.206
1323,11.413787,5.736,4.631,0.082,0.798,0.225
1324,11.421756,6.095,4.62,0.089,1.177,0.209
1325,11.4299,6.284,4.617,0.082,1.365,0.22
1326,11.438391,6.127,4.616,0.053,1.211,0.247
1327,11.446818,6.03,4.642,0.065,1.092,0.231
1328,11.455179,5.978,4.64,0.086,1.066,0.186
1329,11.463524,5.989,4.61,0.055,1.083,0.241
1330,11.471801,6.044,4.644,0.074,1.104,0.222
1331,11.482172,5.609,4.651,0.085,0.666,0.207
1332,11.490498,5.629,4.61,0.063,0.716,0.24
1333,11.498856,5.635,4.641,0.084,0.678,0.232
1334,11.507239,5.552,4.607,0.059,0.657,0.229
1335,11.515177,5.945,4.616,0.075,1.051,0.203
1336,11.5238,5.709,4.63,0.079,0.787,0.213
1337,11.534109,5.697,4.62,0.079,0.809,0.189
1338,11.542312,5.848,4.604,0.053,0.955,0.236
1339,11.550786,5.754,4.635,0.069,0.833,0.217
1340,11.558855,6.019,4.645,0.067,1.083,0.224
1341,11.567348,5.865,4.6,0.057,0.969,0.239
1342,11.575522,6.025,4.619,0.067,1.111,0.228
1343,11.584119,5.736,4.651,0.088,0.789,0.208
1344,11.59233,5.875,4.609,0.056,0.98,0.23
1345,11.602928,5.743,4.65,0.067,0.793,0.233
1346,11.613199,5.745,4.611,0.076,0.78,0.278
1347,11.621615,5.748,4.648,0.072,0.796,0.232
1348,11.629771,5.933,4.634,0.071,0.992,0.236
1349,11.63812,5.881,4.644,0.093,0.953,0.191
1350,11.646737,5.729,4.606,0.078,0.804,0.241
1351,11.654778,5.993,4.6,0.079,1.104,0.21
1352,11.66349,5.748,4.615,0.073,0.823,0.237
1353,11.671534,6.046,4.618,0.062,1.108,0.258
1354,11.680036,5.838,4.645,0.07,0.912,0.211
1355,11.687928,6.331,4.659,0.062,1.338,0.272
1356,11.696629,5.916,4.601,0.07,1.029,0.216
1357,11.705178,5.703,4.628,0.068,0.788,0.219
1358,11.713114,6.098,4.602,0.075,1.21,0.211
1359,11.721629,5.924,4.628,0.072,1.004,0.22
1360,11.731999,5.522,4.538,0.061,0.682,0.241
1361,11.740646,5.487,4.487,0.061,0.711,0.228
1362,11.748946,5.542,4.526,0.059,0.712,0.245
1363,11.757506,5.444,4.506,0.054,0.637,0.247
1364,11.76521,6.042,4.514,0.072,1.255,0.201
1365,11.773793,5.854,4.534,0.065,0.989,0.266
1366,11.782258,5.664,4.531,0.076,0.859,0.198
1367,11.79235,5.503,4.603,0.049,0.602,0.249
1368,11.800636,5.532,4.53,0.073,0.721,0.208
1369,11.809,5.794,4.493,0.078,0.927,0.296
1370,11.817405,5.632,4.512,0.053,0.831,0.236
1371,11.825544,5.807,4.489,0.052,1.052,0.214
1372,11.833972,5.73,4.548,0.08,0.9,0.202
1373,11.842406,5.666,4.505,0.058,0.841,0.262
1374,11.852839,5.651,4.664,0.096,0.688,0.203
1375,11.861352,5.524,4.549,0.069,0.633,0.273
1376,11.8716,5.572,4.636,0.086,0.64,0.21
1377,11.879474,6.019,4.503,0.071,1.24,0.205
1378,11.888112,5.895,4.619,0.086,0.899,0.291
1379,11.896424,5.855,4.601,0.06,0.942,0.252
1380,11.90553,6.321,4.579,0.098,0.659,0.985
1381,11.914022,6.2,4.605,0.089,0.758,0.748
1382,11.922384,6.223,4.59,0.075,0.76,0.798
1383,11.930368,6.452,4.58,0.067,1.121,0.684
1384,11.938529,6.518,4.589,0.072,1.284,0.573
1385,11.947148,6.263,4.629,0.082,0.957,0.595
1386,11.955237,6.439,4.627,0.049,1.204,0.559
1387,11.963817,6.329,4.624,0.078,0.96,0.667
1388,11.97393,6.112,4.605,0.08,0.653,0.774
1389,11.982368,6.352,4.585,0.063,1.01,0.694
1390,11.99127,5.97,4.609,0.063,0.663,0.635
1391,11.998915,6.659,4.623,0.088,1.333,0.615
1392,12.007336,6.514,4.593,0.067,1.281,0.573
1393,12.015934,6.315,4.63,0.07,0.981,0.634
1394,12.024051,6.609,4.604,0.072,1.225,0.708
1395,12.032587,6.322,4.622,0.071,1.001,0.628
1396,12.042814,5.834,4.624,0.069,0.527,0.614
1397,12.051225,5.81,4.617,0.062,0.578,0.553
1398,12.05941,5.937,4.586,0.057,0.755,0.539
1399,12.06807,6.155,4.647,0.099,0.78,0.629
1400,12.076104,6.614,4.576,0.075,1.185,0.778
1401,12.084936,6.007,4.595,0.071,0.66,0.681
1402,12.09273,6.47,4.628,0.073,1.17,0.599
1403,12.103208,5.907,4.596,0.085,0.637,0.589
1404,12.111202,6.269,4.647,0.063,0.927,0.632
1405,12.120036,5.976,4.636,0.074,0.667,0.599
1406,12.128079,6.465,4.626,0.085,0.972,0.782
1407,12.136476,6.206,4.6,0.062,0.931,0.613
1408,12.145099,5.871,4.616,0.073,0.627,0.555
1409,12.155116,5.881,4.582,0.075,0.653,0.571
1410,12.162015,7.28,4.577,0.086,2.079,0.538
1411,12.172142,6.077,4.637,0.091,0.775,0.574
1412,12.180475,6.215,4.574,0.059,0.848,0.734
1413,12.188208,6.656,4.642,0.067,1.379,0.568
1414,12.196892,6.38,4.609,0.096,1.054,0.621
1415,12.205153,6.537,4.586,0.101,1.14,0.71
1416,12.213916,6.141,4.58,0.071,0.809,0.681
1417,12.22449,6.228,4.581,0.066,0.801,0.78
1418,12.232434,6.495,4.585,0.059,1.183,0.668
1419,12.240937,6.278,4.586,0.074,1.015,0.603
1420,12.249014,6.543,4.647,0.092,1.176,0.628
1421,12.257857,5.939,4.611,0.084,0.719,0.525
1422,12.266363,5.901,4.58,0.061,0.613,0.647
1423,12.274938,6.248,4.581,0.063,0.749,0.855
1424,12.284162,5.98,4.624,0.075,0.566,0.715
1425,12.29315,5.994,4.598,0.073,0.672,0.651
1426,12.300983,6.488,4.621,0.08,1.142,0.645
1427,12.309577,6.26,4.639,0.072,0.87,0.679
1428,12.318091,6.087,4.579,0.073,0.75,0.685
1429,12.326295,6.252,4.605,0.093,0.84,0.714
1430,12.334189,6.593,4.591,0.072,1.304,0.626
1431,12.342911,6.252,4.621,0.071,0.886,0.674
1432,12.353365,5.929,4.575,0.064,0.596,0.694
1433,12.361139,6.462,4.623,0.071,1.111,0.657
1434,12.36998,6.195,4.609,0.105,0.81,0.671
1435,12.378261,6.265,4.619,0.077,0.886,0.683
1436,12.386377,6.431,4.589,0.07,1.132,0.64
1437,12.394913,5.952,4.57,0.088,0.948,0.346
1438,12.403208,6.03,4.581,0.072,0.977,0.4
1439,12.412249,5.938,4.595,0.063,0.607,0.673
1440,12.421661,5.931,4.587,0.072,0.651,0.621
1441,12.430366,5.914,4.574,0.059,0.649,0.632
1442,12.438926,6.161,4.581,0.057,0.863,0.66
1443,12.446978,6.4,4.614,0.07,1.111,0.605
1444,12.455248,6.569,4.574,0.062,1.216,0.717
1445,12.463694,6.4,4.604,0.073,1.074,0.649
1446,12.474446,6.064,4.739,0.099,0.655,0.571
1447,12.482142,6.737,4.593,0.071,1.453,0.62
1448,12.490587,6.61,4.625,0.083,1.311,0.591
1449,12.499043,6.421,4.62,0.075,1.191,0.535
1450,12.507294,6.648,4.604,0.062,1.291,0.691
1451,12.515916,6.331,4.592,0.082,1.016,0.641
1452,12.523915,6.67,4.635,0.078,1.307,0.65
1453,12.53224,6.656,4.634,0.072,1.312,0.638
1454,12.542677,6.012,4.632,0.078,0.67,0.632
1455,12.551945,6.117,4.57,0.063,0.637,0.847
1456,12.559274,6.907,4.66,0.06,1.551,0.636
1457,12.567843,6.742,4.62,0.072,1.362,0.688
1458,12.575963,6.941,4.626,0.083,1.567,0.665
1459,12.584357,6.727,4.596,0.053,1.534,0.544
1460,12.592986,6.505,4.622,0.059,1.215,0.609
1461,12.60353,5.949,4.622,0.082,0.606,0.639
1462,12.61375,5.825,4.609,0.07,0.58,0.566
1463,12.622082,5.986,4.6,0.05,0.773,0.563
1464,12.630312,6.083,4.598,0.055,0.88,0.55
1465,12.638704,6.034,4.64,0.075,0.78,0.539
1466,12.646933,6.143,4.622,0.085,0.901,0.535
1467,12.655597,5.938,4.636,0.076,0.559,0.667
1468,12.663795,5.988,4.597,0.061,0.737,0.593
1469,12.671925,6.176,4.718,0.048,0.816,0.594
1470,12.680548,6.276,4.676,0.12,0.789,0.691
1471,12.688324,6.433,4.608,0.098,1.433,0.294
1472,12.696755,6.371,4.658,0.061,1.295,0.357
1473,12.704936,6.381,4.624,0.085,1.477,0.195
1474,12.713281,6.397,4.637,0.086,1.457,0.217
1475,12.722205,5.775,4.621,0.086,0.882,0.186
1476,12.731875,6.266,4.643,0.085,1.313,0.225
1477,12.740547,5.88,4.666,0.08,0.951,0.183
1478,12.74898,5.815,4.653,0.091,0.865,0.206
1479,12.756972,6.118,4.645,0.074,1.215,0.184
1480,12.765366,6.061,4.604,0.058,1.191,0.208
1481,12.77358,6.171,4.626,0.071,1.285,0.189
1482,12.782285,5.811,4.519,0.081,1.022,0.189
1483,12.7922,5.55,4.628,0.05,0.681,0.191
1484,12.800733,5.534,4.555,0.073,0.686,0.22
1485,12.809298,5.455,4.545,0.051,0.654,0.205
1486,12.817218,5.872,4.53,0.073,1.085,0.184
1487,12.825664,5.744,4.556,0.064,0.946,0.178
1488,12.833949,5.837,4.573,0.066,0.976,0.222
1489,12.842523,5.557,4.516,0.049,0.791,0.201
1490,12.852596,5.532,4.576,0.075,0.694,0.187
1491,12.861093,5.424,4.543,0.084,0.648,0.149
1492,12.869768,5.76,4.53,0.071,0.979,0.18
1493,12.878342,5.535,4.52,0.047,0.749,0.219
1494,12.886213,5.982,4.56,0.084,1.168,0.17
1495,12.894407,6.223,4.521,0.055,1.347,0.3
1496,12.902905,5.981,4.551,0.085,1.155,0.19
1497,12.911376,5.885,4.497,0.076,1.071,0.241
1498,12.921627,5.624,4.635,0.077,0.732,0.18
1499,12.930054,5.735,4.518,0.075,0.757,0.385
1500,12.938323,5.771,4.624,0.058,0.799,0.29
1501,12.946425,6.036,4.598,0.114,1.038,0.286
1502,12.955526,5.695,4.624,0.079,0.655,0.337
1503,12.963491,6.066,4.62,0.084,1.026,0.336
1504,12.972381,5.879,4.616,0.062,0.84,0.361
1505,12.982264,5.681,4.624,0.081,0.634,0.342
1506,12.990262,6.004,4.62,0.069,0.97,0.345
1507,12.998798,5.741,4.59,0.074,0.797,0.28
1508,13.006715,6.087,4.628,0.057,1.178,0.224
1509,13.015127,6.0,4.627,0.08,1.101,0.192
1510,13.023372,6.066,4.618,0.047,1.194,0.207
1511,13.031863,5.916,4.642,0.049,1.016,0.209
1512,13.042414,5.747,4.621,0.049,0.867,0.21
1513,13.052535,5.778,4.647,0.058,0.87,0.203
1514,13.06087,5.775,4.616,0.046,0.901,0.212
1515,13.06922,5.756,4.608,0.043,0.891,0.214
1516,13.077341,5.942,4.613,0.061,1.098,0.17
1517,13.085828,5.808,4.665,0.068,0.894,0.181
1518,13.094161,5.813,4.597,0.08,0.963,0.173
1519,13.102579,5.72,4.656,0.064,0.822,0.178
1520,13.110996,5.713,4.634,0.045,0.857,0.177
1521,13.119677,5.686,4.662,0.061,0.783,0.18
1522,13.128155,5.707,4.669,0.068,0.768,0.202
1523,13.136185,6.029,4.674,0.055,1.085,0.215
1524,13.144196,6.301,4.66,0.04,1.416,0.185
1525,13.152633,6.221,4.672,0.046,1.308,0.195
1526,13.163164,5.678,4.658,0.05,0.766,0.204
1527,13.171552,5.635,4.629,0.051,0.76,0.195
1528,13.179887,5.771,4.643,0.06,0.863,0.205
1529,13.18822,5.749,4.65,0.059,0.853,0.187
1530,13.196284,6.054,4.625,0.07,1.146,0.213
1531,13.205041,5.752,4.649,0.049,0.795,0.259
1532,13.213383,5.682,4.607,0.105,0.783,0.187
1533,13.222209,5.738,4.675,0.078,0.812,0.173
1534,13.231904,5.644,4.539,0.07,0.713,0.322
1535,13.240406,5.506,4.523,0.092,0.704,0.187
1536,13.24869,5.556,4.579,0.073,0.706,0.198
1537,13.256653,5.915,4.541,0.075,1.115,0.184
1538,13.264992,5.945,4.528,0.08,1.122,0.215
1539,13.273511,5.727,4.512,0.066,0.949,0.2
1540,13.281897,5.695,4.528,0.074,0.885,0.208
1541,13.292507,5.519,4.604,0.076,0.661,0.178
1542,13.302533,5.565,4.643,0.075,0.661,0.186
1543,13.310858,5.577,4.538,0.074,0.774,0.191
1544,13.319242,5.517,4.519,0.082,0.739,0.177
1545,13.327385,5.702,4.509,0.062,0.938,0.193
1546,13.335735,5.684,4.525,0.055,0.91,0.194
1547,13.344085,5.693,4.508,0.071,0.908,0.206
1548,13.352997,5.406,4.494,0.057,0.651,0.204
1549,13.361093,5.636,4.538,0.07,0.841,0.187
1550,13.369641,5.494,4.565,0.064,0.675,0.19
1551,13.378416,5.373,4.5,0.058,0.62,0.195
1552,13.386194,5.919,4.651,0.069,1.025,0.174
1553,13.394311,6.157,4.608,0.061,1.282,0.206
1554,13.402876,5.946,4.593,0.059,1.065,0.229
1555,13.413391,5.565,4.586,0.062,0.72,0.197
1556,13.421271,6.018,4.603,0.06,1.157,0.198
1557,13.430935,6.383,4.589,0.061,0.583,1.15
1558,13.438919,6.338,4.65,0.08,0.868,0.74
1559,13.446722,6.6,4.652,0.07,1.4,0.478
1560,13.455464,6.485,4.584,0.07,1.06,0.771
1561,13.463527,6.617,4.598,0.079,1.316,0.624
1562,13.472765,5.956,4.615,0.082,0.656,0.603
1563,13.482178,6.176,4.621,0.062,0.796,0.697
1564,13.490713,6.137,4.614,0.098,0.793,0.632
1565,13.498978,6.115,4.628,0.079,0.862,0.546
1566,13.507121,6.37,4.643,0.094,1.03,0.603
1567,13.515381,6.351,4.59,0.058,1.164,0.539
1568,13.523846,6.315,4.62,0.082,1.006,0.607
1569,13.532446,6.167,4.614,0.061,0.873,0.619
1570,13.542869,6.086,4.612,0.083,0.677,0.714
1571,13.553218,6.105,4.628,0.062,0.763,0.652
1572,13.561072,6.506,4.654,0.09,1.22,0.542
1573,13.569669,6.265,4.626,0.077,0.986,0.576
1574,13.577766,6.494,4.621,0.081,1.228,0.564
1575,13.586298,6.319,4.638,0.088,0.992,0.601
1576,13.594402,6.329,4.583,0.075,1.293,0.378
1577,13.603132,6.261,4.666,0.087,0.782,0.726
1578,13.611929,6.106,4.599,0.137,0.806,0.564
1579,13.620075,6.386,4.625,0.084,1.025,0.652
1580,13.628179,6.572,4.646,0.068,1.243,0.615
1581,13.636626,6.421,4.616,0.07,1.159,0.576
1582,13.644859,6.656,4.621,0.097,1.241,0.697
1583,13.653255,6.422,4.607,0.062,1.205,0.548
1584,13.663762,5.927,4.606,0.076,0.683,0.562
1585,13.671694,6.385,4.644,0.096,1.028,0.617
1586,13.680454,5.979,4.572,0.076,0.691,0.64
1587,13.688679,6.073,4.582,0.078,0.788,0.625
1588,13.696857,6.268,4.616,0.083,0.914,0.655
1589,13.705897,5.929,4.611,0.086,0.642,0.59
1590,13.713257,6.749,4.609,0.065,1.615,0.46
1591,13.721905,6.52,4.63,0.074,1.285,0.531
1592,13.732035,5.889,4.623,0.089,0.669,0.508
1593,13.740363,5.739,4.624,0.066,0.676,0.373
1594,13.749032,5.96,4.624,0.083,0.668,0.585
1595,13.757224,6.005,4.595,0.06,0.843,0.507
1596,13.765564,6.046,4.583,0.081,0.849,0.533
1597,13.773778,6.153,4.631,0.059,0.918,0.545
1598,13.782273,6.014,4.607,0.071,0.801,0.535
1599,13.792781,6.021,4.649,0.084,0.61,0.678
1600,13.802979,6.182,4.618,0.098,0.855,0.611
1601,13.811064,6.421,4.618,0.082,1.123,0.598
1602,13.819652,6.127,4.642,0.076,0.842,0.567
1603,13.827821,6.366,4.6,0.073,1.051,0.642
1604,13.836297,6.223,4.583,0.081,0.925,0.634
1605,13.844759,6.178,4.637,0.074,0.744,0.723
1606,13.852942,6.217,4.616,0.079,0.913,0.609
1607,13.861728,5.86,4.617,0.084,0.63,0.529
1608,13.869963,5.953,4.589,0.095,0.749,0.52
1609,13.878046,6.267,4.583,0.107,0.984,0.593
1610,13.886744,6.092,4.587,0.069,0.715,0.721
1611,13.894737,6.431,4.624,0.062,1.021,0.724
1612,13.903227,6.137,4.608,0.069,0.878,0.582
1613,13.911571,6.092,4.613,0.084,0.862,0.533
1614,13.922003,5.85,4.613,0.077,0.636,0.524
1615,13.930182,6.034,4.631,0.069,0.785,0.549
1616,13.938682,5.915,4.613,0.098,0.624,0.58
1617,13.947156,5.91,4.615,0.084,0.631,0.58
1618,13.955489,6.038,4.58,0.09,0.797,0.571
1619,13.963707,6.194,4.607,0.08,0.898,0.609
1620,13.972023,6.178,4.619,0.089,0.9,0.57
1621,13.981974,5.927,4.641,0.069,0.639,0.578
1622,13.99074,6.009,4.615,0.084,0.619,0.691
1623,13.999022,5.937,4.637,0.081,0.654,0.565
1624,14.00746,5.792,4.588,0.064,0.606,0.534
1625,14.015494,6.115,4.582,0.084,0.914,0.535
1626,14.024051,6.002,4.613,0.062,0.761,0.566
1627,14.034284,5.997,4.58,0.054,0.611,0.752
1628,14.042933,6.082,4.622,0.091,0.558,0.811
1629,14.051287,5.81,4.602,0.066,0.585,0.557
1630,14.059373,6.049,4.637,0.096,0.778,0.538
1631,14.067761,6.009,4.636,0.09,0.746,0.537
1632,14.075917,6.153,4.632,0.086,0.931,0.504
1633,14.08439,6.088,4.605,0.087,0.807,0.589
1634,14.092452,6.154,4.577,0.073,1.114,0.39
1635,14.102929,6.137,4.622,0.149,0.783,0.583
1636,14.11159,6.116,4.663,0.082,0.686,0.685
1637,14.120069,5.866,4.625,0.077,0.629,0.535
1638,14.127954,6.384,4.617,0.149,0.996,0.622
1639,14.136918,6.272,4.632,0.095,0.763,0.782
1640,14.144822,6.556,4.627,0.098,1.21,0.621
1641,14.153345,6.317,4.637,0.078,1.022,0.58
1642,14.163158,5.913,4.587,0.124,0.831,0.371
1643,14.171854,6.146,4.619,0.088,0.731,0.708
1644,14.180309,6.124,4.614,0.121,0.918,0.471
1645,14.188249,6.499,4.65,0.168,1.204,0.477
1646,14.19683,6.314,4.612,0.095,1.093,0.514
1647,14.205113,6.566,4.595,0.069,1.174,0.728
1648,14.213699,6.239,4.618,0.125,0.851,0.645
1649,14.222196,5.996,4.63,0.071,0.722,0.573
1650,14.232232,5.941,4.601,0.076,0.582,0.682
1651,14.242627,6.059,4.617,0.077,0.656,0.709
1652,14.250749,6.234,4.622,0.094,0.857,0.661
1653,14.25923,6.036,4.62,0.067,0.778,0.571
1654,14.267324,6.246,4.585,0.064,1.055,0.542
1655,14.275832,6.187,4.63,0.098,0.822,0.637
1656,14.28473,6.064,4.6,0.114,0.629,0.721
1657,14.292461,6.585,4.588,0.084,1.275,0.638
1658,14.301042,6.271,4.649,0.098,0.953,0.571
1659,14.30954,6.04,4.594,0.121,0.803,0.522
1660,14.317422,6.469,4.587,0.088,1.313,0.481
1661,14.326036,6.247,4.549,0.129,1.032,0.537
1662,14.33452,6.031,4.575,0.127,0.872,0.457
1663,14.342728,6.251,4.582,0.077,1.031,0.561
1664,14.353108,6.034,4.609,0.133,0.763,0.529
1665,14.361506,5.979,4.66,0.056,0.742,0.521
1666,14.369693,6.111,4.571,0.115,0.952,0.473
1667,14.378188,5.953,4.579,0.123,0.773,0.478
1668,14.386405,6.32,4.577,0.091,0.931,0.721
1669,14.394584,6.18,4.613,0.11,1.026,0.431
1670,14.403318,5.867,4.545,0.073,0.719,0.53
1671,14.411602,5.988,4.589,0.081,0.799,0.519
1672,14.421487,5.915,4.553,0.1,0.859,0.403
1673,14.430305,6.002,4.565,0.102,0.851,0.484
1674,14.438896,6.391,4.514,0.085,0.823,0.969
1675,14.447149,6.154,4.53,0.066,0.881,0.677
1676,14.455266,6.473,4.509,0.068,1.123,0.773
1677,14.463632,6.351,4.524,0.07,1.068,0.689
1678,14.472075,6.199,4.509,0.071,0.978,0.641
1679,14.482284,5.787,4.55,0.059,0.748,0.43
1680,14.492355,5.879,4.568,0.05,0.677,0.584
1681,14.500811,5.868,4.51,0.067,0.74,0.551
1682,14.509061,5.85,4.505,0.056,0.823,0.466
1683,14.51771,6.042,4.526,0.062,0.845,0.609
1684,14.525691,6.309,4.533,0.068,1.189,0.519
1685,14.534401,6.149,4.477,0.051,0.872,0.749
1686,14.542563,6.175,4.483,0.048,1.033,0.611
1687,14.551142,5.863,4.523,0.071,0.752,0.517
1688,14.559243,6.031,4.519,0.062,0.984,0.466
1689,14.56771,6.013,4.534,0.074,0.84,0.565
1690,14.576224,5.925,4.502,0.055,0.778,0.59
1691,14.584324,6.243,4.578,0.05,0.937,0.678
1692,14.592337,6.439,4.575,0.048,1.26,0.556
1693,14.601487,6.066,4.61,0.068,0.777,0.611
1694,14.611708,5.9,4.608,0.07,0.615,0.607
1695,14.61997,5.979,4.608,0.08,0.689,0.602
1696,14.628211,6.256,4.608,0.04,0.784,0.824
1697,14.636512,6.176,4.567,0.084,0.858,0.667
1698,14.644965,5.967,4.612,0.07,0.689,0.596
1699,14.652995,6.186,4.616,0.074,0.993,0.503
1700,14.661574,5.921,4.61,0.091,0.749,0.471
1701,14.671844,5.866,4.594,0.06,0.666,0.546
1702,14.680101,5.997,4.615,0.059,0.726,0.597
1703,14.688632,5.921,4.613,0.069,0.646,0.593
1704,14.696943,6.095,4.639,0.074,0.785,0.597
1705,14.705481,5.813,4.58,0.08,0.638,0.515
1706,14.713638,6.043,4.633,0.061,0.802,0.547
1707,14.723713,5.883,4.609,0.06,0.659,0.555
1708,14.73227,5.908,4.615,0.046,0.553,0.694
1709,14.740888,6.028,4.62,0.061,0.682,0.665
1710,14.748686,6.45,4.631,0.076,1.206,0.537
1711,14.757235,6.191,4.63,0.045,0.99,0.526
1712,14.765517,6.277,4.605,0.06,1.07,0.542
1713,14.773864,6.396,4.629,0.076,1.031,0.66
1714,14.782314,6.001,4.562,0.045,0.983,0.411
1715,14.792678,6.009,4.628,0.082,0.693,0.606
1716,14.800738,6.193,4.634,0.074,0.96,0.525
1717,14.80928,5.908,4.606,0.045,0.78,0.477
1718,14.817857,5.894,4.622,0.063,0.71,0.499
1719,14.825955,6.275,4.639,0.078,0.93,0.628
1720,14.834376,6.048,4.591,0.048,0.891,0.518
1721,14.844993,5.757,4.627,0.069,0.589,0.472
1722,14.852965,6.139,4.62,0.076,0.955,0.488
1723,14.861558,6.541,4.675,0.079,1.317,0.47
1724,14.869968,6.764,4.592,0.134,1.252,0.786
1725,14.878379,6.67,4.603,0.07,1.234,0.763
1726,14.886323,6.945,4.573,0.068,1.654,0.65
1727,14.894728,6.82,4.586,0.073,1.573,0.588
1728,14.903134,6.73,4.577,0.082,1.507,0.564
1729,14.91349,5.89,4.592,0.074,0.657,0.567
1730,14.921977,5.926,4.615,0.086,0.629,0.596
1731,14.932153,5.837,4.6,0.089,0.561,0.587
1732,14.940323,6.054,4.592,0.061,0.838,0.563
1733,14.948765,5.962,4.614,0.078,0.706,0.564
1734,14.95699,6.054,4.625,0.086,0.803,0.54
1735,14.965343,6.0,4.576,0.061,0.835,0.528
1736,14.973662,6.027,4.637,0.091,0.777,0.522
1737,14.982201,5.943,4.596,0.061,0.619,0.667
1738,14.990855,6.106,4.607,0.072,0.811,0.616
1739,14.998447,6.761,4.582,0.091,1.579,0.509
1740,15.0072,6.355,4.648,0.069,1.092,0.546
1741,15.015835,6.097,4.667,0.073,0.773,0.584
1742,15.023974,6.387,4.626,0.081,1.01,0.67
1743,15.032944,5.89,4.6,0.085,0.617,0.588
1744,15.042461,5.923,4.644,0.076,0.623,0.58
1745,15.051162,5.797,4.625,0.065,0.554,0.553
1746,15.059232,6.02,4.62,0.062,0.822,0.516
1747,15.067772,5.891,4.593,0.08,0.641,0.577
1748,15.076102,5.933,4.541,0.072,0.701,0.619
1749,15.08433,6.037,4.582,0.059,0.763,0.633
1750,15.092766,6.005,4.615,0.084,0.656,0.65
1751,15.103355,5.889,4.581,0.06,0.659,0.589
1752,15.111229,6.321,4.612,0.073,1.088,0.548
1753,15.119904,6.048,4.64,0.097,0.699,0.612
1754,15.128485,6.23,4.586,0.065,0.858,0.721
1755,15.136627,6.329,4.613,0.078,1.02,0.618
1756,15.144539,6.687,4.62,0.092,1.431,0.544
1757,15.152861,6.74,4.61,0.079,1.457,0.594
1758,15.161577,6.341,4.619,0.072,1.064,0.586
1759,15.172246,6.19,4.606,0.065,0.896,0.623
1760,15.182242,5.916,4.585,0.066,0.55,0.715
1761,15.190357,5.999,4.599,0.07,0.755,0.575
1762,15.198552,6.16,4.646,0.067,0.852,0.595
1763,15.20704,6.176,4.618,0.075,0.808,0.675
1764,15.215314,6.178,4.586,0.061,0.903,0.628
1765,15.224143,6.258,4.621,0.059,0.76,0.818
1766,15.232134,6.498,4.622,0.086,1.099,0.691
1767,15.240822,6.11,4.613,0.064,0.753,0.68
1768,15.249107,6.123,4.623,0.078,0.793,0.629
1769,15.257021,6.475,4.614,0.083,1.226,0.552
1770,15.266131,5.87,4.602,0.077,0.578,0.613
1771,15.273889,6.502,4.617,0.069,1.141,0.675
1772,15.282312,6.299,4.572,0.063,1.099,0.565
1773,15.290938,5.978,4.605,0.074,0.769,0.53
1774,15.300826,5.943,4.618,0.093,0.642,0.59
1775,15.30912,5.909,4.593,0.089,0.717,0.51
1776,15.317811,6.197,4.678,0.101,0.798,0.62
1777,15.325888,6.564,4.617,0.11,1.111,0.726
1778,15.334264,6.364,4.617,0.087,1.112,0.548
1779,15.343244,6.014,4.6,0.05,0.823,0.541
1780,15.352953,6.105,4.634,0.072,0.862,0.537
1781,15.361455,5.941,4.582,0.047,0.747,0.565
1782,15.370056,5.938,4.632,0.075,0.728,0.503
1783,15.377885,6.465,4.639,0.064,1.224,0.538
1784,15.386515,6.24,4.603,0.078,0.961,0.598
1785,15.394279,6.617,4.709,0.203,1.289,0.416
1786,15.403108,6.353,4.632,0.095,1.007,0.619
1787,15.411652,6.073,4.652,0.078,0.776,0.567
1788,15.422527,5.951,4.602,0.081,0.605,0.663
1789,15.432171,6.181,4.639,0.088,0.782,0.672
1790,15.440616,6.012,4.656,0.076,0.649,0.631
1791,15.448836,6.169,4.623,0.108,0.735,0.703
1792,15.457184,6.092,4.637,0.05,0.77,0.635
1793,15.465213,6.292,4.617,0.076,1.095,0.504
1794,15.473807,6.134,4.639,0.087,0.812,0.596
1795,15.481896,6.387,4.622,0.083,1.075,0.607
1796,15.490559,6.027,4.625,0.074,0.74,0.588
1797,15.499067,6.141,4.614,0.078,0.758,0.691
1798,15.507273,6.198,4.589,0.068,0.909,0.632
1799,15.516141,5.832,4.655,0.073,0.604,0.5
1800,15.523743,6.571,4.644,0.08,1.348,0.499
1801,15.532338,6.379,4.588,0.053,1.142,0.596
1802,15.542895,6.14,4.65,0.078,0.746,0.666
1803,15.551045,6.459,4.595,0.072,0.993,0.799
1804,15.559227,6.357,4.604,0.049,1.133,0.571
1805,15.567968,5.926,4.652,0.052,0.672,0.55
1806,15.575927,6.418,4.632,0.079,1.069,0.638
1807,15.584228,6.351,4.61,0.049,1.121,0.571
1808,15.594976,5.85,4.591,0.072,0.548,0.639
1809,15.603087,5.993,4.629,0.063,0.736,0.565
1810,15.611593,5.979,4.685,0.073,0.618,0.603
1811,15.619993,6.283,4.623,0.08,0.858,0.722
1812,15.628356,6.077,4.599,0.059,0.847,0.572
1813,15.636447,6.311,4.597,0.062,1.099,0.553
1814,15.644433,6.643,4.648,0.084,1.398,0.513
1815,15.653219,6.226,4.613,0.045,0.977,0.591
1816,15.663228,5.823,4.608,0.096,0.666,0.453
1817,15.672153,5.81,4.617,0.068,0.611,0.514
1818,15.682187,5.824,4.609,0.053,0.585,0.577
1819,15.690262,6.012,4.58,0.054,0.872,0.506
1820,15.698716,6.095,4.63,0.072,0.706,0.687
1821,15.706992,6.073,4.619,0.079,0.771,0.604
1822,15.715248,6.061,4.6,0.052,0.87,0.539
1823,15.724195,5.983,4.617,0.051,0.735,0.58
1824,15.732053,6.513,4.62,0.07,1.216,0.607
1825,15.740596,6.222,4.607,0.065,1.015,0.535
1826,15.74898,6.361,4.636,0.071,0.938,0.716
1827,15.757099,6.416,4.617,0.08,1.171,0.548
1828,15.766257,5.852,4.587,0.069,0.621,0.575
1829,15.773744,6.657,4.609,0.068,1.445,0.535
1830,15.782306,6.416,4.585,0.048,1.241,0.542
1831,15.790815,6.219,4.589,0.061,1.058,0.511
1832,15.800909,6.17,4.588,0.066,0.823,0.693
1833,15.809442,5.833,4.573,0.061,0.666,0.533
1834,15.817681,6.076,4.605,0.104,0.725,0.642
1835,15.826002,5.981,4.639,0.064,0.709,0.569
1836,15.834064,6.194,4.606,0.068,1.019,0.501
1837,15.842719,5.984,4.619,0.067,0.776,0.522
1838,15.851292,5.817,4.591,0.05,0.566,0.61
1839,15.861219,5.862,4.632,0.052,0.608,0.57
1840,15.869918,6.019,4.644,0.136,0.576,0.663
1841,15.878164,6.169,4.647,0.072,0.772,0.678
1842,15.88663,6.06,4.587,0.091,0.69,0.692
1843,15.894735,6.226,4.63,0.084,0.887,0.625
1844,15.903226,6.062,4.611,0.066,0.749,0.636
1845,15.913696,5.884,4.616,0.087,0.645,0.536
1846,15.92373,6.173,4.657,0.102,0.825,0.589
1847,15.932056,6.169,4.623,0.086,0.884,0.576
1848,15.940219,6.298,4.613,0.064,1.067,0.554
1849,15.948825,6.148,4.625,0.091,0.775,0.657
1850,15.957218,6.014,4.617,0.064,0.731,0.602
1851,15.965395,6.096,4.584,0.113,0.891,0.508
1852,15.973902,6.188,4.625,0.073,0.821,0.669
1853,15.981992,6.367,4.591,0.062,1.098,0.616
1854,15.990969,5.995,4.612,0.057,0.673,0.653
1855,15.999243,6.035,4.598,0.062,0.747,0.628
1856,16.007534,6.07,4.626,0.083,0.759,0.602
1857,16.015981,6.082,4.585,0.062,0.839,0.596
1858,16.024118,6.307,4.625,0.07,0.997,0.615
1859,16.03462,5.892,4.624,0.059,0.578,0.631
1860,16.042629,6.183,4.593,0.077,0.935,0.578
1861,16.051224,6.006,4.615,0.069,0.651,0.671
1862,16.059092,6.381,4.632,0.093,1.091,0.565
1863,16.067708,6.14,4.621,0.061,0.828,0.63
1864,16.076082,6.106,4.643,0.066,0.764,0.633
1865,16.084372,6.084,4.627,0.06,0.823,0.574
1866,16.092917,5.9,4.63,0.076,0.616,0.578
1867,16.103492,6.232,4.64,0.087,0.803,0.702
1868,16.111432,6.507,4.626,0.111,1.196,0.574
1869,16.120122,6.175,4.616,0.06,0.874,0.625
1870,16.128085,6.516,4.629,0.093,1.228,0.566
1871,16.136514,6.41,4.6,0.076,1.165,0.569
1872,16.144742,6.508,4.602,0.08,1.268,0.558
1873,16.152969,6.746,4.574,0.067,1.408,0.697
1874,16.161499,6.398,4.657,0.078,1.124,0.539
1875,16.172512,6.614,4.622,0.073,1.35,0.569
1876,16.182183,6.236,4.618,0.077,0.825,0.716
1877,16.190373,6.256,4.597,0.062,0.991,0.606
1878,16.198722,6.227,4.632,0.086,0.933,0.576
1879,16.207103,6.368,4.611,0.098,0.899,0.76
1880,16.215445,6.182,4.599,0.086,0.92,0.577
1881,16.223732,6.211,4.635,0.11,0.915,0.551
1882,16.232407,6.202,4.623,0.098,0.908,0.573
1883,16.240367,6.497,4.609,0.063,1.31,0.515
1884,16.249118,6.17,4.632,0.082,0.861,0.595
1885,16.257321,6.348,4.613,0.07,1.022,0.643
1886,16.266243,5.845,4.602,0.067,0.591,0.585
1887,16.273783,6.61,4.629,0.072,1.357,0.552
1888,16.282425,6.333,4.605,0.075,1.073,0.58
1889,16.292833,5.93,4.616,0.075,0.667,0.572
1890,16.301188,5.887,4.612,0.067,0.652,0.556
1891,16.30914,6.307,4.643,0.072,0.975,0.617
1892,16.317807,6.116,4.619,0.07,0.694,0.733
1893,16.326156,5.974,4.627,0.067,0.668,0.612
1894,16.334311,6.085,4.623,0.061,0.829,0.572
1895,16.34277,6.006,4.612,0.071,0.735,0.588
1896,16.353333,5.869,4.588,0.063,0.58,0.638
1897,16.361665,6.055,4.63,0.09,0.634,0.701
1898,16.369702,6.281,4.661,0.075,0.907,0.638
1899,16.37809,6.211,4.645,0.078,0.868,0.62
1900,16.386605,6.055,4.637,0.076,0.691,0.651
1901,16.39455,6.344,4.624,0.071,1.096,0.553
1902,16.4032,6.098,4.63,0.074,0.771,0.623
1903,16.413048,5.977,4.594,0.101,0.86,0.422
1904,16.422073,5.914,4.648,0.082,0.579,0.605
1905,16.432038,5.941,4.639,0.077,0.627,0.598
1906,16.440264,5.958,4.611,0.064,0.765,0.518
1907,16.448732,5.893,4.594,0.077,0.649,0.573
1908,16.457008,6.107,4.628,0.087,0.665,0.727
1909,16.465455,5.916,4.581,0.073,0.612,0.65
1910,16.473836,6.14,4.623,0.081,0.848,0.588
1911,16.48207,6.236,4.615,0.081,0.958,0.582
1912,16.490796,5.93,4.604,0.082,0.685,0.559
1913,16.498506,6.503,4.617,0.073,1.3,0.513
1914,16.507506,6.092,4.647,0.088,0.662,0.695
1915,16.516039,6.192,4.659,0.081,0.812,0.64
1916,16.523804,6.738,4.622,0.086,1.418,0.612
1917,16.532821,6.098,4.599,0.085,0.864,0.55
1918,16.54286,6.05,4.623,0.082,0.764,0.581
1919,16.551063,6.104,4.634,0.116,0.835,0.519
1920,16.559076,6.518,4.589,0.059,1.255,0.615
1921,16.567862,6.124,4.621,0.074,0.764,0.665
1922,16.57594,6.368,4.66,0.086,0.983,0.639
1923,16.58406,6.48,4.596,0.071,1.252,0.561
1924,16.592663,6.189,4.62,0.076,0.97,0.523
1925,16.601159,5.985,4.612,0.067,0.809,0.497
1926,16.611477,6.167,4.576,0.07,0.785,0.736
1927,16.619825,5.987,4.62,0.075,0.726,0.566
1928,16.62828,5.841,4.608,0.06,0.617,0.556
1929,16.636237,6.164,4.621,0.063,0.981,0.499
1930,16.644743,6.02,4.626,0.069,0.855,0.47
1931,16.652816,6.321,4.634,0.091,1.094,0.502
1932,16.663602,6.025,4.584,0.082,0.612,0.747
1933,16.672025,5.925,4.62,0.075,0.627,0.603
1934,16.682048,6.048,4.649,0.072,0.72,0.607
1935,16.69031,6.143,4.595,0.063,0.878,0.607
1936,16.698728,6.074,4.63,0.071,0.764,0.609
1937,16.707395,6.183,4.578,0.048,0.587,0.97
1938,16.715338,6.226,4.587,0.06,0.963,0.616
1939,16.723796,6.174,4.561,0.083,0.865,0.665
1940,16.731905,6.356,4.605,0.08,1.044,0.627
1941,16.740583,6.188,4.612,0.09,0.879,0.607
1942,16.748672,6.316,4.636,0.071,1.101,0.508
1943,16.757498,6.165,4.62,0.087,0.699,0.759
1944,16.766229,6.177,4.597,0.059,0.792,0.729
1945,16.774162,6.423,4.626,0.067,1.163,0.567
1946,16.784275,5.879,4.573,0.087,0.603,0.616
1947,16.790901,7.565,4.612,0.063,2.277,0.613
1948,16.800767,5.985,4.635,0.094,0.705,0.551
1949,16.809348,6.222,4.616,0.073,0.824,0.709
1950,16.817863,6.129,4.633,0.074,0.833,0.589
1951,16.825705,6.595,4.629,0.072,1.328,0.566
1952,16.834322,6.241,4.603,0.059,1.06,0.519
1953,16.84298,6.067,4.612,0.09,0.84,0.525
1954,16.853262,5.824,4.592,0.047,0.589,0.596
1955,16.861385,6.143,4.57,0.062,0.823,0.688
1956,16.8699,6.11,4.619,0.083,0.907,0.501
1957,16.877917,6.45,4.605,0.063,1.239,0.543
1958,16.886174,6.433,4.622,0.052,1.298,0.461
1959,16.8949,6.084,4.636,0.082,0.892,0.474
1960,16.902888,6.448,4.582,0.087,1.283,0.496
1961,16.91382,6.105,4.596,0.103,0.771,0.635
1962,16.923683,6.036,4.718,0.084,0.666,0.568
1963,16.932038,5.976,4.617,0.103,0.728,0.528
1964,16.940221,6.064,4.614,0.061,0.899,0.49
1965,16.948609,6.072,4.663,0.077,0.797,0.535
1966,16.95701,6.212,4.613,0.089,0.796,0.714
1967,16.965209,6.256,4.579,0.068,0.974,0.635
1968,16.973728,6.051,4.616,0.127,0.771,0.537
1969,16.982129,6.025,4.63,0.075,0.741,0.579
1970,16.990314,6.09,4.58,0.061,0.941,0.508
1971,16.99912,5.941,4.645,0.108,0.694,0.494
1972,17.007278,6.061,4.564,0.068,1.008,0.421
1973,17.016036,6.239,4.647,0.115,0.785,0.692
1974,17.024052,6.368,4.615,0.091,1.159,0.503
1975,17.034643,6.075,4.62,0.085,0.824,0.546
1976,17.042337,6.6,4.571,0.063,1.522,0.444
1977,17.051236,6.223,4.59,0.063,0.935,0.635
1978,17.059227,6.546,4.593,0.063,1.277,0.613
1979,17.067695,6.367,4.635,0.087,1.093,0.552
1980,17.076557,5.949,4.657,0.074,0.627,0.591
1981,17.084213,6.602,4.605,0.062,1.361,0.574
1982,17.09312,5.998,4.62,0.067,0.775,0.536
1983,17.1015,6.091,4.628,0.076,0.72,0.667
1984,17.111339,5.977,4.585,0.07,0.618,0.704
1985,17.119848,5.969,4.625,0.081,0.677,0.586
1986,17.128102,6.025,4.628,0.078,0.757,0.562
1987,17.136006,6.401,4.607,0.085,1.208,0.501
1988,17.144698,6.053,4.59,0.055,0.864,0.544
1989,17.153343,6.053,4.61,0.065,0.609,0.769
1990,17.163607,6.094,4.616,0.145,0.557,0.776
1991,17.171922,5.933,4.606,0.079,0.655,0.593
1992,17.182065,6.146,4.619,0.094,0.819,0.614
1993,17.190211,6.196,4.598,0.061,1.035,0.502
1994,17.19832,6.452,4.612,0.067,1.245,0.528
1995,17.207203,5.991,4.612,0.07,0.697,0.612
1996,17.215318,6.261,4.593,0.06,0.933,0.675
1997,17.22371,6.122,4.642,0.077,0.825,0.578
1998,17.232629,6.023,4.633,0.086,0.685,0.619
1999,17.240693,6.152,4.585,0.079,0.994,0.494
2000,17.249661,6.041,4.544,0.072,0.569,0.856
2001,17.257529,6.502,4.616,0.093,0.939,0.854
2002,17.265204,6.816,4.553,0.078,1.682,0.503
2003,17.273975,6.503,4.619,0.073,1.178,0.633
2004,17.28463,6.025,4.598,0.086,0.692,0.649
2005,17.292404,6.467,4.597,0.066,1.252,0.552
2006,17.301125,6.171,4.585,0.049,0.879,0.658
2007,17.309248,6.358,4.599,0.066,1.074,0.619
2008,17.317658,6.246,4.62,0.079,0.977,0.57
2009,17.326399,5.839,4.579,0.06,0.626,0.574
2010,17.334247,6.234,4.617,0.067,1.076,0.474
2011,17.342913,6.23,4.592,0.078,0.889,0.671
2012,17.353319,5.929,4.574,0.059,0.625,0.671
2013,17.361217,6.253,4.609,0.069,1.025,0.55
2014,17.369828,6.095,4.606,0.081,0.753,0.655
2015,17.377973,6.219,4.617,0.06,0.93,0.612
2016,17.386402,6.127,4.576,0.06,0.875,0.616
2017,17.394525,6.29,4.617,0.05,1.049,0.574
2018,17.402995,5.975,4.583,0.086,0.938,0.368
2019,17.413389,6.045,4.6,0.082,0.639,0.724
2020,17.421871,6.17,4.617,0.064,0.799,0.69
2021,17.431995,6.57,4.609,0.079,1.273,0.609
2022,17.440051,6.576,4.589,0.09,1.567,0.33
2023,17.448077,6.815,4.653,0.077,1.815,0.27
2024,17.456772,6.507,4.631,0.092,1.477,0.307
2025,17.465327,6.209,4.604,0.065,1.282,0.258
2026,17.473695,6.137,4.643,0.076,1.21,0.208
2027,17.481491,6.661,4.649,0.07,1.741,0.201
2028,17.490238,6.293,4.604,0.057,1.372,0.26
2029,17.498563,6.283,4.642,0.085,1.341,0.215
2030,17.507496,5.839,4.589,0.085,0.79,0.375
2031,17.515424,6.125,4.623,0.094,1.145,0.263
2032,17.523937,6.185,4.58,0.102,1.004,0.499
2033,17.534037,6.182,4.624,0.186,0.878,0.494
2034,17.543264,6.047,4.556,0.071,0.721,0.699
2035,17.551013,6.514,4.669,0.103,1.174,0.568
2036,17.559313,6.244,4.546,0.075,1.344,0.279
2037,17.567199,6.667,4.585,0.164,1.681,0.237
2038,17.575635,6.597,4.602,0.104,1.619,0.272
2039,17.584124,6.414,4.577,0.162,1.433,0.242
2040,17.592344,6.515,4.528,0.157,1.596,0.234
2041,17.600749,6.495,4.472,0.13,1.605,0.288
2042,17.610895,5.773,4.574,0.132,0.789,0.278
2043,17.619712,5.947,4.536,0.15,1.053,0.208
2044,17.62813,6.13,4.516,0.126,1.009,0.479
2045,17.636445,6.131,4.48,0.126,1.062,0.463
2046,17.6446,6.268,4.512,0.104,1.237,0.415
2047,17.653094,6.158,4.505,0.176,0.994,0.483
2048,17.663295,6.502,4.609,0.11,0.992,0.791
2049,17.672114,6.402,4.561,0.1,0.83,0.911
2050,17.682757,6.312,4.61,0.071,0.814,0.817
2051,17.690664,6.803,4.529,0.078,1.295,0.901
2052,17.699347,6.5,4.483,0.066,0.99,0.961
2053,17.707003,6.88,4.536,0.314,1.385,0.645
2054,17.71548,6.781,4.489,0.181,1.428,0.683
2055,17.724294,6.465,4.522,0.137,0.957,0.849
2056,17.732266,6.663,4.526,0.144,1.306,0.687
2057,17.740867,6.402,4.515,0.167,1.033,0.687
2058,17.748933,6.444,4.673,0.159,1.147,0.465
2059,17.757225,6.689,4.589,0.173,1.256,0.671
2060,17.765822,6.439,4.587,0.144,1.029,0.679
2061,17.773851,6.831,4.598,0.172,1.293,0.768
2062,17.782417,6.477,4.584,0.151,1.097,0.645
2063,17.791001,6.174,4.628,0.141,0.81,0.595
2064,17.800945,6.283,4.624,0.172,0.793,0.694
2065,17.809486,6.151,4.63,0.12,0.812,0.589
2066,17.817562,6.432,4.645,0.132,1.046,0.609
2067,17.82602,6.315,4.67,0.118,0.908,0.619
2068,17.834462,6.188,4.68,0.107,0.855,0.546
2069,17.842685,6.409,4.637,0.155,0.959,0.658
2070,17.853495,6.383,4.627,0.126,0.843,0.787
2071,17.861428,6.585,4.614,0.126,1.241,0.604
2072,17.870479,6.731,4.622,0.163,1.227,0.719
2073,17.877982,7.656,4.629,0.192,2.023,0.812
2074,17.886758,7.114,4.64,0.113,1.641,0.72
2075,17.894598,7.374,4.523,0.064,2.271,0.516
2076,17.903058,7.044,4.56,0.087,2.099,0.298
2077,17.911184,7.145,4.553,0.073,2.314,0.205
2078,17.921518,5.99,4.657,0.091,1.045,0.197
2079,17.931801,5.731,4.646,0.107,0.753,0.225
2080,17.939839,5.971,4.549,0.087,1.157,0.178
2081,17.948392,5.754,4.502,0.086,0.984,0.182
2082,17.956623,5.856,4.573,0.086,1.015,0.182
2083,17.964908,5.885,4.53,0.094,1.105,0.156
2084,17.973597,5.554,4.54,0.087,0.743,0.184
2085,17.982131,5.493,4.551,0.107,0.659,0.176
2086,17.989627,6.326,4.562,0.1,1.495,0.169
2087,17.998335,5.944,4.508,0.085,1.174,0.177
2088,18.006953,5.663,4.549,0.086,0.851,0.177
2089,18.015039,5.888,4.537,0.092,1.111,0.148
2090,18.023832,5.458,4.518,0.081,0.67,0.189
2091,18.031927,5.699,4.544,0.072,0.882,0.201
2092,18.04252,5.49,4.649,0.068,0.583,0.19
2093,18.050517,5.834,4.666,0.106,0.878,0.184
2094,18.059013,5.669,4.669,0.096,0.754,0.15
2095,18.066802,6.237,4.635,0.091,1.337,0.174
2096,18.075687,5.803,4.649,0.081,0.883,0.19
2097,18.083811,6.03,4.635,0.079,1.106,0.21
2098,18.092417,5.725,4.613,0.09,0.848,0.174
2099,18.102417,5.727,4.649,0.079,0.815,0.184
2100,18.110932,5.585,4.642,0.094,0.655,0.194
2101,18.119597,5.744,4.651,0.098,0.837,0.158
2102,18.12753,6.157,4.66,0.098,1.228,0.171
2103,18.136176,5.841,4.625,0.121,0.927,0.168
2104,18.144301,6.118,4.663,0.083,1.127,0.245
2105,18.152872,5.853,4.63,0.077,0.924,0.222
2106,18.162905,5.674,4.647,0.129,0.728,0.17
2107,18.171412,5.741,4.634,0.108,0.818,0.181
2108,18.181765,5.779,4.637,0.104,0.859,0.179
2109,18.189998,5.959,4.644,0.05,0.966,0.299
2110,18.198146,6.086,4.653,0.087,1.139,0.207
2111,18.2067,5.879,4.669,0.081,0.905,0.224
2112,18.214979,5.914,4.634,0.069,0.994,0.217
2113,18.223204,6.025,4.594,0.085,1.144,0.202
2114,18.232208,5.524,4.612,0.078,0.638,0.196
2115,18.239931,6.184,4.641,0.074,1.223,0.246
2116,18.248646,5.806,4.662,0.095,0.869,0.18
2117,18.256584,6.246,4.612,0.078,1.319,0.237
2118,18.265117,6.007,4.634,0.09,1.095,0.188
2119,18.273842,5.811,4.662,0.095,0.842,0.212
2120,18.282914,6.851,4.616,0.177,0.972,1.086
2121,18.293055,6.303,4.62,0.149,0.792,0.742
2122,18.300898,6.723,4.649,0.118,1.281,0.675
2123,18.309204,6.688,4.597,0.125,1.352,0.614
2124,18.317782,6.505,4.626,0.179,1.017,0.683
2125,18.325934,6.765,4.615,0.121,1.244,0.785
2126,18.334259,6.609,4.605,0.08,1.308,0.616
2127,18.345059,6.038,4.599,0.104,0.69,0.645
2128,18.352869,6.514,4.54,0.074,1.283,0.617
2129,18.361478,6.195,4.488,0.068,1.054,0.585
2130,18.3696,6.405,4.526,0.075,1.229,0.575
2131,18.378166,6.365,4.512,0.092,1.006,0.755
2132,18.386671,6.048,4.519,0.065,0.837,0.627
2133,18.394674,6.392,4.552,0.071,1.132,0.637
2134,18.402889,6.488,4.516,0.093,1.281,0.598
2135,18.41146,6.21,4.491,0.06,1.075,0.584
2136,18.42204,5.886,4.628,0.085,0.642,0.531
2137,18.432179,6.041,4.617,0.061,0.592,0.771
2138,18.440316,6.076,4.484,0.067,0.923,0.602
2139,18.448776,5.969,4.566,0.079,0.712,0.612
2140,18.456913,6.092,4.522,0.091,0.95,0.529
2141,18.465219,6.09,4.539,0.061,0.964,0.526
2142,18.473676,6.215,4.519,0.075,0.863,0.758
2143,18.482042,6.541,4.52,0.09,1.244,0.687
2144,18.490095,6.607,4.521,0.077,1.526,0.483
2145,18.498976,6.238,4.632,0.065,0.87,0.671
2146,18.507436,6.029,4.646,0.101,0.719,0.563
2147,18.515413,6.388,4.589,0.072,1.144,0.583
2148,18.524128,6.114,4.644,0.078,0.778,0.614
2149,18.532446,6.166,4.597,0.076,0.841,0.652
2150,18.542903,6.178,4.607,0.084,0.865,0.622
2151,18.550831,6.561,4.637,0.081,1.243,0.6
2152,18.55929,6.326,4.583,0.074,1.171,0.498
2153,18.567627,6.408,4.601,0.076,1.151,0.58
2154,18.575934,6.585,4.655,0.092,1.09,0.748
2155,18.584312,6.402,4.606,0.073,1.127,0.596
2156,18.594943,5.983,4.582,0.084,0.666,0.651
2157,18.603285,6.119,4.644,0.085,0.827,0.563
2158,18.610943,6.568,4.609,0.057,1.554,0.348
2159,18.61943,6.406,4.618,0.079,1.39,0.319
2160,18.628005,6.047,4.652,0.112,1.089,0.194
2161,18.635957,6.441,4.623,0.078,1.525,0.215
2162,18.644368,6.335,4.611,0.074,1.461,0.189
2163,18.65269,6.503,4.626,0.09,1.457,0.33
2164,18.662824,5.586,4.637,0.085,0.653,0.211
2165,18.67154,5.505,4.661,0.078,0.567,0.199
2166,18.681653,5.703,4.633,0.08,0.806,0.184
2167,18.689867,5.838,4.652,0.082,0.909,0.195
2168,18.698412,5.609,4.625,0.074,0.724,0.186
2169,18.70658,5.785,4.631,0.07,0.881,0.203
2170,18.714927,5.758,4.608,0.088,0.884,0.178
2171,18.723744,5.737,4.663,0.095,0.634,0.345
2172,18.731728,5.935,4.639,0.097,1.007,0.192
2173,18.740107,5.917,4.641,0.059,0.97,0.247
2174,18.748334,5.968,4.598,0.06,1.118,0.192
2175,18.756913,5.917,4.63,0.084,0.843,0.36
2176,18.765179,5.831,4.603,0.061,0.936,0.231
2177,18.773581,5.74,4.663,0.073,0.818,0.186
2178,18.782048,5.68,4.635,0.099,0.767,0.179
2179,18.792139,5.479,4.63,0.054,0.575,0.22
2180,18.800658,5.491,4.634,0.076,0.603,0.178
2181,18.808784,5.714,4.607,0.069,0.84,0.198
2182,18.81725,5.56,4.584,0.057,0.729,0.19
2183,18.825312,5.842,4.596,0.058,0.99,0.198
2184,18.833828,5.746,4.635,0.087,0.845,0.179
2185,18.842457,5.555,4.648,0.092,0.633,0.182
2186,18.852925,5.675,4.627,0.09,0.791,0.167
2187,18.860845,6.088,4.636,0.078,1.2,0.174
2188,18.869444,5.823,4.583,0.098,0.974,0.168
2189,18.878101,6.177,4.647,0.074,1.115,0.341
2190,18.886097,6.41,4.628,0.074,1.469,0.239
2191,18.894252,6.562,4.597,0.061,1.68,0.224
2192,18.902743,6.393,4.592,0.078,1.527,0.196
2193,18.913287,5.536,4.595,0.057,0.687,0.197
2194,18.92332,5.69,4.616,0.124,0.781,0.169
2195,18.931581,5.762,4.654,0.108,0.832,0.168
2196,18.939941,5.789,4.625,0.083,0.855,0.226
2197,18.948484,5.643,4.584,0.083,0.808,0.168
2198,18.95659,5.874,4.596,0.076,1.03,0.172
2199,18.965032,5.775,4.586,0.077,0.928,0.184
2200,18.973186,5.937,4.581,0.058,1.111,0.187
2201,18.981805,5.677,4.638,0.076,0.766,0.197
2202,18.990165,5.628,4.621,0.061,0.759,0.187
2203,18.998637,5.664,4.623,0.078,0.781,0.182
2204,19.00694,5.701,4.625,0.078,0.809,0.189
2205,19.014952,6.019,4.597,0.071,1.16,0.191
2206,19.023886,5.577,4.643,0.073,0.681,0.18
2207,19.033845,5.617,4.637,0.08,0.706,0.194
2208,19.040425,7.35,4.652,0.075,2.446,0.177
2209,19.050346,5.763,4.581,0.052,0.931,0.199
2210,19.058927,5.537,4.637,0.084,0.661,0.155
2211,19.067244,5.566,4.609,0.054,0.708,0.195
2212,19.075423,5.723,4.595,0.081,0.877,0.17
2213,19.083762,5.729,4.632,0.084,0.828,0.185
2214,19.094529,5.618,4.601,0.073,0.763,0.181
2215,19.102569,5.919,4.538,0.088,1.12,0.173
2216,19.1111,5.784,4.543,0.08,0.916,0.245
2217,19.119224,5.969,4.531,0.058,1.135,0.245
2218,19.127768,5.757,4.537,0.081,0.921,0.218
2219,19.135683,6.144,4.547,0.093,1.326,0.178
2220,19.144346,5.806,4.497,0.057,1.049,0.203
2221,19.152641,5.841,4.53,0.069,1.058,0.184
2222,19.163655,5.7,4.625,0.085,0.772,0.218
2223,19.173262,5.448,4.512,0.053,0.655,0.228
2224,19.181569,5.548,4.538,0.067,0.738,0.205
2225,19.189949,5.564,4.558,0.08,0.717,0.209
2226,19.19829,5.513,4.509,0.056,0.749,0.199
2227,19.206678,5.485,4.539,0.087,0.695,0.164
2228,19.214935,5.621,4.494,0.077,0.818,0.232
2229,19.223069,5.782,4.542,0.066,0.968,0.206
2230,19.231766,5.558,4.53,0.074,0.744,0.21
2231,19.240036,5.603,4.527,0.054,0.813,0.209
2232,19.248328,5.685,4.589,0.058,0.842,0.196
2233,19.256841,5.608,4.633,0.08,0.68,0.215
2234,19.264842,5.918,4.589,0.085,1.065,0.179
2235,19.273804,5.719,4.589,0.068,0.859,0.203
2236,19.281903,5.955,4.628,0.091,1.053,0.183
2237,19.292488,5.66,4.601,0.073,0.79,0.196
2238,19.300378,6.103,4.581,0.056,1.256,0.21
2239,19.309165,5.64,4.592,0.06,0.792,0.196
2240,19.316974,6.165,4.647,0.072,1.264,0.182
2241,19.325641,5.822,4.627,0.084,0.948,0.163
2242,19.333768,6.059,4.587,0.075,1.197,0.2
2243,19.342419,5.719,4.639,0.078,0.826,0.176
2244,19.352433,5.818,4.594,0.097,0.954,0.173
2245,19.360831,5.77,4.622,0.089,0.873,0.186
2246,19.369444,5.678,4.629,0.086,0.804,0.159
2247,19.377795,5.777,4.641,0.085,0.846,0.205
2248,19.386116,5.762,4.638,0.085,0.857,0.182
2249,19.394232,5.975,4.589,0.058,1.126,0.202
2250,19.402647,5.892,4.625,0.085,1.011,0.171
2251,19.412705,5.683,4.623,0.071,0.803,0.186
2252,19.421421,5.671,4.595,0.073,0.829,0.174
2253,19.431745,5.747,4.626,0.076,0.83,0.215
2254,19.439804,6.014,4.623,0.075,1.109,0.207
2255,19.448327,5.791,4.613,0.052,0.929,0.197
2256,19.456474,5.984,4.625,0.081,1.102,0.176
2257,19.464912,5.893,4.59,0.067,1.034,0.202
2258,19.473348,5.779,4.58,0.058,0.94,0.201
2259,19.481843,5.699,4.638,0.08,0.75,0.231
2260,19.489958,5.9,4.626,0.082,0.983,0.209
2261,19.49852,5.663,4.622,0.095,0.785,0.161
2262,19.506485,6.032,4.644,0.078,1.137,0.173
2263,19.515235,5.611,4.595,0.056,0.766,0.194
2264,19.523346,5.832,4.592,0.068,0.99,0.182
2265,19.532044,5.609,4.63,0.091,0.608,0.28
2266,19.542376,5.52,4.59,0.073,0.653,0.204
2267,19.550538,5.684,4.546,0.072,0.866,0.2
2268,19.558819,5.765,4.523,0.083,0.939,0.22
2269,19.567161,5.718,4.526,0.087,0.927,0.178
2270,19.575293,5.925,4.51,0.071,1.148,0.196
2271,19.583612,5.951,4.552,0.082,1.119,0.198
2272,19.592399,5.506,4.54,0.065,0.696,0.205
2273,19.603342,5.696,4.604,0.07,0.68,0.342
2274,19.611027,6.257,4.527,0.073,1.399,0.258
2275,19.620419,6.178,4.473,0.075,0.581,1.049
2276,19.628118,6.519,4.518,0.089,1.156,0.756
2277,19.636742,6.28,4.476,0.08,0.915,0.809
2278,19.644797,6.508,4.524,0.081,1.148,0.755
2279,19.653146,6.307,4.512,0.081,1.144,0.57
2280,19.662968,5.957,4.606,0.079,0.671,0.601
2281,19.67177,5.806,4.514,0.081,0.618,0.593
2282,19.682146,6.298,4.593,0.078,0.979,0.648
2283,19.690436,6.452,4.559,0.078,1.063,0.752
2284,19.698729,6.345,4.586,0.077,1.072,0.61
2285,19.706879,6.547,4.628,0.09,1.207,0.622
2286,19.715294,6.389,4.603,0.065,1.157,0.564
2287,19.723874,6.265,4.641,0.087,0.866,0.671
2288,19.732335,6.096,4.588,0.069,0.792,0.647
2289,19.740367,6.505,4.569,0.063,1.121,0.752
2290,19.748869,6.215,4.617,0.079,0.899,0.62
2291,19.75684,6.526,4.606,0.084,1.275,0.561
2292,19.765652,6.076,4.598,0.097,0.789,0.592
2293,19.773849,6.177,4.664,0.089,0.86,0.564
2294,19.782526,5.991,4.585,0.09,0.594,0.722
2295,19.7915,6.161,4.622,0.092,0.632,0.815
2296,19.800814,5.971,4.576,0.077,0.627,0.691
2297,19.809076,5.906,4.617,0.06,0.66,0.569
2298,19.817731,5.907,4.578,0.084,0.602,0.643
2299,19.826205,6.13,4.568,0.059,0.665,0.838
2300,19.83424,6.46,4.585,0.076,0.942,0.857
2301,19.842789,6.158,4.504,0.084,0.806,0.764
2302,19.850997,6.086,4.535,0.087,0.896,0.568
2303,19.861145,5.88,4.624,0.07,0.563,0.623
2304,19.869807,5.687,4.523,0.074,0.525,0.565
2305,19.87834,6.155,4.496,0.063,0.935,0.661
2306,19.886373,6.329,4.488,0.068,1.249,0.524
2307,19.894128,6.652,4.533,0.105,1.767,0.247
2308,19.902447,6.605,4.506,0.056,1.819,0.224
2309,19.911046,6.323,4.53,0.077,1.527,0.189
2310,19.921636,5.466,4.657,0.081,0.549,0.179
2311,19.93159,5.437,4.631,0.095,0.535,0.176
2312,19.939925,5.432,4.552,0.074,0.62,0.186
2313,19.948277,5.417,4.489,0.059,0.665,0.204
2314,19.956551,5.479,4.534,0.075,0.679,0.191
2315,19.965033,5.396,4.546,0.072,0.596,0.182
2316,19.97343,5.486,4.507,0.045,0.567,0.367
2317,19.981612,5.5,4.545,0.082,0.681,0.192
2318,19.989645,5.789,4.542,0.073,0.988,0.186
2319,19.998269,5.488,4.607,0.066,0.627,0.188
2320,20.006746,5.859,4.621,0.055,0.9,0.283
2321,20.015008,5.881,4.612,0.083,0.982,0.204
2322,20.023482,5.713,4.604,0.069,0.848,0.192
2323,20.031889,5.637,4.614,0.065,0.763,0.195
2324,20.042454,5.551,4.646,0.079,0.604,0.222
2325,20.050445,5.884,4.59,0.079,1.005,0.21
2326,20.059007,5.647,4.629,0.082,0.736,0.2
2327,20.067375,5.596,4.593,0.076,0.736,0.191
2328,20.075465,5.847,4.615,0.07,0.957,0.205
2329,20.08382,5.821,4.642,0.071,0.911,0.197
2330,20.092094,5.89,4.626,0.072,0.985,0.207
2331,20.102862,5.497,4.635,0.073,0.596,0.193
2332,20.111085,5.719,4.624,0.1,0.813,0.182
2333,20.119307,5.884,4.592,0.046,0.967,0.279
2334,20.127549,5.899,4.602,0.09,1.048,0.159
2335,20.136062,5.73,4.652,0.062,0.82,0.196
2336,20.144099,6.022,4.647,0.054,1.123,0.198
2337,20.152746,5.718,4.587,0.079,0.871,0.181
2338,20.162604,5.498,4.605,0.072,0.647,0.174
2339,20.171331,5.458,4.591,0.06,0.614,0.193
2340,20.181597,5.398,4.601,0.078,0.546,0.173
2341,20.189884,5.529,4.643,0.081,0.621,0.184
2342,20.198263,5.649,4.598,0.059,0.808,0.184
2343,20.206392,5.859,4.653,0.079,0.958,0.169
2344,20.214916,5.679,4.592,0.075,0.828,0.184
2345,20.223285,5.63,4.602,0.129,0.744,0.155
2346,20.231531,6.418,4.648,0.057,1.522,0.191
2347,20.24004,6.436,4.6,0.105,1.373,0.358
2348,20.248709,5.941,4.605,0.1,1.042,0.194
2349,20.256426,6.539,4.626,0.083,1.65,0.18
2350,20.265164,6.149,4.634,0.074,1.236,0.205
2351,20.273325,6.395,4.58,0.072,1.465,0.278
2352,20.281771,6.221,4.607,0.08,1.326,0.208
2353,20.290598,5.709,4.639,0.074,0.798,0.198
2354,20.300255,5.663,4.605,0.059,0.789,0.21
2355,20.308682,5.556,4.646,0.08,0.663,0.167
2356,20.31741,5.767,4.645,0.079,0.863,0.18
2357,20.325272,6.236,4.583,0.064,1.399,0.19
2358,20.333844,5.991,4.62,0.056,1.121,0.194
2359,20.342054,6.12,4.626,0.057,1.239,0.198
2360,20.352936,5.634,4.621,0.074,0.759,0.18
2361,20.360945,5.945,4.637,0.088,1.061,0.159
2362,20.369391,5.839,4.595,0.072,0.996,0.176
2363,20.37783,5.751,4.635,0.084,0.847,0.185
2364,20.38594,5.953,4.645,0.071,1.059,0.178
2365,20.394337,5.887,4.629,0.055,1.014,0.189
2366,20.402707,5.872,4.628,0.082,0.981,0.181
2367,20.410968,5.924,4.619,0.056,1.065,0.184
2368,20.421585,5.706,4.66,0.068,0.821,0.157
2369,20.431573,5.704,4.623,0.079,0.832,0.17
2370,20.439599,6.004,4.656,0.048,1.101,0.199
2371,20.448215,5.739,4.56,0.064,0.921,0.194
2372,20.456504,5.787,4.729,0.074,0.794,0.19
2373,20.465026,5.68,4.615,0.084,0.801,0.18
2374,20.473169,5.869,4.593,0.059,1.02,0.197
2375,20.481763,5.793,4.618,0.092,0.9,0.183
2376,20.490116,5.759,4.636,0.063,0.862,0.198
2377,20.498348,5.872,4.618,0.093,0.982,0.179
2378,20.506607,5.924,4.642,0.075,1.032,0.175
2379,20.51511,5.761,4.613,0.063,0.891,0.194
2380,20.524064,5.768,4.649,0.056,0.881,0.182
2381,20.534092,5.714,4.617,0.058,0.795,0.244
2382,20.542181,5.947,4.612,0.062,1.045,0.228
2383,20.550626,5.812,4.646,0.06,0.899,0.207
2384,20.558708,6.073,4.651,0.085,1.139,0.198
2385,20.567058,6.034,4.652,0.049,1.126,0.207
2386,20.575215,6.216,4.596,0.062,1.36,0.198
2387,20.583542,6.218,4.637,0.082,1.325,0.174
2388,20.592168,5.935,4.506,0.076,1.161,0.192
2389,20.601216,5.801,4.51,0.058,0.678,0.555
2390,20.610789,5.607,4.65,0.071,0.624,0.262
2391,20.619475,5.439,4.488,0.074,0.621,0.256
2392,20.627444,5.76,4.516,0.072,0.956,0.216
2393,20.636059,5.535,4.531,0.067,0.698,0.239
2394,20.644185,5.719,4.533,0.058,0.897,0.231
2395,20.652482,5.77,4.506,0.073,0.962,0.229
2396,20.660945,5.658,4.551,0.17,0.733,0.204
2397,20.671145,5.785,4.645,0.089,0.814,0.237
2398,20.679875,5.709,4.547,0.101,0.78,0.281
2399,20.687883,6.027,4.539,0.071,1.141,0.276
2400,20.696421,5.774,4.512,0.072,0.963,0.227
2401,20.70474,5.805,4.532,0.067,0.958,0.248
2402,20.712907,5.96,4.536,0.124,1.076,0.224
2403,20.721566,5.591,4.547,0.076,0.781,0.187
2404,20.731582,5.6,4.629,0.081,0.677,0.213
2405,20.740079,5.668,4.517,0.08,0.878,0.193
2406,20.748361,6.185,4.661,0.095,1.143,0.286
2407,20.756992,5.973,4.657,0.146,0.89,0.28
2408,20.765408,6.255,4.656,0.153,1.104,0.342
2409,20.773636,6.503,4.684,0.113,1.231,0.475
2410,20.782043,6.26,4.607,0.095,1.259,0.299
2411,20.792148,5.777,4.622,0.088,0.76,0.307
2412,20.800526,5.867,4.642,0.096,0.844,0.285
2413,20.808568,6.127,4.645,0.08,1.145,0.257
2414,20.816961,6.044,4.663,0.08,1.07,0.231
2415,20.825734,5.732,4.622,0.077,0.791,0.242
2416,20.833949,5.804,4.628,0.071,0.891,0.214
2417,20.842024,6.102,4.592,0.092,1.195,0.223
2418,20.851155,5.545,4.599,0.055,0.654,0.237
2419,20.860919,5.655,4.626,0.109,0.647,0.273
2420,20.871156,5.835,4.659,0.15,0.819,0.207
2421,20.879211,6.115,4.588,0.078,1.258,0.191
2422,20.887843,5.874,4.582,0.11,0.937,0.245
2423,20.896513,5.815,4.624,0.074,0.841,0.276
2424,20.904517,6.109,4.584,0.114,1.176,0.235
2425,20.913376,5.564,4.579,0.1,0.668,0.217
2426,20.921484,5.798,4.547,0.079,0.949,0.223
2427,20.929483,6.122,4.655,0.113,1.141,0.213
2428,20.937889,6.127,4.582,0.096,1.162,0.287
2429,20.946462,5.834,4.611,0.09,0.894,0.239
2430,20.954882,5.807,4.649,0.122,0.817,0.219
2431,20.96322,5.844,4.568,0.077,0.94,0.259
2432,20.971491,5.884,4.685,0.102,0.869,0.228
2433,20.981667,5.819,4.651,0.112,0.783,0.273
2434,20.990581,5.874,4.682,0.078,0.714,0.4
2435,20.998625,6.061,4.65,0.086,1.039,0.286
2436,21.006929,6.028,4.631,0.08,1.085,0.232
2437,21.015316,5.974,4.589,0.045,1.075,0.265
2438,21.023336,6.271,4.613,0.083,1.364,0.211
2439,21.033795,5.636,4.62,0.069,0.675,0.272
2440,21.040432,7.263,4.506,0.071,2.484,0.202
2441,21.050217,5.819,4.675,0.062,0.859,0.223
2442,21.058941,5.516,4.537,0.072,0.686,0.221
2443,21.066971,5.841,4.5,0.081,1.028,0.232
2444,21.075501,5.614,4.53,0.07,0.8,0.214
2445,21.084212,5.398,4.539,0.065,0.58,0.214
2446,21.092186,5.872,4.538,0.064,0.937,0.333
2447,21.102571,5.549,4.628,0.074,0.637,0.21
2448,21.111041,6.109,4.549,0.083,1.291,0.186
2449,21.121154,5.671,4.63,0.071,0.741,0.229
2450,21.12953,5.666,4.534,0.074,0.797,0.261
2451,21.137895,5.574,4.531,0.062,0.769,0.212
2452,21.146066,5.713,4.538,0.088,0.925,0.162
2453,21.154482,5.627,4.517,0.073,0.859,0.178
2454,21.163269,5.343,4.49,0.048,0.595,0.21
2455,21.171275,5.695,4.518,0.063,0.894,0.22
2456,21.179749,5.545,4.542,0.075,0.732,0.196
2457,21.187916,5.777,4.551,0.087,0.894,0.245
2458,21.196371,5.599,4.641,0.076,0.679,0.203
2459,21.204254,6.066,4.586,0.059,1.184,0.237
2460,21.213068,5.561,4.624,0.065,0.664,0.208
2461,21.221533,5.547,4.646,0.084,0.646,0.171
2462,21.231573,5.501,4.619,0.08,0.633,0.169
2463,21.240086,5.441,4.643,0.055,0.539,0.204
2464,21.248651,5.532,4.642,0.078,0.638,0.174
2465,21.257021,5.753,4.66,0.064,0.828,0.201
2466,21.265039,6.058,4.604,0.082,1.202,0.17
2467,21.273776,5.692,4.628,0.08,0.773,0.211
2468,21.281749,6.025,4.631,0.077,1.132,0.185
2469,21.292407,5.531,4.599,0.081,0.684,0.167
2470,21.300284,5.986,4.612,0.063,1.127,0.184
2471,21.308906,5.727,4.644,0.065,0.807,0.211
2472,21.316982,6.007,4.626,0.082,1.091,0.208
2473,21.325536,5.762,4.63,0.089,0.865,0.178
2474,21.334051,5.58,4.639,0.058,0.67,0.213
2475,21.342093,5.858,4.652,0.056,0.952,0.198
2476,21.352604,5.674,4.616,0.072,0.796,0.19
2477,21.362697,5.667,4.643,0.069,0.78,0.175
2478,21.371135,5.568,4.631,0.063,0.687,0.187
2479,21.379428,5.612,4.626,0.069,0.73,0.187
2480,21.387916,5.523,4.641,0.075,0.637,0.17
2481,21.396031,5.751,4.622,0.09,0.872,0.167
2482,21.404422,5.684,4.619,0.094,0.81,0.161
2483,21.412661,5.784,4.655,0.078,0.875,0.176
2484,21.421268,5.524,4.613,0.062,0.648,0.201
2485,21.429822,5.656,4.652,0.074,0.77,0.16
2486,21.437682,6.141,4.647,0.077,1.252,0.165
2487,21.446354,5.812,4.604,0.081,0.953,0.174
2488,21.454693,5.808,4.632,0.114,0.87,0.192
2489,21.462893,5.93,4.584,0.09,1.088,0.168
2490,21.471356,5.969,4.658,0.085,0.898,0.328
2491,21.480068,5.607,4.64,0.072,0.577,0.318
2492,21.490521,5.711,4.673,0.082,0.645,0.311
2493,21.498575,5.87,4.662,0.072,0.935,0.201
2494,21.506484,6.299,4.613,0.083,1.413,0.19
2495,21.515173,5.936,4.607,0.06,1.062,0.207
2496,21.5232,6.229,4.611,0.058,1.362,0.198
2497,21.531924,6.009,4.627,0.079,0.959,0.344
2498,21.54238,5.594,4.633,0.073,0.664,0.224
2499,21.550188,6.094,4.597,0.063,1.23,0.204
2500,21.55898,5.747,4.63,0.085,0.832,0.2
2501,21.566955,6.118,4.645,0.082,1.167,0.224
2502,21.575416,5.961,4.632,0.084,1.073,0.172
2503,21.584155,5.546,4.622,0.059,0.675,0.19
2504,21.592935,5.451,4.617,0.079,0.562,0.193
2505,21.603254,5.807,4.643,0.086,0.893,0.185
2506,21.612858,5.633,4.668,0.069,0.701,0.195
2507,21.621289,5.673,4.611,0.064,0.777,0.221
2508,21.629647,5.731,4.601,0.067,0.847,0.216
2509,21.638308,5.818,4.607,0.056,0.902,0.253
2510,21.64656,5.873,4.648,0.08,0.943,0.202
2511,21.65626,5.748,4.595,0.061,0.878,0.214
2512,21.664074,6.294,4.634,0.063,1.355,0.242
2513,21.671301,7.367,4.624,0.06,2.473,0.21
2514,21.679787,7.222,4.621,0.083,2.323,0.195
2515,21.688344,6.974,4.597,0.088,2.122,0.167
2516,21.696471,7.18,4.644,0.08,2.283,0.173
2517,21.705093,7.006,4.634,0.066,2.005,0.301
2518,21.715588,5.528,4.634,0.074,0.629,0.191
2519,21.723497,5.956,4.635,0.079,1.061,0.181
2520,21.732021,5.779,4.631,0.087,0.87,0.191
2521,21.740277,5.83,4.607,0.053,0.971,0.199
2522,21.748463,5.978,4.646,0.071,1.08,0.181
2523,21.756869,5.948,4.644,0.057,1.011,0.236
2524,21.764966,6.186,4.65,0.087,1.24,0.209
2525,21.773325,6.134,4.598,0.054,1.268,0.214
2526,21.781828,5.974,4.639,0.073,1.057,0.205
2527,21.792423,5.612,4.64,0.087,0.715,0.17
2528,21.800345,6.032,4.587,0.069,1.183,0.193
2529,21.808466,6.244,4.645,0.059,1.341,0.199
2530,21.817284,5.751,4.588,0.057,0.909,0.197
2531,21.825844,5.944,4.623,0.088,0.865,0.368
2532,21.834074,5.989,4.609,0.063,0.984,0.333
2533,21.842399,5.869,4.632,0.086,0.969,0.182
2534,21.852467,5.796,4.649,0.094,0.845,0.208
2535,21.860991,5.607,4.653,0.096,0.652,0.206
2536,21.869556,5.587,4.628,0.084,0.672,0.203
2537,21.87738,6.087,4.633,0.085,1.18,0.189
2538,21.885933,5.892,4.646,0.092,0.946,0.208
2539,21.894191,5.94,4.645,0.058,1.025,0.212
2540,21.902741,5.749,4.633,0.065,0.82,0.231
2541,21.911103,5.689,4.601,0.062,0.82,0.206
2542,21.921672,5.55,4.639,0.08,0.637,0.194
2543,21.929674,5.937,4.633,0.077,0.977,0.25
2544,21.937899,5.999,4.629,0.078,1.086,0.206
2545,21.946451,5.777,4.595,0.089,0.903,0.19
2546,21.954493,6.062,4.627,0.075,1.161,0.199
2547,21.963147,5.73,4.592,0.058,0.879,0.201
2548,21.973188,5.674,4.638,0.06,0.757,0.219
2549,21.981696,5.587,4.618,0.082,0.698,0.189
2550,21.990223,5.457,4.591,0.06,0.574,0.232
2551,21.998368,5.73,4.66,0.08,0.803,0.187
2552,22.006488,5.986,4.623,0.147,0.982,0.234
2553,22.015137,5.649,4.642,0.057,0.721,0.229
2554,22.023318,5.796,4.615,0.079,0.903,0.199
2555,22.032151,5.635,4.609,0.047,0.72,0.259
2556,22.04207,5.639,4.644,0.048,0.731,0.216
2557,22.050726,5.721,4.609,0.08,0.817,0.215
2558,22.058968,5.784,4.636,0.059,0.879,0.21
2559,22.067161,5.951,4.645,0.049,1.017,0.24
2560,22.075635,5.792,4.693,0.091,0.826,0.182
2561,22.08371,6.058,4.621,0.061,1.156,0.22
2562,22.092003,6.086,4.698,0.048,1.121,0.219
2563,22.10064,5.788,4.65,0.076,0.863,0.199
2564,22.110498,5.507,4.658,0.076,0.579,0.194
2565,22.11929,5.616,4.6,0.073,0.741,0.202
2566,22.127689,5.757,4.597,0.061,0.867,0.232
2567,22.135686,6.078,4.641,0.071,1.159,0.207
2568,22.144864,5.644,4.637,0.089,0.704,0.214
2569,22.152583,6.244,4.689,0.073,1.264,0.218
2570,22.16119,5.979,4.622,0.053,1.057,0.247
2571,22.17114,5.522,4.609,0.052,0.629,0.232
2572,22.179815,5.546,4.634,0.077,0.602,0.233
2573,22.18819,5.692,4.617,0.048,0.796,0.231
2574,22.196228,5.987,4.629,0.052,1.08,0.226
2575,22.204868,5.751,4.658,0.068,0.837,0.188
2576,22.212896,6.09,4.622,0.082,1.181,0.205
2577,22.221487,5.82,4.659,0.078,0.885,0.198
2578,22.23184,5.818,4.631,0.072,0.912,0.203
2579,22.242195,5.59,4.631,0.057,0.664,0.238
2580,22.25038,5.773,4.645,0.094,0.83,0.204
2581,22.258865,5.792,4.653,0.071,0.851,0.217
2582,22.26723,5.744,4.584,0.044,0.889,0.227
2583,22.275328,5.997,4.597,0.054,1.113,0.233
2584,22.284235,5.639,4.643,0.083,0.691,0.222
2585,22.291923,6.287,4.62,0.093,1.36,0.214
2586,22.300608,5.948,4.688,0.086,0.944,0.23
2587,22.308869,5.981,4.65,0.074,1.052,0.205
2588,22.317487,5.715,4.681,0.078,0.738,0.218
2589,22.325427,6.096,4.678,0.061,1.135,0.222
2590,22.333986,5.869,4.663,0.078,0.924,0.204
2591,22.341878,6.285,4.622,0.05,1.405,0.208
2592,22.350687,5.838,4.662,0.134,0.812,0.23
2593,22.360521,5.597,4.658,0.068,0.685,0.186
2594,22.369337,5.847,4.608,0.084,0.956,0.199
2595,22.377745,5.785,4.637,0.08,0.853,0.215
2596,22.385812,6.017,4.639,0.091,1.12,0.167
2597,22.39483,6.06,4.638,0.092,1.108,0.222
2598,22.402965,6.39,4.544,0.086,1.4,0.36
2599,22.412883,5.825,4.645,0.079,0.877,0.224
2600,22.421367,5.651,4.514,0.065,0.87,0.202
2601,22.429221,6.125,4.515,0.068,1.347,0.195
2602,22.43751,6.158,4.554,0.079,1.355,0.17
2603,22.446259,5.758,4.52,0.065,0.968,0.205
2604,22.454714,5.63,4.536,0.075,0.834,0.185
2605,22.462974,5.723,4.549,0.076,0.901,0.197
2606,22.471623,5.605,4.559,0.066,0.79,0.19
2607,22.481585,5.706,4.649,0.075,0.796,0.186
2608,22.490099,5.596,4.527,0.084,0.82,0.165
2609,22.498225,5.783,4.497,0.045,1.055,0.186
2610,22.506687,5.823,4.559,0.081,0.983,0.2
2611,22.514901,5.905,4.514,0.085,1.146,0.16
2612,22.523503,5.648,4.551,0.07,0.844,0.183
2613,22.533735,5.669,4.621,0.083,0.793,0.172
2614,22.54203,5.684,4.514,0.065,0.92,0.185
2615,22.550584,5.761,4.648,0.088,0.854,0.171
2616,22.558715,5.985,4.624,0.074,1.086,0.201
2617,22.567199,5.811,4.605,0.063,0.953,0.19
2618,22.575684,5.815,4.605,0.083,0.935,0.192
2619,22.583745,6.113,4.629,0.085,1.186,0.213
2620,22.592441,5.771,4.652,0.097,0.813,0.209
2621,22.602786,5.738,4.59,0.079,0.885,0.184
2622,22.610624,6.231,4.669,0.082,1.302,0.178
2623,22.619525,5.807,4.662,0.087,0.864,0.194
2624,22.62729,6.351,4.623,0.065,1.481,0.182
2625,22.635872,6.1,4.621,0.087,1.235,0.157
2626,22.644048,6.245,4.641,0.05,1.366,0.188
2627,22.652762,5.902,4.597,0.082,1.035,0.188
2628,22.661448,5.79,4.646,0.073,0.911,0.16
2629,22.670996,5.704,4.611,0.092,0.844,0.157
2630,22.679615,5.763,4.638,0.074,0.869,0.182
2631,22.687815,5.906,4.636,0.092,0.983,0.195
2632,22.695998,6.08,4.684,0.108,1.066,0.222
2633,22.704717,5.741,4.505,0.069,0.9,0.267
2634,22.712934,5.815,4.556,0.082,0.966,0.211
2635,22.721534,5.515,4.547,0.075,0.703,0.19
2636,22.731499,6.18,4.667,0.086,1.243,0.184
2637,22.739856,6.15,4.566,0.08,1.313,0.191
2638,22.748603,5.73,4.574,0.076,0.893,0.187
2639,22.756569,6.1,4.546,0.066,1.295,0.193
2640,22.765031,5.959,4.533,0.079,1.177,0.17
2641,22.773326,5.994,4.536,0.075,1.21,0.173
2642,22.781701,5.978,4.537,0.057,1.171,0.213
2643,22.790377,5.624,4.521,0.049,0.839,0.215
2644,22.80088,5.495,4.637,0.077,0.601,0.18
2645,22.808894,5.823,4.533,0.073,1.021,0.196
2646,22.816965,6.084,4.582,0.074,1.233,0.195
2647,22.825504,5.947,4.56,0.095,1.042,0.25
2648,22.834137,5.57,4.542,0.062,0.769,0.197
2649,22.842276,5.902,4.507,0.068,1.002,0.325
2650,22.852844,5.538,4.623,0.085,0.565,0.265
2651,22.863089,5.476,4.623,0.065,0.584,0.204
2652,22.871203,5.823,4.613,0.059,0.809,0.342
2653,22.879851,5.906,4.634,0.076,0.979,0.217
2654,22.887635,6.54,4.684,0.069,1.476,0.311
2655,22.89605,6.478,4.662,0.063,1.418,0.335
2656,22.904413,6.325,4.647,0.054,1.403,0.221
2657,22.91282,6.322,4.647,0.073,1.332,0.27
2658,22.921575,5.831,4.661,0.059,0.893,0.218
2659,22.929685,6.079,4.589,0.058,1.188,0.244
2660,22.938067,5.977,4.671,0.082,1.049,0.175
2661,22.94621,6.153,4.582,0.065,1.338,0.168
2662,22.954652,6.085,4.647,0.08,1.165,0.193
2663,22.962852,6.202,4.625,0.083,1.319,0.175
2664,22.971276,6.128,4.638,0.068,1.216,0.206
2665,22.981898,5.775,4.671,0.095,0.833,0.176
2666,22.98996,6.031,4.601,0.061,1.18,0.189
2667,22.998505,5.821,4.657,0.09,0.916,0.158
2668,23.006506,6.159,4.663,0.079,1.245,0.172
2669,23.014946,6.029,4.597,0.077,1.2,0.155
2670,23.023559,6.081,4.671,0.076,1.166,0.168
2671,23.031594,6.381,4.652,0.079,1.483,0.167
2672,23.042148,5.573,4.621,0.07,0.687,0.195
2673,23.050718,5.579,4.629,0.076,0.686,0.188
2674,23.058789,5.84,4.638,0.077,0.939,0.186
2675,23.067727,5.69,4.623,0.076,0.794,0.197
2676,23.075474,6.25,4.639,0.08,1.366,0.165
2677,23.084072,6.004,4.655,0.081,1.078,0.19
2678,23.092137,6.232,4.594,0.068,1.411,0.159
2679,23.100693,6.059,4.665,0.089,1.109,0.196
2680,23.110448,5.564,4.645,0.077,0.667,0.175
2681,23.119237,5.481,4.604,0.069,0.602,0.206
2682,23.129943,5.444,4.612,0.083,0.581,0.168
2683,23.13776,5.978,4.627,0.084,1.086,0.181
2684,23.146026,6.02,4.641,0.062,1.141,0.176
2685,23.154329,6.068,4.582,0.081,1.23,0.175
2686,23.16274,6.0,4.633,0.081,1.101,0.185
2687,23.171444,5.606,4.633,0.073,0.724,0.176
2688,23.179391,5.984,4.625,0.089,1.127,0.143
2689,23.187765,6.03,4.631,0.077,1.14,0.182
2690,23.196332,5.787,4.596,0.082,0.936,0.173
2691,23.204377,6.078,4.623,0.093,1.196,0.166
2692,23.21301,5.764,4.66,0.068,0.858,0.178
2693,23.224005,5.517,4.646,0.059,0.635,0.177
2694,23.231616,6.258,4.653,0.087,1.337,0.181
2695,23.240067,6.124,4.602,0.046,1.284,0.192
2696,23.248349,6.183,4.641,0.074,1.301,0.167
2697,23.256853,6.033,4.618,0.076,1.154,0.185
2698,23.265303,5.892,4.595,0.058,1.057,0.182
2699,23.273245,6.308,4.621,0.053,1.426,0.208
2700,23.283929,5.83,4.672,0.085,0.881,0.192
2701,23.292017,6.06,4.624,0.063,1.181,0.192
2702,23.300842,5.562,4.643,0.076,0.665,0.178
2703,23.308427,6.314,4.652,0.083,1.41,0.169
2704,23.317744,5.732,4.658,0.066,0.822,0.186
2705,23.325248,6.55,4.633,0.106,1.633,0.178
2706,23.33418,6.347,4.669,0.067,1.024,0.587
2707,23.342386,6.156,4.637,0.081,1.205,0.233
2708,23.352457,5.699,4.634,0.061,0.77,0.234
2709,23.363026,5.537,4.668,0.065,0.599,0.205
2710,23.371289,5.711,4.609,0.075,0.838,0.189
2711,23.379815,5.604,4.594,0.075,0.663,0.272
2712,23.387767,5.926,4.592,0.077,1.051,0.206
2713,23.395958,6.073,4.65,0.076,1.133,0.214
2714,23.404485,5.852,4.637,0.086,0.954,0.175
2715,23.41282,5.904,4.626,0.088,0.963,0.227
2716,23.421254,5.743,4.601,0.06,0.884,0.198
2717,23.42965,5.708,4.632,0.077,0.793,0.206
2718,23.437742,5.941,4.618,0.091,1.043,0.189
2719,23.446363,5.707,4.638,0.062,0.74,0.267
2720,23.454433,5.933,4.639,0.079,1.002,0.213
2721,23.463022,5.759,4.645,0.056,0.823,0.235
2722,23.473546,5.761,4.64,0.081,0.83,0.21
2723,23.48177,5.907,4.628,0.059,0.953,0.267
2724,23.490157,5.842,4.598,0.06,0.931,0.253
2725,23.49825,6.085,4.631,0.055,1.138,0.261
2726,23.506645,6.007,4.635,0.053,1.072,0.247
2727,23.515241,5.754,4.601,0.06,0.844,0.249
2728,23.523277,6.046,4.597,0.054,1.14,0.255
2729,23.531796,5.885,4.639,0.038,0.918,0.29
2730,23.540365,5.582,4.608,0.089,0.712,0.173
2731,23.55102,5.776,4.65,0.054,0.825,0.247
2732,23.559122,6.01,4.599,0.06,1.115,0.236
2733,23.567576,5.902,4.632,0.056,0.958,0.256
2734,23.575322,6.464,4.608,0.086,1.571,0.199
2735,23.583825,6.355,4.623,0.067,1.385,0.28
2736,23.592055,6.386,4.649,0.056,1.462,0.219
2737,23.602546,5.669,4.645,0.074,0.7,0.25
2738,23.610924,5.917,4.692,0.151,0.812,0.262
2739,23.621178,5.819,4.629,0.082,0.797,0.311
2740,23.62969,5.819,4.641,0.068,0.828,0.282
2741,23.637893,5.883,4.677,0.077,0.917,0.212
2742,23.64606,6.068,4.641,0.058,1.126,0.243
2743,23.654522,5.936,4.643,0.076,0.989,0.228
2744,23.662757,6.054,4.634,0.072,1.101,0.247
2745,23.671233,5.877,4.602,0.075,0.99,0.21
2746,23.6798,5.674,4.597,0.085,0.758,0.234
2747,23.687914,5.84,4.575,0.082,1.005,0.178
2748,23.696393,5.738,4.639,0.069,0.804,0.226
2749,23.704278,6.171,4.594,0.05,1.296,0.231
2750,23.712855,5.94,4.633,0.064,1.011,0.232
2751,23.721362,5.81,4.661,0.07,0.856,0.223
2752,23.731912,5.727,4.654,0.074,0.794,0.205
2753,23.739964,6.013,4.633,0.078,1.101,0.201
2754,23.74859,5.728,4.617,0.069,0.821,0.221
2755,23.756472,6.194,4.643,0.063,1.246,0.242
2756,23.764887,6.102,4.502,0.051,1.306,0.243
2757,23.77359,5.72,4.571,0.062,0.864,0.223
2758,23.781734,5.933,4.548,0.07,1.078,0.237
2759,23.792334,5.615,4.622,0.065,0.717,0.211
2760,23.800382,5.915,4.5,0.056,1.123,0.236
2761,23.808975,5.648,4.518,0.078,0.846,0.206
2762,23.817368,5.606,4.499,0.059,0.804,0.244
2763,23.825346,5.961,4.523,0.053,1.135,0.25
2764,23.833832,5.791,4.513,0.065,0.992,0.221
2765,23.842033,5.927,4.544,0.08,1.098,0.205
2766,23.850736,5.561,4.518,0.075,0.751,0.217
2767,23.86033,5.647,4.637,0.066,0.724,0.22
2768,23.869366,5.392,4.517,0.061,0.586,0.228
2769,23.877604,5.65,4.567,0.075,0.786,0.222
2770,23.885847,5.787,4.528,0.077,0.918,0.264
2771,23.894379,5.557,4.523,0.067,0.754,0.213
2772,23.902542,5.737,4.557,0.078,0.891,0.211
2773,23.91149,5.879,4.663,0.13,0.883,0.203
2774,23.921063,6.023,4.643,0.077,1.109,0.194
2775,23.929822,5.904,4.654,0.093,0.912,0.245
2776,23.937885,6.142,4.635,0.076,1.209,0.222
2777,23.946304,6.037,4.615,0.079,1.147,0.196
2778,23.954693,5.991,4.679,0.074,1.028,0.21
2779,23.962952,6.053,4.677,0.069,1.104,0.203
2780,23.971438,5.898,4.656,0.077,0.971,0.194
2781,23.982093,5.801,4.621,0.074,0.858,0.248
2782,23.990075,6.125,4.617,0.059,1.213,0.236
2783,23.99849,6.039,4.674,0.068,1.072,0.225
2784,24.006528,6.429,4.66,0.084,1.386,0.299
2785,24.015043,6.156,4.609,0.059,1.255,0.233
2786,24.023383,6.173,4.655,0.08,1.204,0.234
2787,24.031862,5.988,4.669,0.072,1.039,0.208
2788,24.040253,5.946,4.625,0.059,1.027,0.235
2789,24.050253,5.68,4.615,0.056,0.784,0.225
2790,24.058582,5.751,4.534,0.091,0.865,0.261
2791,24.0676,5.687,4.522,0.062,0.826,0.277
2792,24.075127,6.482,4.58,0.169,1.482,0.251
2793,24.083775,6.267,4.577,0.143,1.185,0.362
2794,24.092511,5.991,4.573,0.109,0.878,0.431
2795,24.102564,5.775,4.634,0.097,0.789,0.255
2796,24.110909,5.755,4.503,0.097,0.909,0.246
2797,24.118948,5.998,4.523,0.075,1.195,0.205
2798,24.127683,5.947,4.491,0.147,0.899,0.41
2799,24.136151,5.747,4.517,0.085,0.868,0.277
2800,24.144804,5.812,4.513,0.08,0.907,0.312
2801,24.15257,6.314,4.559,0.158,1.352,0.245
2802,24.16158,5.853,4.541,0.15,0.833,0.329
2803,24.171747,5.81,4.559,0.15,0.784,0.317
2804,24.179768,6.103,4.506,0.13,1.165,0.302
2805,24.18816,6.028,4.512,0.134,1.097,0.285
2806,24.196297,6.23,4.586,0.165,1.185,0.294
2807,24.204642,6.151,4.529,0.104,1.296,0.222
2808,24.21272,6.39,4.586,0.142,1.45,0.212
2809,24.221217,6.239,4.574,0.15,1.298,0.217
2810,24.231606,6.167,4.66,0.27,0.95,0.287
2811,24.240132,5.989,4.645,0.093,0.957,0.294
2812,24.248665,5.764,4.615,0.088,0.837,0.224
2813,24.256626,6.122,4.667,0.088,1.159,0.208
2814,24.265067,6.0,4.618,0.093,1.099,0.19
2815,24.273208,6.197,4.641,0.093,1.261,0.202
2816,24.281597,6.176,4.628,0.081,1.225,0.242
2817,24.290276,5.82,4.585,0.089,0.914,0.232
2818,24.300205,5.744,4.599,0.075,0.844,0.226
2819,24.30887,5.706,4.621,0.074,0.791,0.22
2820,24.317313,5.683,4.592,0.077,0.785,0.229
2821,24.325427,5.9,4.613,0.116,0.959,0.212
2822,24.334067,5.751,4.605,0.088,0.815,0.243
2823,24.342032,6.081,4.633,0.079,1.164,0.205
2824,24.350563,5.89,4.621,0.091,0.978,0.2
2825,24.360898,5.635,4.677,0.101,0.638,0.219
2826,24.369135,5.709,4.508,0.076,0.911,0.214
2827,24.377541,5.661,4.524,0.102,0.808,0.227
2828,24.386199,5.479,4.511,0.086,0.648,0.234
2829,24.394475,5.519,4.53,0.103,0.694,0.192
2830,24.402472,5.855,4.506,0.103,1.05,0.196
2831,24.410853,5.831,4.542,0.09,0.978,0.221
2832,24.421474,5.71,4.663,0.081,0.752,0.214
2833,24.431505,5.575,4.594,0.092,0.712,0.177
2834,24.439597,5.838,4.534,0.092,1.012,0.2
2835,24.448302,5.626,4.491,0.088,0.83,0.217
2836,24.456555,5.679,4.521,0.098,0.874,0.186
2837,24.464815,5.749,4.514,0.132,0.905,0.198
2838,24.473643,5.669,4.552,0.09,0.822,0.205
2839,24.481781,5.905,4.561,0.095,1.006,0.243
2840,24.490157,5.836,4.55,0.081,0.978,0.227
2841,24.498323,5.985,4.512,0.089,1.182,0.202
2842,24.506505,6.141,4.574,0.081,1.276,0.21
2843,24.514857,6.099,4.602,0.08,1.231,0.186
2844,24.523688,5.836,4.645,0.085,0.86,0.246
2845,24.531576,6.272,4.673,0.106,1.265,0.228
2846,24.542173,5.72,4.589,0.083,0.798,0.25
2847,24.550493,5.765,4.665,0.082,0.817,0.201
2848,24.55857,6.029,4.642,0.077,1.099,0.211
2849,24.567037,5.867,4.648,0.083,0.96,0.176
2850,24.575465,5.831,4.696,0.15,0.825,0.16
2851,24.583684,6.006,4.62,0.09,1.067,0.229
2852,24.592294,5.707,4.608,0.083,0.807,0.209
2853,24.602315,5.565,4.587,0.078,0.697,0.203
2854,24.610716,5.721,4.636,0.08,0.795,0.21
2855,24.619201,5.568,4.611,0.085,0.693,0.179
2856,24.627964,5.88,4.667,0.088,0.923,0.202
2857,24.635652,6.527,4.635,0.086,1.602,0.204
2858,24.644392,6.115,4.662,0.079,1.17,0.204
2859,24.652684,6.215,4.619,0.074,1.253,0.269
2860,24.66277,5.658,4.649,0.079,0.706,0.224
2861,24.671112,5.627,4.582,0.096,0.766,0.183
2862,24.679934,5.571,4.626,0.099,0.653,0.193
2863,24.687835,5.989,4.685,0.077,1.037,0.19
2864,24.696365,5.838,4.683,0.185,0.788,0.182
2865,24.704418,6.127,4.634,0.095,1.211,0.187
2866,24.712843,6.052,4.607,0.09,1.146,0.209
2867,24.721899,5.907,4.64,0.198,0.842,0.227
2868,24.732163,5.776,4.582,0.099,0.833,0.262
2869,24.740011,6.206,4.619,0.08,1.289,0.218
2870,24.748594,5.939,4.626,0.073,1.035,0.205
2871,24.756592,6.296,4.664,0.074,1.329,0.229
2872,24.76496,6.239,4.631,0.348,1.058,0.202
2873,24.773224,6.348,4.619,0.082,1.409,0.238
2874,24.781656,6.234,4.623,0.075,1.307,0.229
2875,24.792198,5.599,4.617,0.076,0.693,0.213
2876,24.800455,5.683,4.602,0.077,0.782,0.222
2877,24.809035,5.419,4.505,0.094,0.643,0.177
2878,24.816901,5.884,4.538,0.102,1.063,0.181
2879,24.825562,5.631,4.513,0.092,0.773,0.253
2880,24.833889,5.62,4.501,0.087,0.792,0.24
2881,24.841965,5.828,4.544,0.087,1.002,0.195
2882,24.850622,5.542,4.528,0.071,0.71,0.233
2883,24.861688,5.636,4.626,0.11,0.697,0.203
2884,24.871225,5.558,4.509,0.108,0.701,0.24
2885,24.879517,5.562,4.525,0.087,0.743,0.207
2886,24.887734,5.683,4.507,0.085,0.879,0.212
2887,24.896075,5.664,4.546,0.085,0.832,0.201
2888,24.904311,5.76,4.49,0.083,0.977,0.21
2889,24.912643,5.788,4.518,0.096,0.951,0.223
2890,24.921194,5.538,4.498,0.095,0.755,0.19
2891,24.929852,5.59,4.549,0.093,0.734,0.214
2892,24.938066,5.679,4.504,0.088,0.892,0.195
2893,24.946302,5.79,4.506,0.089,0.991,0.204
2894,24.955201,5.645,4.494,0.085,0.862,0.204
2895,24.962811,6.371,4.627,0.074,1.459,0.211
2896,24.971552,5.975,4.678,0.126,0.961,0.21
2897,24.981774,6.078,4.556,0.126,0.905,0.491
2898,24.99027,5.954,4.564,0.15,0.786,0.454
2899,24.998808,6.078,4.583,0.128,0.858,0.509
2900,25.00733,6.688,4.586,0.122,0.986,0.994
2901,25.015133,6.791,4.574,0.145,1.5,0.572
2902,25.023889,6.316,4.602,0.133,1.048,0.533
2903,25.032131,6.416,4.843,0.127,0.915,0.531
2904,25.040402,6.401,4.593,0.11,1.251,0.447
2905,25.050744,6.186,4.606,0.12,0.961,0.499
2906,25.060435,6.618,4.611,0.13,0.887,0.99
2907,25.067402,7.571,4.576,0.1,2.323,0.572
2908,25.075583,7.643,4.659,0.113,2.355,0.516
2909,25.083931,7.524,4.621,0.101,2.392,0.41
2910,25.092691,7.601,4.623,0.128,1.946,0.904
2911,25.101172,7.385,4.585,0.076,1.887,0.837
2912,25.111723,6.366,4.691,0.085,0.799,0.791
2913,25.121588,6.147,4.609,0.074,0.719,0.745
2914,25.12991,6.208,4.463,0.084,0.875,0.786
2915,25.138385,5.969,4.492,0.13,0.658,0.689
2916,25.146522,6.127,4.536,0.082,0.857,0.652
2917,25.154622,6.152,4.471,0.218,1.019,0.444
2918,25.162967,6.135,4.468,0.102,1.13,0.435
2919,25.171277,6.094,4.49,0.107,1.126,0.371
2920,25.180587,6.316,4.554,0.131,0.702,0.929
2921,25.188266,6.702,4.507,0.096,1.435,0.664
2922,25.197,6.608,4.548,0.11,0.97,0.98
2923,25.205185,6.714,4.484,0.087,1.213,0.93
2924,25.213303,6.74,4.491,0.074,1.431,0.744
2925,25.222167,6.103,4.511,0.081,0.871,0.64
2926,25.231769,5.954,4.619,0.118,0.716,0.501
2927,25.240188,5.82,4.495,0.058,0.792,0.475
2928,25.249039,6.046,4.514,0.083,0.577,0.872
2929,25.256722,6.323,4.528,0.071,1.218,0.506
2930,25.265411,6.3,4.58,0.072,0.814,0.834
2931,25.273768,6.211,4.641,0.138,0.841,0.591
2932,25.282102,6.037,4.569,0.075,0.99,0.403
2933,25.290816,6.229,4.619,0.081,0.828,0.701
2934,25.300683,6.002,4.584,0.101,0.761,0.556
2935,25.309151,5.987,4.608,0.083,0.624,0.672
2936,25.317309,6.24,4.642,0.099,0.771,0.728
2937,25.325511,5.981,4.594,0.105,0.956,0.326
2938,25.334018,5.787,4.576,0.073,0.824,0.314
2939,25.341955,6.083,4.593,0.09,1.193,0.207
2940,25.352594,6.075,4.552,0.138,0.904,0.481
2941,25.361608,6.195,4.63,0.194,0.866,0.505
2942,25.369816,6.383,4.629,0.088,1.111,0.555
2943,25.377842,6.708,4.569,0.041,1.498,0.6
2944,25.386371,6.467,4.557,0.065,1.317,0.528
2945,25.394312,6.879,4.538,0.047,1.726,0.568
2946,25.402515,7.003,4.571,0.086,1.824,0.522
2947,25.411327,6.491,4.529,0.045,1.387,0.53
2948,25.421495,5.989,4.569,0.077,0.88,0.463
2949,25.429789,6.069,4.582,0.067,0.905,0.515
2950,25.4385,6.088,4.608,0.11,0.85,0.52
2951,25.446551,6.479,4.582,0.071,1.189,0.637
2952,25.4555,6.002,4.602,0.053,0.752,0.595
2953,25.463046,6.675,4.577,0.072,1.568,0.458
2954,25.471456,6.506,4.553,0.091,1.507,0.355
2955,25.482273,5.887,4.547,0.147,0.746,0.447
2956,25.490085,6.445,4.557,0.101,1.299,0.488
2957,25.498436,6.33,4.582,0.092,1.268,0.388
2958,25.507044,6.016,4.619,0.109,0.936,0.352
2959,25.514748,6.567,4.631,0.104,1.558,0.274
2960,25.523206,6.349,4.574,0.077,1.51,0.188
2961,25.532231,6.152,4.647,0.174,1.068,0.263
2962,25.542503,6.108,4.64,0.127,0.845,0.496
2963,25.552619,6.153,4.585,0.169,0.863,0.536
2964,25.560739,6.214,4.544,0.099,1.187,0.384
2965,25.569114,6.011,4.606,0.106,1.075,0.224
2966,25.577227,6.239,4.575,0.09,1.348,0.226
2967,25.585733,6.144,4.633,0.099,1.112,0.3
2968,25.594114,6.048,4.606,0.093,1.098,0.251
2969,25.602461,6.033,4.583,0.106,1.083,0.261
2970,25.611589,5.792,4.581,0.122,0.779,0.31
2971,25.619152,6.708,4.619,0.092,1.546,0.451
2972,25.627864,6.353,4.615,0.124,1.129,0.485
2973,25.636438,6.38,4.604,0.109,0.919,0.748
2974,25.644753,6.162,4.571,0.144,0.932,0.515
2975,25.65299,6.209,4.635,0.118,0.987,0.469
2976,25.661149,6.388,4.581,0.093,1.237,0.477
2977,25.671897,6.192,4.624,0.106,0.613,0.849
2978,25.679621,6.411,4.608,0.081,1.272,0.45
2979,25.688361,6.259,4.621,0.082,0.858,0.698
2980,25.696735,6.018,4.589,0.076,0.862,0.491
2981,25.70554,6.234,4.612,0.091,0.708,0.823
2982,25.713485,6.463,4.532,0.075,1.189,0.667
2983,25.724371,6.262,4.609,0.06,0.613,0.98
2984,25.732037,6.849,4.499,0.084,1.385,0.881
2985,25.74038,6.583,4.515,0.079,1.358,0.631
2986,25.749215,6.287,4.494,0.064,0.881,0.848
2987,25.756861,6.771,4.544,0.081,1.514,0.632
2988,25.765388,6.609,4.523,0.069,1.342,0.675
2989,25.773687,6.675,4.483,0.079,1.414,0.699
2990,25.782234,6.408,4.493,0.062,1.193,0.66
2991,25.790613,6.325,4.513,0.089,1.124,0.599
2992,25.800859,6.043,4.608,0.074,0.555,0.806
2993,25.809066,5.864,4.489,0.077,0.802,0.496
2994,25.81794,5.727,4.512,0.077,0.536,0.602
2995,25.825869,6.317,4.513,0.075,0.948,0.781
2996,25.834211,6.14,4.566,0.061,0.879,0.634
2997,25.842148,6.514,4.518,0.066,1.322,0.608
2998,25.851195,5.904,4.489,0.064,0.637,0.714
2999,25.861499,5.952,4.646,0.081,0.676,0.549
3000,25.869705,6.156,4.6,0.088,0.84,0.628
3001,25.878205,5.973,4.594,0.065,0.687,0.627
3002,25.8861,6.414,4.622,0.063,1.102,0.627
3003,25.894753,6.144,4.593,0.076,0.806,0.669
3004,25.902804,6.406,4.579,0.07,1.107,0.65
3005,25.911379,6.067,4.656,0.07,0.788,0.553
3006,25.921717,6.089,4.615,0.077,0.764,0.633
3007,25.930014,6.26,4.604,0.066,0.817,0.773
3008,25.938712,5.995,4.613,0.08,0.636,0.666
3009,25.946969,6.129,4.644,0.066,0.678,0.741
3010,25.955261,6.075,4.605,0.062,0.764,0.644
3011,25.963161,6.422,4.586,0.058,1.216,0.562
3012,25.972053,6.204,4.612,0.068,0.739,0.785
3013,25.98204,6.04,4.622,0.061,0.614,0.743
3014,25.992335,5.95,4.629,0.089,0.629,0.603
3015,26.001011,6.161,4.628,0.067,0.792,0.674
3016,26.008972,6.459,4.606,0.061,1.185,0.607
3017,26.017357,6.332,4.649,0.097,1.074,0.512
3018,26.02565,6.561,4.624,0.066,1.155,0.716
3019,26.034072,6.35,4.597,0.057,1.093,0.603
3020,26.042361,6.444,4.617,0.089,1.112,0.626
3021,26.051015,6.15,4.625,0.062,0.789,0.674
3022,26.059065,6.386,4.633,0.062,1.063,0.628
3023,26.067547,6.255,4.636,0.064,0.913,0.642
3024,26.076121,6.157,4.626,0.066,0.683,0.782
3025,26.084094,6.314,4.595,0.054,1.073,0.592
3026,26.092545,6.275,4.638,0.073,0.914,0.65
3027,26.10284,6.053,4.609,0.077,0.607,0.76
3028,26.111813,6.273,4.628,0.074,0.854,0.717
3029,26.119538,6.693,4.589,0.074,1.504,0.526
3030,26.127363,6.965,4.635,0.085,1.959,0.286
3031,26.1359,6.669,4.638,0.096,1.748,0.187
3032,26.144052,6.844,4.588,0.069,1.985,0.202
3033,26.152673,6.555,4.599,0.075,1.68,0.201
3034,26.163137,5.456,4.584,0.058,0.602,0.212
3035,26.171047,5.896,4.515,0.079,1.094,0.208
3036,26.179701,5.585,4.535,0.065,0.754,0.231
3037,26.187848,5.763,4.537,0.066,0.938,0.222
3038,26.19629,5.643,4.511,0.066,0.853,0.213
3039,26.205325,5.308,4.497,0.061,0.549,0.201
3040,26.212889,6.078,4.529,0.07,1.286,0.193
3041,26.221533,6.012,4.542,0.082,1.194,0.194
3042,26.23148,5.721,4.654,0.079,0.782,0.206
3043,26.239954,5.598,4.519,0.073,0.775,0.231
3044,26.248301,5.556,4.501,0.067,0.776,0.212
3045,26.256612,5.59,4.528,0.082,0.775,0.205
3046,26.264948,5.987,4.529,0.106,1.175,0.177
3047,26.273124,6.144,4.577,0.079,1.298,0.19
3048,26.283942,5.899,4.632,0.057,0.992,0.218
3049,26.291964,6.209,4.501,0.072,1.434,0.202
3050,26.300508,6.007,4.535,0.062,1.189,0.221
3051,26.308614,6.243,4.545,0.075,1.405,0.218
3052,26.317036,6.146,4.619,0.06,1.247,0.22
3053,26.325421,6.093,4.627,0.072,1.188,0.206
3054,26.333518,6.315,4.664,0.08,1.384,0.187
3055,26.341922,6.256,4.596,0.077,1.384,0.199
3056,26.35064,5.873,4.647,0.072,0.949,0.205
3057,26.361088,5.764,4.614,0.066,0.868,0.216
3058,26.369257,5.948,4.605,0.083,1.045,0.215
3059,26.377716,5.837,4.597,0.078,0.921,0.241
3060,26.385629,6.225,4.656,0.062,1.289,0.218
3061,26.394213,5.977,4.604,0.119,1.041,0.213
3062,26.402396,6.14,4.64,0.083,1.207,0.21
3063,26.411022,5.819,4.641,0.095,0.898,0.185
3064,26.4209,5.86,4.663,0.127,0.874,0.196
3065,26.429347,5.785,4.655,0.084,0.862,0.184
3066,26.437821,5.781,4.627,0.076,0.87,0.208
3067,26.446185,5.834,4.611,0.054,0.942,0.227
3068,26.455284,5.636,4.638,0.066,0.687,0.245
3069,26.462928,6.286,4.566,0.1,1.425,0.195
3070,26.471438,6.158,4.512,0.071,1.321,0.254
3071,26.481455,5.675,4.657,0.093,0.715,0.21
3072,26.489931,5.509,4.526,0.063,0.706,0.214
3073,26.498458,5.555,4.57,0.06,0.694,0.231
3074,26.506403,5.934,4.575,0.072,1.07,0.217
3075,26.514864,5.813,4.537,0.096,0.98,0.2
3076,26.523661,5.549,4.539,0.066,0.685,0.259
3077,26.531743,5.77,4.526,0.068,0.949,0.227
3078,26.540376,5.466,4.498,0.061,0.681,0.226
3079,26.550914,5.576,4.662,0.058,0.643,0.213
3080,26.558534,6.285,4.549,0.074,1.467,0.195
3081,26.567306,5.933,4.51,0.08,1.068,0.275
3082,26.575568,5.941,4.541,0.071,1.106,0.223
3083,26.583957,5.866,4.513,0.077,1.079,0.197
3084,26.591969,6.183,4.542,0.069,1.372,0.2
3085,26.602226,5.513,4.603,0.052,0.646,0.212
3086,26.611216,5.458,4.567,0.082,0.635,0.174
3087,26.619164,5.868,4.598,0.052,0.992,0.226
3088,26.627388,5.952,4.638,0.076,1.063,0.175
3089,26.635912,5.762,4.661,0.065,0.844,0.192
3090,26.643973,6.036,4.669,0.05,1.11,0.207
3091,26.652488,5.848,4.632,0.052,0.969,0.195
3092,26.661017,5.673,4.654,0.085,0.747,0.187
3093,26.670888,5.529,4.64,0.091,0.613,0.185
3094,26.679736,5.463,4.626,0.052,0.554,0.231
3095,26.687931,5.548,4.652,0.062,0.666,0.168
3096,26.696367,5.497,4.612,0.061,0.621,0.203
3097,26.705116,5.458,4.635,0.052,0.568,0.203
3098,26.71277,6.153,4.644,0.075,1.241,0.193
3099,26.721297,5.964,4.624,0.077,1.066,0.197
3100,26.729843,5.813,4.626,0.057,0.853,0.277
3101,26.739781,5.775,4.637,0.072,0.857,0.209
3102,26.748314,5.771,4.623,0.052,0.831,0.265
3103,26.756873,5.592,4.623,0.073,0.65,0.246
3104,26.764699,6.081,4.618,0.066,1.165,0.232
3105,26.773236,5.891,4.621,0.073,0.954,0.243
3106,26.78211,5.484,4.596,0.052,0.616,0.22
3107,26.790349,5.593,4.652,0.065,0.658,0.218
3108,26.800197,5.603,4.631,0.114,0.629,0.229
3109,26.810482,6.29,4.635,0.093,1.34,0.222
3110,26.818747,6.384,4.627,0.089,1.463,0.205
3111,26.827185,6.301,4.637,0.05,1.349,0.265
3112,26.835697,6.131,4.619,0.058,1.191,0.263
3113,26.844219,5.917,4.613,0.04,1.005,0.259
3114,26.852274,6.186,4.593,0.065,1.303,0.225
3115,26.860954,5.839,4.609,0.067,0.938,0.225
3116,26.86927,5.873,4.608,0.065,0.962,0.238
3117,26.877673,5.825,4.607,0.066,0.891,0.261
3118,26.885748,6.072,4.62,0.061,1.138,0.253
3119,26.894254,5.874,4.599,0.066,0.985,0.224
3120,26.902263,6.201,4.596,0.07,1.311,0.224
3121,26.910823,5.97,4.514,0.065,1.168,0.223
3122,26.921771,5.611,4.62,0.063,0.719,0.209
3123,26.929426,6.296,4.526,0.055,1.49,0.225
3124,26.937941,6.103,4.514,0.059,1.32,0.21
3125,26.946425,5.959,4.518,0.057,1.166,0.218
3126,26.954687,6.06,4.516,0.072,1.241,0.231
3127,26.962734,6.316,4.502,0.043,1.537,0.234
3128,26.971384,6.013,4.524,0.056,1.199,0.234
3129,26.979731,6.008,4.507,0.069,1.202,0.23
3130,26.989791,5.518,4.609,0.042,0.612,0.255
3131,26.998386,5.477,4.501,0.056,0.678,0.242
3132,27.006757,5.535,4.53,0.058,0.707,0.24
3133,27.015513,5.472,4.534,0.065,0.672,0.201
3134,27.023089,6.242,4.535,0.043,1.423,0.241
3135,27.031719,5.966,4.527,0.054,1.139,0.246
3136,27.04023,5.774,4.486,0.044,1.001,0.243
3137,27.050176,5.536,4.598,0.042,0.654,0.242
3138,27.058419,5.672,4.523,0.057,0.875,0.217
3139,27.067301,5.535,4.606,0.055,0.645,0.229
3140,27.075159,5.997,4.579,0.042,1.144,0.232
3141,27.083785,5.737,4.648,0.056,0.816,0.217
3142,27.092279,5.584,4.611,0.059,0.692,0.222
3143,27.100528,5.672,4.611,0.058,0.788,0.215
3144,27.110966,5.693,4.612,0.064,0.791,0.226
3145,27.119071,5.938,4.604,0.046,1.027,0.261
3146,27.127483,5.85,4.645,0.065,0.91,0.23
3147,27.135941,5.686,4.615,0.069,0.812,0.19
3148,27.144077,5.899,4.59,0.046,1.037,0.226
3149,27.152486,5.837,4.618,0.066,0.933,0.22
3150,27.162637,5.679,4.604,0.25,0.646,0.179
3151,27.171116,5.52,4.603,0.059,0.652,0.206
3152,27.179414,5.679,4.62,0.061,0.789,0.209
3153,27.187957,5.671,4.649,0.038,0.754,0.23
3154,27.196367,5.729,4.609,0.044,0.866,0.21
3155,27.204499,5.948,4.639,0.066,1.04,0.203
3156,27.212864,5.937,4.629,0.061,1.021,0.226
3157,27.223553,5.668,4.624,0.071,0.806,0.167
3158,27.233603,5.777,4.596,0.083,0.806,0.292
3159,27.241888,5.742,4.576,0.102,0.869,0.195
3160,27.250215,5.719,4.56,0.062,0.898,0.199
3161,27.258508,5.814,4.655,0.073,0.843,0.243
3162,27.266736,5.896,4.638,0.07,0.971,0.217
3163,27.275221,5.728,4.62,0.056,0.833,0.219
3164,27.28356,5.696,4.625,0.061,0.82,0.19
3165,27.291795,5.802,4.618,0.067,0.93,0.187
3166,27.300322,5.613,4.618,0.063,0.731,0.201
3167,27.308514,6.502,4.704,0.082,1.532,0.184
3168,27.316885,6.48,4.664,0.099,1.524,0.193
3169,27.325783,6.016,4.637,0.164,0.909,0.306
3170,27.333973,6.151,4.639,0.158,1.058,0.296
3171,27.34234,6.076,4.599,0.144,1.071,0.262
3172,27.352678,5.952,4.575,0.106,0.822,0.449
3173,27.360812,6.163,4.629,0.165,0.897,0.472
3174,27.368911,6.244,4.52,0.134,1.282,0.308
3175,27.377652,5.892,4.584,0.163,0.849,0.296
3176,27.385552,6.268,4.525,0.151,1.351,0.241
3177,27.39409,6.013,4.52,0.12,1.183,0.19
3178,27.402581,5.927,4.512,0.161,0.988,0.266
3179,27.412847,5.769,4.592,0.133,0.782,0.262
3180,27.419662,7.239,4.527,0.154,2.324,0.234
3181,27.429813,5.939,4.557,0.185,0.879,0.318
3182,27.437885,6.207,4.501,0.132,1.256,0.318
3183,27.446007,6.299,4.497,0.136,1.465,0.201
3184,27.454728,5.931,4.532,0.196,0.974,0.229
3185,27.462489,6.529,4.553,0.149,1.591,0.236
3186,27.471585,5.97,4.578,0.122,0.882,0.388
3187,27.482352,5.752,4.627,0.093,0.806,0.226
3188,27.491846,5.566,4.534,0.085,0.772,0.175
3189,27.500096,5.645,4.539,0.116,0.826,0.164
3190,27.508517,5.578,4.51,0.103,0.801,0.164
3191,27.516644,5.789,4.643,0.149,0.828,0.169
3192,27.525101,5.674,4.586,0.089,0.844,0.155
3193,27.533516,5.802,4.642,0.081,0.922,0.157
3194,27.541734,5.927,4.626,0.082,1.057,0.162
3195,27.550338,5.758,4.649,0.096,0.869,0.144
3196,27.559178,5.763,4.616,0.141,0.839,0.167
3197,27.566824,6.465,4.637,0.125,1.52,0.183
3198,27.575815,5.772,4.612,0.089,0.922,0.149
3199,27.583531,6.405,4.634,0.073,1.52,0.178
3200,27.592218,6.043,4.587,0.081,1.212,0.163
3201,27.602111,5.626,4.606,0.095,0.781,0.144
3202,27.610761,5.73,4.608,0.103,0.861,0.158
3203,27.619074,5.818,4.584,0.103,0.878,0.253
3204,27.627353,5.822,4.668,0.088,0.875,0.191
3205,27.63568,5.834,4.647,0.098,0.906,0.183
3206,27.643843,5.996,4.663,0.085,1.064,0.184
3207,27.652429,5.72,4.654,0.097,0.813,0.156
3208,27.663054,5.746,4.622,0.125,0.826,0.173
3209,27.671063,6.059,4.544,0.1,1.256,0.159
3210,27.679589,5.864,4.514,0.08,1.1,0.17
3211,27.687685,6.112,4.525,0.077,1.328,0.182
3212,27.696141,5.967,4.525,0.249,1.043,0.15
3213,27.704875,5.838,4.551,0.163,0.821,0.303
3214,27.712769,6.195,4.496,0.107,1.373,0.219
3215,27.721095,6.164,4.526,0.119,1.334,0.185
3216,27.73242,5.65,4.675,0.089,0.726,0.16
3217,27.741809,5.592,4.524,0.079,0.778,0.211
3218,27.750309,5.44,4.494,0.09,0.691,0.165
3219,27.758321,5.723,4.602,0.113,0.881,0.127
3220,27.766717,5.681,4.526,0.096,0.917,0.142
3221,27.775031,5.715,4.518,0.097,0.946,0.154
3222,27.783488,5.571,4.532,0.075,0.805,0.159
3223,27.792077,5.418,4.522,0.079,0.667,0.15
3224,27.800085,5.769,4.52,0.099,0.987,0.163
3225,27.808741,5.998,4.542,0.161,1.122,0.173
3226,27.817107,5.912,4.564,0.115,1.115,0.118
3227,27.825587,5.813,4.621,0.112,0.917,0.163
3228,27.833677,6.047,4.629,0.078,1.168,0.172
3229,27.842186,5.854,4.616,0.076,1.005,0.157
3230,27.852321,5.748,4.626,0.092,0.815,0.215
3231,27.860645,5.83,4.63,0.117,0.899,0.184
3232,27.868944,5.837,4.636,0.089,0.95,0.162
3233,27.877747,5.682,4.622,0.101,0.776,0.183
3234,27.885535,6.192,4.617,0.089,1.332,0.154
3235,27.894083,5.968,4.61,0.077,1.124,0.157
3236,27.90262,5.899,4.62,0.153,0.972,0.154
3237,27.912747,5.865,4.593,0.152,0.879,0.241
3238,27.921168,5.728,4.618,0.111,0.795,0.204
3239,27.929819,5.585,4.648,0.1,0.663,0.174
3240,27.937805,5.938,4.645,0.091,1.015,0.187
3241,27.946247,5.802,4.634,0.1,0.919,0.149
3242,27.954362,6.012,4.666,0.078,1.104,0.164
3243,27.96264,6.098,4.527,0.097,1.299,0.175
3244,27.971391,5.666,4.531,0.098,0.876,0.161
3245,27.982508,5.769,4.634,0.091,0.793,0.251
3246,27.992046,5.576,4.558,0.08,0.711,0.227
3247,28.000481,5.666,4.559,0.094,0.801,0.212
3248,28.008548,5.895,4.544,0.091,1.084,0.176
3249,28.016976,5.784,4.591,0.144,0.895,0.154
3250,28.024961,6.131,4.561,0.183,1.232,0.155
3251,28.033487,5.957,4.549,0.058,1.141,0.209
3252,28.042067,5.757,4.542,0.055,0.9,0.26
3253,28.050376,5.733,4.515,0.057,0.941,0.22
3254,28.059482,5.469,4.554,0.044,0.631,0.24
3255,28.066889,6.39,4.525,0.055,1.584,0.226
3256,28.075425,6.18,4.51,0.054,1.396,0.22
3257,28.084037,5.898,4.529,0.055,1.097,0.217
3258,28.092111,6.151,4.484,0.039,1.398,0.23
3259,28.102493,5.526,4.629,0.076,0.622,0.199
3260,28.111034,5.647,4.536,0.043,0.829,0.239
3261,28.118744,6.286,4.636,0.074,1.361,0.215
3262,28.127486,5.912,4.628,0.038,0.957,0.289
3263,28.135611,6.08,4.633,0.034,1.161,0.252
3264,28.144302,5.711,4.62,0.059,0.815,0.217
3265,28.15312,5.549,4.633,0.05,0.64,0.226
3266,28.162781,5.732,4.613,0.055,0.827,0.237
3267,28.17124,5.728,4.652,0.04,0.789,0.247
3268,28.179651,5.813,4.702,0.07,0.804,0.237
3269,28.188118,5.648,4.608,0.056,0.78,0.204
3270,28.19594,6.139,4.656,0.043,1.243,0.197
3271,28.204621,5.814,4.625,0.06,0.927,0.202
3272,28.212541,6.22,4.626,0.079,1.338,0.177
3273,28.22116,5.934,4.6,0.058,1.08,0.196
3274,28.231684,5.632,4.629,0.081,0.67,0.252
3275,28.241834,5.577,4.63,0.086,0.674,0.187
3276,28.250064,5.666,4.603,0.056,0.805,0.202
3277,28.258494,5.57,4.607,0.069,0.712,0.182
3278,28.266824,5.576,4.666,0.071,0.652,0.187
3279,28.274994,5.739,4.63,0.062,0.853,0.194
3280,28.283481,5.625,4.685,0.052,0.689,0.199
3281,28.292443,5.689,4.66,0.067,0.627,0.335
3282,28.300162,6.181,4.638,0.054,1.264,0.225
3283,28.308753,5.966,4.624,0.054,1.022,0.266
3284,28.317238,5.766,4.61,0.077,0.883,0.196
3285,28.325183,6.137,4.611,0.059,1.274,0.193
3286,28.33361,6.072,4.623,0.056,1.166,0.227
3287,28.341819,6.202,4.689,0.086,1.212,0.215
3288,28.352094,5.543,4.622,0.06,0.634,0.227
3289,28.360806,5.575,4.637,0.075,0.649,0.214
3290,28.36931,5.702,4.654,0.085,0.799,0.164
3291,28.377479,5.896,4.646,0.072,0.969,0.209
3292,28.386423,5.692,4.616,0.07,0.812,0.194
3293,28.394,6.46,4.628,0.059,1.557,0.216
3294,28.402402,6.386,4.665,0.076,1.452,0.193
3295,28.413053,5.464,4.549,0.069,0.645,0.201
3296,28.420969,5.868,4.567,0.071,1.045,0.185
3297,28.430202,5.989,4.549,0.073,0.611,0.756
3298,28.437919,6.157,4.525,0.083,1.242,0.307
3299,28.446284,6.047,4.562,0.076,1.182,0.227
3300,28.454378,6.276,4.533,0.071,1.453,0.219
3301,28.463196,5.765,4.553,0.059,0.943,0.21
3302,28.471129,6.168,4.502,0.063,1.396,0.207
3303,28.481718,5.622,4.629,0.069,0.694,0.23
3304,28.491871,5.439,4.64,0.065,0.53,0.204
3305,28.500033,5.58,4.544,0.057,0.793,0.186
3306,28.50872,5.468,4.499,0.074,0.7,0.195
3307,28.516845,5.667,4.551,0.079,0.849,0.188
3308,28.525145,5.701,4.507,0.06,0.929,0.205
3309,28.533445,5.729,4.54,0.069,0.883,0.237
3310,28.542102,5.719,4.546,0.06,0.737,0.376
3311,28.550233,5.804,4.542,0.048,0.942,0.272
3312,28.558519,5.814,4.547,0.075,0.989,0.203
3313,28.567069,5.571,4.611,0.051,0.702,0.207
3314,28.5753,5.691,4.601,0.081,0.836,0.173
3315,28.583765,5.673,4.612,0.071,0.773,0.217
3316,28.591823,5.942,4.624,0.068,1.042,0.208
3317,28.600255,5.813,4.658,0.069,0.904,0.182
3318,28.611293,6.104,4.651,0.158,0.897,0.398
3319,28.619247,6.353,4.625,0.098,1.339,0.291
3320,28.627239,6.639,4.582,0.09,1.76,0.207
3321,28.635598,6.627,4.696,0.087,1.619,0.225
3322,28.643898,6.59,4.63,0.073,1.718,0.169
3323,28.652639,6.233,4.631,0.075,1.314,0.213
3324,28.660725,6.456,4.625,0.062,1.566,0.203
3325,28.671551,5.654,4.66,0.084,0.697,0.213
3326,28.679773,5.784,4.622,0.104,0.834,0.224
3327,28.687732,6.146,4.641,0.085,1.207,0.213
3328,28.696433,5.731,4.64,0.061,0.838,0.192
3329,28.704645,5.938,4.625,0.075,0.971,0.267
3330,28.712791,6.144,4.552,0.077,1.233,0.282
3331,28.721262,5.945,4.497,0.066,1.145,0.237
3332,28.729597,5.959,4.548,0.065,1.099,0.247
3333,28.739716,5.617,4.636,0.077,0.66,0.244
3334,28.750261,5.558,4.602,0.064,0.667,0.225
3335,28.758711,5.508,4.528,0.066,0.672,0.242
3336,28.766858,5.671,4.539,0.075,0.841,0.216
3337,28.775191,5.665,4.505,0.06,0.876,0.224
3338,28.783562,5.624,4.534,0.064,0.81,0.216
3339,28.791853,5.669,4.567,0.054,0.821,0.227
3340,28.800094,5.756,4.531,0.058,0.948,0.219
3341,28.808509,5.683,4.547,0.08,0.85,0.206
3342,28.816981,5.538,4.552,0.054,0.709,0.223
3343,28.825021,5.828,4.572,0.067,0.981,0.208
3344,28.833521,5.672,4.517,0.05,0.868,0.237
3345,28.842236,5.523,4.515,0.082,0.697,0.229
3346,28.852273,5.592,4.634,0.074,0.672,0.212
3347,28.860788,5.473,4.549,0.068,0.642,0.214
3348,28.869364,5.521,4.599,0.082,0.644,0.196
3349,28.877343,5.879,4.597,0.072,1.004,0.206
3350,28.885493,6.056,4.653,0.068,1.132,0.203
3351,28.894035,5.846,4.601,0.054,0.975,0.216
3352,28.902683,5.699,4.617,0.062,0.785,0.235
3353,28.912652,5.731,4.634,0.077,0.811,0.209
3354,28.921203,5.722,4.623,0.067,0.828,0.204
3355,28.93006,5.481,4.59,0.051,0.618,0.222
3356,28.937739,6.142,4.619,0.068,1.245,0.21
3357,28.946145,6.069,4.6,0.055,1.191,0.223
3358,28.954587,5.958,4.628,0.081,1.055,0.194
3359,28.962745,6.173,4.631,0.075,1.225,0.242
3360,28.971207,6.015,4.61,0.069,1.12,0.216
3361,28.979491,6.045,4.638,0.081,1.141,0.185
3362,28.989619,5.536,4.628,0.076,0.623,0.209
3363,29.000176,5.72,4.617,0.06,0.825,0.218
3364,29.008576,5.77,4.642,0.072,0.839,0.217
3365,29.016761,5.916,4.628,0.091,0.997,0.2
3366,29.025135,6.025,4.61,0.067,0.985,0.363
3367,29.033706,5.804,4.6,0.08,0.776,0.348
3368,29.041971,5.839,4.647,0.058,0.799,0.335
3369,29.050446,5.697,4.637,0.086,0.67,0.304
3370,29.059213,5.596,4.633,0.079,0.572,0.312
3371,29.066824,6.245,4.632,0.088,1.302,0.223
3372,29.075432,5.917,4.645,0.081,1.01,0.181
3373,29.083588,6.233,4.625,0.094,1.191,0.323
3374,29.092221,5.908,4.557,0.061,0.979,0.311
3375,29.100785,5.744,4.645,0.07,0.798,0.231
3376,29.110984,5.47,4.631,0.059,0.559,0.221
3377,29.119241,5.673,4.641,0.095,0.618,0.319
3378,29.127399,5.713,4.65,0.081,0.79,0.192
3379,29.135488,5.945,4.616,0.083,1.073,0.173
3380,29.144445,5.632,4.649,0.083,0.579,0.321
3381,29.152653,5.77,4.616,0.086,0.738,0.33
3382,29.163151,5.57,4.58,0.068,0.618,0.304
3383,29.171383,5.7,4.624,0.055,0.774,0.247
3384,29.179971,5.635,4.638,0.055,0.601,0.341
3385,29.187834,6.1,4.644,0.082,1.067,0.307
3386,29.1962,5.969,4.599,0.066,1.081,0.223
3387,29.204682,5.839,4.626,0.072,0.911,0.23
3388,29.212807,6.048,4.623,0.069,1.115,0.241
3389,29.220953,6.198,4.654,0.06,1.279,0.205
3390,29.229716,5.808,4.604,0.076,0.901,0.227
3391,29.2397,5.598,4.652,0.066,0.641,0.239
3392,29.248338,5.646,4.661,0.063,0.697,0.225
3393,29.257107,5.521,4.597,0.057,0.651,0.216
3394,29.264832,6.117,4.635,0.048,1.221,0.213
3395,29.273184,6.12,4.613,0.075,1.222,0.21
3396,29.281672,5.969,4.639,0.078,1.043,0.209
3397,29.290019,5.943,4.608,0.059,1.063,0.213
3398,29.300181,5.504,4.601,0.051,0.628,0.224
3399,29.308682,5.555,4.599,0.068,0.665,0.223
3400,29.316705,5.876,4.553,0.071,1.02,0.232
3401,29.325204,5.667,4.504,0.064,0.9,0.199
3402,29.333872,5.434,4.507,0.074,0.649,0.204
3403,29.341947,5.836,4.56,0.099,0.844,0.333
3404,29.352543,5.687,4.623,0.092,0.653,0.319
3405,29.361016,5.442,4.524,0.055,0.612,0.251
3406,29.369111,5.752,4.497,0.06,0.876,0.319
3407,29.377405,5.687,4.506,0.079,0.906,0.196
3408,29.38556,5.86,4.559,0.058,1.033,0.21
3409,29.394017,5.845,4.55,0.066,0.918,0.311
3410,29.402526,5.557,4.555,0.073,0.736,0.193
3411,29.413601,5.558,4.626,0.073,0.638,0.221
3412,29.422937,5.368,4.538,0.077,0.577,0.176
3413,29.431443,5.419,4.536,0.076,0.618,0.189
3414,29.439861,5.429,4.539,0.087,0.626,0.177
3415,29.448232,5.518,4.485,0.062,0.644,0.327
3416,29.456303,5.765,4.506,0.075,0.886,0.298
3417,29.46476,5.68,4.506,0.094,0.758,0.322
3418,29.473361,5.744,4.666,0.069,0.777,0.232
3419,29.481522,5.885,4.654,0.085,0.966,0.18
3420,29.489948,5.791,4.637,0.052,0.889,0.213
3421,29.498075,5.978,4.614,0.056,1.116,0.192
3422,29.506977,5.731,4.617,0.061,0.798,0.255
3423,29.515088,5.91,4.634,0.06,1.0,0.216
3424,29.522947,6.367,4.646,0.056,1.463,0.202
3425,29.531791,6.02,4.627,0.064,0.975,0.354
3426,29.542197,5.521,4.603,0.068,0.654,0.196
3427,29.550171,5.872,4.607,0.053,1.007,0.205
3428,29.558995,5.535,4.615,0.054,0.669,0.197
3429,29.566767,6.123,4.621,0.081,1.228,0.193
3430,29.575416,5.916,4.603,0.077,0.928,0.308
3431,29.583652,5.945,4.64,0.095,0.981,0.229
3432,29.592419,5.471,4.638,0.094,0.562,0.177
3433,29.60054,5.693,4.64,0.085,0.781,0.187
3434,29.610873,5.699,4.621,0.079,0.814,0.185
3435,29.618997,5.943,4.605,0.056,1.041,0.241
3436,29.627197,6.072,4.595,0.072,1.182,0.223
3437,29.635945,5.747,4.631,0.056,0.85,0.21
3438,29.643776,6.255,4.629,0.074,1.363,0.189
3439,29.652331,6.044,4.625,0.087,1.142,0.19
3440,29.661058,5.693,4.59,0.058,0.81,0.235
3441,29.671388,5.746,4.672,0.073,0.781,0.22
3442,29.681583,5.738,4.635,0.058,0.799,0.246
3443,29.689712,5.937,4.595,0.068,1.043,0.231
3444,29.698092,5.88,4.596,0.057,0.998,0.229
3445,29.70642,5.88,4.629,0.079,0.97,0.202
3446,29.714736,5.898,4.579,0.099,1.025,0.195
3447,29.723151,5.796,4.599,0.062,0.934,0.201
3448,29.73152,5.832,4.625,0.08,0.87,0.257
3449,29.740422,5.797,4.648,0.085,0.877,0.187
3450,29.748169,6.39,4.634,0.067,1.479,0.21
3451,29.756353,6.539,4.64,0.081,1.625,0.193
3452,29.764852,6.349,4.648,0.073,1.442,0.186
3453,29.773565,5.99,4.508,0.075,1.202,0.205
3454,29.781497,6.364,4.546,0.078,1.567,0.173
3455,29.792214,5.516,4.59,0.077,0.668,0.181
3456,29.800217,5.846,4.56,0.055,1.024,0.207
3457,29.808337,6.086,4.535,0.077,1.267,0.207
3458,29.816915,5.805,4.549,0.079,1.006,0.171
3459,29.82534,5.741,4.527,0.078,0.952,0.184
3460,29.834077,5.421,4.537,0.077,0.626,0.181
3461,29.842102,5.738,4.539,0.063,0.931,0.205
3462,29.852542,5.547,4.639,0.071,0.635,0.202
3463,29.860699,5.748,4.525,0.064,0.928,0.231
3464,29.869293,5.484,4.512,0.054,0.674,0.244
3465,29.877255,5.864,4.51,0.07,1.045,0.239
3466,29.885728,5.755,4.544,0.091,0.871,0.249
3467,29.893999,5.777,4.547,0.056,0.933,0.241
3468,29.902379,5.728,4.563,0.073,0.874,0.218
3469,29.910782,5.666,4.537,0.06,0.832,0.237
3470,29.921339,5.74,4.637,0.08,0.801,0.222
3471,29.931429,5.713,4.655,0.076,0.76,0.222
3472,29.939914,5.548,4.603,0.062,0.674,0.209
3473,29.948133,5.693,4.63,0.054,0.783,0.226
3474,29.956346,5.819,4.631,0.081,0.903,0.204
3475,29.964785,5.718,4.623,0.075,0.807,0.213
3476,29.973047,5.784,4.617,0.064,0.88,0.223
3477,29.98139,5.909,4.72,0.072,0.91,0.207
3478,29.990502,5.517,4.636,0.075,0.599,0.207
3479,29.998219,6.133,4.617,0.065,1.24,0.211
3480,30.006702,6.01,4.591,0.067,1.115,0.237
3481,30.014744,6.263,4.61,0.07,1.389,0.194
3482,30.023116,6.246,4.605,0.059,1.353,0.229
3483,30.03184,5.858,4.653,0.075,0.914,0.216
3484,30.041966,5.746,4.633,0.056,0.828,0.229
3485,30.050528,5.62,4.639,0.064,0.685,0.232
3486,30.058472,6.007,4.655,0.069,1.057,0.226
3487,30.066837,5.947,4.643,0.078,1.036,0.19
3488,30.075309,5.822,4.616,0.075,0.926,0.205
3489,30.083746,5.699,4.629,0.075,0.805,0.19
3490,30.092059,5.738,4.596,0.057,0.861,0.224
3491,30.100325,5.804,4.609,0.075,0.917,0.203
3492,30.110749,5.549,4.627,0.072,0.642,0.208
3493,30.119317,5.549,4.593,0.074,0.677,0.205
3494,30.127127,6.083,4.629,0.066,1.163,0.225
3495,30.136187,5.543,4.597,0.069,0.672,0.205
3496,30.144206,5.881,4.598,0.075,0.983,0.225
3497,30.152333,6.063,4.633,0.075,1.155,0.2
3498,30.160973,5.768,4.625,0.084,0.843,0.216
3499,30.171337,5.538,4.661,0.059,0.597,0.221
3500,30.18146,5.501,4.644,0.073,0.573,0.211
3501,30.189499,5.795,4.629,0.052,0.883,0.231
3502,30.198198,5.505,4.602,0.078,0.62,0.205
3503,30.206342,5.773,4.626,0.057,0.851,0.239
3504,30.214741,5.676,4.595,0.051,0.817,0.213
3505,30.222773,5.981,4.657,0.068,1.055,0.201
3506,30.231802,5.766,4.635,0.054,0.86,0.217
3507,30.240107,5.795,4.596,0.05,0.928,0.221
3508,30.24839,5.849,4.655,0.056,0.919,0.219
3509,30.256791,5.777,4.629,0.051,0.872,0.225
3510,30.264965,5.944,4.601,0.054,1.066,0.223
3511,30.273535,5.721,4.589,0.041,0.84,0.251
3512,30.281616,5.976,4.63,0.07,1.051,0.225
3513,30.290087,5.835,4.592,0.053,0.955,0.235
3514,30.300219,5.497,4.624,0.062,0.588,0.223
3515,30.308743,5.433,4.593,0.053,0.578,0.209
3516,30.316838,5.704,4.642,0.054,0.766,0.242
3517,30.325359,5.551,4.617,0.074,0.648,0.212
3518,30.333476,5.759,4.63,0.066,0.845,0.218
3519,30.342037,5.661,4.599,0.051,0.778,0.233
3520,30.351136,5.572,4.608,0.052,0.678,0.234
3521,30.360647,5.609,4.585,0.052,0.719,0.253
3522,30.369217,5.579,4.662,0.068,0.645,0.204
3523,30.377158,5.976,4.612,0.056,1.089,0.219
3524,30.385689,5.799,4.656,0.073,0.877,0.193
3525,30.39406,5.766,4.594,0.055,0.901,0.216
3526,30.402462,5.749,4.656,0.067,0.811,0.215
3527,30.410744,5.779,4.641,0.087,0.874,0.177
3528,30.421304,5.752,4.643,0.057,0.824,0.228
3529,30.431419,5.723,4.646,0.077,0.804,0.196
3530,30.439909,5.554,4.631,0.047,0.658,0.218
3531,30.448102,5.707,4.603,0.048,0.829,0.227
3532,30.456364,5.813,4.663,0.071,0.873,0.206
3533,30.464721,5.792,4.597,0.078,0.915,0.202
3534,30.47295,6.269,4.618,0.426,1.005,0.22
3535,30.481875,5.68,4.623,0.074,0.786,0.197
3536,30.489938,6.004,4.625,0.106,1.037,0.236
3537,30.498508,5.779,4.667,0.066,0.784,0.262
3538,30.506945,5.695,4.639,0.064,0.781,0.211
3539,30.515059,5.927,4.611,0.061,1.028,0.227
3540,30.522937,6.365,4.648,0.067,1.445,0.205
3541,30.531688,5.991,4.641,0.055,1.038,0.257
3542,30.54025,5.745,4.647,0.088,0.791,0.219
3543,30.55018,5.8,4.617,0.086,0.847,0.25
3544,30.558909,5.898,4.858,0.091,0.718,0.231
3545,30.566763,6.439,4.629,0.099,1.417,0.294
3546,30.575428,6.066,4.663,0.109,1.043,0.251
3547,30.584055,5.992,4.651,0.104,0.819,0.418
3548,30.592212,6.037,4.595,0.119,1.037,0.286
3549,30.602276,5.795,4.636,0.107,0.765,0.287
3550,30.61076,5.718,4.633,0.087,0.812,0.186
3551,30.620023,6.341,4.582,0.079,0.609,1.071
3552,30.628038,6.362,4.584,0.097,0.902,0.779
3553,30.636255,6.355,4.614,0.087,1.003,0.651
3554,30.644294,6.654,4.635,0.091,1.267,0.661
3555,30.652846,6.425,4.611,0.083,1.084,0.647
3556,30.663375,6.454,4.592,0.082,1.232,0.548
3557,30.671716,6.808,4.632,0.104,1.154,0.918
3558,30.679963,6.718,4.605,0.069,1.302,0.742
3559,30.688572,6.405,4.609,0.081,1.016,0.699
3560,30.696544,6.729,4.646,0.099,1.321,0.663
3561,30.704941,6.609,4.604,0.092,1.315,0.598
3562,30.713227,6.681,4.586,0.087,1.382,0.626
3563,30.721865,6.598,4.604,0.087,1.06,0.847
3564,30.732236,6.14,4.62,0.087,0.776,0.657
3565,30.740812,6.174,4.611,0.113,0.78,0.67
3566,30.748746,6.373,4.587,0.156,1.165,0.465
3567,30.756737,6.659,4.576,0.111,1.563,0.409
3568,30.76527,6.613,4.554,0.103,1.405,0.551
3569,30.773181,6.898,4.548,0.065,1.848,0.437
3570,30.781754,6.692,4.557,0.105,1.591,0.439
3571,30.790348,6.446,4.572,0.055,1.326,0.493
3572,30.800219,5.859,4.545,0.101,0.749,0.464
3573,30.809064,5.934,4.518,0.114,0.767,0.535
3574,30.817192,6.046,4.586,0.125,0.882,0.453
3575,30.826113,6.35,4.485,0.095,0.684,1.086
3576,30.834031,6.142,4.537,0.101,1.026,0.478
3577,30.842175,6.22,4.523,0.101,1.229,0.367
3578,30.852789,5.929,4.574,0.148,0.715,0.492
3579,30.863277,6.2,4.597,0.123,0.711,0.769
3580,30.871301,6.201,4.503,0.106,1.121,0.471
3581,30.879895,6.358,4.537,0.096,0.853,0.872
3582,30.888057,6.332,4.541,0.07,1.041,0.68
3583,30.896777,6.027,4.518,0.084,0.673,0.752
3584,30.904754,6.268,4.52,0.062,1.03,0.656
3585,30.913254,6.121,4.511,0.079,0.865,0.666
3586,30.921812,6.346,4.5,0.091,0.822,0.933
3587,30.930131,6.157,4.518,0.062,0.839,0.738
3588,30.938289,6.228,4.534,0.078,0.994,0.622
3589,30.946836,6.121,4.514,0.075,0.802,0.73
3590,30.954824,6.346,4.539,0.106,1.078,0.623
3591,30.96326,6.393,4.512,0.078,1.047,0.756
3592,30.971671,6.406,4.504,0.084,0.981,0.837
3593,30.98024,6.197,4.637,0.072,0.785,0.703
3594,30.990014,6.052,4.588,0.067,0.791,0.606
3595,30.998673,5.991,4.612,0.07,0.658,0.651
3596,31.007043,5.871,4.594,0.065,0.643,0.569
3597,31.015101,6.261,4.642,0.102,0.834,0.683
3598,31.023453,5.944,4.603,0.067,0.892,0.382
3599,31.032052,6.161,4.644,0.058,0.785,0.674
3600,31.040602,6.25,4.618,0.08,0.858,0.694
3601,31.050492,5.867,4.595,0.06,0.603,0.609
3602,31.05909,5.991,4.586,0.064,0.799,0.542
3603,31.068045,6.166,4.597,0.061,0.825,0.683
3604,31.075596,6.857,4.644,0.078,1.56,0.575
3605,31.084176,6.625,4.624,0.067,1.334,0.6
3606,31.092073,6.944,4.603,0.058,1.789,0.494
3607,31.100775,6.717,4.609,0.086,1.414,0.608
3608,31.111432,6.029,4.637,0.083,0.676,0.633
3609,31.12168,6.005,4.619,0.069,0.633,0.684
3610,31.129522,6.361,4.665,0.072,1.083,0.541
3611,31.138023,6.298,4.592,0.059,0.993,0.654
3612,31.146448,6.18,4.626,0.092,0.852,0.61
3613,31.154666,6.251,4.583,0.079,1.019,0.57
3614,31.163394,6.051,4.633,0.065,0.58,0.773
3615,31.171324,6.159,4.569,0.059,1.044,0.487
3616,31.179918,6.016,4.606,0.056,0.744,0.61
3617,31.188282,5.983,4.616,0.08,0.708,0.579
3618,31.196619,6.059,4.624,0.071,0.842,0.522
3619,31.204593,6.473,4.626,0.053,1.203,0.591
3620,31.213303,6.141,4.598,0.07,0.854,0.619
3621,31.224159,5.906,4.634,0.077,0.562,0.633
3622,31.231835,6.549,4.581,0.083,1.275,0.61
3623,31.240335,6.367,4.631,0.063,1.061,0.612
3624,31.248435,6.566,4.628,0.093,1.287,0.558
3625,31.256704,6.718,4.612,0.083,1.376,0.647
3626,31.265575,6.254,4.6,0.089,0.838,0.727
3627,31.273577,6.545,4.623,0.072,1.157,0.693
3628,31.282034,6.35,4.617,0.058,1.039,0.636
3629,31.292609,6.029,4.622,0.072,0.683,0.652
3630,31.30075,6.21,4.619,0.08,0.906,0.605
3631,31.309076,6.252,4.626,0.081,0.897,0.648
3632,31.317409,6.147,4.616,0.092,0.901,0.538
3633,31.32568,6.383,4.635,0.084,0.962,0.702
3634,31.333902,6.383,4.632,0.069,1.077,0.605
3635,31.342596,6.105,4.615,0.075,0.737,0.678
3636,31.352575,5.941,4.628,0.059,0.607,0.647
3637,31.360968,5.907,4.623,0.063,0.582,0.639
3638,31.369707,5.874,4.622,0.087,0.537,0.628
3639,31.377609,6.334,4.614,0.074,0.983,0.663
3640,31.386097,6.092,4.597,0.061,0.846,0.588
3641,31.39486,5.932,4.607,0.074,0.572,0.679
3642,31.402987,5.986,4.607,0.059,0.776,0.544
3643,31.411393,6.031,4.623,0.078,0.681,0.649
3644,31.421571,6.137,4.602,0.072,0.816,0.647
3645,31.430069,5.945,4.596,0.065,0.663,0.621
3646,31.437954,6.296,4.614,0.059,1.097,0.526
3647,31.446556,6.188,4.602,0.074,0.84,0.672
3648,31.454657,6.316,4.632,0.08,1.039,0.565
3649,31.463579,6.1,4.595,0.07,0.604,0.831
3650,31.471644,6.247,4.615,0.086,0.843,0.703
3651,31.481792,5.929,4.617,0.093,0.545,0.674
3652,31.490199,5.786,4.571,0.08,0.624,0.511
3653,31.498867,5.805,4.613,0.078,0.595,0.519
3654,31.506924,6.063,4.585,0.068,0.9,0.51
3655,31.515332,6.181,4.624,0.075,0.84,0.642
3656,31.523609,6.307,4.61,0.084,0.907,0.706
3657,31.532023,6.187,4.595,0.075,0.842,0.675
3658,31.542725,5.967,4.584,0.079,0.666,0.638
3659,31.552447,5.906,4.631,0.077,0.619,0.579
3660,31.560783,6.043,4.618,0.1,0.779,0.546
3661,31.569679,6.732,4.574,0.092,1.214,0.852
3662,31.577674,6.953,4.597,0.098,1.518,0.74
3663,31.585932,7.016,4.624,0.086,1.593,0.713
3664,31.594197,6.916,4.575,0.078,1.71,0.553
3665,31.602731,6.844,4.62,0.072,1.466,0.686
3666,31.611118,6.804,4.59,0.047,1.445,0.722
3667,31.618809,7.105,4.666,0.088,2.0,0.351
3668,31.627509,7.003,4.604,0.075,1.702,0.622
3669,31.636194,6.61,4.586,0.073,1.369,0.582
3670,31.644414,6.69,4.622,0.072,1.446,0.55
3671,31.652765,6.768,4.609,0.09,1.435,0.634
3672,31.661742,6.127,4.614,0.092,0.82,0.601
3673,31.671825,5.901,4.625,0.096,0.581,0.599
3674,31.67986,6.166,4.613,0.079,0.91,0.564
3675,31.688132,6.176,4.591,0.063,0.99,0.532
3676,31.69648,6.229,4.609,0.081,0.961,0.578
3677,31.704829,6.26,4.579,0.112,0.945,0.624
3678,31.713235,6.31,4.626,0.078,0.868,0.738
3679,31.721666,6.316,4.629,0.062,0.869,0.756
3680,31.732185,5.999,4.58,0.055,0.7,0.664
3681,31.740253,6.292,4.618,0.084,0.923,0.667
3682,31.748726,6.047,4.56,0.069,0.839,0.579
3683,31.756571,6.503,4.519,0.079,1.372,0.533
3684,31.765199,6.129,4.502,0.042,1.094,0.491
3685,31.773434,6.378,4.509,0.074,1.191,0.604
3686,31.781722,6.412,4.535,0.121,1.167,0.589
3687,31.792083,5.78,4.592,0.052,0.579,0.557
3688,31.802477,5.88,4.642,0.074,0.623,0.541
3689,31.81093,5.853,4.536,0.084,0.608,0.625
3690,31.819282,5.851,4.486,0.038,0.647,0.68
3691,31.827584,5.952,4.546,0.064,0.617,0.725
3692,31.835814,5.891,4.557,0.131,0.63,0.573
3693,31.84411,5.992,4.508,0.066,0.79,0.628
3694,31.852962,5.75,4.5,0.061,0.586,0.603
3695,31.861344,6.021,4.518,0.09,0.629,0.784
3696,31.869177,6.35,4.484,0.063,1.174,0.629
3697,31.877891,6.018,4.507,0.078,0.769,0.664
3698,31.886415,5.974,4.603,0.077,0.609,0.685
3699,31.894942,5.958,4.576,0.071,0.623,0.688
3700,31.902849,6.306,4.667,0.068,0.96,0.611
3701,31.911235,6.201,4.545,0.045,1.024,0.587
3702,31.921438,6.058,4.633,0.083,0.662,0.68
3703,31.92983,6.025,4.618,0.082,0.619,0.706
3704,31.938141,6.026,4.589,0.06,0.783,0.594
3705,31.946336,6.169,4.627,0.075,0.88,0.587
3706,31.955041,5.857,4.615,0.065,0.6,0.577
3707,31.963168,6.291,4.609,0.086,0.807,0.789
3708,31.97181,5.861,4.619,0.09,0.539,0.613
3709,31.982157,5.954,4.585,0.073,0.646,0.65
3710,31.990411,6.026,4.623,0.072,0.712,0.619
3711,31.998589,6.212,4.641,0.076,0.847,0.648
3712,32.007125,6.052,4.599,0.062,0.779,0.612
3713,32.015397,6.232,4.625,0.072,0.816,0.719
3714,32.023257,6.556,4.589,0.059,1.327,0.581
3715,32.031815,6.425,4.613,0.086,1.076,0.65
3716,32.040423,6.095,4.619,0.081,0.799,0.596
3717,32.05088,6.025,4.622,0.063,0.723,0.617
3718,32.060572,5.854,4.63,0.091,0.799,0.334
3719,32.069203,6.018,4.639,0.076,0.639,0.664
3720,32.077426,6.159,4.62,0.074,0.768,0.697
3721,32.085842,6.042,4.621,0.073,0.681,0.667
3722,32.094014,6.104,4.591,0.064,0.878,0.571
3723,32.102661,6.05,4.617,0.081,0.635,0.717
3724,32.11074,6.21,4.634,0.073,0.872,0.631
3725,32.119631,6.014,4.628,0.077,0.606,0.703
3726,32.127904,6.118,4.619,0.065,0.819,0.615
3727,32.135852,6.532,4.638,0.071,1.187,0.636
3728,32.144678,6.072,4.578,0.088,0.75,0.656
3729,32.153043,6.049,4.596,0.069,0.706,0.678
3730,32.161448,5.992,4.585,0.078,0.645,0.684
3731,32.171688,6.101,4.61,0.081,0.706,0.704
3732,32.179955,6.137,4.602,0.061,0.782,0.692
3733,32.188179,6.2,4.585,0.076,0.914,0.625
3734,32.196556,6.159,4.614,0.076,0.834,0.635
3735,32.204433,6.483,4.595,0.099,1.295,0.494
3736,32.213317,6.113,4.591,0.076,0.765,0.681
3737,32.221958,6.114,4.625,0.076,0.837,0.576
3738,32.231871,5.959,4.61,0.063,0.564,0.722
3739,32.240083,6.083,4.623,0.065,0.778,0.617
3740,32.248923,5.891,4.598,0.07,0.61,0.613
3741,32.256906,6.295,4.641,0.064,0.919,0.671
3742,32.265405,6.132,4.636,0.075,0.757,0.664
3743,32.273762,6.183,4.609,0.082,0.827,0.665
3744,32.281653,6.625,4.628,0.085,1.251,0.661
3745,32.290353,6.216,4.59,0.076,0.923,0.627
3746,32.301159,6.03,4.591,0.078,0.757,0.604
3747,32.310952,5.91,4.614,0.061,0.557,0.678
3748,32.319129,6.068,4.579,0.065,0.755,0.669
3749,32.327463,6.118,4.622,0.092,0.687,0.717
3750,32.3358,6.045,4.618,0.086,0.705,0.636
3751,32.344245,6.016,4.627,0.081,0.678,0.63
3752,32.352545,6.074,4.61,0.086,0.76,0.618
3753,32.361144,5.995,4.576,0.062,0.699,0.658
3754,32.369276,6.148,4.635,0.077,0.838,0.598
3755,32.378297,5.938,4.589,0.084,0.585,0.68
3756,32.385907,6.64,4.613,0.065,1.29,0.672
3757,32.394474,6.408,4.63,0.081,1.04,0.657
3758,32.402958,6.575,4.606,0.071,1.268,0.63
3759,32.412913,6.059,4.618,0.073,0.921,0.447
3760,32.421621,6.164,4.612,0.085,0.752,0.715
3761,32.430195,6.039,4.611,0.074,0.616,0.738
3762,32.437885,6.544,4.624,0.063,1.242,0.615
3763,32.446538,6.23,4.596,0.084,0.958,0.592
3764,32.454859,6.429,4.622,0.064,0.925,0.818
3765,32.463469,6.04,4.625,0.078,0.664,0.673
3766,32.471579,6.273,4.618,0.08,0.895,0.68
3767,32.479961,6.172,4.617,0.064,0.846,0.645
3768,32.490578,6.041,4.619,0.082,0.641,0.699
3769,32.498564,6.281,4.581,0.091,1.014,0.595
3770,32.507074,6.168,4.587,0.069,0.842,0.67
3771,32.515371,6.208,4.626,0.072,0.84,0.67
3772,32.523501,6.465,4.634,0.092,1.034,0.705
3773,32.531812,6.416,4.617,0.082,1.08,0.637
3774,32.540521,6.094,4.619,0.075,0.702,0.698
3775,32.551177,5.888,4.577,0.079,0.608,0.624
3776,32.560919,5.866,4.631,0.063,0.581,0.591
3777,32.569223,5.937,4.613,0.08,0.63,0.614
3778,32.577472,6.052,4.608,0.078,0.723,0.643
3779,32.585889,6.105,4.596,0.066,0.803,0.64
3780,32.594042,6.298,4.608,0.066,0.979,0.645
3781,32.602802,6.099,4.622,0.09,0.62,0.767
3782,32.610865,6.297,4.634,0.06,0.891,0.712
3783,32.61986,6.256,4.616,0.088,0.831,0.721
3784,32.628015,6.344,4.598,0.071,1.052,0.623
3785,32.635986,6.697,4.584,0.061,1.425,0.627
3786,32.644764,6.309,4.574,0.076,0.994,0.665
3787,32.652698,6.715,4.673,0.073,1.286,0.683
3788,32.661616,6.228,4.612,0.084,0.816,0.716
3789,32.669644,6.369,4.615,0.078,1.123,0.553
3790,32.679742,6.151,4.603,0.065,0.807,0.676
3791,32.688057,6.036,4.596,0.064,0.868,0.508
3792,32.696358,6.217,4.598,0.07,0.899,0.65
3793,32.704589,6.114,4.606,0.102,0.958,0.448
3794,32.713089,6.282,4.586,0.067,0.847,0.782
3795,32.721943,6.001,4.605,0.064,0.593,0.739
3796,32.731858,6.144,4.63,0.076,0.677,0.761
3797,32.74022,5.998,4.631,0.086,0.644,0.637
3798,32.748606,6.044,4.65,0.084,0.675,0.635
3799,32.756761,6.296,4.626,0.082,0.878,0.71
3800,32.765324,6.166,4.586,0.075,0.87,0.635
3801,32.773306,6.439,4.646,0.082,1.165,0.546
3802,32.781851,6.339,4.638,0.067,0.959,0.675
3803,32.792225,5.954,4.645,0.074,0.629,0.606
3804,32.802598,6.297,4.643,0.095,0.848,0.711
3805,32.810963,6.307,4.609,0.075,0.865,0.758
3806,32.819347,6.215,4.719,0.077,0.708,0.711
3807,32.827497,6.382,4.606,0.081,1.029,0.666
3808,32.835838,6.375,4.626,0.072,0.976,0.701
3809,32.84401,6.435,4.598,0.062,1.164,0.611
3810,32.852562,6.342,4.601,0.08,0.947,0.714
3811,32.86086,6.329,4.634,0.064,0.946,0.685
3812,32.869497,6.042,4.632,0.076,0.642,0.692
3813,32.877703,6.244,4.646,0.065,0.861,0.672
3814,32.886041,6.292,4.591,0.063,0.911,0.727
3815,32.894462,6.151,4.598,0.075,0.817,0.661
3816,32.903128,5.966,4.581,0.065,0.643,0.677
3817,32.911782,5.843,4.625,0.087,0.559,0.572
3818,32.921832,6.02,4.619,0.085,0.623,0.693
3819,32.929546,6.619,4.654,0.096,1.197,0.672
3820,32.938227,6.252,4.616,0.079,0.906,0.651
3821,32.946643,6.165,4.616,0.069,0.821,0.659
3822,32.954503,6.431,4.639,0.079,1.274,0.439
3823,32.963413,6.031,4.63,0.084,0.706,0.611
3824,32.971448,6.418,4.627,0.079,1.005,0.707
3825,32.980075,6.016,4.586,0.068,0.754,0.608
3826,32.990619,6.167,4.613,0.078,0.764,0.712
3827,32.998521,6.439,4.639,0.117,1.128,0.555
3828,33.00704,6.423,4.623,0.067,1.006,0.727
3829,33.015176,6.6,4.601,0.087,1.213,0.699
3830,33.023706,6.409,4.584,0.081,1.046,0.698
3831,33.031953,6.431,4.61,0.069,1.102,0.65
3832,33.042657,6.201,4.592,0.065,0.835,0.709
3833,33.052667,6.045,4.635,0.077,0.606,0.727
3834,33.060697,6.32,4.608,0.077,0.94,0.695
3835,33.069296,6.019,4.603,0.079,0.68,0.657
3836,33.07749,6.248,4.598,0.101,0.802,0.747
3837,33.0858,6.133,4.627,0.083,0.818,0.605
3838,33.094344,6.011,4.613,0.086,0.619,0.693
3839,33.102512,6.122,4.609,0.086,0.822,0.605
3840,33.111046,6.069,4.596,0.073,0.644,0.756
3841,33.11938,6.051,4.617,0.091,0.646,0.697
3842,33.127662,6.105,4.628,0.098,0.665,0.714
3843,33.136285,6.036,4.638,0.092,0.627,0.679
3844,33.144348,6.351,4.594,0.1,0.938,0.719
3845,33.152938,6.24,4.616,0.072,0.838,0.714
3846,33.161898,6.173,4.583,0.064,0.806,0.72
3847,33.171354,5.968,4.64,0.095,0.638,0.595
3848,33.179887,6.258,4.616,0.066,0.837,0.739
3849,33.188147,6.156,4.59,0.077,0.938,0.551
3850,33.196433,6.343,4.62,0.084,0.956,0.683
3851,33.204752,6.272,4.624,0.091,0.955,0.602
3852,33.213021,6.367,4.588,0.06,1.069,0.65
3853,33.221409,6.361,4.583,0.087,1.014,0.677
3854,33.23217,5.978,4.578,0.074,0.646,0.68
3855,33.24013,6.342,4.587,0.242,0.85,0.663
3856,33.248807,6.262,4.639,0.094,0.818,0.711
3857,33.25671,6.735,4.62,0.085,1.279,0.751
3858,33.265237,6.466,4.636,0.082,1.079,0.669
3859,33.273486,6.744,4.586,0.096,1.184,0.878
3860,33.282023,6.524,4.579,0.089,1.013,0.843
3861,33.292311,6.309,4.636,0.13,0.823,0.72
3862,33.301292,6.312,4.652,0.066,0.86,0.734
3863,33.310957,6.003,4.586,0.047,0.612,0.758
3864,33.31913,6.104,4.652,0.069,0.712,0.671
3865,33.327631,6.18,4.634,0.074,0.811,0.661
3866,33.335715,6.419,4.634,0.062,1.062,0.661
3867,33.343969,6.488,4.595,0.051,1.178,0.664
3868,33.35244,6.282,4.633,0.084,1.004,0.561
3869,33.360832,6.219,4.652,0.045,0.924,0.598
3870,33.369062,6.29,4.588,0.046,1.091,0.565
3871,33.37792,6.049,4.618,0.048,0.782,0.601
3872,33.386351,6.064,4.633,0.071,0.676,0.684
3873,33.394481,5.932,4.624,0.083,0.876,0.349
3874,33.402698,6.341,4.619,0.132,0.921,0.669
3875,33.411279,6.075,4.657,0.078,0.713,0.627
3876,33.421527,6.133,4.613,0.072,0.624,0.824
3877,33.429833,6.097,4.648,0.082,0.637,0.73
3878,33.438116,6.11,4.593,0.065,0.749,0.703
3879,33.446668,6.028,4.575,0.079,0.773,0.601
3880,33.454853,6.241,4.626,0.069,0.877,0.669
3881,33.462982,6.41,4.598,0.065,1.106,0.641
3882,33.471677,6.176,4.606,0.074,0.781,0.715
3883,33.479956,6.125,4.606,0.069,0.836,0.614
3884,33.490146,6.138,4.594,0.075,0.791,0.678
3885,33.498737,6.135,4.596,0.08,0.844,0.615
3886,33.507213,6.1,4.631,0.059,0.674,0.736
3887,33.515067,6.452,4.583,0.061,1.2,0.608
3888,33.523747,6.233,4.613,0.072,0.82,0.728
3889,33.531775,6.535,4.658,0.077,1.088,0.712
3890,33.540325,6.287,4.626,0.084,0.897,0.68
3891,33.551368,6.072,4.637,0.078,0.654,0.703
3892,33.560874,6.009,4.627,0.06,0.64,0.682
3893,33.56912,5.981,4.607,0.096,0.727,0.551
3894,33.577672,6.111,4.611,0.089,0.659,0.752
3895,33.585712,6.303,4.609,0.084,0.959,0.651
3896,33.594218,6.13,4.601,0.07,0.801,0.658
3897,33.602558,6.183,4.639,0.086,0.79,0.668
3898,33.610891,5.992,4.614,0.081,0.821,0.476
3899,33.619292,6.131,4.591,0.079,0.788,0.673
3900,33.627842,6.098,4.647,0.074,0.632,0.745
3901,33.636301,6.262,4.641,0.076,0.875,0.67
3902,33.6448,6.173,4.579,0.062,0.774,0.758
3903,33.652743,6.499,4.641,0.091,1.098,0.669
3904,33.663619,6.155,4.61,0.08,0.63,0.835
3905,33.671515,6.497,4.629,0.068,1.049,0.751
3906,33.679943,6.341,4.597,0.065,0.98,0.699
3907,33.687782,6.706,4.624,0.069,1.446,0.567
3908,33.69674,6.251,4.605,0.076,0.848,0.722
3909,33.704649,6.556,4.61,0.079,1.265,0.602
3910,33.713394,6.224,4.618,0.07,0.841,0.695
3911,33.721475,6.438,4.625,0.08,1.111,0.622
3912,33.731977,6.016,4.58,0.067,0.603,0.766
3913,33.740587,5.96,4.617,0.058,0.577,0.708
3914,33.748667,6.243,4.63,0.071,0.818,0.724
3915,33.756678,6.459,4.627,0.071,1.145,0.616
3916,33.765248,6.266,4.635,0.073,0.899,0.659
3917,33.773712,6.803,4.615,0.315,1.267,0.606
3918,33.78192,7.175,4.62,0.213,1.485,0.857
3919,33.790334,6.936,4.629,0.142,1.467,0.698
3920,33.801432,6.701,4.634,0.166,1.141,0.76
3921,33.810937,6.413,4.613,0.185,0.859,0.756
3922,33.819325,6.397,4.619,0.172,0.861,0.745
3923,33.827795,6.585,4.618,0.191,0.987,0.789
3924,33.835893,6.842,4.572,0.069,1.397,0.804
3925,33.84375,6.855,4.602,0.143,1.774,0.336
3926,33.853145,6.442,4.587,0.18,0.836,0.839
3927,33.860712,7.097,4.62,0.201,1.541,0.735
3928,33.86922,6.611,4.562,0.154,1.473,0.422
3929,33.877943,6.43,4.611,0.239,1.067,0.513
3930,33.886136,6.989,4.612,0.21,1.25,0.917
3931,33.895092,6.428,4.58,0.125,0.832,0.891
3932,33.902977,6.745,4.586,0.131,1.264,0.764
3933,33.911497,6.624,4.583,0.114,1.104,0.823
3934,33.921577,6.55,4.632,0.17,0.923,0.825
3935,33.930105,6.416,4.607,0.142,0.862,0.805
3936,33.937912,7.004,4.595,0.119,1.425,0.865
3937,33.946816,6.705,4.615,0.195,0.954,0.941
3938,33.955041,6.599,4.55,0.132,1.191,0.726
3939,33.962893,6.814,4.595,0.136,1.625,0.458
3940,33.971448,6.698,4.655,0.137,1.343,0.563
3941,33.981804,5.855,4.598,0.219,0.783,0.255
3942,33.989771,6.129,4.554,0.282,1.111,0.182
3943,33.99832,5.993,4.537,0.101,1.11,0.245
3944,34.007034,6.229,4.5,0.09,0.768,0.871
3945,34.015131,6.222,4.478,0.114,1.009,0.621
3946,34.023613,5.953,4.532,0.161,0.77,0.49
3947,34.031437,6.379,4.545,0.149,1.279,0.406
3948,34.040097,6.094,4.485,0.092,1.07,0.447
3949,34.051098,5.803,4.53,0.076,0.675,0.522
3950,34.060714,5.953,4.603,0.075,0.714,0.561
3951,34.068826,5.949,4.538,0.117,0.971,0.323
3952,34.077356,5.776,4.504,0.102,0.94,0.23
3953,34.085444,6.04,4.485,0.108,1.199,0.248
3954,34.093843,6.231,4.522,0.131,1.073,0.505
3955,34.102284,5.838,4.5,0.075,1.03,0.233
3956,34.110404,6.023,4.518,0.094,1.221,0.19
3957,34.119152,5.607,4.499,0.095,0.828,0.185
3958,34.127735,5.903,4.55,0.125,0.944,0.284
3959,34.13572,6.283,4.633,0.074,1.252,0.324
3960,34.143968,6.262,4.587,0.056,1.38,0.239
3961,34.152545,6.028,4.612,0.076,1.11,0.23
3962,34.160618,6.365,4.636,0.088,1.352,0.289
3963,34.171056,5.566,4.593,0.051,0.673,0.249
3964,34.17952,5.562,4.612,0.065,0.661,0.224
3965,34.187568,5.846,4.645,0.082,0.914,0.205
3966,34.19618,5.564,4.62,0.061,0.663,0.22
3967,34.20427,5.792,4.643,0.081,0.881,0.187
3968,34.212946,5.764,4.629,0.053,0.846,0.236
3969,34.221193,5.85,4.606,0.072,0.957,0.215
3970,34.229393,5.968,4.642,0.063,1.054,0.209
3971,34.240192,5.571,4.63,0.066,0.664,0.211
3972,34.248209,5.908,4.628,0.082,0.984,0.214
3973,34.25766,6.693,4.596,0.045,0.805,1.247
3974,34.265188,6.966,4.575,0.069,1.593,0.729
3975,34.273801,6.64,4.615,0.07,1.27,0.685
3976,34.281628,7.09,4.597,0.064,1.797,0.632
3977,34.292287,6.0,4.602,0.065,0.673,0.66
3978,34.302534,6.112,4.599,0.062,0.768,0.683
3979,34.310779,6.099,4.643,0.077,0.811,0.568
3980,34.319013,6.152,4.579,0.048,0.975,0.55
3981,34.327623,6.126,4.622,0.064,0.853,0.587
3982,34.33577,6.428,4.642,0.075,1.021,0.69
3983,34.344054,6.31,4.594,0.044,1.116,0.556
3984,34.352592,6.217,4.603,0.063,0.906,0.645
3985,34.360703,6.322,4.644,0.077,1.082,0.519
3986,34.369695,6.222,4.626,0.075,0.902,0.619
3987,34.377607,6.59,4.596,0.135,1.297,0.562
3988,34.386261,6.407,4.591,0.06,1.041,0.715
3989,34.394197,6.727,4.628,0.09,1.403,0.606
3990,34.402709,6.458,4.614,0.075,1.237,0.532
3991,34.411533,6.112,4.618,0.069,0.792,0.633
3992,34.419643,6.223,4.611,0.064,1.019,0.529
3993,34.429967,5.908,4.582,0.086,0.655,0.585
3994,34.437838,6.135,4.541,0.049,1.167,0.378
3995,34.446579,6.008,4.518,0.061,0.78,0.649
3996,34.454548,6.23,4.539,0.127,1.068,0.496
3997,34.463352,5.872,4.556,0.07,0.635,0.611
3998,34.471163,6.261,4.52,0.065,1.191,0.485
3999,34.480084,6.434,4.507,0.553,0.671,0.703
4000,34.490208,6.209,4.623,0.084,0.641,0.861
4001,34.498691,5.905,4.484,0.078,0.635,0.708
4002,34.506994,5.816,4.54,0.082,0.607,0.587
4003,34.515077,6.09,4.517,0.075,0.882,0.616
4004,34.523752,5.922,4.539,0.077,0.674,0.632
4005,34.532058,6.076,4.498,0.08,0.738,0.76
4006,34.540439,5.915,4.501,0.075,0.688,0.651
4007,34.550755,5.958,4.622,0.092,0.571,0.673
4008,34.560894,5.908,4.636,0.079,0.565,0.628
4009,34.569343,5.83,4.514,0.08,0.636,0.6
4010,34.577529,6.07,4.529,0.103,0.727,0.711
4011,34.585688,5.972,4.592,0.074,0.876,0.43
4012,34.594189,6.06,4.594,0.058,0.71,0.698
4013,34.602571,6.009,4.637,0.069,0.651,0.652
4014,34.61103,5.853,4.586,0.069,0.63,0.568
4015,34.61905,6.158,4.57,0.064,0.961,0.563
4016,34.627679,5.918,4.592,0.088,0.636,0.602
4017,34.635952,6.211,4.588,0.065,0.844,0.714
4018,34.644407,5.994,4.63,0.09,0.673,0.601
4019,34.65292,5.979,4.61,0.061,0.647,0.661
4020,34.661659,5.907,4.628,0.087,0.616,0.576
4021,34.671663,6.021,4.663,0.077,0.646,0.635
4022,34.679749,6.213,4.64,0.095,0.901,0.577
4023,34.688085,6.261,4.606,0.062,0.948,0.645
4024,34.696413,6.199,4.633,0.076,0.928,0.562
4025,34.704814,6.182,4.601,0.073,0.893,0.615
4026,34.712853,6.397,4.638,0.076,1.148,0.535
4027,34.721408,6.265,4.636,0.081,0.93,0.618
4028,34.730013,5.963,4.639,0.05,0.652,0.622
4029,34.74018,6.014,4.632,0.07,0.568,0.744
4030,34.748685,6.024,4.637,0.071,0.766,0.55
4031,34.756734,6.383,4.624,0.059,1.069,0.631
4032,34.765008,6.331,4.617,0.064,1.128,0.522
4033,34.773723,6.023,4.644,0.074,0.724,0.581
4034,34.781819,6.281,4.636,0.078,0.969,0.598
4035,34.79041,6.029,4.626,0.07,0.726,0.607
4036,34.800396,5.898,4.624,0.081,0.633,0.56
4037,34.808911,5.997,4.603,0.063,0.768,0.563
4038,34.817855,5.976,4.615,0.06,0.769,0.532
4039,34.825564,6.673,4.606,0.093,1.394,0.58
4040,34.833955,6.677,4.628,0.066,1.326,0.657
4041,34.842275,6.663,4.623,0.083,1.349,0.608
4042,34.850791,6.404,4.62,0.101,1.152,0.531
4043,34.860577,5.924,4.621,0.086,0.618,0.599
4044,34.86927,5.807,4.581,0.08,0.608,0.538
4045,34.877854,5.961,4.637,0.053,0.531,0.74
4046,34.885856,6.271,4.603,0.075,0.894,0.699
4047,34.894182,6.269,4.616,0.078,0.894,0.681
4048,34.902803,5.909,4.618,0.077,0.605,0.609
4049,34.911872,6.314,4.613,0.084,0.801,0.816
4050,34.921849,5.947,4.633,0.082,0.552,0.68
4051,34.929798,6.438,4.623,0.093,0.937,0.785
4052,34.938007,6.337,4.613,0.069,1.088,0.567
4053,34.946492,6.297,4.604,0.072,0.946,0.675
4054,34.954765,6.222,4.631,0.096,0.97,0.525
4055,34.963164,6.227,4.633,0.095,0.904,0.595
4056,34.971053,6.577,4.584,0.07,1.404,0.519
4057,34.981759,6.02,4.622,0.098,0.56,0.74
4058,34.990212,5.95,4.624,0.079,0.657,0.59
4059,35.000409,6.115,4.626,0.055,0.797,0.637
4060,35.008771,6.005,4.624,0.1,0.758,0.523
4061,35.016974,6.207,4.579,0.061,0.951,0.616
4062,35.025378,6.125,4.628,0.067,0.828,0.602
4063,35.033166,6.504,4.548,0.077,1.454,0.425
4064,35.04246,6.072,4.587,0.061,0.801,0.623
4065,35.050677,6.204,4.611,0.054,0.895,0.644
4066,35.058927,6.139,4.598,0.068,0.991,0.482
4067,35.067878,5.814,4.618,0.06,0.553,0.583
4068,35.075542,6.576,4.636,0.068,1.201,0.671
4069,35.083984,6.578,4.578,0.063,1.151,0.786
4070,35.092313,6.408,4.639,0.061,1.094,0.614
4071,35.102579,6.093,4.607,0.065,0.769,0.652
4072,35.110605,6.375,4.625,0.065,1.062,0.623
4073,35.119694,6.077,4.592,0.087,0.622,0.776
4074,35.12791,6.296,4.619,0.077,0.871,0.729
4075,35.135783,6.715,4.622,0.076,1.332,0.685
4076,35.144321,6.393,4.645,0.075,1.084,0.589
4077,35.152796,6.334,4.611,0.093,0.984,0.646
4078,35.163337,6.175,4.631,0.089,0.82,0.635
4079,35.171421,6.434,4.623,0.086,1.067,0.658
4080,35.180006,6.319,4.519,0.068,0.938,0.794
4081,35.187883,6.598,4.532,0.082,1.375,0.609
4082,35.196371,6.394,4.532,0.071,1.22,0.571
4083,35.204738,6.425,4.527,0.069,1.197,0.632
4084,35.212796,6.555,4.53,0.089,1.448,0.488
4085,35.221355,6.448,4.533,0.082,1.238,0.595
4086,35.230003,6.121,4.508,0.064,0.946,0.603
4087,35.240167,5.819,4.631,0.073,0.548,0.567
4088,35.250465,6.021,4.634,0.076,0.772,0.539
4089,35.258659,6.248,4.516,0.075,1.031,0.626
4090,35.266954,6.154,4.541,0.062,1.041,0.51
4091,35.275529,6.123,4.518,0.08,0.827,0.698
4092,35.283851,6.018,4.537,0.088,0.806,0.587
4093,35.29221,6.055,4.489,0.077,0.834,0.655
4094,35.300868,5.76,4.534,0.078,0.543,0.605
4095,35.309,5.93,4.504,0.059,0.772,0.595
4096,35.317048,6.209,4.489,0.066,1.079,0.575
4097,35.325834,5.978,4.49,0.06,0.628,0.8
4098,35.334037,5.931,4.584,0.062,0.658,0.627
4099,35.342265,6.058,4.618,0.086,0.734,0.62
4100,35.350741,5.951,4.583,0.092,0.689,0.587
4101,35.360602,5.959,4.628,0.091,0.615,0.625
4102,35.369424,5.938,4.626,0.069,0.604,0.639
4103,35.377938,6.239,4.598,0.064,0.787,0.79
4104,35.385879,6.482,4.591,0.069,1.189,0.633
4105,35.394988,6.052,4.584,0.062,0.815,0.591
4106,35.402768,6.582,4.67,0.061,1.279,0.572
4107,35.412937,5.839,4.631,0.052,0.607,0.549
4108,35.42133,6.034,4.621,0.067,0.898,0.448
4109,35.430063,6.091,4.592,0.051,0.755,0.693
4110,35.437785,6.542,4.626,0.06,1.335,0.521
4111,35.446607,6.177,4.633,0.074,0.839,0.631
4112,35.45459,6.449,4.617,0.044,1.205,0.583
4113,35.463301,6.114,4.603,0.067,0.843,0.601
4114,35.471287,6.447,4.674,0.07,1.115,0.588
4115,35.479731,6.145,4.689,0.079,0.993,0.384
4116,35.490199,5.863,4.604,0.056,0.601,0.602
4117,35.500263,6.114,4.625,0.067,0.888,0.534
4118,35.508663,6.517,4.624,0.039,1.319,0.535
4119,35.517039,6.651,4.535,0.046,1.363,0.707
4120,35.5257,6.59,4.621,0.065,1.006,0.898
4121,35.533802,6.807,4.61,0.052,1.251,0.894
4122,35.542134,6.627,4.574,0.066,1.285,0.702
4123,35.551176,6.315,4.604,0.063,0.906,0.742
4124,35.559089,6.654,4.597,0.056,1.335,0.666
4125,35.567674,6.515,4.62,0.073,1.059,0.763
4126,35.575944,6.628,4.577,0.055,1.167,0.829
4127,35.583945,6.908,4.578,0.046,1.495,0.789
4128,35.592485,6.635,4.619,0.083,1.248,0.685
4129,35.600856,6.674,4.634,0.055,1.195,0.79
4130,35.609126,6.661,4.61,0.072,1.286,0.693
4131,35.61922,6.149,4.573,0.034,0.755,0.787
4132,35.627646,6.163,4.634,0.047,0.925,0.557
4133,35.636238,6.437,4.619,0.083,0.993,0.742
4134,35.644655,6.262,4.626,0.082,0.899,0.655
4135,35.652906,6.251,4.593,0.048,1.012,0.598
4136,35.661164,6.41,4.64,0.099,1.028,0.643
4137,35.6714,5.816,4.613,0.083,0.708,0.412
4138,35.679561,6.235,4.739,0.111,0.842,0.543
4139,35.687529,6.366,4.605,0.065,1.379,0.317
4140,35.696291,5.946,4.674,0.146,0.819,0.307
4141,35.704124,6.342,4.632,0.077,1.419,0.214
4142,35.712734,6.044,4.68,0.087,1.099,0.178
4143,35.721373,5.841,4.686,0.099,0.816,0.24
4144,35.73143,5.792,4.639,0.106,0.669,0.378
4145,35.739585,5.831,4.602,0.088,0.898,0.243
4146,35.748542,5.885,4.6,0.083,0.854,0.348
4147,35.758341,5.901,4.64,0.101,0.855,0.305
4148,35.766662,5.834,4.662,0.107,0.824,0.241
4149,35.774967,5.807,4.573,0.064,0.98,0.19
4150,35.783602,5.545,4.559,0.079,0.725,0.182
4151,35.791784,5.702,4.537,0.087,0.884,0.194
4152,35.800973,5.567,4.53,0.064,0.647,0.326
4153,35.808577,6.333,4.537,0.077,1.371,0.348
4154,35.817664,6.389,4.494,0.099,0.767,1.029
4155,35.826193,6.173,4.514,0.086,0.634,0.939
4156,35.833839,6.632,4.531,0.105,1.286,0.71
4157,35.842583,6.258,4.529,0.071,0.895,0.763
4158,35.852542,6.014,4.62,0.09,0.64,0.664
4159,35.860621,6.284,4.52,0.074,1.001,0.689
4160,35.869577,5.926,4.485,0.093,0.591,0.757
4161,35.878046,5.826,4.504,0.064,0.574,0.684
4162,35.885909,6.27,4.536,0.065,1.007,0.662
4163,35.894994,5.864,4.497,0.068,0.533,0.766
4164,35.902982,6.089,4.521,0.066,0.856,0.646
4165,35.911028,6.388,4.497,0.068,1.162,0.661
4166,35.919533,6.046,4.538,0.058,0.953,0.497
4167,35.929372,5.683,4.646,0.079,0.658,0.3
4168,35.93761,5.784,4.62,0.068,0.862,0.234
4169,35.945766,5.932,4.642,0.082,1.019,0.189
4170,35.954765,5.708,4.597,0.082,0.835,0.194
4171,35.962696,6.119,4.636,0.089,1.2,0.194
4172,35.971365,5.794,4.623,0.084,0.884,0.203
4173,35.979404,6.091,4.687,0.087,1.114,0.203
4174,35.989689,5.555,4.652,0.078,0.634,0.191
4175,35.999963,5.561,4.603,0.054,0.675,0.229
4176,36.008481,5.762,4.634,0.078,0.818,0.232
4177,36.01731,5.655,4.628,0.069,0.724,0.234
4178,36.025022,6.266,4.607,0.058,1.366,0.235
4179,36.033242,6.366,4.631,0.077,1.457,0.201
4180,36.041614,6.327,4.596,0.081,1.456,0.194
4181,36.050277,6.013,4.617,0.063,1.102,0.231
4182,36.058436,6.198,4.642,0.134,1.208,0.214
4183,36.066886,6.077,4.623,0.057,1.153,0.244
4184,36.075331,5.955,4.64,0.075,1.026,0.214
4185,36.083569,6.079,4.641,0.077,1.12,0.241
4186,36.091829,6.098,4.618,0.062,1.218,0.2
4187,36.100211,6.072,4.65,0.086,1.139,0.197
4188,36.110815,5.548,4.632,0.068,0.654,0.194
4189,36.118997,5.727,4.604,0.054,0.833,0.236
4190,36.127371,5.683,4.652,0.071,0.746,0.214
4191,36.135641,5.763,4.637,0.079,0.823,0.224
4192,36.143813,5.893,4.642,0.05,0.978,0.223
4193,36.152347,5.702,4.634,0.081,0.779,0.208
4194,36.162996,5.774,4.614,0.088,0.862,0.21
4195,36.171028,6.082,4.628,0.076,1.151,0.227
4196,36.179506,5.94,4.613,0.076,1.022,0.229
4197,36.188079,5.681,4.593,0.071,0.803,0.214
4198,36.196009,6.081,4.596,0.054,1.203,0.228
4199,36.204587,5.824,4.584,0.061,0.974,0.205
4200,36.212702,6.038,4.623,0.069,1.152,0.194
4201,36.220902,6.158,4.626,0.067,1.279,0.186
4202,36.229696,5.733,4.626,0.07,0.819,0.218
4203,36.239999,5.549,4.654,0.055,0.61,0.23
4204,36.250077,5.501,4.62,0.069,0.597,0.215
4205,36.258371,5.532,4.603,0.067,0.651,0.211
4206,36.266837,5.783,4.645,0.222,0.723,0.193
4207,36.275026,5.946,4.587,0.055,1.059,0.245
4208,36.284193,6.334,4.623,0.102,0.588,1.021
4209,36.292237,6.363,4.612,0.081,0.914,0.756
4210,36.300702,6.141,4.598,0.081,0.8,0.662
4211,36.308853,6.322,4.64,0.07,0.942,0.67
4212,36.317444,6.199,4.603,0.084,0.719,0.793
4213,36.325824,6.101,4.623,0.067,0.654,0.757
4214,36.333723,6.449,4.624,0.086,1.078,0.661
4215,36.342502,6.134,4.612,0.093,0.662,0.767
4216,36.352532,6.01,4.616,0.078,0.628,0.688
4217,36.361012,5.949,4.586,0.055,0.624,0.684
4218,36.369389,5.872,4.594,0.083,0.679,0.516
4219,36.377861,6.217,4.625,0.071,0.793,0.728
4220,36.385853,6.525,4.628,0.071,1.129,0.697
4221,36.394145,6.559,4.625,0.086,1.163,0.685
4222,36.402774,6.171,4.625,0.085,0.868,0.593
4223,36.411389,6.031,4.628,0.082,0.588,0.733
4224,36.421236,5.942,4.575,0.104,0.576,0.687
4225,36.429677,6.024,4.607,0.079,0.634,0.704
4226,36.438519,5.935,4.624,0.087,0.591,0.633
4227,36.446329,6.566,4.62,0.081,1.128,0.737
4228,36.454815,6.323,4.617,0.063,0.98,0.663
4229,36.463485,6.163,4.612,0.088,0.661,0.802
4230,36.471454,6.438,4.627,0.098,1.01,0.703
4231,36.479849,6.343,4.618,0.078,0.969,0.678
4232,36.490316,6.021,4.612,0.099,0.619,0.691
4233,36.500567,6.109,4.644,0.101,0.633,0.731
4234,36.508947,5.879,4.592,0.052,0.655,0.58
4235,36.516696,6.303,4.573,0.103,1.237,0.39
4236,36.525496,6.178,4.65,0.081,0.744,0.703
4237,36.533666,6.359,4.633,0.089,0.916,0.721
4238,36.542129,6.148,4.597,0.086,0.83,0.635
4239,36.550807,6.07,4.627,0.07,0.585,0.788
4240,36.558947,6.137,4.606,0.091,0.782,0.658
4241,36.567168,6.311,4.608,0.073,0.914,0.716
4242,36.575463,6.268,4.64,0.08,0.922,0.626
4243,36.584088,5.927,4.596,0.058,0.673,0.6
4244,36.59204,6.277,4.634,0.063,1.013,0.567
4245,36.602722,6.283,4.637,0.257,0.731,0.658
4246,36.611387,6.078,4.606,0.078,0.635,0.759
4247,36.619158,6.533,4.596,0.068,1.207,0.662
4248,36.627792,6.169,4.689,0.064,0.811,0.605
4249,36.635756,6.62,4.623,0.08,1.251,0.666
4250,36.644025,6.518,4.586,0.052,1.351,0.529
4251,36.652582,6.427,4.618,0.079,1.095,0.635
4252,36.66142,6.25,4.608,0.062,0.771,0.809
4253,36.671681,5.93,4.61,0.085,0.615,0.62
4254,36.679734,6.1,4.639,0.087,0.864,0.51
4255,36.688284,5.944,4.664,0.082,0.625,0.573
4256,36.696575,6.08,4.634,0.046,0.814,0.586
4257,36.704756,6.253,4.626,0.067,0.978,0.582
4258,36.713138,6.219,4.626,0.073,0.927,0.593
4259,36.721167,6.437,4.628,0.08,1.23,0.499
4260,36.731498,5.829,4.626,0.085,0.559,0.559
4261,36.740133,6.704,4.607,0.076,1.435,0.586
4262,36.75063,6.65,4.598,0.3,0.947,0.805
4263,36.759026,6.595,4.591,0.172,1.017,0.815
4264,36.767022,6.75,4.594,0.157,1.368,0.631
4265,36.775734,6.593,4.635,0.176,0.961,0.821
4266,36.783801,6.794,4.618,0.251,1.173,0.752
4267,36.792305,6.68,4.646,0.167,1.061,0.806
4268,36.801139,6.671,4.643,0.175,1.095,0.758
4269,36.808924,7.376,4.551,0.1,1.811,0.914
4270,36.817371,7.161,4.631,0.167,1.55,0.813
4271,36.825683,7.158,4.64,0.201,1.524,0.793
4272,36.833839,7.29,4.519,0.153,1.873,0.745
4273,36.842539,6.969,4.528,0.164,1.484,0.793
4274,36.853079,6.61,4.604,0.183,1.068,0.755
4275,36.861217,6.855,4.531,0.167,1.352,0.805
4276,36.869863,6.606,4.544,0.151,1.036,0.875
4277,36.877682,7.08,4.504,0.162,1.584,0.83
4278,36.88633,6.722,4.516,0.15,1.271,0.785
4279,36.894319,7.105,4.515,0.16,1.608,0.822
4280,36.90264,6.959,4.541,0.156,1.596,0.666
4281,36.911486,6.695,4.542,0.168,1.07,0.915
4282,36.921219,6.412,4.624,0.143,0.946,0.699
4283,36.929839,6.581,4.517,0.198,1.012,0.854
4284,36.938852,6.379,4.56,0.151,0.903,0.765
4285,36.946261,7.319,4.518,0.151,1.878,0.772
4286,36.954951,6.912,4.52,0.086,1.575,0.731
4287,36.962752,7.14,4.537,0.113,2.075,0.415
4288,36.97165,6.964,4.519,0.142,1.497,0.806
4289,36.981728,6.518,4.621,0.151,0.935,0.811
4290,36.990318,6.477,4.628,0.139,0.93,0.78
4291,36.998558,6.647,4.744,0.162,1.011,0.73
4292,37.007023,6.582,4.599,0.166,1.026,0.791
4293,37.015549,6.591,4.613,0.157,0.981,0.84
4294,37.02365,6.801,4.615,0.157,1.215,0.814
4295,37.032141,6.604,4.583,0.181,1.102,0.738
4296,37.0403,6.864,4.674,0.164,1.198,0.828
4297,37.051019,6.531,4.613,0.16,1.0,0.758
4298,37.058927,7.058,4.568,0.149,1.484,0.857
4299,37.067717,6.663,4.647,0.159,0.952,0.905
4300,37.075445,7.13,4.625,0.135,1.613,0.757
4301,37.084042,6.843,4.61,0.163,1.339,0.731
4302,37.092904,6.398,4.636,0.149,0.872,0.741
4303,37.100709,6.923,4.622,0.192,1.375,0.734
4304,37.109417,6.33,4.605,0.166,1.065,0.494
4305,37.11925,6.447,4.592,0.159,0.973,0.723
4306,37.127921,6.562,4.603,0.177,1.028,0.754
4307,37.135486,6.962,4.51,0.122,1.941,0.389
4308,37.144315,6.527,4.486,0.141,1.448,0.452
4309,37.152312,7.029,4.52,0.165,1.734,0.61
4310,37.161754,6.656,4.428,0.179,0.951,1.098
4311,37.16962,6.522,4.553,0.114,1.346,0.509
4312,37.179531,5.741,4.731,0.075,0.645,0.29
4313,37.189463,5.618,4.656,0.094,0.672,0.196
4314,37.197869,6.063,4.542,0.25,1.11,0.161
4315,37.206117,6.235,4.498,0.142,1.333,0.262
4316,37.214421,6.357,4.528,0.201,1.34,0.288
4317,37.22281,6.274,4.589,0.167,1.25,0.268
4318,37.231936,5.966,4.559,0.29,0.837,0.28
4319,37.23988,6.458,4.545,0.146,1.39,0.377
4320,37.248341,6.248,4.578,0.117,1.232,0.321
4321,37.256293,6.6,4.522,0.127,1.682,0.269
4322,37.265438,5.761,4.571,0.121,0.825,0.244
4323,37.272881,6.625,4.537,0.108,1.743,0.237
4324,37.281504,6.378,4.558,0.104,1.44,0.276
4325,37.289959,6.272,4.63,0.087,1.245,0.31
4326,37.299976,5.778,4.615,0.079,0.832,0.252
4327,37.308173,5.892,4.648,0.08,0.936,0.228
4328,37.316819,5.635,4.631,0.073,0.692,0.239
4329,37.324979,5.9,4.641,0.156,0.835,0.268
4330,37.333666,5.797,4.584,0.111,0.832,0.27
4331,37.341818,5.981,4.617,0.124,0.992,0.248
4332,37.350418,5.849,4.586,0.142,0.853,0.268
4333,37.360414,5.865,4.611,0.152,0.826,0.276
4334,37.369123,5.905,4.618,0.143,0.841,0.303
4335,37.377503,5.813,4.604,0.158,0.831,0.22
4336,37.385753,5.939,4.596,0.141,0.943,0.259
4337,37.39388,6.13,4.589,0.147,1.144,0.25
4338,37.402408,5.996,4.604,0.136,0.951,0.305
4339,37.412885,5.852,4.575,0.107,0.913,0.257
4340,37.422892,5.785,4.589,0.107,0.889,0.2
4341,37.430972,6.126,4.641,0.129,1.161,0.195
4342,37.439594,6.0,4.632,0.205,0.88,0.283
4343,37.448334,6.056,4.673,0.122,0.996,0.265
4344,37.456038,6.659,4.631,0.087,1.683,0.258
4345,37.46472,6.294,4.617,0.114,1.344,0.219
4346,37.472814,6.508,4.637,0.076,1.563,0.232
4347,37.481247,6.44,4.725,0.101,1.375,0.239
4348,37.48954,6.476,4.659,0.072,1.483,0.262
4349,37.497833,6.515,4.648,0.088,1.535,0.244
4350,37.506662,6.045,4.624,0.071,1.064,0.286
4351,37.51455,6.471,4.608,0.104,1.523,0.236
4352,37.52307,6.271,4.62,0.092,1.328,0.231
4353,37.531654,6.014,4.636,0.1,1.058,0.22
4354,37.542003,5.659,4.61,0.075,0.733,0.241
4355,37.550717,6.42,4.606,0.114,0.76,0.94
4356,37.559102,6.651,4.562,0.175,1.017,0.897
4357,37.567625,6.648,4.617,0.177,1.01,0.844
4358,37.575884,6.799,4.579,0.085,1.176,0.959
4359,37.583809,7.032,4.597,0.137,1.559,0.739
4360,37.592297,6.972,4.525,0.173,1.43,0.844
4361,37.601059,6.709,4.503,0.234,1.089,0.883
4362,37.609737,6.672,4.529,0.198,1.013,0.932
4363,37.619224,6.51,4.473,0.194,1.0,0.843
4364,37.628118,6.577,4.491,0.185,0.987,0.914
4365,37.636038,6.858,4.505,0.171,1.398,0.784
4366,37.644456,6.853,4.476,0.173,1.341,0.863
4367,37.652761,6.866,4.529,0.183,1.308,0.846
4368,37.66365,7.239,4.604,0.217,1.51,0.908
4369,37.673508,6.748,4.61,0.194,1.052,0.892
4370,37.681962,6.577,4.518,0.151,1.068,0.84
4371,37.690055,6.653,4.499,0.184,1.293,0.677
4372,37.698257,6.882,4.505,0.196,1.409,0.772
4373,37.706428,6.845,4.545,0.227,1.489,0.584
4374,37.714831,6.988,4.52,0.138,1.55,0.78
4375,37.723353,6.725,4.543,0.171,1.295,0.716
4376,37.732238,6.298,4.545,0.169,0.792,0.792
4377,37.740012,6.753,4.614,0.147,1.306,0.686
4378,37.748632,6.727,4.621,0.242,1.01,0.854
4379,37.756886,6.739,4.596,0.179,1.187,0.777
4380,37.765533,6.613,4.636,0.175,0.95,0.852
4381,37.773555,6.87,4.633,0.185,1.257,0.795
4382,37.782281,6.548,4.628,0.165,0.949,0.806
4383,37.792083,6.636,4.639,0.186,1.054,0.757
4384,37.80085,6.706,4.616,0.194,1.055,0.841
4385,37.808884,7.04,4.609,0.193,1.367,0.871
4386,37.817652,6.863,4.688,0.193,1.098,0.884
4387,37.825785,7.019,4.657,0.159,1.367,0.836
4388,37.833828,6.778,4.632,0.08,1.712,0.354
4389,37.842152,6.692,4.621,0.083,1.732,0.256
4390,37.85033,6.841,4.605,0.097,1.903,0.236
4391,37.860286,5.735,4.647,0.083,0.778,0.227
4392,37.868638,5.779,4.63,0.075,0.832,0.242
4393,37.877179,5.698,4.649,0.092,0.747,0.21
4394,37.885199,6.025,4.517,0.085,1.193,0.23
4395,37.893873,5.693,4.536,0.09,0.836,0.231
4396,37.902415,5.627,4.559,0.1,0.766,0.202
4397,37.910486,5.898,4.54,0.071,1.048,0.239
4398,37.920993,5.753,4.622,0.097,0.818,0.216
4399,37.931121,5.699,4.621,0.1,0.778,0.2
4400,37.939411,5.736,4.562,0.075,0.879,0.22
4401,37.948158,5.852,4.529,0.126,0.859,0.338
4402,37.956082,6.115,4.514,0.089,1.293,0.219
4403,37.96458,6.068,4.539,0.145,1.075,0.309
4404,37.972985,6.025,4.527,0.081,1.044,0.373
4405,37.98116,6.043,4.519,0.119,1.211,0.194
4406,37.989709,5.792,4.544,0.084,0.969,0.195
4407,37.998625,5.631,4.558,0.095,0.738,0.24
4408,38.006275,6.264,4.547,0.073,1.432,0.212
4409,38.014467,6.552,4.511,0.082,1.608,0.351
4410,38.023004,6.211,4.509,0.091,1.404,0.207
4411,38.03137,6.18,4.503,0.081,1.388,0.208
4412,38.041936,5.758,4.604,0.082,0.859,0.213
4413,38.050174,5.84,4.61,0.084,0.956,0.19
4414,38.058165,6.197,4.631,0.078,1.281,0.207
4415,38.066763,5.894,4.643,0.08,1.002,0.169
4416,38.075275,5.738,4.639,0.073,0.829,0.197
4417,38.083232,6.104,4.598,0.064,1.251,0.191
4418,38.092305,5.764,4.642,0.086,0.86,0.176
4419,38.102529,5.772,4.616,0.123,0.87,0.163
4420,38.11049,6.146,4.75,0.111,1.123,0.162
4421,38.119097,5.886,4.614,0.125,0.966,0.181
4422,38.126943,6.376,4.61,0.099,1.49,0.177
4423,38.135495,6.155,4.641,0.148,1.18,0.186
4424,38.143692,6.364,4.624,0.074,1.389,0.277
4425,38.152067,6.247,4.603,0.09,1.37,0.184
4426,38.160541,6.141,4.669,0.154,1.099,0.219
4427,38.170843,5.762,4.636,0.118,0.834,0.174
4428,38.181224,5.678,4.653,0.09,0.756,0.179
4429,38.18923,5.988,4.515,0.097,1.221,0.155
4430,38.197547,6.012,4.537,0.083,1.216,0.176
4431,38.206074,5.827,4.504,0.101,1.052,0.17
4432,38.214202,6.0,4.548,0.133,1.179,0.14
4433,38.222817,5.729,4.535,0.151,0.886,0.157
4434,38.231007,5.884,4.512,0.114,1.098,0.16
4435,38.239677,5.673,4.55,0.136,0.821,0.166
4436,38.248423,5.57,4.506,0.113,0.755,0.196
4437,38.256524,5.78,4.522,0.119,0.961,0.178
4438,38.264977,5.648,4.506,0.098,0.883,0.161
4439,38.273053,5.898,4.529,0.154,1.055,0.16
4440,38.281275,6.008,4.549,0.132,1.171,0.156
4441,38.291616,5.765,4.669,0.127,0.815,0.154
4442,38.300215,5.542,4.542,0.092,0.737,0.171
4443,38.308581,5.779,4.545,0.106,0.976,0.152
4444,38.316745,5.948,4.543,0.102,1.154,0.149
4445,38.325034,5.998,4.505,0.093,1.24,0.16
4446,38.333719,5.718,4.536,0.084,0.86,0.238
4447,38.34167,6.09,4.65,0.086,1.128,0.226
4448,38.350358,5.811,4.681,0.08,0.826,0.224
4449,38.360136,5.796,4.659,0.085,0.826,0.226
4450,38.369026,5.703,4.6,0.073,0.802,0.228
4451,38.377431,5.796,4.662,0.074,0.822,0.238
4452,38.385313,6.229,4.601,0.091,1.34,0.197
4453,38.393886,6.003,4.598,0.098,1.088,0.219
4454,38.402327,5.887,4.654,0.091,0.946,0.196
4455,38.410724,5.831,4.636,0.094,0.888,0.213
4456,38.421503,5.814,4.643,0.096,0.855,0.22
4457,38.431262,5.627,4.643,0.092,0.676,0.216
4458,38.43938,5.862,4.64,0.044,0.902,0.276
4459,38.447926,5.626,4.605,0.075,0.726,0.22
4460,38.456037,5.833,4.602,0.067,0.949,0.215
4461,38.464472,5.763,4.616,0.069,0.832,0.246
4462,38.472797,5.724,4.641,0.074,0.816,0.193
4463,38.481138,5.732,4.635,0.077,0.816,0.204
4464,38.489917,5.737,4.596,0.068,0.865,0.208
4465,38.498249,5.746,4.616,0.073,0.844,0.213
4466,38.506198,6.128,4.656,0.08,1.193,0.199
4467,38.515111,5.694,4.604,0.077,0.808,0.205
4468,38.522869,6.264,4.613,0.072,1.378,0.201
4469,38.531777,5.718,4.614,0.084,0.845,0.175
4470,38.54002,5.841,4.599,0.076,0.952,0.214
4471,38.55021,5.672,4.688,0.076,0.699,0.209
4472,38.558575,5.805,4.621,0.065,0.886,0.233
4473,38.566718,5.979,4.631,0.219,0.926,0.203
4474,38.575086,5.952,4.676,0.08,0.99,0.206
4475,38.58326,6.108,4.635,0.066,1.192,0.215
4476,38.591774,5.955,4.622,0.057,1.02,0.256
4477,38.600382,5.668,4.641,0.045,0.728,0.254
4478,38.610568,6.035,4.722,0.142,0.851,0.32
4479,38.619142,5.819,4.674,0.123,0.797,0.225
4480,38.627171,6.117,4.631,0.07,1.178,0.238
4481,38.635696,5.909,4.539,0.073,1.077,0.22
4482,38.643711,6.221,4.505,0.078,1.428,0.21
4483,38.652258,6.023,4.547,0.072,1.173,0.231
4484,38.6607,5.872,4.525,0.061,1.09,0.196
4485,38.67095,5.535,4.611,0.046,0.646,0.232
4486,38.679408,5.452,4.516,0.069,0.645,0.222
4487,38.687931,5.408,4.514,0.054,0.608,0.232
4488,38.69591,5.789,4.527,0.045,0.95,0.267
4489,38.704066,5.926,4.496,0.051,1.156,0.223
4490,38.712782,5.526,4.506,0.038,0.764,0.218
4491,38.720885,5.806,4.515,0.041,0.986,0.264
4492,38.731019,5.587,4.591,0.062,0.725,0.209
4493,38.739752,5.55,4.565,0.096,0.661,0.228
4494,38.747994,5.625,4.489,0.048,0.835,0.253
4495,38.7561,5.83,4.507,0.06,1.043,0.22
4496,38.764664,5.603,4.506,0.06,0.815,0.222
4497,38.773165,5.512,4.554,0.063,0.666,0.229
4498,38.781711,5.446,4.521,0.074,0.65,0.201
4499,38.79202,5.745,4.672,0.059,0.773,0.241
4500,38.800189,5.883,4.617,0.141,0.894,0.231
4501,38.808618,5.796,4.62,0.047,0.888,0.241
4502,38.81659,6.139,4.677,0.126,1.131,0.205
4503,38.82499,6.085,4.683,0.07,1.12,0.212
4504,38.833689,5.837,4.651,0.104,0.895,0.187
4505,38.841825,6.092,4.605,0.059,1.151,0.277
4506,38.850156,6.057,4.613,0.074,1.146,0.224
4507,38.858985,5.717,4.596,0.058,0.833,0.23
4508,38.868693,5.543,4.643,0.084,0.606,0.21
4509,38.877133,5.741,4.618,0.073,0.839,0.211
4510,38.885657,5.767,4.649,0.097,0.819,0.202
4511,38.893723,6.044,4.629,0.238,0.964,0.213
4512,38.902052,6.052,4.633,0.09,1.121,0.208
4513,38.910723,5.763,4.624,0.089,0.847,0.203
4514,38.92124,5.618,4.605,0.086,0.73,0.197
4515,38.929141,6.056,4.635,0.086,1.135,0.2
4516,38.937508,6.03,4.663,0.097,1.057,0.213
4517,38.946114,5.75,4.618,0.095,0.83,0.207
4518,38.954256,5.958,4.629,0.083,1.027,0.219
4519,38.962707,5.803,4.619,0.095,0.914,0.175
4520,38.970874,5.999,4.578,0.059,1.125,0.237
4521,38.980966,5.665,4.596,0.082,0.788,0.199
4522,38.989732,5.556,4.592,0.099,0.665,0.2
4523,38.99845,5.65,4.586,0.083,0.769,0.212
4524,39.00625,6.165,4.593,0.073,1.299,0.2
4525,39.015222,5.621,4.621,0.091,0.725,0.184
4526,39.022816,6.382,4.586,0.063,1.503,0.23
4527,39.031297,6.224,4.585,0.067,1.357,0.215
4528,39.039953,5.926,4.628,0.06,0.993,0.245
4529,39.050173,5.656,4.639,0.084,0.73,0.203
4530,39.060757,5.646,4.633,0.062,0.754,0.197
4531,39.068712,6.032,4.583,0.09,1.185,0.174
4532,39.077456,5.805,4.629,0.079,0.876,0.221
4533,39.085297,6.283,4.497,0.088,1.498,0.2
4534,39.093574,6.317,4.54,0.081,1.512,0.184
4535,39.102155,6.088,4.498,0.09,1.304,0.196
4536,39.110453,6.137,4.531,0.083,1.311,0.212
4537,39.118931,5.957,4.514,0.083,1.176,0.184
4538,39.127103,6.142,4.509,0.096,1.337,0.2
4539,39.135526,6.059,4.537,0.106,1.21,0.206
4540,39.144038,5.882,4.49,0.081,1.096,0.215
4541,39.152086,6.15,4.491,0.08,1.38,0.199
4542,39.160662,5.903,4.534,0.077,1.096,0.196
4543,39.170871,5.533,4.625,0.087,0.634,0.187
4544,39.179119,5.618,4.501,0.076,0.839,0.202
4545,39.187992,5.64,4.498,0.073,0.854,0.215
4546,39.19598,5.987,4.498,0.069,1.197,0.223
4547,39.204444,5.839,4.496,0.097,1.055,0.191
4548,39.212519,6.098,4.541,0.062,1.283,0.212
4549,39.22093,6.024,4.513,0.071,1.233,0.207
4550,39.229484,5.832,4.505,0.078,1.023,0.226
4551,39.239969,5.798,4.622,0.085,0.865,0.226
4552,39.247877,6.196,4.672,0.072,1.242,0.21
4553,39.256462,5.959,4.645,0.11,0.997,0.207
4554,39.264947,5.793,4.646,0.079,0.871,0.197
4555,39.272755,6.304,4.648,0.097,1.388,0.171
4556,39.281694,5.797,4.631,0.149,0.815,0.202
4557,39.289939,5.886,4.615,0.078,0.981,0.212
4558,39.298416,5.75,4.607,0.07,0.844,0.229
4559,39.308294,5.606,4.661,0.096,0.681,0.168
4560,39.318675,5.435,4.627,0.082,0.552,0.174
4561,39.326982,5.666,4.603,0.066,0.802,0.195
4562,39.335241,5.753,4.618,0.078,0.865,0.192
4563,39.343538,5.766,4.647,0.085,0.87,0.164
4564,39.352069,5.578,4.63,0.073,0.689,0.186
4565,39.360316,5.686,4.645,0.086,0.763,0.192
4566,39.36896,5.447,4.603,0.06,0.587,0.197
4567,39.377303,5.468,4.622,0.069,0.593,0.184
4568,39.38522,5.895,4.636,0.088,0.992,0.179
4569,39.393852,5.595,4.588,0.078,0.75,0.179
4570,39.402199,5.597,4.627,0.072,0.696,0.202
4571,39.410455,5.706,4.607,0.072,0.826,0.201
4572,39.419,5.484,4.663,0.081,0.567,0.173
4573,39.429169,5.488,4.628,0.076,0.606,0.178
4574,39.43775,5.56,4.645,0.069,0.635,0.211
4575,39.446105,5.531,4.646,0.089,0.614,0.182
4576,39.454277,5.686,4.657,0.07,0.769,0.19
4577,39.462857,5.586,4.609,0.059,0.687,0.231
4578,39.471098,5.704,4.647,0.082,0.744,0.231
4579,39.481088,5.511,4.611,0.086,0.619,0.195
4580,39.489628,5.558,4.658,0.1,0.633,0.167
4581,39.498527,5.56,4.627,0.082,0.647,0.204
4582,39.506222,6.204,4.611,0.067,1.299,0.227
4583,39.515051,5.675,4.634,0.07,0.778,0.193
4584,39.522798,6.259,4.626,0.057,1.374,0.202
4585,39.53129,6.102,4.621,0.086,1.22,0.175
4586,39.53982,5.939,4.606,0.058,1.04,0.235
4587,39.550143,5.561,4.631,0.081,0.644,0.205
4588,39.560553,5.668,4.596,0.091,0.817,0.164
4589,39.568656,5.891,4.629,0.09,1.019,0.153
4590,39.577079,5.819,4.662,0.089,0.89,0.178
4591,39.585298,5.939,4.626,0.085,1.044,0.184
4592,39.59365,5.904,4.628,0.104,1.009,0.163
4593,39.602093,5.803,4.594,0.078,0.948,0.183
4594,39.610403,5.847,4.589,0.081,0.98,0.197
4595,39.618986,5.577,4.594,0.06,0.719,0.204
4596,39.627001,5.897,4.598,0.077,1.036,0.186
4597,39.63531,5.929,4.627,0.078,1.03,0.194
4598,39.643901,5.668,4.588,0.064,0.809,0.207
4599,39.652053,5.859,4.601,0.087,0.98,0.191
4600,39.662744,5.511,4.654,0.075,0.613,0.169
4601,39.670814,5.796,4.61,0.061,0.925,0.2
4602,39.679436,5.536,4.627,0.086,0.63,0.193
4603,39.687525,5.765,4.641,0.081,0.86,0.183
4604,39.69617,5.53,4.629,0.077,0.637,0.187
4605,39.703979,6.05,4.583,0.056,1.207,0.204
4606,39.712537,5.811,4.624,0.091,0.945,0.151
4607,39.72109,5.612,4.621,0.085,0.733,0.173
4608,39.73188,5.676,4.58,0.07,0.809,0.217
4609,39.739515,6.37,4.633,0.09,1.45,0.197
4610,39.748054,6.148,4.636,0.082,1.248,0.182
4611,39.756557,5.964,4.613,0.073,1.1,0.178
4612,39.764525,6.326,4.585,0.077,1.491,0.173
4613,39.773143,6.049,4.597,0.085,1.196,0.171
4614,39.781228,6.31,4.644,0.09,1.396,0.18
4615,39.791382,5.559,4.626,0.081,0.646,0.206
4616,39.799996,5.788,4.614,0.055,0.903,0.216
4617,39.808475,5.652,4.625,0.086,0.748,0.193
4618,39.816548,5.887,4.603,0.08,1.034,0.17
4619,39.825228,5.597,4.645,0.093,0.69,0.169
4620,39.833643,5.705,4.636,0.078,0.811,0.18
4621,39.841546,6.136,4.633,0.092,1.24,0.171
4622,39.850195,5.835,4.638,0.098,0.914,0.185
4623,39.860679,5.491,4.627,0.083,0.592,0.189
4624,39.868463,6.05,4.624,0.096,1.138,0.192
4625,39.877325,5.559,4.651,0.084,0.616,0.208
4626,39.885195,5.995,4.6,0.063,1.134,0.198
4627,39.893984,5.726,4.606,0.059,0.839,0.222
4628,39.901954,6.066,4.6,0.056,1.205,0.205
4629,39.910599,5.748,4.635,0.085,0.86,0.168
4630,39.921096,6.084,4.628,0.101,1.182,0.173
4631,39.929594,6.298,4.598,0.085,1.064,0.551
4632,39.938313,6.433,4.586,0.079,0.974,0.794
4633,39.946208,6.913,4.626,0.079,1.375,0.833
4634,39.954848,6.558,4.585,0.144,1.048,0.781
4635,39.963213,6.507,4.633,0.083,1.027,0.764
4636,39.971418,6.661,4.571,0.078,1.224,0.788
4637,39.980237,6.624,4.677,0.087,1.0,0.86
4638,39.990513,6.575,4.63,0.082,1.0,0.863
4639,40.000526,6.543,4.642,0.096,0.961,0.844
4640,40.008836,6.494,4.5,0.07,1.14,0.784
4641,40.017013,6.633,4.489,0.068,1.315,0.761
4642,40.0253,6.699,4.529,0.08,1.318,0.772
4643,40.033939,6.397,4.498,0.069,1.046,0.784
4644,40.041775,6.855,4.525,0.086,1.508,0.736
4645,40.050562,6.592,4.527,0.095,1.196,0.774
4646,40.059049,6.408,4.493,0.068,1.089,0.758
4647,40.067154,6.706,4.488,0.098,1.306,0.814
4648,40.075974,6.092,4.485,0.104,0.86,0.643
4649,40.083836,6.664,4.53,0.075,1.304,0.755
4650,40.092382,6.368,4.525,0.076,1.098,0.669
4651,40.102733,5.945,4.618,0.069,0.582,0.676
4652,40.110713,6.24,4.524,0.079,1.023,0.614
4653,40.119279,6.0,4.503,0.08,0.82,0.597
4654,40.127461,6.249,4.519,0.073,0.956,0.701
4655,40.136261,5.946,4.534,0.074,0.641,0.697
4656,40.143871,6.57,4.565,0.066,1.336,0.603
4657,40.153037,6.01,4.597,0.082,0.694,0.637
4658,40.161067,6.256,4.658,0.081,0.937,0.58
4659,40.171656,6.189,4.605,0.104,0.799,0.681
4660,40.179645,6.454,4.624,0.082,1.153,0.595
4661,40.188237,6.24,4.634,0.089,0.874,0.643
4662,40.195878,6.822,4.599,0.074,1.61,0.539
4663,40.204753,6.423,4.619,0.072,1.051,0.681
4664,40.212987,6.413,4.596,0.064,1.172,0.581
4665,40.221274,6.512,4.722,0.098,1.081,0.611
4666,40.229769,6.334,4.662,0.07,0.995,0.607
4667,40.239864,6.104,4.579,0.065,0.823,0.637
4668,40.250383,5.955,4.634,0.076,0.602,0.643
4669,40.258582,6.114,4.624,0.077,0.751,0.662
4670,40.266842,6.068,4.586,0.065,0.861,0.556
4671,40.275321,6.245,4.628,0.1,0.818,0.699
4672,40.283572,6.233,4.611,0.089,0.935,0.598
4673,40.291844,6.243,4.594,0.067,1.019,0.563
4674,40.300493,5.952,4.63,0.085,0.665,0.572
4675,40.309444,5.845,4.606,0.086,0.565,0.588
4676,40.316899,6.653,4.606,0.077,1.452,0.518
4677,40.325954,6.128,4.598,0.072,0.842,0.616
4678,40.33407,6.396,4.579,0.081,1.083,0.653
4679,40.342095,6.705,4.637,0.092,1.317,0.659
4680,40.350716,6.408,4.613,0.125,1.021,0.649
4681,40.360718,6.215,4.639,0.074,0.851,0.651
4682,40.369114,6.106,4.624,0.091,0.839,0.552
4683,40.377849,5.94,4.578,0.068,0.625,0.669
4684,40.385742,6.301,4.592,0.078,1.045,0.586
4685,40.394514,6.216,4.586,0.065,0.827,0.738
4686,40.402397,6.594,4.615,0.079,1.251,0.649
4687,40.411141,6.207,4.635,0.08,0.823,0.669
4688,40.419911,5.871,4.604,0.073,0.609,0.585
4689,40.429817,6.146,4.604,0.099,0.626,0.817
4690,40.438048,6.227,4.599,0.124,0.844,0.66
4691,40.446172,6.367,4.58,0.1,1.13,0.557
4692,40.454506,6.254,4.684,0.109,1.014,0.447
4693,40.463002,6.671,4.574,0.058,0.984,1.055
4694,40.471576,6.194,4.631,0.104,0.678,0.781
4695,40.482669,6.077,4.644,0.091,0.561,0.781
4696,40.491988,6.235,4.605,0.08,0.838,0.712
4697,40.500227,6.285,4.636,0.084,0.903,0.662
4698,40.508782,6.29,4.624,0.053,0.875,0.738
4699,40.516614,6.39,4.578,0.096,1.419,0.297
4700,40.524864,6.37,4.695,0.088,1.386,0.201
4701,40.533119,6.424,4.585,0.092,1.567,0.18
4702,40.541588,6.557,4.596,0.098,1.415,0.448
4703,40.550158,6.33,4.633,0.102,1.142,0.453
4704,40.558718,5.973,4.665,0.093,0.878,0.337
4705,40.566945,5.964,4.569,0.081,1.074,0.24
4706,40.575649,5.932,4.627,0.125,0.929,0.251
4707,40.583472,6.437,4.654,0.069,1.46,0.254
4708,40.591926,6.263,4.595,0.058,1.399,0.211
4709,40.600103,6.416,4.656,0.069,1.497,0.194
4710,40.608833,6.013,4.594,0.055,1.16,0.204
4711,40.6185,5.699,4.63,0.086,0.815,0.168
4712,40.627188,5.721,4.628,0.078,0.823,0.192
4713,40.635364,5.883,4.645,0.07,0.958,0.21
4714,40.643494,6.085,4.647,0.083,1.165,0.19
4715,40.652155,5.737,4.622,0.087,0.863,0.165
4716,40.662732,5.619,4.62,0.068,0.764,0.167
4717,40.670782,5.942,4.641,0.061,1.03,0.21
4718,40.679414,5.779,4.615,0.121,0.803,0.24
4719,40.687787,5.831,4.585,0.108,0.86,0.278
4720,40.69609,5.977,4.561,0.136,0.992,0.288
4721,40.704241,6.156,4.609,0.117,1.143,0.287
4722,40.712611,6.11,4.587,0.109,1.148,0.266
4723,40.720851,6.167,4.586,0.115,1.252,0.214
4724,40.729195,6.19,4.648,0.099,1.197,0.246
4725,40.739989,5.782,4.575,0.095,0.834,0.278
4726,40.749998,5.839,4.594,0.123,0.818,0.304
4727,40.758124,5.944,4.523,0.161,1.052,0.208
4728,40.76651,5.911,4.52,0.103,1.057,0.231
4729,40.774588,6.142,4.494,0.101,1.353,0.194
4730,40.783512,5.945,4.567,0.15,0.88,0.348
4731,40.791526,6.276,4.54,0.126,1.273,0.337
4732,40.800163,5.874,4.493,0.092,1.057,0.232
4733,40.808895,5.451,4.517,0.069,0.638,0.227
4734,40.816512,6.155,4.548,0.098,1.319,0.19
4735,40.825527,5.535,4.533,0.08,0.709,0.213
4736,40.833517,5.859,4.539,0.082,1.045,0.193
4737,40.841673,6.016,4.551,0.071,1.205,0.189
4738,40.850366,5.69,4.522,0.076,0.88,0.212
4739,40.860342,5.624,4.68,0.076,0.648,0.22
4740,40.868875,5.407,4.525,0.065,0.608,0.209
4741,40.876938,5.676,4.546,0.076,0.857,0.197
4742,40.885622,5.486,4.523,0.077,0.687,0.199
4743,40.893653,5.787,4.639,0.089,0.873,0.186
4744,40.902678,5.513,4.64,0.079,0.61,0.184
4745,40.912768,5.709,4.634,0.091,0.814,0.17
4746,40.919126,7.717,4.603,0.085,2.823,0.206
4747,40.929118,6.04,4.6,0.075,1.165,0.2
4748,40.937603,5.886,4.59,0.077,1.028,0.191
4749,40.945795,6.027,4.609,0.061,1.149,0.208
4750,40.954147,6.012,4.641,0.088,1.099,0.184
4751,40.962545,5.932,4.644,0.076,1.031,0.181
4752,40.970676,6.165,4.655,0.079,1.225,0.206
4753,40.979244,5.92,4.624,0.078,1.021,0.197
4754,40.98972,5.481,4.637,0.094,0.592,0.158
4755,40.999937,5.757,4.616,0.089,0.863,0.189
4756,41.008111,5.907,4.642,0.09,0.996,0.179
4757,41.016394,5.971,4.629,0.087,1.062,0.193
4758,41.024805,5.88,4.602,0.062,1.009,0.207
4759,41.033249,5.761,4.636,0.083,0.864,0.178
4760,41.041382,5.968,4.632,0.097,1.058,0.181
4761,41.049894,5.774,4.601,0.058,0.92,0.195
4762,41.058791,5.548,4.606,0.058,0.682,0.202
4763,41.066646,6.043,4.604,0.085,1.167,0.187
4764,41.075307,5.763,4.66,0.073,0.831,0.199
4765,41.083289,6.097,4.631,0.082,1.206,0.178
4766,41.09186,5.868,4.602,0.063,0.997,0.206
4767,41.100296,5.763,4.634,0.087,0.86,0.182
4768,41.110637,5.483,4.639,0.1,0.59,0.154
4769,41.118592,5.861,4.602,0.096,1.008,0.155
4770,41.127192,5.614,4.605,0.085,0.744,0.18
4771,41.135759,5.646,4.621,0.062,0.75,0.213
4772,41.14343,6.308,4.641,0.066,1.395,0.206
4773,41.152578,5.792,4.664,0.079,0.868,0.181
4774,41.160494,6.21,4.592,0.089,1.36,0.169
4775,41.169047,5.986,4.593,0.072,1.136,0.185
4776,41.179018,5.484,4.606,0.085,0.625,0.168
4777,41.187582,5.418,4.498,0.081,0.664,0.175
4778,41.195868,5.463,4.505,0.082,0.702,0.174
4779,41.204133,5.534,4.507,0.072,0.768,0.187
4780,41.212518,5.501,4.53,0.08,0.707,0.184
4781,41.220784,5.57,4.541,0.063,0.763,0.203
4782,41.229347,5.426,4.517,0.072,0.652,0.185
4783,41.239751,5.478,4.589,0.059,0.626,0.204
4784,41.249816,5.453,4.581,0.059,0.609,0.204
4785,41.258131,5.49,4.552,0.065,0.669,0.204
4786,41.266638,5.552,4.525,0.08,0.744,0.203
4787,41.274657,5.834,4.493,0.075,1.095,0.171
4788,41.283162,5.678,4.612,0.074,0.802,0.19
4789,41.291589,5.576,4.534,0.072,0.784,0.186
4790,41.300036,5.462,4.483,0.054,0.719,0.206
4791,41.309112,5.535,4.546,0.082,0.705,0.202
4792,41.31682,6.338,4.505,0.071,1.372,0.39
4793,41.325273,6.061,4.513,0.07,1.243,0.235
4794,41.333354,6.323,4.504,0.049,1.51,0.26
4795,41.34191,6.1,4.617,0.052,1.173,0.258
4796,41.349999,6.351,4.61,0.088,1.426,0.227
4797,41.36038,5.605,4.64,0.079,0.66,0.226
4798,41.368674,5.592,4.602,0.097,0.726,0.167
4799,41.377175,5.712,4.612,0.073,0.809,0.218
4800,41.385091,6.102,4.642,0.077,1.202,0.181
4801,41.39348,6.047,4.598,0.072,1.19,0.187
4802,41.402156,5.704,4.64,0.09,0.803,0.171
4803,41.410656,5.669,4.653,0.074,0.747,0.195
4804,41.420512,5.46,4.583,0.073,0.645,0.159
4805,41.429282,5.468,4.624,0.061,0.584,0.199
4806,41.437757,5.634,4.601,0.055,0.769,0.209
4807,41.445902,5.822,4.598,0.057,0.966,0.201
4808,41.454173,5.903,4.657,0.081,0.967,0.198
4809,41.462564,5.839,4.625,0.081,0.944,0.189
4810,41.470822,5.908,4.598,0.057,1.045,0.208
4811,41.479155,5.886,4.582,0.055,1.061,0.188
4812,41.489418,5.551,4.631,0.079,0.65,0.191
4813,41.497966,5.699,4.593,0.054,0.851,0.201
4814,41.506221,5.783,4.605,0.068,0.915,0.195
4815,41.514799,5.655,4.613,0.062,0.77,0.21
4816,41.522807,5.993,4.582,0.064,1.127,0.22
4817,41.531402,5.738,4.652,0.086,0.788,0.212
4818,41.541642,5.465,4.603,0.099,0.588,0.175
4819,41.549932,5.584,4.616,0.064,0.682,0.222
4820,41.558523,5.568,4.644,0.084,0.657,0.183
4821,41.566521,5.916,4.61,0.103,1.012,0.191
4822,41.575528,6.359,4.628,0.099,1.416,0.216
4823,41.583217,6.985,4.656,0.078,2.036,0.215
4824,41.591886,6.628,4.593,0.067,1.763,0.205
4825,41.602349,5.559,4.64,0.095,0.618,0.206
4826,41.610438,5.791,4.641,0.091,0.859,0.2
4827,41.618721,5.833,4.627,0.071,0.934,0.201
4828,41.626987,5.9,4.599,0.09,1.027,0.184
4829,41.635289,5.933,4.608,0.078,1.051,0.196
4830,41.643892,5.651,4.639,0.062,0.748,0.202
4831,41.652067,5.813,4.651,0.086,0.896,0.18
4832,41.660336,5.913,4.626,0.096,0.972,0.219
4833,41.669485,5.883,4.748,0.097,0.818,0.22
4834,41.679146,5.531,4.626,0.088,0.63,0.187
4835,41.689537,5.513,4.633,0.092,0.619,0.169
4836,41.697626,5.757,4.6,0.096,0.897,0.164
4837,41.706235,5.536,4.66,0.096,0.578,0.202
4838,41.71476,5.372,4.579,0.064,0.556,0.173
4839,41.722968,5.53,4.592,0.059,0.671,0.208
4840,41.731642,5.525,4.602,0.101,0.654,0.168
4841,41.739672,5.829,4.627,0.084,0.948,0.17
4842,41.747641,6.202,4.645,0.098,1.288,0.171
4843,41.756333,5.875,4.658,0.091,0.92,0.206
4844,41.764728,5.773,4.614,0.059,0.902,0.198
4845,41.772766,6.082,4.628,0.064,1.183,0.207
4846,41.781392,5.81,4.618,0.085,0.906,0.201
4847,41.789956,5.551,4.618,0.062,0.668,0.203
4848,41.799929,5.6,4.691,0.079,0.637,0.193
4849,41.808483,5.621,4.61,0.099,0.686,0.226
4850,41.816619,5.795,4.599,0.106,0.89,0.2
4851,41.825502,5.588,4.64,0.084,0.662,0.202
4852,41.833181,6.237,4.659,0.08,1.294,0.204
4853,41.841702,6.03,4.6,0.078,1.168,0.184
4854,41.850269,5.802,4.64,0.08,0.888,0.194
4855,41.860337,5.591,4.613,0.104,0.682,0.192
4856,41.868487,5.787,4.624,0.084,0.888,0.191
4857,41.877344,5.794,4.615,0.077,0.885,0.217
4858,41.885267,6.194,4.603,0.076,1.312,0.203
4859,41.893898,5.883,4.612,0.066,1.001,0.204
4860,41.902229,5.885,4.622,0.076,0.994,0.193
4861,41.910369,6.082,4.632,0.083,1.172,0.195
4862,41.919325,5.636,4.637,0.087,0.721,0.191
4863,41.929469,5.57,4.645,0.083,0.675,0.167
4864,41.939384,5.685,4.597,0.074,0.801,0.213
4865,41.947479,5.925,4.594,0.079,1.045,0.207
4866,41.955948,5.767,4.609,0.066,0.888,0.204
4867,41.964548,5.679,4.618,0.08,0.811,0.17
4868,41.972884,5.7,4.628,0.096,0.794,0.182
4869,41.981395,5.565,4.637,0.071,0.637,0.22
4870,41.989672,5.658,4.654,0.055,0.746,0.203
4871,41.998253,5.542,4.631,0.08,0.639,0.192
4872,42.006242,5.89,4.656,0.067,0.956,0.211
4873,42.014534,5.897,4.608,0.07,1.048,0.171
4874,42.022732,6.045,4.628,0.054,1.166,0.197
4875,42.031252,5.862,4.639,0.065,0.968,0.19
4876,42.039683,5.755,4.644,0.061,0.861,0.189
4877,42.049858,5.447,4.609,0.077,0.584,0.177
4878,42.058829,5.465,4.597,0.056,0.602,0.21
4879,42.066891,5.73,4.608,0.057,0.864,0.201
4880,42.075252,5.849,4.65,0.092,0.906,0.201
4881,42.083271,6.146,4.6,0.079,1.268,0.199
4882,42.091813,5.916,4.515,0.058,1.143,0.2
4883,42.102269,5.563,4.613,0.074,0.668,0.208
4884,42.11037,5.791,4.539,0.072,0.973,0.207
4885,42.118798,5.682,4.533,0.056,0.882,0.211
4886,42.127027,5.779,4.502,0.08,1.022,0.175
4887,42.135521,5.624,4.531,0.071,0.828,0.194
4888,42.143498,5.988,4.539,0.067,1.178,0.204
4889,42.152416,5.448,4.544,0.062,0.639,0.203
4890,42.160132,6.024,4.595,0.077,1.199,0.153
4891,42.170713,5.49,4.63,0.058,0.613,0.189
4892,42.180975,5.514,4.583,0.057,0.677,0.197
4893,42.189402,5.469,4.514,0.077,0.663,0.215
4894,42.197758,5.403,4.508,0.074,0.642,0.179
4895,42.206161,5.469,4.561,0.065,0.649,0.194
4896,42.214674,5.38,4.529,0.067,0.602,0.182
4897,42.222792,5.608,4.523,0.068,0.823,0.194
4898,42.23162,5.302,4.514,0.066,0.535,0.187
4899,42.239535,5.731,4.534,0.075,0.932,0.19
4900,42.247956,5.628,4.596,0.061,0.784,0.187
4901,42.256066,5.858,4.655,0.085,0.944,0.174
4902,42.26476,5.489,4.603,0.067,0.633,0.186
4903,42.273095,5.494,4.612,0.072,0.625,0.185
4904,42.281262,5.661,4.622,0.07,0.786,0.183
4905,42.289851,5.443,4.602,0.062,0.581,0.198
4906,42.299772,5.436,4.605,0.047,0.571,0.213
4907,42.308782,5.571,4.682,0.058,0.647,0.184
4908,42.316915,5.789,4.599,0.067,0.937,0.186
4909,42.324877,6.169,4.615,0.061,1.288,0.205
4910,42.333345,6.038,4.635,0.068,1.135,0.2
4911,42.341849,5.864,4.601,0.059,0.999,0.205
4912,42.35014,5.903,4.654,0.077,0.989,0.183
4913,42.360596,5.691,4.603,0.07,0.822,0.196
4914,42.368726,5.887,4.65,0.076,0.978,0.183
4915,42.377344,5.644,4.622,0.083,0.724,0.215
4916,42.385339,5.971,4.629,0.093,1.05,0.199
4917,42.393799,5.835,4.61,0.066,0.948,0.211
4918,42.402882,5.68,4.599,0.065,0.803,0.213
4919,42.410333,6.592,4.622,0.106,1.648,0.216
4920,42.420685,5.755,4.63,0.079,0.883,0.163
4921,42.431035,5.588,4.651,0.082,0.65,0.205
4922,42.43951,5.747,4.592,0.088,0.829,0.238
4923,42.447856,5.679,4.627,0.08,0.778,0.194
4924,42.456074,5.767,4.63,0.104,0.873,0.16
4925,42.464784,5.709,4.607,0.065,0.82,0.217
4926,42.472694,6.114,4.666,0.065,1.183,0.2
4927,42.481028,6.127,4.651,0.081,1.199,0.196
4928,42.489771,5.709,4.606,0.063,0.834,0.206
4929,42.497873,5.944,4.583,0.059,1.094,0.208
4930,42.506325,5.835,4.63,0.086,0.927,0.192
4931,42.51436,6.145,4.625,0.082,1.233,0.205
4932,42.522855,5.96,4.603,0.062,1.09,0.205
4933,42.531465,5.689,4.632,0.076,0.804,0.177
4934,42.54163,5.538,4.627,0.102,0.632,0.177
4935,42.550185,5.491,4.606,0.082,0.609,0.194
4936,42.558498,5.584,4.631,0.086,0.685,0.182
4937,42.566676,5.759,4.659,0.084,0.835,0.181
4938,42.575181,5.75,4.676,0.079,0.801,0.194
4939,42.583151,6.111,4.6,0.077,1.242,0.192
4940,42.591627,5.956,4.635,0.079,1.067,0.175
4941,42.600288,5.646,4.667,0.08,0.705,0.194
4942,42.610341,5.563,4.602,0.089,0.654,0.218
4943,42.618647,5.543,4.627,0.098,0.648,0.17
4944,42.62736,5.518,4.61,0.082,0.636,0.19
4945,42.635277,5.933,4.639,0.083,1.026,0.185
4946,42.643715,5.81,4.652,0.067,0.905,0.186
4947,42.652243,5.639,4.59,0.078,0.777,0.194
4948,42.66042,5.806,4.638,0.086,0.885,0.197
4949,42.669547,5.487,4.653,0.076,0.581,0.177
4950,42.679413,5.523,4.627,0.087,0.627,0.182
4951,42.689379,5.564,4.639,0.095,0.642,0.188
4952,42.69764,5.61,4.637,0.097,0.709,0.167
4953,42.706038,5.87,4.715,0.145,0.809,0.201
4954,42.714965,5.668,4.61,0.095,0.684,0.279
4955,42.722566,6.328,4.609,0.094,1.425,0.2
4956,42.731373,5.856,4.617,0.078,0.948,0.213
4957,42.739776,5.766,4.601,0.063,0.896,0.206
4958,42.747667,6.216,4.661,0.051,1.277,0.227
4959,42.756401,5.839,4.629,0.095,0.9,0.215
4960,42.76472,5.821,4.635,0.068,0.917,0.201
4961,42.772817,6.056,4.595,0.073,1.193,0.195
4962,42.782345,6.376,4.578,0.092,0.63,1.076
4963,42.790363,6.418,4.587,0.088,0.94,0.803
4964,42.800829,6.132,4.595,0.067,0.768,0.702
4965,42.808646,6.563,4.572,0.105,1.285,0.601
4966,42.817197,6.347,4.651,0.1,0.982,0.614
4967,42.826376,6.346,4.577,0.084,0.857,0.828
4968,42.833657,7.204,4.606,0.069,1.884,0.645
4969,42.842375,6.864,4.636,0.079,1.471,0.678
4970,42.852911,6.07,4.568,0.059,0.627,0.816
4971,42.860881,6.284,4.583,0.071,0.973,0.657
4972,42.869072,6.392,4.618,0.082,1.079,0.613
4973,42.877537,6.251,4.587,0.077,0.98,0.607
4974,42.885699,6.407,4.583,0.068,1.155,0.601
4975,42.894194,6.32,4.619,0.066,0.958,0.677
4976,42.902657,6.133,4.605,0.096,0.829,0.603
4977,42.91081,6.327,4.58,0.063,1.05,0.634
4978,42.9213,6.129,4.645,0.073,0.773,0.638
4979,42.931413,6.111,4.59,0.069,0.767,0.685
4980,42.939994,6.241,4.579,0.075,0.771,0.816
4981,42.948037,6.452,4.616,0.072,1.029,0.735
4982,42.956669,6.03,4.609,0.073,0.731,0.617
4983,42.965083,6.04,4.609,0.097,0.658,0.676
4984,42.97319,6.18,4.606,0.078,0.902,0.594
4985,42.982033,6.053,4.749,0.074,0.595,0.635
4986,42.98995,6.383,4.601,0.078,1.16,0.544
4987,42.998738,6.18,4.609,0.063,0.799,0.709
4988,43.00653,6.606,4.624,0.073,1.331,0.578
4989,43.015132,6.399,4.582,0.075,1.106,0.636
4990,43.023194,6.675,4.62,0.076,1.336,0.643
4991,43.031991,6.248,4.604,0.089,0.885,0.67
4992,43.040255,6.268,4.611,0.08,0.955,0.622
4993,43.050334,6.098,4.622,0.077,0.726,0.673
4994,43.058854,5.809,4.585,0.066,0.571,0.587
4995,43.067377,6.073,4.616,0.082,0.68,0.695
4996,43.076004,5.929,4.586,0.078,0.648,0.617
4997,43.08379,6.506,4.578,0.058,1.201,0.669
4998,43.092245,6.353,4.619,0.08,1.044,0.61
4999,43.102721,5.916,4.627,0.062,0.575,0.652
5000,43.11081,6.152,4.593,0.064,0.854,0.641
5001,43.119339,6.306,4.64,0.076,0.895,0.695
5002,43.127443,6.498,4.648,0.077,1.12,0.653
5003,43.13576,6.511,4.63,0.064,1.15,0.667
5004,43.143938,6.676,4.601,0.085,1.334,0.656
5005,43.152515,6.487,4.612,0.074,1.082,0.719
5006,43.16076,6.505,4.6,0.081,1.169,0.655
5007,43.169864,6.26,4.603,0.065,0.83,0.762
5008,43.17993,6.027,4.626,0.086,0.622,0.693
5009,43.189847,5.969,4.605,0.075,0.604,0.685
5010,43.198061,6.076,4.642,0.089,0.68,0.665
5011,43.206466,6.104,4.621,0.077,0.637,0.769
5012,43.214771,5.982,4.601,0.068,0.688,0.625
5013,43.223557,5.913,4.602,0.071,0.553,0.687
5014,43.232032,5.922,4.629,0.075,0.619,0.599
5015,43.239931,6.473,4.565,0.063,1.121,0.724
5016,43.248004,6.626,4.607,0.093,1.323,0.603
5017,43.256785,6.314,4.587,0.075,0.915,0.737
5018,43.265134,6.187,4.648,0.082,0.828,0.629
5019,43.2733,6.495,4.625,0.079,1.047,0.744
5020,43.28191,6.31,4.588,0.071,0.789,0.862
5021,43.292405,6.194,4.627,0.075,0.635,0.857
5022,43.300161,6.546,4.64,0.087,1.197,0.622
5023,43.30876,6.354,4.592,0.064,0.989,0.709
5024,43.316779,6.559,4.601,0.066,1.292,0.6
5025,43.326117,5.975,4.607,0.077,0.601,0.69
5026,43.333668,6.663,4.599,0.072,1.377,0.615
5027,43.34245,6.421,4.615,0.104,0.903,0.799
5028,43.350843,6.261,4.609,0.076,0.868,0.708
5029,43.360824,5.909,4.592,0.066,0.61,0.641
5030,43.368893,6.13,4.585,0.064,0.884,0.597
5031,43.377451,6.27,4.625,0.081,0.884,0.68
5032,43.38582,6.187,4.633,0.08,0.826,0.648
5033,43.394124,6.421,4.592,0.087,0.91,0.832
5034,43.402608,6.208,4.604,0.119,0.781,0.704
5035,43.411083,6.044,4.59,0.093,0.686,0.675
5036,43.421062,6.151,4.617,0.088,0.794,0.652
5037,43.431442,6.282,4.638,0.082,0.858,0.704
5038,43.44012,6.226,4.62,0.088,0.756,0.762
5039,43.44788,6.741,4.576,0.067,1.387,0.711
5040,43.456549,6.376,4.578,0.08,1.049,0.669
5041,43.464813,6.447,4.584,0.069,1.115,0.679
5042,43.473153,6.413,4.621,0.083,1.062,0.647
5043,43.482001,6.269,4.576,0.158,0.864,0.671
5044,43.489961,6.747,4.543,0.036,1.368,0.8
5045,43.498362,6.64,4.616,0.066,1.228,0.73
5046,43.506906,6.272,4.595,0.033,1.037,0.607
5047,43.515003,6.529,4.586,0.095,1.277,0.571
5048,43.523474,6.406,4.6,0.062,1.131,0.613
5049,43.531591,6.614,4.613,0.055,1.335,0.611
5050,43.540137,6.492,4.609,0.058,1.126,0.699
5051,43.550211,6.182,4.624,0.059,0.818,0.681
5052,43.558771,5.87,4.601,0.051,0.61,0.608
5053,43.567288,6.0,4.592,0.054,0.667,0.687
5054,43.576013,5.916,4.635,0.062,0.647,0.572
5055,43.583693,6.629,4.623,0.046,1.314,0.646
5056,43.592244,6.435,4.61,0.06,1.105,0.66
5057,43.602349,5.932,4.603,0.063,0.583,0.683
5058,43.611187,6.114,4.512,0.048,0.579,0.975
5059,43.619667,6.143,4.562,0.086,0.583,0.912
5060,43.62744,6.525,4.52,0.07,1.193,0.742
5061,43.635884,6.428,4.516,0.061,1.083,0.768
5062,43.643695,6.623,4.557,0.084,1.566,0.416
5063,43.65268,6.304,4.547,0.043,0.926,0.788
5064,43.660789,6.427,4.536,0.057,1.162,0.672
5065,43.669904,5.847,4.499,0.096,0.591,0.661
5066,43.679834,5.989,4.606,0.071,0.604,0.708
5067,43.690067,6.62,4.631,0.081,1.035,0.873
5068,43.698385,6.58,4.491,0.084,1.194,0.811
5069,43.706405,6.911,4.532,0.084,1.468,0.827
5070,43.714925,6.611,4.508,0.078,1.298,0.727
5071,43.723254,6.655,4.584,0.073,1.233,0.765
5072,43.731815,6.341,4.507,0.104,1.044,0.686
5073,43.740385,6.336,4.541,0.078,0.816,0.901
5074,43.747991,6.768,4.585,0.076,1.497,0.61
5075,43.756805,6.44,4.579,0.063,1.025,0.773
5076,43.765328,6.227,4.606,0.086,0.802,0.733
5077,43.773365,6.536,4.577,0.085,1.128,0.746
5078,43.78182,6.224,4.604,0.078,0.975,0.567
5079,43.791702,5.947,4.584,0.075,0.848,0.44
5080,43.800239,5.893,4.614,0.103,0.775,0.401
5081,43.80934,6.413,4.614,0.094,0.839,0.866
5082,43.817019,6.867,4.625,0.091,1.488,0.663
5083,43.826123,6.186,4.58,0.086,0.772,0.748
5084,43.833654,6.9,4.636,0.052,1.527,0.685
5085,43.842211,6.678,4.582,0.08,1.354,0.662
5086,43.852662,6.08,4.618,0.074,0.733,0.655
5087,43.860518,6.374,4.597,0.081,1.233,0.463
5088,43.869449,6.427,4.596,0.107,0.908,0.816
5089,43.877447,6.415,4.631,0.106,1.211,0.467
5090,43.885548,6.817,4.623,0.104,1.447,0.643
5091,43.894665,6.61,4.603,0.084,0.846,1.077
5092,43.902964,6.419,4.581,0.095,0.904,0.839
5093,43.910966,6.644,4.612,0.107,1.188,0.737
5094,43.919866,6.239,4.621,0.098,0.7,0.82
5095,43.929331,6.072,4.564,0.117,0.809,0.582
5096,43.937588,6.039,4.717,0.122,0.753,0.447
5097,43.946235,5.809,4.611,0.11,0.643,0.445
5098,43.954313,6.083,4.601,0.141,0.879,0.462
5099,43.9628,5.996,4.592,0.09,0.797,0.517
5100,43.970936,6.132,4.574,0.087,1.012,0.459
5101,43.979586,5.999,4.594,0.128,0.764,0.513
5102,43.990058,6.136,4.595,0.107,0.868,0.566
5103,43.998134,6.3,4.62,0.089,1.119,0.472
5104,44.006503,6.53,4.616,0.231,1.195,0.488
5105,44.014967,6.364,4.538,0.086,1.308,0.432
5106,44.023081,6.663,4.566,0.101,1.488,0.508
5107,44.031548,6.502,4.683,0.118,1.219,0.482
5108,44.04249,6.563,4.609,0.126,0.764,1.064
5109,44.0506,6.589,4.508,0.077,1.169,0.835
5110,44.058753,6.614,4.511,0.073,1.344,0.686
5111,44.067277,6.459,4.527,0.088,1.146,0.698
5112,44.0757,6.307,4.514,0.104,1.048,0.641
5113,44.083813,6.6,4.514,0.079,1.284,0.723
5114,44.092332,6.35,4.498,0.092,1.103,0.657
5115,44.100481,6.52,4.55,0.084,1.235,0.651
5116,44.110633,6.196,4.621,0.136,0.792,0.647
5117,44.119159,6.02,4.53,0.1,0.731,0.659
5118,44.127615,5.968,4.554,0.113,0.674,0.627
5119,44.135929,5.983,4.488,0.07,0.802,0.623
5120,44.143903,6.404,4.477,0.067,1.174,0.686
5121,44.153157,5.816,4.523,0.082,0.561,0.65
5122,44.160886,6.299,4.472,0.06,1.228,0.539
5123,44.171458,6.029,4.637,0.081,0.686,0.625
5124,44.17943,6.378,4.527,0.109,1.121,0.621
5125,44.188122,6.117,4.516,0.094,0.791,0.716
5126,44.196337,6.169,4.469,0.088,0.969,0.643
5127,44.204597,6.206,4.605,0.085,0.909,0.607
5128,44.213095,6.062,4.631,0.062,0.783,0.586
5129,44.221147,6.382,4.605,0.084,1.083,0.61
5130,44.230069,6.02,4.613,0.063,0.821,0.523
5131,44.24016,6.209,4.659,0.065,0.795,0.69
5132,44.248404,6.209,4.61,0.058,0.928,0.613
5133,44.256538,6.441,4.636,0.086,1.104,0.615
5134,44.26506,6.203,4.631,0.068,0.921,0.583
5135,44.273008,6.625,4.622,0.072,1.314,0.617
5136,44.281742,6.191,4.59,0.08,0.948,0.573
5137,44.292685,5.869,4.616,0.064,0.597,0.592
5138,44.302239,5.924,4.628,0.086,0.64,0.57
5139,44.310673,6.146,4.594,0.065,0.848,0.639
5140,44.318889,6.12,4.59,0.06,0.974,0.496
5141,44.327317,6.163,4.576,0.086,0.89,0.611
5142,44.335358,6.36,4.619,0.083,1.138,0.52
5143,44.343912,6.195,4.582,0.062,0.957,0.594
5144,44.352212,6.262,4.614,0.065,0.957,0.626
5145,44.360688,6.147,4.597,0.067,0.831,0.652
5146,44.369042,6.136,4.581,0.077,0.826,0.652
5147,44.377712,5.942,4.583,0.091,0.587,0.681
5148,44.386472,5.952,4.606,0.087,0.646,0.613
5149,44.393833,6.927,4.573,0.065,1.657,0.632
5150,44.402532,6.548,4.617,0.079,1.241,0.611
5151,44.410669,6.727,4.657,0.063,1.401,0.606
5152,44.419448,6.44,4.62,0.076,0.998,0.746
5153,44.429708,6.206,4.624,0.111,0.851,0.62
5154,44.437847,6.36,4.588,0.06,1.114,0.598
5155,44.446189,6.366,4.615,0.082,1.079,0.59
5156,44.45447,6.319,4.625,0.085,1.121,0.488
5157,44.46275,6.313,4.585,0.065,1.213,0.45
5158,44.471361,6.174,4.596,0.061,0.926,0.591
5159,44.479934,6.096,4.606,0.086,0.798,0.606
5160,44.490217,6.113,4.625,0.076,0.789,0.623
5161,44.498165,6.426,4.615,0.058,1.187,0.566
5162,44.506552,6.339,4.632,0.075,1.119,0.513
5163,44.515068,6.16,4.62,0.085,0.944,0.511
5164,44.522896,6.614,4.606,0.066,1.461,0.481
5165,44.531547,6.293,4.608,0.083,1.144,0.458
5166,44.542662,5.96,4.616,0.071,0.673,0.6
5167,44.552152,6.021,4.649,0.062,0.778,0.532
5168,44.560479,6.034,4.608,0.073,0.827,0.526
5169,44.568991,5.917,4.607,0.064,0.696,0.55
5170,44.577362,5.921,4.588,0.072,0.679,0.582
5171,44.585468,6.138,4.612,0.059,0.884,0.583
5172,44.593792,6.071,4.568,0.066,0.939,0.498
5173,44.60244,5.948,4.63,0.057,0.679,0.582
5174,44.610748,5.866,4.586,0.045,0.747,0.488
5175,44.619306,6.113,4.603,0.068,0.81,0.632
5176,44.627699,5.972,4.63,0.072,0.743,0.527
5177,44.636376,6.028,4.619,0.06,0.697,0.652
5178,44.64387,6.751,4.586,0.051,1.573,0.541
5179,44.652499,6.448,4.656,0.079,1.204,0.509
5180,44.660862,6.502,4.588,0.049,1.241,0.624
5181,44.669319,6.284,4.598,0.084,1.112,0.49
5182,44.67896,5.716,4.572,0.075,0.762,0.307
5183,44.687647,5.83,4.631,0.059,0.841,0.299
5184,44.695817,5.918,4.581,0.055,1.05,0.232
5185,44.704193,5.858,4.654,0.058,0.936,0.21
5186,44.712971,5.534,4.621,0.068,0.645,0.2
5187,44.720748,6.096,4.593,0.057,1.229,0.217
5188,44.729345,5.858,4.634,0.064,0.928,0.232
5189,44.739819,6.086,4.596,0.046,1.222,0.222
5190,44.748013,6.231,4.631,0.081,1.323,0.196
5191,44.756285,6.342,4.626,0.113,1.364,0.239
5192,44.764527,6.403,4.628,0.097,1.476,0.202
5193,44.772728,6.519,4.615,0.084,1.622,0.198
5194,44.781064,6.521,4.616,0.069,1.622,0.214
5195,44.789973,5.914,4.63,0.09,1.028,0.166
5196,44.800187,5.575,4.633,0.053,0.683,0.206
5197,44.810143,5.555,4.627,0.071,0.674,0.183
5198,44.818552,5.663,4.546,0.069,0.865,0.183
5199,44.826938,5.703,4.516,0.064,0.841,0.282
5200,44.835039,5.899,4.49,0.064,1.102,0.243
5201,44.843464,6.083,4.548,0.056,1.263,0.216
5202,44.851962,5.939,4.505,0.059,1.137,0.238
5203,44.860603,5.617,4.528,0.067,0.808,0.214
5204,44.869004,5.576,4.517,0.07,0.773,0.216
5205,44.877067,5.873,4.5,0.081,1.056,0.236
5206,44.885565,5.678,4.569,0.068,0.823,0.218
5207,44.893657,5.913,4.566,0.069,1.065,0.213
5208,44.902208,5.715,4.561,0.06,0.854,0.24
5209,44.910553,5.679,4.547,0.069,0.861,0.202
5210,44.920647,5.646,4.598,0.061,0.745,0.242
5211,44.929123,5.872,4.53,0.072,1.032,0.238
5212,44.937785,5.541,4.525,0.051,0.712,0.253
5213,44.945583,6.055,4.533,0.062,1.244,0.216
5214,44.954382,5.795,4.622,0.057,0.849,0.267
5215,44.962358,6.116,4.627,0.057,1.198,0.234
5216,44.971105,5.764,4.642,0.087,0.804,0.231
5217,44.979669,5.727,4.643,0.05,0.787,0.247
5218,44.989735,5.817,4.611,0.268,0.723,0.215
5219,44.99782,6.061,4.607,0.052,1.157,0.245
5220,45.006233,5.978,4.629,0.063,1.058,0.228
5221,45.014781,5.742,4.586,0.041,0.886,0.229
5222,45.022713,6.175,4.614,0.048,1.26,0.253
5223,45.031072,6.119,4.63,0.078,1.22,0.191
5224,45.039415,6.133,4.638,0.056,1.204,0.235
5225,45.048303,5.899,4.649,0.102,0.909,0.239
5226,45.058063,5.743,4.633,0.072,0.826,0.212
5227,45.068523,5.621,4.638,0.063,0.71,0.21
5228,45.076746,5.776,4.601,0.046,0.859,0.27
5229,45.085079,5.747,4.624,0.061,0.834,0.228
5230,45.093456,5.691,4.622,0.062,0.794,0.213
5231,45.101829,5.662,4.513,0.099,0.863,0.187
5232,45.110267,5.548,4.518,0.07,0.754,0.206
5233,45.118861,5.46,4.522,0.086,0.675,0.177
5234,45.126852,5.808,4.521,0.068,1.02,0.199
5235,45.1357,5.387,4.524,0.061,0.593,0.209
5236,45.143821,5.572,4.521,0.047,0.803,0.201
5237,45.151739,5.994,4.533,0.077,1.208,0.176
5238,45.160309,5.827,4.534,0.071,0.966,0.256
5239,45.171117,5.669,4.635,0.09,0.776,0.168
5240,45.178995,6.165,4.505,0.048,1.364,0.248
5241,45.187552,5.933,4.529,0.069,1.118,0.217
5242,45.195464,6.339,4.509,0.059,1.554,0.217
5243,45.204233,5.901,4.537,0.061,1.089,0.214
5244,45.212779,5.68,4.523,0.047,0.891,0.219
5245,45.220671,6.137,4.529,0.076,1.327,0.205
5246,45.229746,5.477,4.526,0.044,0.657,0.25
5247,45.239841,5.565,4.606,0.035,0.675,0.249
5248,45.247872,5.859,4.515,0.044,1.07,0.23
5249,45.2563,5.786,4.647,0.052,0.844,0.243
5250,45.264201,6.209,4.631,0.067,1.291,0.22
5251,45.27258,6.197,4.622,0.055,1.255,0.265
5252,45.281214,5.864,4.646,0.068,0.932,0.218
5253,45.289532,5.861,4.645,0.066,0.949,0.201
5254,45.29833,5.693,4.595,0.068,0.801,0.229
5255,45.308324,5.721,4.64,0.055,0.793,0.233
5256,45.318667,5.731,4.63,0.097,0.813,0.191
5257,45.326844,5.928,4.606,0.056,1.014,0.252
5258,45.335107,5.983,4.611,0.078,1.081,0.213
5259,45.34346,5.945,4.686,0.058,0.986,0.215
5260,45.351663,6.077,4.722,0.085,1.049,0.221
5261,45.360309,6.254,4.673,0.081,1.287,0.213
5262,45.368861,6.055,4.624,0.091,1.106,0.234
5263,45.3771,6.115,4.64,0.074,1.193,0.208
5264,45.385612,5.909,4.617,0.084,1.028,0.18
5265,45.393809,6.086,4.605,0.06,1.18,0.241
5266,45.401859,6.361,4.498,0.063,1.575,0.225
5267,45.410404,6.139,4.521,0.075,1.337,0.206
5268,45.419009,5.862,4.505,0.086,1.08,0.191
5269,45.428932,5.683,4.624,0.054,0.789,0.216
5270,45.43753,5.609,4.51,0.074,0.831,0.194
5271,45.445863,5.586,4.519,0.06,0.82,0.187
5272,45.453916,5.867,4.523,0.057,1.097,0.19
5273,45.462516,5.614,4.539,0.081,0.828,0.166
5274,45.470673,5.818,4.546,0.085,0.996,0.191
5275,45.479613,5.701,4.542,0.081,0.888,0.19
5276,45.48985,5.672,4.616,0.069,0.792,0.195
5277,45.497819,6.095,4.52,0.057,1.251,0.267
5278,45.50614,6.049,4.528,0.068,1.258,0.195
5279,45.514621,5.895,4.52,0.079,1.077,0.219
5280,45.52267,6.168,4.53,0.091,1.391,0.156
5281,45.531149,6.03,4.55,0.067,1.229,0.184
5282,45.542108,5.802,4.657,0.086,0.745,0.314
5283,45.551711,5.607,4.601,0.077,0.705,0.224
5284,45.560322,5.776,4.625,0.099,0.864,0.188
5285,45.568673,5.781,4.61,0.07,0.884,0.217
5286,45.576857,5.948,4.608,0.138,0.976,0.226
5287,45.58505,6.065,4.642,0.087,1.146,0.19
5288,45.593448,5.982,4.644,0.108,1.035,0.195
5289,45.602205,5.828,4.604,0.081,0.929,0.214
5290,45.610367,6.016,4.606,0.109,1.065,0.236
5291,45.618761,5.934,4.603,0.067,1.039,0.225
5292,45.626806,6.202,4.602,0.067,1.329,0.204
5293,45.635781,5.743,4.602,0.064,0.865,0.212
5294,45.643975,5.862,4.626,0.077,0.977,0.182
5295,45.652084,6.106,4.633,0.082,1.197,0.194
5296,45.660482,6.008,4.674,0.095,1.076,0.163
5297,45.671033,5.846,4.65,0.088,0.902,0.206
5298,45.678953,6.248,4.632,0.083,1.345,0.188
5299,45.68765,5.903,4.609,0.062,1.01,0.222
5300,45.695877,5.965,4.628,0.084,1.092,0.161
5301,45.70395,6.212,4.506,0.06,1.475,0.171
5302,45.713324,6.489,4.485,0.093,0.994,0.917
5303,45.72121,6.869,4.522,0.097,1.401,0.849
5304,45.729872,6.564,4.481,0.072,1.134,0.877
5305,45.740313,6.603,4.631,0.081,1.003,0.888
5306,45.74808,7.067,4.486,0.084,1.719,0.778
5307,45.756719,6.812,4.506,0.085,1.382,0.839
5308,45.764912,7.035,4.518,0.068,1.527,0.922
5309,45.773508,6.762,4.51,0.066,1.272,0.914
5310,45.781803,6.645,4.51,0.079,1.298,0.758
5311,45.790306,6.53,4.478,0.082,1.166,0.804
5312,45.800751,6.345,4.589,0.07,0.922,0.764
5313,45.810737,6.367,4.578,0.086,0.92,0.783
5314,45.818909,6.424,4.483,0.072,1.183,0.686
5315,45.827461,6.344,4.517,0.08,0.933,0.814
5316,45.835504,6.581,4.49,0.086,1.245,0.76
5317,45.844099,6.339,4.524,0.076,0.952,0.787
5318,45.8523,6.521,4.59,0.077,1.02,0.834
5319,45.860868,6.347,4.575,0.092,0.954,0.726
5320,45.86981,6.781,4.59,0.104,1.191,0.896
5321,45.877639,7.332,4.667,0.071,1.649,0.945
5322,45.885991,7.145,4.615,0.094,1.668,0.768
5323,45.89413,7.358,4.621,0.084,1.868,0.785
5324,45.9027,7.124,4.59,0.07,1.663,0.801
5325,45.910975,7.234,4.602,0.103,1.684,0.845
5326,45.919642,6.859,4.622,0.066,1.357,0.814
5327,45.929574,6.443,4.586,0.095,0.945,0.817
5328,45.93777,6.61,4.581,0.067,1.111,0.851
5329,45.946339,6.495,4.579,0.09,1.027,0.799
5330,45.954745,6.401,4.584,0.07,0.98,0.767
5331,45.963455,6.594,4.612,0.077,1.006,0.899
5332,45.971487,6.811,4.617,0.087,1.291,0.816
5333,45.982031,6.496,4.622,0.089,1.012,0.773
5334,45.989845,7.043,4.668,0.095,1.473,0.807
5335,45.998465,6.799,4.503,0.083,1.363,0.85
5336,46.006595,6.799,4.528,0.103,1.487,0.681
5337,46.01448,7.02,4.492,0.079,2.032,0.417
5338,46.023148,6.909,4.513,0.072,1.678,0.646
5339,46.031598,6.74,4.532,0.079,1.538,0.591
5340,46.040367,6.294,4.522,0.068,1.12,0.584
5341,46.050305,5.908,4.59,0.078,0.588,0.652
5342,46.05849,5.962,4.511,0.072,0.805,0.574
5343,46.066855,5.975,4.488,0.079,0.805,0.603
5344,46.075096,6.029,4.526,0.101,0.844,0.558
5345,46.083415,6.11,4.533,0.072,0.867,0.638
5346,46.092142,5.742,4.535,0.089,0.567,0.551
5347,46.100276,5.987,4.501,0.07,0.789,0.627
5348,46.11085,5.952,4.592,0.1,0.718,0.542
5349,46.118965,6.171,4.497,0.073,1.049,0.552
5350,46.127517,6.131,4.527,0.077,0.803,0.724
5351,46.136272,6.065,4.491,0.068,0.773,0.733
5352,46.14382,6.7,4.479,0.058,1.572,0.591
5353,46.152404,6.53,4.593,0.081,1.21,0.646
5354,46.160519,6.669,4.627,0.095,1.387,0.56
5355,46.169376,6.149,4.577,0.069,0.92,0.583
5356,46.179275,6.06,4.625,0.061,0.797,0.577
5357,46.187918,6.048,4.568,0.072,0.667,0.741
5358,46.196766,5.836,4.568,0.055,0.64,0.573
5359,46.204457,6.56,4.583,0.082,1.265,0.63
5360,46.212947,6.412,4.583,0.092,1.105,0.632
5361,46.221275,6.512,4.587,0.075,1.111,0.739
5362,46.22966,6.323,4.587,0.078,1.062,0.596
5363,46.240247,6.022,4.618,0.073,0.633,0.698
5364,46.25032,6.02,4.613,0.094,0.65,0.663
5365,46.258883,6.193,4.627,0.077,0.805,0.684
5366,46.266797,6.485,4.601,0.062,1.246,0.576
5367,46.275254,6.474,4.585,0.064,1.142,0.683
5368,46.283499,6.457,4.577,0.081,1.241,0.558
5369,46.292086,6.264,4.575,0.075,0.988,0.626
5370,46.300356,6.289,4.605,0.082,1.02,0.582
5371,46.308719,6.272,4.573,0.072,1.026,0.601
5372,46.316713,6.557,4.599,0.062,1.339,0.557
5373,46.325366,6.376,4.592,0.081,1.03,0.673
5374,46.333387,6.551,4.62,0.084,1.309,0.538
5375,46.342242,6.184,4.601,0.093,0.788,0.702
5376,46.352493,6.152,4.587,0.084,0.823,0.658
5377,46.360611,6.38,4.591,0.068,1.043,0.678
5378,46.369182,6.092,4.609,0.078,0.785,0.62
5379,46.377537,6.059,4.644,0.097,0.711,0.607
5380,46.385919,6.036,4.587,0.068,0.742,0.639
5381,46.393861,6.448,4.597,0.038,1.124,0.689
5382,46.402691,6.044,4.584,0.059,0.77,0.631
5383,46.410756,6.323,4.593,0.052,1.03,0.648
5384,46.421456,5.915,4.588,0.071,0.634,0.622
5385,46.429964,5.972,4.629,0.073,0.636,0.634
5386,46.437969,6.213,4.623,0.077,0.972,0.541
5387,46.445947,6.702,4.598,0.044,1.356,0.704
5388,46.45417,6.651,4.691,0.081,1.37,0.509
5389,46.463111,6.181,4.61,0.072,0.845,0.654
5390,46.471173,6.409,4.646,0.089,1.076,0.598
5391,46.479706,6.196,4.59,0.081,0.934,0.591
5392,46.489921,5.87,4.583,0.076,0.646,0.565
5393,46.500292,6.175,4.597,0.067,0.866,0.645
5394,46.508577,6.195,4.626,0.086,0.886,0.597
5395,46.516926,6.221,4.657,0.06,0.843,0.661
5396,46.525311,6.102,4.583,0.119,0.821,0.579
5397,46.533572,6.268,4.622,0.08,0.898,0.668
5398,46.542236,6.255,4.642,0.068,0.899,0.646
5399,46.550349,6.505,4.618,0.077,1.145,0.665
5400,46.55847,6.688,4.632,0.074,1.34,0.642
5401,46.567121,6.401,4.591,0.064,1.067,0.679
5402,46.575383,6.414,4.638,0.085,1.092,0.599
5403,46.583578,6.587,4.63,0.077,1.236,0.644
5404,46.592128,6.336,4.616,0.06,1.038,0.622
5405,46.600358,6.45,4.528,0.124,1.195,0.603
5406,46.611011,5.883,4.642,0.076,0.606,0.559
5407,46.619098,6.21,4.544,0.075,0.949,0.642
5408,46.62756,6.098,4.504,0.067,0.863,0.664
5409,46.635825,6.222,4.492,0.048,0.945,0.737
5410,46.643976,6.307,4.498,0.063,1.122,0.624
5411,46.652613,6.033,4.541,0.088,0.776,0.628
5412,46.660617,6.275,4.546,0.087,1.103,0.539
5413,46.669418,5.907,4.493,0.056,0.686,0.672
5414,46.679389,5.968,4.623,0.057,0.679,0.609
5415,46.68794,5.787,4.5,0.049,0.581,0.657
5416,46.697011,5.69,4.488,0.071,0.536,0.595
5417,46.704458,6.648,4.511,0.064,1.401,0.672
5418,46.712919,6.411,4.495,0.052,1.285,0.579
5419,46.7211,6.642,4.54,0.067,1.396,0.639
5420,46.729427,6.552,4.544,0.076,1.396,0.536
5421,46.739584,5.997,4.634,0.09,0.685,0.588
5422,46.748357,5.765,4.519,0.081,0.576,0.589
5423,46.756605,5.903,4.607,0.076,0.575,0.645
5424,46.764719,5.999,4.57,0.046,0.828,0.555
5425,46.773308,6.032,4.614,0.07,0.69,0.658
5426,46.781765,5.788,4.592,0.051,0.589,0.556
5427,46.790567,5.849,4.629,0.083,0.549,0.588
5428,46.799996,6.026,4.617,0.061,0.775,0.573
5429,46.809034,5.924,4.626,0.082,0.533,0.683
5430,46.816912,6.283,4.586,0.075,1.027,0.595
5431,46.82508,6.459,4.629,0.079,1.153,0.598
5432,46.833484,6.369,4.62,0.076,1.088,0.585
5433,46.842194,6.037,4.613,0.068,0.722,0.634
5434,46.850069,6.487,4.612,0.073,1.179,0.623
5435,46.860957,6.177,4.59,0.069,0.65,0.868
5436,46.869384,5.843,4.613,0.056,0.532,0.642
5437,46.877375,6.169,4.595,0.072,0.896,0.606
5438,46.885896,5.958,4.595,0.075,0.703,0.585
5439,46.893955,6.292,4.611,0.044,0.967,0.67
5440,46.902495,5.986,4.617,0.084,0.752,0.533
5441,46.910494,6.335,4.625,0.077,1.083,0.55
5442,46.919402,6.297,4.653,0.071,0.812,0.761
5443,46.93019,6.134,4.606,0.062,0.758,0.708
5444,46.939753,5.866,4.593,0.064,0.603,0.606
5445,46.948233,6.206,4.628,0.074,0.834,0.67
5446,46.956313,6.443,4.621,0.074,1.097,0.651
5447,46.96487,6.293,4.58,0.287,0.865,0.561
5448,46.972994,6.595,4.625,0.139,1.18,0.651
5449,46.981651,6.682,4.65,0.156,1.135,0.741
5450,46.989715,7.07,4.587,0.163,1.467,0.853
5451,46.998417,6.538,4.644,0.151,1.051,0.692
5452,47.006436,6.852,4.663,0.163,1.312,0.714
5453,47.014879,6.691,4.581,0.141,1.329,0.64
5454,47.023865,6.211,4.616,0.123,0.855,0.617
5455,47.031486,6.97,4.646,0.162,1.498,0.664
5456,47.0424,6.439,4.608,0.104,0.812,0.915
5457,47.049957,6.809,4.588,0.153,1.549,0.519
5458,47.058574,6.484,4.682,0.131,1.19,0.481
5459,47.067168,6.787,4.627,0.175,1.139,0.846
5460,47.07525,6.979,4.577,0.179,1.422,0.801
5461,47.083496,6.945,4.656,0.147,1.47,0.672
5462,47.092038,6.762,4.641,0.124,1.294,0.703
5463,47.10123,6.311,4.562,0.16,0.854,0.735
5464,47.110533,6.228,4.598,0.12,0.782,0.728
5465,47.118797,6.196,4.607,0.208,0.983,0.398
5466,47.1271,6.279,4.641,0.201,0.983,0.454
5467,47.135586,6.145,4.573,0.156,0.953,0.463
5468,47.143628,6.442,4.616,0.223,1.137,0.466
5469,47.152353,6.569,4.66,0.289,1.023,0.597
5470,47.160772,6.714,4.619,0.141,1.131,0.823
5471,47.171088,6.509,4.658,0.227,0.89,0.734
5472,47.179698,6.68,4.614,0.248,1.173,0.645
5473,47.187636,6.936,4.565,0.144,1.734,0.493
5474,47.196033,6.972,4.65,0.124,1.602,0.596
5475,47.204568,6.627,4.529,0.167,1.475,0.456
5476,47.212579,6.937,4.546,0.149,1.805,0.437
5477,47.22115,6.699,4.621,0.229,1.385,0.464
5478,47.229445,6.712,4.513,0.223,1.525,0.451
5479,47.240835,6.705,4.582,0.361,0.781,0.981
5480,47.2481,7.251,4.528,0.109,2.158,0.456
5481,47.256975,6.803,4.494,0.153,1.611,0.545
5482,47.264892,7.006,4.515,0.169,1.97,0.352
5483,47.272655,7.472,4.531,0.1,2.591,0.25
5484,47.281383,7.155,4.512,0.13,2.195,0.318
5485,47.292055,6.149,4.616,0.155,0.861,0.517
5486,47.300637,6.536,4.534,0.182,0.857,0.963
5487,47.308814,6.568,4.516,0.156,1.166,0.73
5488,47.31683,7.081,4.589,0.169,1.39,0.933
5489,47.325397,6.607,4.526,0.155,1.241,0.685
5490,47.333803,6.601,4.483,0.083,1.271,0.764
5491,47.341933,6.733,4.491,0.164,1.4,0.678
5492,47.350932,6.429,4.622,0.148,0.896,0.763
5493,47.360762,6.281,4.584,0.129,0.901,0.667
5494,47.369367,6.36,4.653,0.134,0.875,0.698
5495,47.377399,6.584,4.634,0.144,1.184,0.622
5496,47.385915,6.48,4.587,0.15,1.042,0.701
5497,47.393813,6.889,4.589,0.148,1.48,0.672
5498,47.402635,6.457,4.636,0.122,0.969,0.73
5499,47.410651,6.632,4.621,0.125,1.296,0.59
5500,47.420898,5.741,4.546,0.065,0.704,0.426
5501,47.428108,7.084,4.641,0.12,1.735,0.588
5502,47.437906,6.31,4.588,0.14,0.868,0.714
5503,47.44646,6.324,4.639,0.189,0.865,0.631
5504,47.454452,6.761,4.6,0.126,1.314,0.721
5505,47.462612,6.803,4.655,0.123,1.43,0.595
5506,47.471135,6.669,4.625,0.109,1.283,0.652
5507,47.479628,6.404,4.622,0.121,1.116,0.545
5508,47.490158,6.362,4.622,0.165,0.834,0.741
5509,47.497877,6.833,4.602,0.129,1.517,0.585
5510,47.506743,6.361,4.583,0.124,1.02,0.634
5511,47.51472,6.648,4.59,0.132,1.356,0.57
5512,47.523435,6.37,4.651,0.121,0.923,0.675
5513,47.531513,6.486,4.631,0.155,1.168,0.532
5514,47.540376,6.406,4.626,0.127,0.846,0.807
5515,47.550593,6.291,4.642,0.122,0.898,0.629
5516,47.560614,6.25,4.624,0.128,0.852,0.646
5517,47.569058,6.157,4.647,0.116,0.803,0.591
5518,47.577342,6.279,4.641,0.118,0.857,0.663
5519,47.585607,6.249,4.637,0.179,0.876,0.557
5520,47.594252,6.432,4.593,0.135,0.888,0.816
5521,47.602281,6.566,4.601,0.134,1.198,0.633
5522,47.610989,6.455,4.628,0.119,1.018,0.69
5523,47.618843,6.853,4.609,0.14,1.499,0.605
5524,47.627679,6.593,4.587,0.166,0.999,0.841
5525,47.63567,6.721,4.613,0.191,1.284,0.633
5526,47.644318,6.485,4.61,0.148,1.004,0.723
5527,47.652261,6.849,4.509,0.121,1.527,0.692
5528,47.661252,6.18,4.502,0.118,0.871,0.689
5529,47.669243,6.476,4.483,0.116,1.234,0.643
5530,47.679699,6.067,4.585,0.114,0.737,0.631
5531,47.687696,6.383,4.54,0.204,1.039,0.6
5532,47.696423,6.262,4.519,0.15,0.778,0.815
5533,47.704205,6.599,4.532,0.123,1.329,0.615
5534,47.712684,6.227,4.552,0.12,1.164,0.391
5535,47.720868,6.631,4.511,0.135,1.353,0.632
5536,47.729785,6.379,4.5,0.157,0.816,0.906
5537,47.739977,6.414,4.621,0.199,0.848,0.746
5538,47.748432,6.404,4.532,0.122,0.881,0.869
5539,47.756498,6.51,4.546,0.149,1.137,0.678
5540,47.766018,6.197,4.476,0.139,0.754,0.828
5541,47.77327,7.131,4.501,0.129,1.807,0.694
5542,47.781645,7.13,4.556,0.126,1.707,0.741
5543,47.792412,6.129,4.614,0.094,0.659,0.762
5544,47.802527,6.428,4.612,0.173,0.892,0.751
5545,47.810878,6.363,4.592,0.15,0.918,0.703
5546,47.819062,6.513,4.62,0.126,1.059,0.708
5547,47.827386,6.522,4.677,0.15,0.972,0.723
5548,47.835701,6.538,4.58,0.227,1.022,0.709
5549,47.843994,6.802,4.608,0.203,1.17,0.821
5550,47.852755,6.713,4.594,0.213,1.031,0.875
5551,47.860786,6.955,4.613,0.214,1.314,0.814
5552,47.869594,6.705,4.626,0.19,1.057,0.832
5553,47.877463,7.126,4.592,0.214,1.532,0.788
5554,47.885924,6.972,4.587,0.216,1.409,0.76
5555,47.894415,6.816,4.608,0.224,1.222,0.762
5556,47.902682,6.88,4.597,0.135,1.382,0.766
5557,47.911382,6.478,4.619,0.112,0.998,0.749
5558,47.919367,6.807,4.654,0.16,1.291,0.702
5559,47.929265,6.232,4.617,0.133,0.871,0.611
5560,47.937646,6.307,4.624,0.173,0.856,0.654
5561,47.94627,6.194,4.611,0.145,0.746,0.692
5562,47.95426,6.548,4.506,0.112,1.202,0.728
5563,47.962882,6.171,4.51,0.133,0.908,0.62
5564,47.971453,6.494,4.504,0.146,1.093,0.751
5565,47.979678,6.607,4.539,0.144,1.163,0.761
5566,47.990095,6.447,4.658,0.202,0.803,0.784
5567,47.998597,6.565,4.515,0.149,1.067,0.834
5568,48.006866,6.663,4.498,0.162,1.13,0.873
5569,48.015309,6.41,4.516,0.124,1.027,0.743
5570,48.02347,6.559,4.509,0.129,1.208,0.713
5571,48.031493,6.82,4.539,0.133,1.488,0.66
5572,48.039892,6.821,4.494,0.211,1.397,0.719
5573,48.050547,6.484,4.607,0.188,0.811,0.878
5574,48.058787,6.405,4.49,0.135,1.066,0.714
5575,48.067165,6.398,4.552,0.111,1.03,0.705
5576,48.075578,6.444,4.547,0.158,0.93,0.809
5577,48.083778,6.391,4.497,0.108,1.134,0.652
5578,48.092121,6.442,4.541,0.186,1.029,0.686
5579,48.100666,6.271,4.541,0.129,0.873,0.728
5580,48.110517,6.341,4.642,0.142,0.874,0.683
5581,48.119306,6.401,4.59,0.115,1.028,0.668
5582,48.127376,6.876,4.643,0.175,1.2,0.858
5583,48.135796,6.635,4.582,0.116,1.225,0.712
5584,48.144886,6.599,4.587,0.193,1.083,0.736
5585,48.152723,7.22,4.596,0.15,1.619,0.855
5586,48.161569,6.683,4.614,0.109,1.111,0.849
5587,48.169297,7.138,4.629,0.126,1.696,0.687
5588,48.179772,6.386,4.622,0.15,0.942,0.672
5589,48.188053,6.471,4.614,0.152,1.016,0.689
5590,48.196077,6.92,4.653,0.205,1.231,0.831
5591,48.20458,6.601,4.613,0.124,1.178,0.686
5592,48.212786,6.802,4.595,0.134,1.322,0.751
5593,48.221138,6.682,4.624,0.118,1.273,0.667
5594,48.231517,6.385,4.621,0.146,0.878,0.74
5595,48.239832,6.256,4.59,0.182,0.888,0.596
5596,48.248533,6.395,4.6,0.212,0.762,0.821
5597,48.256544,6.605,4.54,0.17,1.186,0.709
5598,48.265211,6.325,4.506,0.174,0.884,0.761
5599,48.273105,6.657,4.568,0.15,1.266,0.673
5600,48.281808,6.411,4.501,0.194,0.935,0.781
5601,48.29045,6.274,4.491,0.194,0.782,0.807
5602,48.300404,6.866,4.63,0.23,1.177,0.829
5603,48.308873,6.661,4.522,0.201,1.173,0.765
5604,48.317317,6.536,4.492,0.182,1.12,0.742
5605,48.325299,6.779,4.526,0.15,1.463,0.64
5606,48.333697,6.79,4.532,0.209,1.333,0.716
5607,48.342261,6.589,4.539,0.195,1.098,0.757
5608,48.350761,6.554,4.512,0.212,0.949,0.881
5609,48.361008,6.257,4.641,0.141,0.738,0.737
5610,48.369209,6.504,4.515,0.15,1.093,0.746
5611,48.377848,6.44,4.484,0.151,1.02,0.785
5612,48.385784,6.892,4.482,0.093,1.422,0.895
5613,48.394485,6.409,4.512,0.137,1.03,0.73
5614,48.402422,6.859,4.631,0.145,1.298,0.785
5615,48.410613,6.884,4.614,0.118,1.464,0.688
5616,48.419507,6.454,4.601,0.084,0.916,0.853
5617,48.429298,6.322,4.616,0.133,0.836,0.737
5618,48.437713,6.377,4.607,0.133,1.038,0.599
5619,48.446475,6.635,4.625,0.178,1.049,0.783
5620,48.454605,6.951,4.695,0.18,1.178,0.898
5621,48.463271,6.608,4.555,0.139,1.027,0.887
5622,48.471681,6.328,4.591,0.156,0.898,0.683
5623,48.48146,6.329,4.617,0.147,0.829,0.736
5624,48.490201,6.361,4.605,0.136,0.82,0.8
5625,48.498553,6.255,4.614,0.139,0.835,0.667
5626,48.506634,6.565,4.61,0.122,1.091,0.742
5627,48.515113,6.374,4.623,0.108,0.935,0.708
5628,48.523312,6.556,4.626,0.131,1.065,0.734
5629,48.531684,6.45,4.617,0.065,1.036,0.732
5630,48.541881,6.229,4.577,0.134,0.839,0.679
5631,48.550526,6.739,4.621,0.174,1.146,0.798
5632,48.558509,7.103,4.507,0.162,1.576,0.858
5633,48.567361,6.556,4.485,0.134,1.144,0.793
5634,48.575356,6.768,4.526,0.13,1.44,0.672
5635,48.583572,6.823,4.553,0.217,1.453,0.6
5636,48.592045,6.648,4.518,0.068,1.425,0.637
5637,48.600401,6.862,4.525,0.045,1.394,0.898
5638,48.608994,6.653,4.487,0.085,1.179,0.902
5639,48.619437,6.361,4.62,0.081,0.803,0.857
5640,48.629434,6.27,4.618,0.073,0.778,0.801
5641,48.637626,6.279,4.533,0.062,1.001,0.683
5642,48.646139,6.178,4.538,0.068,0.825,0.747
5643,48.65449,6.231,4.505,0.069,0.838,0.819
5644,48.662756,6.259,4.493,0.046,0.922,0.798
5645,48.671306,5.981,4.524,0.066,0.69,0.701
5646,48.679419,6.131,4.498,0.087,0.92,0.626
5647,48.687454,6.123,4.551,0.067,1.18,0.325
5648,48.695948,6.319,4.552,0.083,1.021,0.663
5649,48.704392,6.347,4.504,0.058,0.968,0.817
5650,48.712865,6.085,4.641,0.077,0.806,0.561
5651,48.72113,6.253,4.625,0.075,0.889,0.664
5652,48.729509,6.118,4.626,0.074,0.845,0.573
5653,48.740151,6.106,4.651,0.075,0.758,0.622
5654,48.747861,6.767,4.592,0.064,1.441,0.67
5655,48.756651,6.409,4.607,0.064,0.971,0.767
5656,48.765039,6.284,4.626,0.094,0.886,0.678
5657,48.773291,6.416,4.591,0.072,1.015,0.738
5658,48.781546,6.385,4.657,0.079,1.026,0.623
5659,48.79199,6.021,4.623,0.074,0.573,0.751
5660,48.800888,6.205,4.646,0.084,0.806,0.669
5661,48.808495,6.955,4.641,0.082,1.535,0.697
5662,48.816914,6.804,4.671,0.081,1.418,0.634
5663,48.8255,6.633,4.624,0.126,1.208,0.675
5664,48.833261,6.85,4.628,0.086,1.784,0.352
5665,48.841902,6.834,4.621,0.085,1.489,0.639
5666,48.850476,6.566,4.664,0.097,1.204,0.601
5667,48.860567,6.111,4.635,0.069,0.571,0.836
5668,48.86906,5.991,4.661,0.085,0.668,0.577
5669,48.877502,6.195,4.611,0.089,0.8,0.695
5670,48.885429,6.512,4.629,0.091,1.198,0.594
5671,48.894363,6.164,4.588,0.057,0.803,0.716
5672,48.902541,6.212,4.647,0.078,0.9,0.587
5673,48.910939,6.307,4.633,0.062,0.853,0.759
5674,48.919076,6.338,4.629,0.096,1.056,0.557
5675,48.929587,6.153,4.632,0.072,0.802,0.647
5676,48.937432,6.568,4.663,0.095,1.267,0.543
5677,48.94622,6.293,4.58,0.07,0.894,0.749
5678,48.954589,6.238,4.611,0.078,0.828,0.721
5679,48.962698,6.427,4.577,0.06,1.091,0.699
5680,48.971243,6.225,4.615,0.091,0.836,0.683
5681,48.979528,6.231,4.628,0.129,0.84,0.634
5682,48.990298,6.036,4.618,0.086,0.662,0.67
5683,48.99826,6.411,4.622,0.077,1.039,0.673
5684,49.006448,6.627,4.631,0.094,1.164,0.738
5685,49.014863,6.475,4.59,0.06,1.135,0.69
5686,49.023428,6.234,4.648,0.095,0.835,0.656
5687,49.031458,6.616,4.616,0.071,1.175,0.754
5688,49.041893,6.145,4.599,0.08,0.825,0.641
5689,49.052278,6.319,4.588,0.07,0.869,0.792
5690,49.060557,6.272,4.641,0.065,0.878,0.688
5691,49.068983,6.177,4.6,0.06,0.825,0.692
5692,49.077222,6.327,4.627,0.079,0.889,0.732
5693,49.085469,6.351,4.619,0.063,0.987,0.682
5694,49.093788,6.335,4.596,0.077,1.025,0.637
5695,49.102292,6.323,4.625,0.086,0.852,0.76
5696,49.110996,6.091,4.592,0.084,0.677,0.738
5697,49.119326,6.014,4.62,0.096,0.64,0.658
5698,49.127688,5.934,4.649,0.068,0.614,0.603
5699,49.135736,6.298,4.574,0.075,0.974,0.675
5700,49.144286,6.118,4.606,0.083,0.816,0.613
5701,49.152311,6.557,4.641,0.095,1.094,0.727
5702,49.160667,6.457,4.593,0.065,1.127,0.672
5703,49.170904,6.141,4.603,0.086,0.821,0.631
5704,49.17953,5.842,4.631,0.087,0.574,0.55
5705,49.187398,6.447,4.625,0.081,1.059,0.682
5706,49.19613,6.01,4.633,0.074,0.652,0.651
5707,49.204772,5.93,4.584,0.089,0.662,0.595
5708,49.213102,6.102,4.606,0.066,0.744,0.686
5709,49.221579,6.024,4.653,0.067,0.636,0.668
5710,49.229642,6.195,4.624,0.059,0.941,0.571
5711,49.239975,5.971,4.615,0.087,0.62,0.649
5712,49.247976,6.185,4.624,0.059,0.946,0.556
5713,49.256673,6.073,4.583,0.066,0.791,0.633
5714,49.264993,6.172,4.632,0.094,0.748,0.698
5715,49.273125,6.244,4.623,0.078,0.967,0.576
5716,49.281863,5.911,4.595,0.076,0.634,0.606
5717,49.290109,6.033,4.585,0.078,0.73,0.64
5718,49.30031,5.993,4.611,0.079,0.631,0.672
5719,49.310564,5.926,4.624,0.067,0.557,0.678
5720,49.318966,5.897,4.615,0.074,0.629,0.579
5721,49.327032,6.262,4.624,0.071,0.889,0.678
5722,49.335439,6.125,4.625,0.076,0.81,0.614
5723,49.344139,6.189,4.63,0.071,0.795,0.693
5724,49.352022,6.517,4.633,0.064,1.245,0.575
5725,49.360979,6.058,4.624,0.083,0.628,0.723
5726,49.369124,6.127,4.616,0.084,0.82,0.607
5727,49.377839,6.124,4.6,0.066,0.686,0.772
5728,49.385788,6.312,4.595,0.061,1.07,0.586
5729,49.393887,6.66,4.633,0.08,1.269,0.678
5730,49.402557,6.221,4.59,0.065,0.974,0.592
5731,49.410849,6.447,4.583,0.085,1.022,0.757
5732,49.419097,6.375,4.598,0.061,1.094,0.622
5733,49.429432,6.131,4.611,0.077,0.622,0.821
5734,49.437688,5.919,4.599,0.063,0.704,0.553
5735,49.446309,5.977,4.606,0.077,0.579,0.715
5736,49.454544,6.165,4.589,0.099,0.825,0.652
5737,49.462874,6.335,4.59,0.093,0.846,0.806
5738,49.471362,5.995,4.584,0.076,0.711,0.624
5739,49.481546,5.97,4.631,0.059,0.574,0.706
5740,49.489669,6.12,4.59,0.067,0.826,0.637
5741,49.498231,6.01,4.611,0.081,0.638,0.68
5742,49.506547,5.92,4.644,0.063,0.621,0.592
5743,49.515563,5.979,4.574,0.054,0.608,0.743
5744,49.523235,6.61,4.62,0.073,1.229,0.688
5745,49.531864,6.263,4.586,0.069,0.966,0.642
5746,49.541867,5.901,4.586,0.082,0.642,0.591
5747,49.552238,6.024,4.607,0.076,0.613,0.728
5748,49.560592,6.161,4.631,0.067,0.85,0.613
5749,49.568941,6.184,4.629,0.082,0.841,0.632
5750,49.57722,6.236,4.632,0.075,0.888,0.641
5751,49.585462,6.304,4.62,0.08,0.992,0.612
5752,49.594099,6.116,4.624,0.074,0.794,0.624
5753,49.602611,6.199,4.637,0.06,0.831,0.671
5754,49.610429,6.677,4.647,0.105,1.303,0.622
5755,49.619466,6.201,4.596,0.088,0.825,0.692
5756,49.627457,6.494,4.613,0.081,1.159,0.641
5757,49.63547,6.836,4.635,0.085,1.459,0.657
5758,49.644063,6.54,4.619,0.083,1.213,0.625
5759,49.65256,6.53,4.635,0.061,1.035,0.799
5760,49.660552,6.708,4.634,0.069,1.379,0.626
5761,49.669061,6.737,4.62,0.076,1.219,0.822
5762,49.679594,6.148,4.613,0.061,0.847,0.627
5763,49.688263,6.042,4.605,0.088,0.626,0.723
5764,49.696176,6.392,4.618,0.057,1.037,0.68
5765,49.704411,6.464,4.638,0.091,1.1,0.635
5766,49.713074,6.148,4.643,0.083,0.778,0.644
5767,49.721391,6.204,4.608,0.082,0.831,0.683
5768,49.731188,6.115,4.591,0.062,0.825,0.637
5769,49.739898,5.949,4.624,0.075,0.6,0.65
5770,49.748442,5.815,4.631,0.082,0.558,0.544
5771,49.756592,6.174,4.638,0.058,0.738,0.74
5772,49.765471,5.984,4.581,0.075,0.609,0.719
5773,49.773037,6.706,4.621,0.081,1.345,0.659
5774,49.781571,6.44,4.62,0.063,1.143,0.614
5775,49.790008,6.356,4.609,0.083,1.052,0.612
5776,49.800211,5.982,4.591,0.074,0.767,0.55
5777,49.810887,5.931,4.613,0.095,0.692,0.531
5778,49.818949,6.41,4.629,0.08,0.971,0.73
5779,49.827586,6.059,4.622,0.065,0.673,0.699
5780,49.835454,6.462,4.637,0.079,1.126,0.62
5781,49.84373,6.474,4.582,0.059,1.235,0.598
5782,49.852301,6.355,4.687,0.073,0.897,0.698
5783,49.860377,6.561,4.609,0.095,1.218,0.639
5784,49.869232,6.093,4.562,0.072,0.758,0.701
5785,49.877523,6.203,4.642,0.064,0.781,0.716
5786,49.885429,6.538,4.615,0.078,1.234,0.611
5787,49.894033,6.307,4.639,0.073,0.938,0.657
5788,49.902491,6.225,4.586,0.074,0.864,0.701
5789,49.910758,6.273,4.494,0.075,1.025,0.679
5790,49.919317,6.075,4.51,0.08,0.783,0.702
5791,49.929362,6.002,4.618,0.078,0.614,0.692
5792,49.937737,5.834,4.494,0.063,0.695,0.582
5793,49.946177,5.822,4.502,0.074,0.586,0.66
5794,49.954314,5.98,4.52,0.076,0.762,0.622
5795,49.962863,5.963,4.524,0.078,0.755,0.606
5796,49.970981,6.241,4.518,0.076,0.976,0.671
5797,49.979366,6.11,4.515,0.081,0.926,0.588
5798,49.989757,6.091,4.606,0.076,0.854,0.555
5799,49.998671,6.204,4.504,0.06,0.85,0.79
5800,50.006531,6.474,4.536,0.082,1.289,0.567
5801,50.015181,6.317,4.535,0.08,0.969,0.733
5802,50.023232,6.628,4.493,0.073,1.298,0.764
5803,50.031791,6.315,4.476,0.064,1.093,0.682
5804,50.039897,6.474,4.501,0.067,1.295,0.611
5805,50.050548,6.202,4.621,0.061,0.809,0.711
5806,50.060489,6.212,4.608,0.097,0.864,0.643
5807,50.068772,6.29,4.583,0.082,0.958,0.667
5808,50.077432,6.149,4.64,0.087,0.825,0.597
5809,50.085469,6.517,4.631,0.084,1.135,0.667
5810,50.093739,6.474,4.579,0.078,1.248,0.569
5811,50.102351,6.288,4.723,0.088,0.823,0.654
5812,50.11055,6.339,4.623,0.053,1.06,0.603
5813,50.119283,6.069,4.603,0.075,0.681,0.71
5814,50.127217,6.408,4.571,0.075,1.113,0.649
5815,50.135955,6.074,4.633,0.083,0.642,0.716
5816,50.143795,6.452,4.587,0.06,1.182,0.623
5817,50.152467,6.193,4.625,0.091,0.802,0.675
5818,50.160395,6.502,4.625,0.087,1.208,0.582
5819,50.169208,6.124,4.66,0.083,0.693,0.688
5820,50.179666,5.855,4.586,0.057,0.565,0.647
5821,50.188177,6.074,4.629,0.078,0.613,0.754
5822,50.196054,6.448,4.673,0.076,1.027,0.672
5823,50.204601,6.262,4.606,0.063,0.883,0.71
5824,50.212888,6.165,4.576,0.083,0.96,0.546
5825,50.22161,6.329,4.619,0.066,0.852,0.792
5826,50.229609,6.504,4.57,0.059,1.238,0.637
5827,50.239832,6.191,4.583,0.08,0.872,0.656
5828,50.248439,5.959,4.629,0.087,0.696,0.547
5829,50.256921,6.306,4.632,0.083,0.846,0.745
5830,50.265483,6.013,4.625,0.098,0.645,0.645
5831,50.273562,6.493,4.65,0.064,0.902,0.877
5832,50.28153,6.608,4.644,0.07,1.267,0.627
5833,50.290246,6.406,4.613,0.092,0.891,0.81
5834,50.300248,6.253,4.609,0.093,0.906,0.645
5835,50.308273,6.444,4.583,0.167,1.173,0.521
5836,50.316941,6.022,4.603,0.11,0.865,0.444
5837,50.325281,6.455,4.574,0.1,0.909,0.872
5838,50.333702,6.18,4.592,0.073,0.821,0.694
5839,50.342415,6.023,4.62,0.08,0.578,0.745
5840,50.350358,6.338,4.633,0.076,0.954,0.675
5841,50.360489,5.95,4.596,0.081,0.561,0.712
5842,50.368894,6.049,4.649,0.086,0.721,0.593
5843,50.377662,6.253,4.593,0.058,0.722,0.88
5844,50.385668,6.584,4.564,0.098,1.058,0.864
5845,50.393779,6.438,4.543,0.079,1.32,0.496
5846,50.402535,6.592,4.668,0.078,0.947,0.899
5847,50.41086,6.668,4.565,0.073,1.055,0.975
5848,50.419223,6.462,4.638,0.09,0.939,0.795
5849,50.429877,6.468,4.613,0.092,0.852,0.911
5850,50.437904,6.761,4.581,0.07,1.212,0.898
5851,50.446019,6.517,4.582,0.095,1.417,0.423
5852,50.454209,6.703,4.576,0.134,1.523,0.47
5853,50.462786,6.551,4.566,0.072,1.346,0.567
5854,50.470979,6.592,4.691,0.11,1.335,0.456
5855,50.479305,6.569,4.627,0.146,1.362,0.434
5856,50.489784,5.945,4.63,0.11,0.762,0.443
5857,50.500128,6.043,4.568,0.109,0.903,0.463
5858,50.508458,6.114,4.565,0.115,0.909,0.525
5859,50.5166,6.234,4.568,0.122,1.09,0.454
5860,50.525088,6.288,4.596,0.114,0.919,0.659
5861,50.533059,6.381,4.585,0.07,1.318,0.408
5862,50.541392,6.388,4.578,0.092,1.313,0.405
5863,50.549968,6.335,4.596,0.17,1.091,0.478
5864,50.558629,6.638,4.59,0.115,0.987,0.946
5865,50.567181,6.727,4.603,0.091,1.064,0.969
5866,50.575685,6.527,4.581,0.078,1.039,0.829
5867,50.583771,6.729,4.609,0.071,1.262,0.787
5868,50.592745,6.324,4.573,0.066,0.896,0.789
5869,50.600123,7.148,4.626,0.107,1.751,0.664
5870,50.610446,6.21,4.635,0.087,1.062,0.426
5871,50.619325,6.711,4.617,0.104,1.232,0.758
5872,50.627108,7.078,4.62,0.062,1.819,0.577
5873,50.635807,7.042,4.582,0.087,1.477,0.896
5874,50.64394,7.093,4.624,0.089,1.641,0.739
5875,50.652327,7.13,4.679,0.092,1.501,0.858
5876,50.661031,6.8,4.632,0.106,1.178,0.884
5877,50.671549,6.503,4.614,0.08,0.99,0.819
5878,50.679424,6.934,4.496,0.081,1.565,0.792
5879,50.687953,6.637,4.525,0.088,1.338,0.686
5880,50.695986,6.976,4.538,0.079,1.633,0.726
5881,50.704718,6.627,4.488,0.076,1.282,0.781
5882,50.712779,6.895,4.486,0.07,1.562,0.777
5883,50.72093,7.003,4.485,0.083,1.731,0.704
5884,50.729282,6.828,4.544,0.094,1.651,0.539
5885,50.737746,6.428,4.499,0.1,1.564,0.265
5886,50.74767,5.904,4.626,0.1,0.968,0.21
5887,50.756132,5.86,4.546,0.109,1.02,0.185
5888,50.764178,6.167,4.524,0.091,1.356,0.196
5889,50.772943,5.743,4.516,0.094,0.929,0.204
5890,50.781042,5.974,4.537,0.081,1.158,0.198
5891,50.789631,5.701,4.546,0.07,0.893,0.192
5892,50.79964,5.77,4.608,0.065,0.897,0.2
5893,50.808283,5.742,4.539,0.08,0.912,0.211
5894,50.81673,5.696,4.594,0.065,0.849,0.188
5895,50.825617,5.692,4.609,0.071,0.828,0.184
5896,50.833006,6.632,4.647,0.072,1.737,0.176
5897,50.841601,6.372,4.62,0.059,1.506,0.187
5898,50.849807,6.649,4.617,0.097,1.612,0.323
5899,50.860177,5.785,4.65,0.075,0.857,0.203
5900,50.868515,5.904,4.636,0.072,0.867,0.329
5901,50.877196,5.805,4.62,0.086,0.888,0.211
5902,50.885275,6.056,4.628,0.079,1.134,0.215
5903,50.893389,6.261,4.634,0.075,1.348,0.204
5904,50.902037,5.944,4.637,0.054,1.029,0.224
5905,50.910154,6.153,4.656,0.077,1.224,0.196
5906,50.919105,5.673,4.612,0.072,0.805,0.184
5907,50.929277,5.81,4.656,0.079,0.883,0.192
5908,50.939541,5.719,4.633,0.075,0.835,0.176
5909,50.947592,5.995,4.6,0.065,1.149,0.181
5910,50.956164,5.839,4.634,0.086,0.872,0.247
5911,50.964309,6.007,4.506,0.069,1.192,0.24
5912,50.972656,5.964,4.529,0.056,1.156,0.223
5913,50.98125,5.726,4.54,0.075,0.884,0.227
5914,50.989513,5.756,4.544,0.075,0.953,0.184
5915,50.997788,5.848,4.509,0.067,1.041,0.231
5916,51.006144,5.817,4.536,0.07,0.993,0.218
5917,51.014323,5.971,4.516,0.07,1.166,0.219
5918,51.022878,5.735,4.492,0.057,0.972,0.214
5919,51.031018,5.939,4.549,0.083,1.099,0.208
5920,51.039421,5.838,4.547,0.07,1.039,0.182
5921,51.050018,5.688,4.65,0.057,0.775,0.206
5922,51.05826,5.799,4.518,0.062,0.997,0.222
5923,51.066466,5.893,4.548,0.057,1.096,0.192
5924,51.075365,5.558,4.537,0.072,0.759,0.19
5925,51.082925,6.348,4.571,0.07,1.496,0.211
5926,51.09156,6.045,4.548,0.058,1.218,0.221
5927,51.100178,5.775,4.536,0.075,0.942,0.222
5928,51.110057,5.702,4.65,0.055,0.786,0.211
5929,51.11858,5.743,4.65,0.054,0.817,0.222
5930,51.127118,5.791,4.673,0.066,0.85,0.202
5931,51.13488,6.362,4.635,0.079,1.466,0.182
5932,51.143528,6.04,4.636,0.061,1.148,0.195
5933,51.151704,6.218,4.63,0.07,1.314,0.204
5934,51.160297,5.931,4.658,0.092,1.013,0.168
5935,51.168914,5.741,4.657,0.07,0.828,0.186
5936,51.179074,5.772,4.658,0.078,0.854,0.182
5937,51.18941,5.78,4.644,0.09,0.882,0.164
5938,51.197642,5.905,4.594,0.055,1.048,0.208
5939,51.205958,5.889,4.621,0.091,1.029,0.148
5940,51.214386,5.818,4.633,0.073,0.919,0.193
5941,51.22264,5.915,4.593,0.059,1.056,0.207
5942,51.231213,5.848,4.657,0.088,0.889,0.214
5943,51.239426,5.931,4.657,0.081,1.018,0.175
5944,51.247813,5.877,4.618,0.071,1.003,0.185
5945,51.255946,6.105,4.668,0.072,1.147,0.218
5946,51.264416,5.977,4.514,0.094,1.168,0.201
5947,51.272831,5.876,4.499,0.054,1.1,0.223
5948,51.281231,5.853,4.546,0.071,0.987,0.249
5949,51.291601,5.665,4.622,0.056,0.737,0.25
5950,51.299863,5.74,4.494,0.058,0.93,0.258
5951,51.308351,5.571,4.562,0.061,0.717,0.231
5952,51.316337,5.977,4.525,0.064,1.103,0.285
5953,51.325213,5.56,4.504,0.1,0.734,0.222
5954,51.333233,5.86,4.53,0.05,1.027,0.253
5955,51.34128,6.152,4.508,0.063,1.339,0.242
5956,51.349867,5.859,4.545,0.054,1.047,0.213
5957,51.360353,5.653,4.625,0.085,0.72,0.223
5958,51.368114,6.215,4.538,0.063,1.387,0.227
5959,51.377097,5.581,4.571,0.074,0.705,0.231
5960,51.385231,5.782,4.53,0.063,0.946,0.243
5961,51.39339,5.921,4.572,0.053,1.079,0.217
5962,51.402076,5.598,4.564,0.066,0.736,0.232
5963,51.410256,5.77,4.507,0.074,0.954,0.235
5964,51.419206,5.711,4.603,0.062,0.787,0.259
5965,51.429264,5.737,4.627,0.072,0.788,0.25
5966,51.439484,5.795,4.652,0.056,0.842,0.245
5967,51.447789,5.94,4.699,0.086,0.82,0.335
5968,51.456098,5.88,4.652,0.085,0.892,0.251
5969,51.464063,6.184,4.598,0.145,1.259,0.182
5970,51.472674,5.924,4.624,0.057,1.018,0.225
5971,51.481142,5.768,4.629,0.068,0.878,0.193
5972,51.489412,5.804,4.664,0.051,0.903,0.186
5973,51.498014,5.687,4.684,0.047,0.766,0.19
5974,51.50595,6.093,4.659,0.081,1.189,0.164
5975,51.514455,5.906,4.616,0.089,1.058,0.143
5976,51.522799,5.929,4.653,0.043,1.011,0.222
5977,51.531189,5.857,4.604,0.049,1.004,0.2
5978,51.541666,5.784,4.634,0.056,0.762,0.332
5979,51.549799,5.972,4.592,0.064,1.006,0.31
5980,51.558433,5.539,4.652,0.052,0.643,0.192
5981,51.566109,6.223,4.66,0.054,1.298,0.211
5982,51.575328,5.53,4.6,0.062,0.668,0.2
5983,51.583498,5.956,4.655,0.063,0.887,0.351
5984,51.59147,6.173,4.638,0.071,1.265,0.199
5985,51.59996,5.992,4.668,0.11,1.067,0.147
5986,51.609986,5.588,4.622,0.072,0.704,0.19
5987,51.618459,5.819,4.672,0.069,0.892,0.186
5988,51.627096,5.745,4.647,0.076,0.826,0.196
5989,51.635131,6.046,4.644,0.086,1.129,0.187
5990,51.643412,6.079,4.665,0.098,1.153,0.163
5991,51.65219,5.715,4.603,0.071,0.861,0.18
5992,51.660221,6.034,4.659,0.076,1.108,0.191
5993,51.668886,5.81,4.674,0.079,0.881,0.176
5994,51.677313,5.718,4.646,0.061,0.817,0.194
5995,51.687354,5.685,4.622,0.076,0.806,0.181
5996,51.697545,5.67,4.64,0.075,0.771,0.184
5997,51.705935,5.611,4.643,0.081,0.715,0.172
5998,51.714291,5.591,4.606,0.07,0.73,0.185
5999,51.722805,5.746,4.65,0.072,0.851,0.173
6000,51.730937,5.944,4.651,0.082,1.051,0.16
6001,51.739699,6.115,4.612,0.048,1.251,0.204
6002,51.747982,6.184,4.648,0.062,1.268,0.206
6003,51.756191,6.314,4.652,0.084,1.389,0.189
6004,51.764321,6.486,4.606,0.078,1.636,0.166
6005,51.772788,6.36,4.61,0.067,1.497,0.186
6006,51.780954,6.542,4.658,0.089,1.621,0.174
6007,51.789508,6.296,4.648,0.066,1.394,0.188
6008,51.799978,6.106,4.698,0.076,1.165,0.167
6009,51.808786,5.674,4.617,0.082,0.772,0.203
6010,51.816397,6.368,4.676,0.094,1.435,0.163
6011,51.825452,5.747,4.614,0.101,0.836,0.196
6012,51.832979,6.54,4.669,0.078,1.594,0.199
6013,51.841579,6.265,4.649,0.109,1.332,0.175
6014,51.849602,6.585,4.61,0.098,1.691,0.186
6015,51.859914,5.964,4.65,0.089,1.047,0.178
6016,51.868364,5.827,4.544,0.086,1.033,0.164
6017,51.877192,5.646,4.569,0.077,0.801,0.199
6018,51.884963,6.2,4.556,0.067,1.374,0.203
6019,51.893671,5.82,4.522,0.057,1.038,0.203
6020,51.901687,6.148,4.526,0.057,1.35,0.215
6021,51.910174,5.987,4.565,0.08,1.159,0.183
6022,51.919107,5.525,4.557,0.079,0.703,0.186
6023,51.929178,5.653,4.677,0.054,0.704,0.218
6024,51.939441,5.697,4.635,0.124,0.782,0.156
6025,51.947699,5.805,4.538,0.065,0.983,0.219
6026,51.955926,5.902,4.56,0.089,1.07,0.183
6027,51.964552,5.598,4.545,0.082,0.788,0.183
6028,51.972597,5.884,4.558,0.065,1.067,0.194
6029,51.981221,5.621,4.522,0.076,0.814,0.209
6030,51.989529,5.622,4.549,0.066,0.811,0.196
6031,51.997858,5.636,4.527,0.115,0.8,0.194
6032,52.006041,5.772,4.582,0.056,0.931,0.203
6033,52.014601,5.626,4.539,0.08,0.825,0.182
6034,52.022723,5.836,4.63,0.054,0.948,0.204
6035,52.031121,5.773,4.686,0.089,0.831,0.167
6036,52.039489,5.768,4.663,0.115,0.836,0.154
6037,52.04959,5.729,4.635,0.05,0.825,0.219
6038,52.057999,5.861,4.655,0.115,0.908,0.183
6039,52.066458,5.728,4.679,0.064,0.792,0.193
6040,52.075057,5.702,4.659,0.088,0.785,0.17
6041,52.08316,5.957,4.629,0.082,1.047,0.199
6042,52.091308,6.099,4.66,0.044,1.202,0.193
6043,52.099786,5.967,4.62,0.068,1.097,0.182
6044,52.108455,5.711,4.679,0.063,0.797,0.172
6045,52.118329,5.812,4.633,0.082,0.923,0.174
6046,52.126887,5.741,4.652,0.074,0.846,0.169
6047,52.135383,5.77,4.662,0.083,0.855,0.17
6048,52.143459,6.015,4.67,0.051,1.105,0.189
6049,52.152379,5.761,4.63,0.085,0.884,0.162
6050,52.160354,6.165,4.641,0.149,1.153,0.222
6051,52.168487,6.328,4.702,0.07,1.382,0.174
6052,52.179019,5.848,4.637,0.071,0.952,0.188
6053,52.189403,5.835,4.622,0.098,0.927,0.188
6054,52.197947,5.823,4.645,0.077,0.9,0.201
6055,52.205866,6.239,4.632,0.08,1.333,0.194
6056,52.214468,5.946,4.619,0.071,1.074,0.182
6057,52.222654,6.114,4.619,0.064,1.219,0.212
6058,52.231303,5.799,4.599,0.08,0.926,0.194
6059,52.239346,6.071,4.669,0.08,1.138,0.184
6060,52.247757,6.015,4.625,0.076,1.111,0.203
6061,52.256204,5.909,4.654,0.069,0.964,0.222
6062,52.264328,6.109,4.648,0.067,1.186,0.208
6063,52.272679,6.105,4.607,0.06,1.208,0.23
6064,52.281326,5.796,4.659,0.077,0.833,0.227
6065,52.28944,5.985,4.676,0.095,1.034,0.18
6066,52.299682,5.704,4.61,0.059,0.816,0.219
6067,52.308815,5.725,4.625,0.073,0.822,0.205
6068,52.316256,6.627,4.548,0.064,1.792,0.223
6069,52.324679,6.505,4.516,0.062,1.733,0.194
6070,52.333095,6.429,4.526,0.078,1.644,0.181
6071,52.341595,6.262,4.574,0.074,1.424,0.19
6072,52.349753,6.44,4.494,0.058,1.681,0.207
6073,52.358329,6.189,4.538,0.056,1.396,0.199
6074,52.368596,5.642,4.618,0.062,0.76,0.202
6075,52.376838,5.737,4.505,0.06,0.963,0.209
6076,52.385127,5.788,4.528,0.082,0.981,0.197
6077,52.39332,5.885,4.575,0.094,1.056,0.16
6078,52.401879,5.692,4.506,0.071,0.924,0.191
6079,52.410198,5.711,4.529,0.062,0.911,0.209
6080,52.419051,5.702,4.526,0.085,0.729,0.362
6081,52.42923,5.779,4.588,0.087,0.786,0.318
6082,52.439388,5.662,4.65,0.085,0.72,0.207
6083,52.447621,5.735,4.54,0.065,0.929,0.201
6084,52.455979,5.714,4.541,0.078,0.905,0.19
6085,52.4644,5.612,4.538,0.082,0.822,0.17
6086,52.472619,5.746,4.587,0.066,0.886,0.207
6087,52.48126,5.726,4.623,0.084,0.854,0.165
6088,52.489415,5.906,4.653,0.083,1.005,0.165
6089,52.497702,5.96,4.614,0.097,1.079,0.17
6090,52.506166,5.835,4.638,0.09,0.934,0.173
6091,52.514194,6.137,4.608,0.088,1.27,0.171
6092,52.522729,5.941,4.583,0.061,1.095,0.202
6093,52.531096,5.901,4.655,0.09,0.986,0.17
6094,52.541671,5.781,4.603,0.08,0.918,0.18
6095,52.549729,6.079,4.618,0.07,1.2,0.191
6096,52.558724,5.8,4.638,0.069,0.892,0.201
6097,52.566047,6.791,4.658,0.077,1.885,0.171
6098,52.575085,6.106,4.644,0.074,1.201,0.187
6099,52.582874,6.645,4.642,0.079,1.742,0.182
6100,52.591665,6.194,4.603,0.061,1.324,0.206
6101,52.600005,6.179,4.648,0.076,1.271,0.184
6102,52.610047,5.72,4.644,0.081,0.815,0.18
6103,52.618473,5.611,4.575,0.089,0.781,0.166
6104,52.626654,5.781,4.523,0.067,0.995,0.196
6105,52.634777,5.986,4.503,0.068,1.228,0.187
6106,52.64356,5.616,4.572,0.07,0.783,0.191
6107,52.65164,5.864,4.547,0.09,1.057,0.17
6108,52.66026,5.709,4.526,0.103,0.858,0.222
6109,52.669032,5.543,4.568,0.057,0.721,0.197
6110,52.679315,5.766,4.581,0.076,0.722,0.387
6111,52.689427,6.269,4.646,0.239,1.069,0.315
6112,52.697795,6.172,4.509,0.086,1.347,0.23
6113,52.705915,6.353,4.523,0.094,1.547,0.189
6114,52.715139,6.097,4.525,0.159,1.006,0.407
6115,52.722789,6.683,4.497,0.087,1.788,0.311
6116,52.731491,6.185,4.594,0.089,1.29,0.212
6117,52.739301,6.718,4.517,0.081,1.92,0.2
6118,52.747915,6.425,4.512,0.079,1.644,0.19
6119,52.75627,6.57,4.503,0.063,1.635,0.369
6120,52.764327,6.692,4.495,0.075,1.922,0.2
6121,52.772863,6.494,4.626,0.076,1.586,0.206
6122,52.781037,6.652,4.66,0.082,1.713,0.197
6123,52.789387,6.625,4.658,0.096,1.69,0.181
6124,52.797966,6.406,4.653,0.08,1.46,0.213
6125,52.808683,5.732,4.605,0.063,0.866,0.198
6126,52.816419,6.354,4.649,0.085,1.423,0.197
6127,52.825263,5.852,4.633,0.087,0.923,0.209
6128,52.83335,6.067,4.658,0.057,1.151,0.201
6129,52.84154,6.363,4.649,0.073,1.301,0.34
6130,52.849736,6.4,4.606,0.066,1.48,0.248
6131,52.858103,6.333,4.692,0.078,1.371,0.192
6132,52.868572,5.705,4.635,0.061,0.788,0.221
6133,52.876836,5.747,4.662,0.071,0.834,0.18
6134,52.88507,5.908,4.658,0.08,0.942,0.228
6135,52.893307,5.979,4.613,0.065,1.079,0.222
6136,52.901981,5.746,4.648,0.081,0.826,0.191
6137,52.910166,5.956,4.702,0.078,0.937,0.239
6138,52.919166,5.649,4.545,0.069,0.793,0.242
6139,52.929153,5.882,4.623,0.084,0.948,0.227
6140,52.939539,5.71,4.625,0.061,0.828,0.196
6141,52.947642,5.947,4.531,0.062,1.151,0.203
6142,52.955913,6.012,4.534,0.081,1.212,0.185
6143,52.964332,5.92,4.558,0.071,1.101,0.19
6144,52.972654,5.944,4.515,0.058,1.156,0.215
6145,52.981247,5.698,4.561,0.07,0.854,0.213
6146,52.989417,5.849,4.511,0.081,1.069,0.188
6147,52.997798,5.801,4.51,0.061,1.019,0.211
6148,53.006044,5.894,4.571,0.073,1.048,0.202
6149,53.014474,5.786,4.508,0.07,1.013,0.195
6150,53.022784,5.824,4.504,0.06,1.042,0.218
6151,53.031022,5.906,4.549,0.074,1.09,0.193
6152,53.039569,5.699,4.548,0.07,0.878,0.203
6153,53.049875,5.723,4.636,0.078,0.826,0.183
6154,53.057842,6.088,4.497,0.081,1.334,0.176
6155,53.066322,5.941,4.63,0.074,1.053,0.184
6156,53.075266,5.655,4.629,0.082,0.762,0.182
6157,53.083022,6.224,4.652,0.069,1.318,0.185
6158,53.091734,5.889,4.603,0.055,1.009,0.222
6159,53.099635,6.367,4.605,0.071,1.443,0.248
6160,53.110291,5.747,4.628,0.075,0.837,0.207
6161,53.118788,5.764,4.614,0.082,0.831,0.237
6162,53.126817,6.059,4.641,0.106,1.09,0.222
6163,53.135153,6.058,4.634,0.092,1.107,0.225
6164,53.143372,6.136,4.596,0.092,1.259,0.189
6165,53.151769,6.084,4.655,0.085,1.14,0.204
6166,53.160402,5.787,4.634,0.097,0.855,0.201
6167,53.169102,5.77,4.639,0.092,0.85,0.189
6168,53.178885,5.736,4.663,0.079,0.813,0.181
6169,53.189371,5.592,4.649,0.076,0.671,0.196
6170,53.197595,5.696,4.61,0.064,0.821,0.201
6171,53.205888,5.734,4.648,0.076,0.825,0.185
6172,53.21452,5.706,4.638,0.063,0.807,0.198
6173,53.22276,5.834,4.619,0.075,0.924,0.216
6174,53.230954,5.969,4.648,0.078,1.037,0.206
6175,53.23927,5.958,4.652,0.092,1.043,0.171
6176,53.247688,5.911,4.611,0.069,1.004,0.227
6177,53.256036,5.872,4.619,0.097,0.98,0.176
6178,53.264395,5.87,4.662,0.093,0.907,0.208
6179,53.272929,5.647,4.668,0.079,0.71,0.19
6180,53.280989,5.922,4.666,0.088,0.986,0.182
6181,53.289261,5.956,4.632,0.125,1.038,0.161
6182,53.298024,5.548,4.67,0.077,0.613,0.188
6183,53.308839,5.701,4.632,0.134,0.746,0.189
6184,53.316411,6.507,4.654,0.081,1.559,0.213
6185,53.324867,6.375,4.666,0.087,1.423,0.199
6186,53.332925,6.646,4.655,0.057,1.71,0.224
6187,53.341451,6.439,4.626,0.088,1.543,0.182
6188,53.349707,6.509,4.608,0.052,1.642,0.207
6189,53.358482,6.063,4.672,0.057,1.134,0.2
6190,53.368132,5.358,4.509,0.043,0.567,0.239
6191,53.376871,5.371,4.562,0.067,0.536,0.206
6192,53.385268,5.394,4.544,0.068,0.588,0.194
6193,53.39333,5.686,4.552,0.075,0.849,0.21
6194,53.402405,5.383,4.542,0.05,0.567,0.224
6195,53.410197,5.935,4.526,0.045,1.127,0.237
6196,53.418727,5.733,4.546,0.051,0.912,0.224
6197,53.42933,5.526,4.641,0.047,0.604,0.234
6198,53.439469,5.528,4.657,0.049,0.6,0.222
6199,53.44772,5.603,4.532,0.05,0.806,0.215
6200,53.455975,5.683,4.555,0.06,0.864,0.204
6201,53.464585,5.488,4.539,0.047,0.682,0.22
6202,53.472584,5.827,4.552,0.051,0.998,0.226
6203,53.481023,5.717,4.558,0.046,0.886,0.227
6204,53.489292,5.775,4.542,0.048,0.969,0.216
6205,53.497907,5.474,4.551,0.074,0.676,0.173
6206,53.505878,5.846,4.529,0.051,1.063,0.203
6207,53.514358,5.71,4.522,0.076,0.925,0.187
6208,53.522831,5.729,4.636,0.045,0.84,0.208
6209,53.531037,5.831,4.634,0.076,0.975,0.146
6210,53.539456,5.774,4.656,0.067,0.864,0.187
6211,53.549781,5.492,4.623,0.049,0.62,0.2
6212,53.558413,5.776,4.652,0.059,0.818,0.247
6213,53.56636,6.145,4.633,0.08,1.224,0.208
6214,53.575077,5.819,4.653,0.086,0.825,0.255
6215,53.583159,6.032,4.636,0.068,1.092,0.236
6216,53.591272,6.207,4.628,0.081,1.32,0.178
6217,53.599824,6.002,4.671,0.051,1.056,0.224
6218,53.608376,5.794,4.698,0.105,0.785,0.206
6219,53.618339,5.564,4.629,0.062,0.628,0.245
6220,53.626764,5.502,4.614,0.079,0.611,0.198
6221,53.635303,5.636,4.596,0.086,0.787,0.167
6222,53.64335,5.96,4.62,0.104,1.025,0.211
6223,53.652466,6.009,4.646,0.103,0.944,0.316
6224,53.66044,6.306,4.582,0.1,1.375,0.249
6225,53.668581,6.589,4.603,0.074,1.555,0.357
6226,53.679096,5.73,4.635,0.123,0.738,0.234
6227,53.689337,5.707,4.625,0.062,0.799,0.221
6228,53.697746,6.185,4.627,0.079,1.298,0.181
6229,53.705968,6.321,4.672,0.053,1.358,0.238
6230,53.714319,6.351,4.629,0.164,1.287,0.271
6231,53.722788,6.181,4.578,0.101,1.279,0.223
6232,53.731115,6.2,4.59,0.121,1.252,0.237
6233,53.739365,6.331,4.696,0.134,1.217,0.284
6234,53.747949,6.014,4.615,0.07,1.099,0.23
6235,53.755975,6.328,4.641,0.111,1.347,0.229
6236,53.76441,6.308,4.613,0.107,1.283,0.305
6237,53.772787,6.269,4.602,0.118,1.237,0.312
6238,53.781074,6.268,4.591,0.119,1.295,0.263
6239,53.789374,6.29,4.584,0.108,1.348,0.25
6240,53.799483,5.614,4.564,0.105,0.781,0.164
6241,53.808259,5.812,4.588,0.096,0.894,0.234
6242,53.816647,6.007,4.52,0.093,0.928,0.466
6243,53.824745,6.093,4.506,0.053,1.18,0.354
6244,53.833338,5.704,4.553,0.077,0.874,0.2
6245,53.841355,6.032,4.562,0.074,1.179,0.217
6246,53.849996,5.708,4.568,0.076,0.868,0.196
6247,53.86002,6.047,4.663,0.08,1.093,0.211
6248,53.86823,6.15,4.534,0.047,1.344,0.225
6249,53.876988,5.741,4.564,0.072,0.932,0.173
6250,53.885104,5.994,4.558,0.083,1.158,0.195
6251,53.893694,5.702,4.518,0.048,0.94,0.196
6252,53.902192,5.569,4.526,0.069,0.766,0.208
6253,53.910675,5.989,4.549,0.069,0.853,0.518
6254,53.918655,6.029,4.562,0.08,1.17,0.217
6255,53.928863,5.841,4.667,0.094,0.861,0.219
6256,53.939313,5.716,4.625,0.073,0.816,0.202
6257,53.947873,5.517,4.507,0.07,0.722,0.218
6258,53.955801,5.902,4.6,0.078,1.03,0.194
6259,53.964511,5.765,4.576,0.066,0.92,0.203
6260,53.972611,5.991,4.607,0.053,1.123,0.208
6261,53.9811,5.872,4.623,0.076,0.951,0.222
6262,53.989095,6.189,4.642,0.079,1.272,0.196
6263,53.997797,5.828,4.637,0.08,0.91,0.201
6264,54.005977,5.976,4.677,0.074,1.025,0.2
6265,54.014532,5.779,4.665,0.062,0.829,0.223
6266,54.022626,6.0,4.611,0.062,1.127,0.2
6267,54.031158,5.828,4.64,0.07,0.901,0.217
6268,54.039274,6.023,4.606,0.068,1.157,0.192
6269,54.049741,5.802,4.608,0.074,0.923,0.197
6270,54.058805,5.74,4.629,0.08,0.839,0.192
6271,54.066306,6.569,4.607,0.092,1.679,0.191
6272,54.074833,6.376,4.655,0.074,1.45,0.197
6273,54.08286,6.672,4.656,0.071,1.755,0.19
6274,54.091292,6.562,4.647,0.088,1.666,0.161
6275,54.099534,6.67,4.605,0.058,1.798,0.209
6276,54.108314,6.206,4.643,0.091,1.297,0.175
6277,54.118299,5.99,4.664,0.103,1.047,0.176
6278,54.12681,5.814,4.513,0.066,1.053,0.182
6279,54.135301,5.662,4.517,0.07,0.888,0.187
6280,54.143707,5.647,4.514,0.067,0.853,0.213
6281,54.152187,5.682,4.563,0.07,0.826,0.223
6282,54.160254,5.929,4.551,0.081,1.093,0.204
6283,54.168599,5.91,4.532,0.066,1.108,0.204
6284,54.178943,5.694,4.65,0.07,0.779,0.195
6285,54.189237,5.637,4.601,0.068,0.756,0.212
6286,54.197985,5.759,4.567,0.072,0.922,0.198
6287,54.205794,6.293,4.509,0.055,1.508,0.221
6288,54.214598,5.802,4.523,0.06,1.02,0.199
6289,54.22257,6.174,4.529,0.106,1.351,0.188
6290,54.230916,6.157,4.547,0.065,1.347,0.198
6291,54.239333,6.06,4.539,0.062,1.274,0.185
6292,54.247988,5.746,4.541,0.068,0.946,0.191
6293,54.255951,6.119,4.555,0.065,1.307,0.192
6294,54.26459,5.81,4.535,0.071,1.014,0.19
6295,54.272444,6.251,4.636,0.07,1.395,0.15
6296,54.281157,5.932,4.62,0.069,1.033,0.21
6297,54.289337,6.058,4.661,0.077,1.15,0.17
6298,54.299739,5.718,4.602,0.076,0.858,0.182
6299,54.308793,5.782,4.614,0.061,0.907,0.2
6300,54.316373,6.531,4.594,0.081,1.672,0.184
6301,54.324819,6.451,4.61,0.071,1.556,0.214
6302,54.332839,6.771,4.647,0.077,1.833,0.214
6303,54.341289,6.638,4.624,0.075,1.737,0.202
6304,54.349831,6.414,4.596,0.079,1.557,0.182
6305,54.360337,5.784,4.631,0.074,0.897,0.182
6306,54.368562,5.914,4.614,0.056,1.03,0.214
6307,54.376876,5.932,4.617,0.068,1.05,0.197
6308,54.385533,5.709,4.62,0.057,0.815,0.217
6309,54.393572,5.991,4.616,0.058,1.114,0.203
6310,54.401716,6.183,4.588,0.056,1.333,0.206
6311,54.409984,6.244,4.621,0.083,1.357,0.183
6312,54.418629,5.929,4.504,0.042,1.167,0.216
6313,54.42726,5.656,4.543,0.069,0.862,0.182
6314,54.437131,5.672,4.599,0.065,0.785,0.223
6315,54.445493,5.608,4.507,0.067,0.846,0.188
6316,54.454154,5.672,4.555,0.066,0.845,0.206
6317,54.462257,5.925,4.527,0.078,1.104,0.216
6318,54.470513,5.985,4.547,0.242,0.983,0.213
6319,54.479108,5.779,4.53,0.159,0.884,0.206
6320,54.487374,5.875,4.513,0.099,1.048,0.215
6321,54.497484,5.812,4.613,0.095,0.916,0.188
6322,54.505902,5.738,4.541,0.076,0.911,0.21
6323,54.514479,5.748,4.572,0.127,0.838,0.211
6324,54.522392,6.178,4.515,0.087,1.378,0.198
6325,54.531037,5.841,4.516,0.09,1.061,0.174
6326,54.539134,6.126,4.514,0.091,1.301,0.22
6327,54.549517,5.593,4.617,0.081,0.728,0.167
6328,54.558183,5.504,4.495,0.07,0.747,0.192
6329,54.566255,5.763,4.649,0.086,0.848,0.18
6330,54.574667,5.69,4.604,0.077,0.856,0.153
6331,54.583334,5.565,4.609,0.083,0.678,0.195
6332,54.591429,5.802,4.652,0.064,0.886,0.2
6333,54.601537,5.71,4.614,0.072,0.851,0.173
6334,54.609991,5.684,4.642,0.067,0.804,0.171
6335,54.618861,5.812,4.651,0.109,0.847,0.205
6336,54.627,6.0,4.634,0.076,1.084,0.206
6337,54.635565,5.771,4.595,0.106,0.873,0.197
6338,54.643537,6.131,4.606,0.067,1.247,0.211
6339,54.651711,6.281,4.606,0.136,1.347,0.192
6340,54.660243,6.089,4.633,0.068,1.181,0.207
6341,54.668755,6.003,4.635,0.158,0.933,0.277
6342,54.678427,5.874,4.63,0.074,0.952,0.218
6343,54.687229,5.666,4.637,0.098,0.734,0.197
6344,54.695546,5.706,4.619,0.07,0.832,0.185
6345,54.703804,5.793,4.642,0.109,0.852,0.19
6346,54.712286,5.678,4.64,0.064,0.804,0.17
6347,54.720779,5.51,4.498,0.107,0.757,0.148
6348,54.729248,5.613,4.532,0.101,0.781,0.199
6349,54.739292,5.751,4.641,0.077,0.858,0.175
6350,54.747837,5.526,4.496,0.066,0.789,0.175
6351,54.755872,5.829,4.506,0.068,1.076,0.179
6352,54.764512,5.537,4.507,0.095,0.762,0.173
6353,54.772299,6.126,4.558,0.107,1.236,0.225
6354,54.781044,5.692,4.537,0.082,0.87,0.203
6355,54.78949,5.574,4.545,0.091,0.749,0.189
6356,54.799761,5.788,4.602,0.104,0.758,0.324
6357,54.808229,5.867,4.539,0.086,1.022,0.22
6358,54.81656,6.073,4.663,0.2,0.876,0.334
6359,54.824723,6.098,4.527,0.101,1.291,0.179
6360,54.832903,6.254,4.551,0.068,1.436,0.199
6361,54.841542,5.951,4.557,0.069,1.131,0.194
6362,54.849589,6.227,4.547,0.114,1.394,0.172
6363,54.858092,6.062,4.545,0.122,1.222,0.173
6364,54.868305,5.929,4.606,0.22,0.958,0.145
6365,54.876911,5.985,4.641,0.092,1.075,0.177
6366,54.885511,5.789,4.626,0.117,0.884,0.162
6367,54.893593,6.092,4.597,0.081,1.204,0.21
6368,54.901701,6.293,4.596,0.071,1.433,0.193
6369,54.910227,6.117,4.626,0.103,1.19,0.198
6370,54.920761,5.655,4.605,0.115,0.774,0.161
6371,54.928803,5.982,4.652,0.104,1.038,0.188
6372,54.937249,5.861,4.638,0.086,0.96,0.177
6373,54.94525,6.202,4.65,0.09,1.27,0.192
6374,54.954015,5.753,4.598,0.084,0.9,0.171
6375,54.962254,5.863,4.615,0.125,0.935,0.188
6376,54.970403,6.023,4.671,0.101,1.091,0.16
6377,54.979344,5.685,4.62,0.106,0.758,0.201
6378,54.98758,5.749,4.581,0.058,0.917,0.193
6379,54.99741,5.756,4.633,0.077,0.867,0.179
6380,55.006162,5.653,4.601,0.075,0.785,0.192
6381,55.01434,5.794,4.608,0.089,0.915,0.182
6382,55.022298,6.163,4.519,0.105,1.374,0.165
6383,55.030962,5.848,4.545,0.087,1.019,0.197
6384,55.039016,6.116,4.496,0.08,1.366,0.174
6385,55.047869,5.579,4.522,0.088,0.825,0.144
6386,55.057886,5.867,4.602,0.092,1.002,0.171
6387,55.066318,5.771,4.552,0.126,0.912,0.181
6388,55.074416,5.985,4.528,0.124,1.174,0.159
6389,55.082917,5.836,4.562,0.104,0.992,0.178
6390,55.091534,5.56,4.542,0.095,0.741,0.182
6391,55.099652,5.759,4.513,0.099,0.982,0.165
6392,55.110023,5.723,4.64,0.114,0.802,0.167
6393,55.11874,5.789,4.621,0.132,0.863,0.173
6394,55.126676,6.184,4.542,0.115,1.361,0.166
6395,55.135576,5.731,4.575,0.131,0.861,0.164
6396,55.143268,6.397,4.504,0.089,1.62,0.184
6397,55.151845,6.144,4.528,0.097,1.346,0.173
6398,55.159998,6.316,4.56,0.09,1.509,0.157
6399,55.170389,5.731,4.691,0.136,0.738,0.166
6400,55.180793,5.69,4.642,0.089,0.795,0.164
6401,55.189112,5.713,4.645,0.086,0.805,0.177
6402,55.197838,5.529,4.619,0.068,0.67,0.172
6403,55.205854,5.865,4.638,0.101,0.955,0.171
6404,55.213981,6.064,4.598,0.074,1.219,0.173
6405,55.222492,5.883,4.618,0.11,0.995,0.16
6406,55.230696,5.999,4.601,0.079,1.164,0.155
6407,55.239206,5.828,4.604,0.079,0.989,0.156
6408,55.247437,5.936,4.623,0.066,1.071,0.176
6409,55.255871,5.832,4.649,0.105,0.921,0.157
6410,55.264269,5.781,4.656,0.081,0.867,0.177
6411,55.272242,6.158,4.622,0.116,1.234,0.186
6412,55.281065,5.757,4.649,0.075,0.814,0.219
6413,55.289667,5.703,4.603,0.075,0.837,0.188
6414,55.29968,5.799,4.595,0.064,0.937,0.203
6415,55.30826,5.763,4.715,0.078,0.776,0.194
6416,55.316073,6.256,4.629,0.087,1.388,0.152
6417,55.324734,5.939,4.608,0.102,1.063,0.166
6418,55.333325,5.877,4.62,0.071,0.8,0.386
6419,55.341826,5.873,4.644,0.073,0.81,0.346
6420,55.349573,6.315,4.59,0.07,1.449,0.206
6421,55.358407,5.795,4.656,0.095,0.87,0.174
6422,55.368738,5.659,4.601,0.084,0.801,0.173
6423,55.37681,5.911,4.651,0.107,0.99,0.163
6424,55.38503,6.093,4.632,0.091,1.145,0.225
6425,55.393469,5.926,4.637,0.087,1.037,0.165
6426,55.401702,6.049,4.584,0.066,1.192,0.207
6427,55.410027,6.04,4.664,0.139,1.054,0.183
6428,55.418624,5.772,4.602,0.081,0.911,0.178
6429,55.429147,5.809,4.655,0.111,0.85,0.193
6430,55.439194,5.718,4.64,0.081,0.815,0.182
6431,55.447348,5.891,4.67,0.082,0.965,0.174
6432,55.45576,5.806,4.632,0.076,0.92,0.178
6433,55.46404,5.833,4.625,0.096,0.973,0.139
6434,55.472277,5.952,4.573,0.093,1.124,0.162
6435,55.480973,5.58,4.543,0.074,0.795,0.168
6436,55.489337,5.542,4.543,0.067,0.767,0.165
6437,55.497615,5.618,4.517,0.063,0.851,0.187
6438,55.505922,5.639,4.568,0.069,0.823,0.179
6439,55.514096,5.816,4.498,0.074,1.055,0.189
6440,55.522728,5.496,4.509,0.089,0.739,0.159
6441,55.53117,5.486,4.541,0.085,0.686,0.174
6442,55.53983,5.781,4.506,0.066,1.03,0.179
6443,55.549497,5.72,4.628,0.109,0.8,0.183
6444,55.558163,5.681,4.563,0.103,0.803,0.212
6445,55.566214,5.963,4.503,0.097,1.154,0.209
6446,55.574511,5.955,4.613,0.115,1.062,0.165
6447,55.582852,5.945,4.511,0.086,1.186,0.162
6448,55.59148,5.638,4.547,0.081,0.851,0.159
6449,55.599809,5.663,4.502,0.064,0.909,0.188
6450,55.610293,5.712,4.615,0.182,0.756,0.159
6451,55.618313,6.103,4.514,0.084,1.282,0.223
6452,55.626946,5.791,4.696,0.136,0.773,0.186
6453,55.634959,6.085,4.639,0.33,0.931,0.185
6454,55.643353,6.094,4.657,0.247,0.951,0.239
6455,55.651975,5.751,4.679,0.107,0.796,0.169
6456,55.659879,6.181,4.609,0.084,1.319,0.169
6457,55.670293,5.744,4.677,0.098,0.81,0.159
6458,55.679257,5.446,4.598,0.057,0.565,0.226
6459,55.687377,5.799,4.674,0.076,0.846,0.203
6460,55.695636,5.849,4.607,0.058,0.987,0.197
6461,55.70389,5.915,4.648,0.079,1.027,0.161
6462,55.712454,5.861,4.658,0.064,0.789,0.35
6463,55.720917,5.693,4.64,0.079,0.679,0.295
6464,55.72902,5.917,4.641,0.078,0.909,0.289
6465,55.739182,5.439,4.605,0.068,0.548,0.218
6466,55.747762,5.455,4.64,0.072,0.555,0.188
6467,55.755778,5.772,4.628,0.066,0.883,0.195
6468,55.764432,5.455,4.651,0.056,0.556,0.192
6469,55.773087,5.485,4.612,0.07,0.621,0.182
6470,55.780885,6.021,4.65,0.075,1.119,0.177
6471,55.789824,5.53,4.64,0.074,0.646,0.17
6472,55.799973,5.478,4.603,0.073,0.616,0.186
6473,55.808009,5.774,4.74,0.072,0.79,0.172
6474,55.816382,5.764,4.662,0.062,0.826,0.214
6475,55.824451,6.007,4.63,0.069,1.126,0.182
6476,55.832967,5.97,4.649,0.072,0.923,0.326
6477,55.841557,5.723,4.614,0.061,0.835,0.213
6478,55.849404,6.227,4.691,0.08,1.244,0.212
6479,55.858336,5.766,4.678,0.085,0.795,0.208
6480,55.86867,5.511,4.591,0.056,0.657,0.207
6481,55.878624,5.498,4.596,0.07,0.624,0.208
6482,55.886863,5.592,4.68,0.102,0.621,0.189
6483,55.895098,5.686,4.634,0.085,0.795,0.172
6484,55.903745,5.508,4.634,0.068,0.613,0.193
6485,55.911674,5.907,4.746,0.078,0.91,0.173
6486,55.920489,5.603,4.607,0.068,0.667,0.261
6487,55.928749,5.644,4.598,0.081,0.752,0.213
6488,55.937229,5.534,4.631,0.082,0.625,0.196
6489,55.946532,5.546,4.597,0.062,0.573,0.314
6490,55.95378,6.514,4.65,0.072,1.606,0.186
6491,55.962336,6.323,4.662,0.076,1.372,0.213
6492,55.970559,6.536,4.601,0.064,1.544,0.327
6493,55.978937,6.489,4.652,0.076,1.447,0.314
6494,55.989197,5.707,4.642,0.081,0.662,0.322
6495,55.997767,5.528,4.607,0.069,0.649,0.203
6496,56.005553,6.062,4.587,0.054,1.217,0.204
6497,56.014409,5.53,4.646,0.059,0.631,0.194
6498,56.022793,5.621,4.622,0.082,0.619,0.298
6499,56.031028,5.709,4.633,0.086,0.705,0.285
6500,56.040067,5.546,4.615,0.076,0.627,0.228
6501,56.049584,5.392,4.59,0.044,0.538,0.22
6502,56.05839,5.469,4.618,0.089,0.605,0.157
6503,56.066139,6.068,4.59,0.068,1.214,0.196
6504,56.074615,5.932,4.582,0.056,1.083,0.211
6505,56.082927,6.067,4.631,0.077,1.055,0.304
6506,56.091661,5.768,4.601,0.059,0.774,0.334
6507,56.099414,6.218,4.583,0.079,1.374,0.182
6508,56.108253,5.719,4.736,0.078,0.714,0.191
6509,56.118634,5.561,4.656,0.057,0.655,0.193
6510,56.128721,5.5,4.598,0.078,0.63,0.194
6511,56.137043,6.739,4.681,1.079,0.756,0.223
6512,56.145409,6.798,4.666,0.13,1.717,0.285
6513,56.153683,6.872,4.61,0.068,1.898,0.296
6514,56.161947,6.852,4.643,0.087,1.938,0.184
6515,56.170695,6.428,4.609,0.063,1.558,0.198
6516,56.179518,6.909,4.605,0.084,1.071,1.149
6517,56.187876,6.589,4.609,0.081,1.047,0.852
6518,56.196653,5.966,4.626,0.092,0.641,0.607
6519,56.204147,6.729,4.604,0.075,1.522,0.528
6520,56.212706,6.571,4.594,0.078,1.313,0.586
6521,56.220905,6.785,4.647,0.1,1.38,0.658
6522,56.229446,6.477,4.634,0.064,1.195,0.584
6523,56.239909,6.047,4.615,0.071,0.596,0.765
6524,56.248094,6.119,4.609,0.061,0.751,0.698
6525,56.256145,6.507,4.602,0.065,1.043,0.797
6526,56.264788,6.059,4.629,0.091,0.693,0.646
6527,56.273186,6.182,4.617,0.075,0.649,0.841
6528,56.281579,6.002,4.616,0.071,0.634,0.681
6529,56.290299,6.158,4.581,0.078,0.576,0.923
6530,56.300366,6.054,4.599,0.091,0.544,0.82
6531,56.308596,6.051,4.576,0.064,0.686,0.725
6532,56.316591,6.33,4.586,0.062,1.013,0.669
6533,56.325169,6.091,4.621,0.069,0.732,0.669
6534,56.333446,6.115,4.629,0.069,0.774,0.643
6535,56.341827,6.288,4.599,0.085,0.757,0.847
6536,56.350143,6.127,4.696,0.077,0.678,0.676
6537,56.360478,6.064,4.613,0.065,0.573,0.813
6538,56.369074,6.013,4.604,0.088,0.611,0.71
6539,56.377546,6.375,4.615,0.064,0.979,0.717
6540,56.38546,6.723,4.632,0.072,1.378,0.641
6541,56.394352,6.466,4.596,0.118,0.822,0.93
6542,56.402187,6.795,4.591,0.08,1.358,0.766
6543,56.410737,6.532,4.595,0.078,1.143,0.716
6544,56.420763,6.015,4.596,0.073,0.662,0.684
6545,56.429861,6.039,4.628,0.063,0.631,0.717
6546,56.437436,6.665,4.634,0.066,1.377,0.588
6547,56.446539,6.236,4.624,0.043,0.722,0.847
6548,56.454558,6.442,4.589,0.065,1.072,0.716
6549,56.462385,6.956,4.623,0.072,1.542,0.719
6550,56.471022,6.597,4.634,0.072,1.234,0.657
6551,56.479722,6.277,4.582,0.078,0.917,0.7
6552,56.489496,6.075,4.616,0.075,0.653,0.731
6553,56.498425,6.13,4.634,0.046,0.554,0.896
6554,56.506411,6.279,4.631,0.057,0.907,0.684
6555,56.51461,6.402,4.583,0.06,1.087,0.672
6556,56.523058,6.302,4.606,0.07,0.951,0.675
6557,56.53158,6.079,4.572,0.061,0.797,0.649
6558,56.540201,6.21,4.64,0.09,0.799,0.681
6559,56.548099,6.674,4.61,0.08,1.285,0.699
6560,56.558698,6.248,4.594,0.064,0.911,0.679
6561,56.568454,5.978,4.6,0.077,0.646,0.655
6562,56.576887,6.186,4.65,0.102,0.77,0.664
6563,56.585312,6.176,4.617,0.087,0.819,0.653
6564,56.593556,6.201,4.602,0.072,0.933,0.594
6565,56.602561,5.924,4.596,0.073,0.537,0.718
6566,56.610448,6.302,4.623,0.062,0.963,0.654
6567,56.618971,6.125,4.637,0.091,0.746,0.651
6568,56.62732,6.124,4.641,0.082,0.74,0.661
6569,56.635416,6.441,4.637,0.073,0.982,0.749
6570,56.644192,6.214,4.577,0.065,0.695,0.877
6571,56.651827,6.524,4.659,0.093,1.294,0.478
6572,56.660702,6.252,4.58,0.082,0.848,0.742
6573,56.67141,6.052,4.64,0.068,0.551,0.793
6574,56.67933,6.327,4.576,0.073,1.028,0.65
6575,56.687861,6.127,4.621,0.091,0.776,0.639
6576,56.696291,6.088,4.615,0.076,0.696,0.701
6577,56.704403,6.242,4.646,0.083,0.88,0.633
6578,56.712816,6.206,4.644,0.092,0.793,0.677
6579,56.721179,6.153,4.658,0.082,0.759,0.654
6580,56.729364,6.307,4.605,0.081,0.966,0.655
6581,56.739447,6.104,4.62,0.072,0.757,0.655
6582,56.748109,6.064,4.636,0.075,0.647,0.706
6583,56.756055,6.412,4.632,0.074,1.041,0.665
6584,56.764614,6.137,4.611,0.069,0.839,0.618
6585,56.773616,6.108,4.581,0.066,0.807,0.654
6586,56.781189,6.888,4.618,0.081,1.528,0.661
6587,56.789625,6.733,4.621,0.087,1.407,0.618
6588,56.80035,6.209,4.612,0.089,0.596,0.912
6589,56.810318,5.99,4.655,0.09,0.546,0.699
6590,56.819159,5.978,4.645,0.057,0.567,0.709
6591,56.826726,6.472,4.559,0.105,1.395,0.413
6592,56.835081,6.545,4.595,0.098,1.33,0.522
6593,56.84489,6.432,4.627,0.072,0.816,0.917
6594,56.852226,7.295,4.605,0.081,1.839,0.77
6595,56.860635,7.197,4.526,0.08,1.828,0.763
6596,56.86906,7.247,4.591,0.073,1.684,0.899
6597,56.877448,7.105,4.623,0.075,1.599,0.808
6598,56.885521,7.337,4.617,0.084,1.838,0.798
6599,56.893487,7.339,4.595,0.066,2.25,0.428
6600,56.902699,7.042,4.547,0.214,1.308,0.973
6601,56.910343,7.154,4.656,0.102,1.988,0.408
6602,56.920897,6.24,4.603,0.157,0.91,0.57
6603,56.929435,5.978,4.638,0.079,0.787,0.474
6604,56.937739,6.409,4.568,0.09,0.92,0.831
6605,56.945995,6.203,4.625,0.072,0.944,0.562
6606,56.9543,6.439,4.631,0.059,0.968,0.781
6607,56.962658,6.276,4.583,0.05,0.987,0.656
6608,56.971221,6.144,4.597,0.059,0.744,0.744
6609,56.979242,6.486,4.527,0.057,1.126,0.776
6610,56.989831,6.027,4.636,0.069,0.651,0.671
6611,56.998231,5.917,4.517,0.058,0.709,0.633
6612,57.006556,5.935,4.523,0.051,0.706,0.655
6613,57.014566,6.186,4.495,0.051,1.06,0.58
6614,57.023534,6.191,4.514,0.054,0.744,0.879
6615,57.031081,6.548,4.541,0.135,1.454,0.418
6616,57.039536,6.447,4.528,0.078,1.376,0.465
6617,57.049845,5.98,4.572,0.092,0.822,0.494
6618,57.06017,5.843,4.584,0.084,0.683,0.492
6619,57.068606,5.786,4.508,0.069,0.709,0.5
6620,57.076724,5.974,4.513,0.111,0.883,0.467
6621,57.085218,5.959,4.484,0.122,0.749,0.604
6622,57.093487,6.081,4.525,0.092,0.945,0.519
6623,57.102049,5.947,4.536,0.105,0.697,0.609
6624,57.110327,5.915,4.529,0.104,0.769,0.513
6625,57.118859,5.76,4.481,0.114,0.717,0.448
6626,57.126942,6.254,4.591,0.12,0.943,0.6
6627,57.135466,6.092,4.603,0.167,0.832,0.49
6628,57.14382,6.518,4.614,0.108,0.876,0.92
6629,57.152493,6.315,4.609,0.091,0.895,0.72
6630,57.160754,6.407,4.577,0.074,1.012,0.744
6631,57.16913,6.273,4.592,0.1,0.927,0.654
6632,57.179249,6.135,4.619,0.07,0.622,0.824
6633,57.187745,6.146,4.619,0.113,0.769,0.645
6634,57.196082,6.347,4.612,0.082,0.812,0.841
6635,57.203984,6.569,4.641,0.068,1.217,0.643
6636,57.212743,6.278,4.58,0.087,0.849,0.762
6637,57.221068,6.213,4.625,0.093,0.797,0.698
6638,57.229324,6.362,4.613,0.078,0.903,0.768
6639,57.239858,6.324,4.632,0.124,0.816,0.752
6640,57.248241,6.277,4.613,0.07,0.837,0.757
6641,57.256215,6.53,4.626,0.093,1.173,0.638
6642,57.264958,6.224,4.633,0.096,0.752,0.743
6643,57.272934,6.499,4.633,0.092,1.111,0.663
6644,57.281287,6.596,4.608,0.08,1.129,0.779
6645,57.28962,6.409,4.593,0.077,1.148,0.591
6646,57.298171,6.324,4.576,0.079,0.95,0.719
6647,57.308652,6.146,4.647,0.089,0.814,0.596
6648,57.318736,5.993,4.58,0.082,0.632,0.699
6649,57.327045,5.992,4.634,0.084,0.647,0.627
6650,57.335294,6.326,4.595,0.085,0.888,0.758
6651,57.343515,6.27,4.672,0.067,0.928,0.603
6652,57.352145,6.184,4.618,0.101,0.731,0.734
6653,57.360701,6.225,4.63,0.065,0.925,0.605
6654,57.368887,6.502,4.648,0.087,1.052,0.715
6655,57.377113,6.527,4.632,0.079,1.173,0.643
6656,57.385392,6.617,4.613,0.058,1.252,0.694
6657,57.394082,6.3,4.609,0.083,0.896,0.712
6658,57.40253,6.336,4.608,0.076,0.951,0.701
6659,57.410993,6.17,4.625,0.085,0.797,0.663
6660,57.419328,6.222,4.632,0.088,0.79,0.712
6661,57.428945,5.927,4.62,0.075,0.792,0.44
6662,57.437588,6.342,4.662,0.069,0.868,0.743
6663,57.445855,6.3,4.646,0.093,0.93,0.631
6664,57.454357,6.314,4.624,0.09,0.842,0.758
6665,57.46242,6.434,4.62,0.067,1.129,0.618
6666,57.471325,6.12,4.627,0.099,0.608,0.786
6667,57.479181,6.497,4.601,0.078,1.133,0.685
6668,57.489881,6.109,4.623,0.094,0.661,0.731
6669,57.498239,6.065,4.644,0.075,0.692,0.654
6670,57.506304,6.361,4.595,0.079,1.016,0.671
6671,57.514745,6.158,4.633,0.073,0.862,0.59
6672,57.522858,6.374,4.622,0.075,1.098,0.579
6673,57.531361,6.272,4.621,0.107,0.905,0.639
6674,57.540055,6.242,4.586,0.078,0.805,0.773
6675,57.550299,5.921,4.64,0.067,0.625,0.589
6676,57.560429,5.976,4.618,0.064,0.591,0.703
6677,57.568758,5.993,4.624,0.076,0.69,0.603
6678,57.577205,6.179,4.617,0.06,0.777,0.725
6679,57.585222,6.382,4.631,0.075,1.076,0.6
6680,57.593576,6.473,4.61,0.062,1.078,0.723
6681,57.601894,6.353,4.639,0.105,1.035,0.574
6682,57.610663,6.173,4.618,0.103,0.808,0.644
6683,57.618762,6.265,4.597,0.093,1.073,0.502
6684,57.627439,6.122,4.628,0.063,0.71,0.721
6685,57.635262,6.514,4.629,0.082,1.217,0.586
6686,57.644315,6.256,4.629,0.09,0.803,0.734
6687,57.65235,6.421,4.62,0.089,1.125,0.587
6688,57.660659,6.511,4.577,0.064,1.192,0.678
6689,57.670775,6.082,4.61,0.095,0.672,0.705
6690,57.679228,6.249,4.604,0.068,0.854,0.723
6691,57.687383,6.096,4.612,0.065,1.021,0.398
6692,57.695796,6.282,4.636,0.085,0.919,0.642
6693,57.704333,5.98,4.602,0.082,0.767,0.529
6694,57.712459,6.334,4.633,0.14,0.869,0.692
6695,57.721915,6.393,4.614,0.104,0.756,0.919
6696,57.73176,6.121,4.631,0.095,0.626,0.769
6697,57.739599,6.601,4.58,0.076,1.195,0.75
6698,57.747804,6.715,4.625,0.096,1.258,0.736
6699,57.756537,6.257,4.569,0.071,0.933,0.684
6700,57.764375,6.802,4.656,0.074,1.345,0.727
6701,57.77314,6.343,4.595,0.087,0.969,0.692
6702,57.781577,6.315,4.591,0.077,0.871,0.776
6703,57.789808,6.445,4.605,0.092,0.946,0.802
6704,57.798294,6.243,4.607,0.1,0.783,0.753
6705,57.808766,6.057,4.651,0.082,0.625,0.699
6706,57.818678,6.096,4.598,0.099,0.626,0.773
6707,57.826992,6.085,4.648,0.126,0.632,0.679
6708,57.835177,6.141,4.575,0.09,0.883,0.593
6709,57.843581,6.161,4.588,0.066,0.827,0.68
6710,57.851996,6.128,4.631,0.08,0.703,0.714
6711,57.860199,6.176,4.59,0.076,0.875,0.635
6712,57.869049,6.043,4.613,0.092,0.619,0.719
6713,57.877624,5.897,4.593,0.069,0.655,0.58
6714,57.885479,6.561,4.61,0.07,1.12,0.761
6715,57.893959,6.307,4.592,0.085,0.985,0.645
6716,57.90213,6.533,4.633,0.078,1.114,0.708
6717,57.91051,6.393,4.613,0.067,1.087,0.626
6718,57.919397,6.816,4.614,0.068,1.201,0.933
6719,57.929234,6.385,4.621,0.056,0.849,0.859
6720,57.937211,6.363,4.608,0.082,1.217,0.456
6721,57.946024,6.123,4.653,0.078,0.835,0.557
6722,57.954275,6.273,4.59,0.059,0.984,0.64
6723,57.962264,6.533,4.644,0.073,1.269,0.547
6724,57.971383,6.136,4.634,0.051,0.805,0.646
6725,57.979356,6.395,4.633,0.076,1.17,0.516
6726,57.989637,6.156,4.588,0.047,0.66,0.861
6727,57.997815,5.977,4.629,0.047,0.772,0.529
6728,58.006212,6.071,4.618,0.083,0.72,0.65
6729,58.014325,6.171,4.624,0.073,0.934,0.54
6730,58.023046,5.925,4.614,0.062,0.641,0.608
6731,58.030969,6.319,4.609,0.067,1.063,0.58
6732,58.039729,5.933,4.58,0.063,0.662,0.628
6733,58.048248,6.063,4.625,0.064,0.828,0.546
6734,58.058481,5.82,4.617,0.05,0.584,0.569
6735,58.068459,5.783,4.636,0.049,0.577,0.521
6736,58.07676,5.88,4.642,0.086,0.607,0.545
6737,58.08522,5.916,4.629,0.082,0.553,0.652
6738,58.093465,5.898,4.633,0.05,0.632,0.583
6739,58.10187,5.945,4.63,0.072,0.63,0.613
6740,58.110263,6.05,4.621,0.072,0.793,0.564
6741,58.11893,5.857,4.613,0.064,0.606,0.574
6742,58.127958,6.094,4.609,0.067,0.825,0.593
6743,58.135445,6.762,4.635,0.052,1.648,0.427
6744,58.143615,7.123,4.623,0.05,1.824,0.626
6745,58.151921,7.15,4.626,0.058,1.847,0.619
6746,58.160474,6.882,4.588,0.048,1.664,0.582
6747,58.169109,6.596,4.614,0.076,1.34,0.566
6748,58.17889,5.952,4.67,0.09,0.695,0.497
6749,58.187196,5.771,4.638,0.074,0.754,0.305
6750,58.195706,5.767,4.673,0.084,0.818,0.192
6751,58.203551,6.304,4.627,0.109,1.29,0.278
6752,58.212179,5.967,4.635,0.128,0.945,0.259
6753,58.220901,5.567,4.62,0.126,0.636,0.185
6754,58.22909,5.733,4.629,0.139,0.711,0.254
6755,58.239047,5.521,4.658,0.076,0.594,0.193
6756,58.247743,5.531,4.624,0.132,0.609,0.166
6757,58.256194,6.241,4.64,0.082,1.309,0.21
6758,58.264296,6.608,4.651,0.108,1.515,0.334
6759,58.272648,6.422,4.609,0.092,1.551,0.17
6760,58.280787,6.77,4.663,0.077,1.696,0.334
6761,58.289593,6.274,4.611,0.118,1.215,0.33
6762,58.300756,5.764,4.673,0.09,0.65,0.351
6763,58.309831,5.631,4.617,0.084,0.75,0.18
6764,58.31835,5.53,4.637,0.073,0.586,0.234
6765,58.326532,5.674,4.598,0.062,0.812,0.202
6766,58.33478,5.761,4.628,0.09,0.868,0.175
6767,58.343291,5.741,4.613,0.092,0.872,0.164
6768,58.35148,5.902,4.642,0.065,0.989,0.206
6769,58.359907,5.786,4.644,0.077,0.891,0.174
6770,58.368568,5.511,4.645,0.09,0.62,0.156
6771,58.37644,5.967,4.61,0.066,1.113,0.178
6772,58.384969,5.772,4.652,0.087,0.868,0.165
6773,58.393604,5.486,4.59,0.066,0.632,0.198
6774,58.401592,5.884,4.643,0.067,0.929,0.245
6775,58.410674,5.469,4.587,0.077,0.624,0.181
6776,58.42074,5.519,4.635,0.079,0.636,0.169
6777,58.428883,5.691,4.589,0.064,0.865,0.173
6778,58.437139,5.815,4.616,0.089,0.907,0.203
6779,58.445373,5.871,4.642,0.061,0.998,0.17
6780,58.45388,5.742,4.604,0.075,0.858,0.205
6781,58.461949,5.982,4.631,0.082,1.098,0.171
6782,58.470346,5.914,4.63,0.091,1.033,0.16
6783,58.478969,5.619,4.599,0.075,0.773,0.172
6784,58.487735,5.483,4.626,0.089,0.612,0.156
6785,58.497489,5.473,4.587,0.11,0.623,0.153
6786,58.506062,5.712,4.624,0.086,0.796,0.206
6787,58.514137,5.97,4.593,0.076,1.09,0.211
6788,58.522563,5.834,4.599,0.07,0.988,0.177
6789,58.531119,5.721,4.63,0.057,0.736,0.298
6790,58.539212,5.911,4.622,0.088,0.983,0.218
6791,58.549883,5.687,4.624,0.097,0.794,0.172
6792,58.559906,5.568,4.635,0.083,0.592,0.258
6793,58.568429,5.581,4.644,0.069,0.56,0.308
6794,58.576457,5.781,4.6,0.045,0.912,0.224
6795,58.584791,5.774,4.6,0.079,0.908,0.187
6796,58.593198,5.729,4.667,0.078,0.773,0.211
6797,58.601754,5.907,4.628,0.142,0.791,0.346
6798,58.609812,6.117,4.684,0.146,1.0,0.287
6799,58.618304,5.948,4.601,0.096,0.989,0.262
6800,58.62681,5.699,4.619,0.077,0.811,0.192
6801,58.634922,5.908,4.637,0.094,1.014,0.163
6802,58.643516,5.672,4.643,0.065,0.769,0.195
6803,58.65153,5.996,4.59,0.063,1.139,0.204
6804,58.660686,5.52,4.602,0.09,0.652,0.176
6805,58.670938,5.69,4.629,0.098,0.635,0.328
6806,58.678773,6.096,4.635,0.073,1.144,0.244
6807,58.687275,5.944,4.631,0.087,0.979,0.247
6808,58.695294,6.21,4.606,0.069,1.316,0.219
6809,58.703922,5.919,4.63,0.075,1.0,0.214
6810,58.71194,6.201,4.644,0.079,1.301,0.177
6811,58.720219,6.265,4.652,0.069,1.346,0.198
6812,58.72914,5.806,4.608,0.062,0.802,0.334
6813,58.739267,5.841,4.629,0.094,0.775,0.343
6814,58.747803,5.533,4.627,0.085,0.641,0.18
6815,58.755863,5.86,4.641,0.085,0.899,0.235
6816,58.764272,5.793,4.631,0.115,0.822,0.225
6817,58.772627,5.872,4.626,0.08,0.832,0.334
6818,58.780655,6.029,4.59,0.083,1.172,0.184
6819,58.789508,5.624,4.581,0.066,0.663,0.314
6820,58.79995,5.51,4.584,0.087,0.616,0.223
6821,58.809855,5.61,4.652,0.082,0.637,0.239
6822,58.818464,5.703,4.602,0.074,0.798,0.229
6823,58.826458,6.019,4.594,0.06,1.146,0.219
6824,58.83476,6.029,4.626,0.098,1.14,0.165
6825,58.843069,6.08,4.634,0.08,1.164,0.202
6826,58.851658,5.788,4.585,0.06,0.957,0.186
6827,58.859672,6.149,4.579,0.059,1.283,0.228
6828,58.868627,5.605,4.59,0.049,0.755,0.211
6829,58.876383,6.161,4.618,0.062,1.306,0.175
6830,58.884951,5.949,4.646,0.074,1.047,0.182
6831,58.893974,5.486,4.584,0.052,0.648,0.202
6832,58.901658,6.132,4.592,0.089,1.295,0.156
6833,58.910698,5.569,4.624,0.089,0.661,0.195
6834,58.920299,5.52,4.629,0.091,0.635,0.165
6835,58.927122,7.059,4.658,0.085,2.121,0.195
6836,58.936956,5.53,4.632,0.078,0.644,0.176
6837,58.945422,5.461,4.593,0.055,0.603,0.21
6838,58.953837,5.74,4.64,0.09,0.838,0.172
6839,58.961987,5.925,4.634,0.08,1.026,0.185
6840,58.970541,5.7,4.606,0.069,0.83,0.195
6841,58.978742,5.835,4.634,0.079,0.937,0.185
6842,58.989472,5.717,4.589,0.066,0.854,0.208
6843,58.997515,5.977,4.587,0.063,1.143,0.184
6844,59.005683,6.185,4.625,0.083,1.275,0.202
6845,59.014055,6.122,4.616,0.084,1.236,0.186
6846,59.02265,5.825,4.56,0.061,1.032,0.172
6847,59.03055,6.279,4.597,0.059,1.435,0.188
6848,59.039249,5.903,4.63,0.08,1.027,0.166
6849,59.049536,5.716,4.581,0.077,0.871,0.187
6850,59.059854,5.84,4.663,0.091,0.893,0.193
6851,59.068216,5.775,4.631,0.082,0.901,0.161
6852,59.076345,5.981,4.639,0.067,1.101,0.174
6853,59.084638,6.034,4.588,0.059,1.19,0.197
6854,59.093077,5.945,4.619,0.072,1.054,0.2
6855,59.101451,5.865,4.607,0.062,1.025,0.171
6856,59.110152,5.725,4.625,0.087,0.787,0.226
6857,59.118201,5.973,4.607,0.079,1.092,0.195
6858,59.12719,5.737,4.585,0.088,0.852,0.212
6859,59.135315,6.099,4.647,0.074,1.002,0.376
6860,59.143087,6.504,4.615,0.079,1.596,0.214
6861,59.151735,6.163,4.636,0.081,1.26,0.186
6862,59.160279,5.999,4.672,0.118,0.972,0.237
6863,59.170609,5.535,4.594,0.08,0.64,0.221
6864,59.178847,5.719,4.655,0.082,0.791,0.191
6865,59.186937,5.972,4.627,0.08,1.069,0.196
6866,59.195281,5.938,4.635,0.096,1.048,0.159
6867,59.203706,5.839,4.634,0.083,0.955,0.167
6868,59.212387,5.559,4.659,0.072,0.624,0.204
6869,59.220858,5.481,4.65,0.073,0.571,0.187
6870,59.228853,5.813,4.543,0.077,1.016,0.177
6871,59.237867,5.349,4.541,0.087,0.55,0.171
6872,59.247234,5.3,4.533,0.073,0.527,0.167
6873,59.255982,5.356,4.547,0.08,0.536,0.193
6874,59.264052,5.613,4.508,0.089,0.84,0.176
6875,59.272643,5.51,4.505,0.083,0.612,0.31
6876,59.280913,5.605,4.555,0.09,0.624,0.336
6877,59.289246,5.477,4.525,0.08,0.65,0.222
6878,59.297671,5.355,4.494,0.074,0.593,0.194
6879,59.307838,5.461,4.633,0.079,0.545,0.204
6880,59.316426,5.369,4.565,0.069,0.543,0.192
6881,59.324473,5.646,4.534,0.064,0.858,0.19
6882,59.333039,5.422,4.537,0.068,0.625,0.192
6883,59.341498,5.334,4.529,0.056,0.552,0.197
6884,59.349792,5.383,4.547,0.083,0.585,0.168
6885,59.359725,5.827,4.612,0.08,0.93,0.205
6886,59.368559,5.356,4.516,0.064,0.583,0.193
6887,59.376584,5.66,4.515,0.064,0.893,0.188
6888,59.384873,5.704,4.65,0.075,0.805,0.174
6889,59.393511,5.502,4.641,0.06,0.598,0.203
6890,59.401654,5.698,4.6,0.079,0.842,0.177
6891,59.410105,5.645,4.605,0.062,0.72,0.258
6892,59.418654,5.464,4.608,0.078,0.592,0.186
6893,59.42876,5.642,4.619,0.07,0.598,0.355
6894,59.437009,5.582,4.633,0.056,0.676,0.217
6895,59.445472,5.446,4.603,0.057,0.585,0.201
6896,59.454146,5.66,4.622,0.109,0.613,0.316
6897,59.462432,5.63,4.67,0.089,0.612,0.259
6898,59.470832,5.581,4.671,0.104,0.605,0.201
6899,59.478999,5.879,4.661,0.062,0.796,0.36
6900,59.48898,5.431,4.637,0.071,0.537,0.186
6901,59.497592,5.608,4.633,0.091,0.701,0.183
6902,59.50601,5.547,4.638,0.079,0.645,0.185
6903,59.514063,5.934,4.601,0.082,0.971,0.28
6904,59.522571,5.68,4.599,0.063,0.795,0.223
6905,59.530541,6.012,4.61,0.088,1.147,0.167
6906,59.539304,5.715,4.693,0.056,0.631,0.335
6907,59.548198,5.561,4.66,0.066,0.605,0.23
6908,59.558306,5.685,4.626,0.113,0.672,0.274
6909,59.566383,6.04,4.661,0.071,0.923,0.385
6910,59.574775,5.768,4.628,0.091,0.891,0.158
6911,59.583216,5.939,4.632,0.087,0.843,0.377
6912,59.591232,6.115,4.609,0.093,1.179,0.234
6913,59.599835,5.792,4.679,0.078,0.844,0.191
6914,59.609843,5.869,4.692,0.098,0.85,0.229
6915,59.618513,5.528,4.599,0.07,0.657,0.202
6916,59.627314,5.663,4.644,0.056,0.757,0.206
6917,59.635216,6.11,4.635,0.073,1.202,0.2
6918,59.644101,6.577,4.563,0.082,0.803,1.129
6919,59.652213,6.351,4.637,0.073,0.945,0.696
6920,59.660432,6.435,4.622,0.065,1.076,0.672
6921,59.669087,6.186,4.644,0.045,0.785,0.712
6922,59.67732,6.202,4.616,0.054,0.912,0.62
6923,59.687126,6.174,4.592,0.062,0.859,0.661
6924,59.695977,6.015,4.636,0.083,0.649,0.647
6925,59.704565,5.864,4.6,0.047,0.673,0.544
6926,59.71264,6.367,4.574,0.061,0.967,0.765
6927,59.721489,5.788,4.624,0.047,0.557,0.56
6928,59.729075,6.654,4.621,0.071,1.308,0.654
6929,59.739569,6.093,4.625,0.066,0.85,0.552
6930,59.748088,5.97,4.665,0.081,0.621,0.603
6931,59.756123,6.253,4.616,0.044,0.972,0.621
6932,59.76433,6.177,4.597,0.043,1.117,0.42
6933,59.77274,6.36,4.709,0.081,0.932,0.638
6934,59.7812,6.292,4.622,0.041,0.892,0.737
6935,59.789684,5.953,4.611,0.061,0.753,0.528
6936,59.799859,5.969,4.626,0.076,0.631,0.636
6937,59.808346,5.86,4.651,0.067,0.623,0.519
6938,59.817058,6.042,4.619,0.06,0.627,0.736
6939,59.824861,6.369,4.654,0.069,1.123,0.523
6940,59.833534,6.088,4.584,0.048,0.849,0.607
6941,59.841427,6.453,4.644,0.046,1.23,0.533
6942,59.850136,6.188,4.626,0.063,0.872,0.627
6943,59.860559,5.849,4.579,0.046,0.589,0.635
6944,59.868927,6.044,4.653,0.077,0.673,0.641
6945,59.877242,5.942,4.646,0.08,0.702,0.514
6946,59.885297,6.337,4.611,0.085,1.013,0.628
6947,59.893728,6.135,4.62,0.069,0.905,0.541
6948,59.902317,5.888,4.625,0.077,0.657,0.529
6949,59.910496,6.221,4.574,0.033,0.866,0.748
6950,59.919217,6.243,4.607,0.063,0.818,0.755
6951,59.929037,5.979,4.652,0.067,0.654,0.606
6952,59.937423,5.838,4.605,0.048,0.646,0.539
6953,59.946078,5.902,4.633,0.072,0.625,0.572
6954,59.954609,5.861,4.591,0.047,0.614,0.609
6955,59.962678,6.135,4.594,0.062,0.879,0.6
6956,59.970644,6.461,4.582,0.051,1.258,0.57
6957,59.979257,6.141,4.63,0.059,0.928,0.524
6958,59.989703,5.941,4.587,0.068,0.641,0.645
6959,59.997442,6.361,4.597,0.048,1.224,0.492
6960,60.006419,5.818,4.613,0.051,0.566,0.588
6961,60.01504,6.214,4.61,0.082,0.66,0.862
6962,60.022826,6.566,4.631,0.057,1.181,0.697
6963,60.031716,5.988,4.638,0.081,0.708,0.561
6964,60.039782,6.293,4.595,0.064,1.019,0.615
6965,60.049888,5.874,4.634,0.074,0.604,0.562
6966,60.058572,6.111,4.603,0.034,0.747,0.727
6967,60.066685,6.346,4.607,0.061,0.963,0.715
6968,60.074941,6.316,4.689,0.067,0.956,0.604
6969,60.083187,6.369,4.645,0.077,1.086,0.561
6970,60.09179,6.139,4.639,0.084,0.825,0.591
6971,60.099995,6.25,4.622,0.074,0.968,0.586
6972,60.109094,5.948,4.594,0.086,0.588,0.68
6973,60.118478,6.123,4.603,0.171,0.827,0.522
6974,60.1272,6.021,4.741,0.08,0.586,0.614
6975,60.135107,6.448,4.601,0.12,1.123,0.604
6976,60.144012,6.23,4.558,0.086,0.894,0.692
6977,60.151988,6.382,4.646,0.088,1.167,0.481
6978,60.160681,6.317,4.608,0.094,0.845,0.77
6979,60.171219,6.192,4.664,0.055,0.802,0.671
6980,60.17917,6.544,4.614,0.146,1.123,0.661
6981,60.188003,5.997,4.623,0.082,0.719,0.573
6982,60.196046,6.323,4.612,0.076,1.027,0.608
6983,60.204142,6.451,4.623,0.075,1.25,0.503
6984,60.212378,6.45,4.577,0.11,1.371,0.392
6985,60.221376,6.497,4.651,0.068,0.862,0.916
6986,60.22954,6.582,4.597,0.095,1.071,0.819
6987,60.239595,6.12,4.562,0.106,0.904,0.548
6988,60.249859,6.338,4.622,0.147,1.003,0.566
6989,60.258478,6.337,4.611,0.113,0.849,0.764
6990,60.26676,6.474,4.617,0.122,0.887,0.848
6991,60.275126,6.384,4.609,0.105,0.872,0.798
6992,60.283075,6.499,4.621,0.115,1.239,0.524
6993,60.291356,6.474,4.552,0.149,1.34,0.433
6994,60.300026,6.121,4.593,0.137,0.969,0.422
6995,60.307997,6.509,4.613,0.125,1.326,0.445
6996,60.31648,6.363,4.595,0.099,1.214,0.455
6997,60.32475,6.452,4.588,0.093,1.289,0.482
6998,60.333463,6.053,4.58,0.088,0.93,0.455
6999,60.341282,6.576,4.608,0.149,1.354,0.465
7000,60.350012,6.255,4.595,0.118,1.009,0.533
7001,60.358965,5.943,4.609,0.14,0.865,0.329
7002,60.368273,5.893,4.657,0.085,0.799,0.352
7003,60.376981,5.663,4.584,0.076,0.76,0.243
7004,60.384799,6.113,4.582,0.09,1.28,0.161
7005,60.393178,6.164,4.569,0.148,1.187,0.26
7006,60.40157,6.1,4.586,0.279,0.981,0.254
7007,60.410274,6.302,4.658,0.217,1.166,0.261
7008,60.4183,6.603,4.643,0.102,1.611,0.247
7009,60.427025,6.184,4.641,0.097,1.222,0.224
7010,60.437264,5.58,4.626,0.086,0.669,0.199
7011,60.445751,5.531,4.492,0.086,0.737,0.216
7012,60.453914,5.663,4.563,0.087,0.834,0.179
7013,60.462333,5.557,4.518,0.09,0.788,0.161
7014,60.470503,5.786,4.53,0.062,0.946,0.248
7015,60.478858,5.727,4.532,0.076,0.92,0.199
7016,60.489162,5.612,4.682,0.095,0.657,0.178
7017,60.498323,5.368,4.502,0.083,0.606,0.177
7018,60.505895,6.127,4.545,0.113,1.301,0.168
7019,60.514284,6.081,4.513,0.082,1.299,0.187
7020,60.522451,6.248,4.534,0.059,1.442,0.213
7021,60.530925,6.098,4.553,0.077,1.279,0.189
7022,60.539204,6.13,4.547,0.067,1.344,0.172
7023,60.549517,5.541,4.615,0.075,0.67,0.181
7024,60.557768,5.63,4.565,0.083,0.8,0.182
7025,60.566144,5.589,4.534,0.082,0.789,0.184
7026,60.574666,5.528,4.509,0.052,0.755,0.212
7027,60.582746,5.778,4.641,0.08,0.875,0.182
7028,60.5917,5.513,4.662,0.079,0.598,0.174
7029,60.599563,5.99,4.622,0.047,1.111,0.21
7030,60.608279,5.696,4.658,0.081,0.785,0.172
7031,60.618201,5.769,4.65,0.083,0.871,0.165
7032,60.626612,5.804,4.594,0.053,0.923,0.234
7033,60.634955,5.764,4.702,0.078,0.794,0.19
7034,60.64306,6.025,4.608,0.091,1.127,0.199
7035,60.651276,6.103,4.646,0.103,1.186,0.168
7036,60.659874,5.857,4.661,0.09,0.909,0.197
7037,60.668557,5.841,4.601,0.098,0.897,0.245
7038,60.677151,5.755,4.64,0.094,0.765,0.256
7039,60.686991,5.716,4.64,0.078,0.803,0.195
7040,60.697291,5.486,4.629,0.076,0.605,0.176
7041,60.705698,5.731,4.643,0.09,0.831,0.167
7042,60.714112,5.684,4.592,0.08,0.806,0.206
7043,60.722404,5.708,4.62,0.062,0.819,0.207
7044,60.730802,5.655,4.635,0.083,0.74,0.197
7045,60.739129,5.705,4.642,0.09,0.807,0.166
7046,60.747613,5.667,4.612,0.085,0.781,0.189
7047,60.755771,5.862,4.659,0.079,0.915,0.209
7048,60.764662,5.554,4.635,0.084,0.655,0.18
7049,60.772518,6.1,4.638,0.075,1.199,0.188
7050,60.780846,6.162,4.648,0.085,1.194,0.235
7051,60.789354,5.928,4.645,0.085,1.016,0.182
7052,60.799922,5.801,4.672,0.071,0.849,0.209
7053,60.807757,6.269,4.623,0.082,1.4,0.164
7054,60.816455,5.939,4.615,0.075,1.043,0.206
7055,60.824238,6.482,4.625,0.092,1.57,0.195
7056,60.83284,6.204,4.631,0.075,1.307,0.191
7057,60.841404,5.988,4.619,0.068,1.09,0.211
7058,60.849509,6.205,4.635,0.08,1.301,0.189
7059,60.858242,5.79,4.643,0.102,0.876,0.169
7060,60.868295,5.741,4.645,0.079,0.829,0.188
7061,60.876754,5.761,4.631,0.087,0.86,0.183
7062,60.885021,5.825,4.535,0.078,1.024,0.188
7063,60.893147,6.048,4.502,0.08,1.265,0.201
7064,60.90166,5.835,4.509,0.067,1.073,0.186
7065,60.909994,5.997,4.561,0.079,1.025,0.332
7066,60.918348,5.864,4.541,0.09,1.013,0.22
7067,60.929001,5.624,4.628,0.075,0.72,0.201
7068,60.939162,5.605,4.634,0.074,0.705,0.192
7069,60.947658,5.459,4.519,0.078,0.684,0.178
7070,60.955534,5.882,4.507,0.062,1.153,0.16
7071,60.964033,5.748,4.505,0.09,0.98,0.173
7072,60.972406,5.71,4.567,0.067,0.889,0.187
7073,60.980634,5.804,4.51,0.077,1.049,0.168
7074,60.989098,5.68,4.538,0.073,0.891,0.178
7075,60.998271,5.628,4.545,0.07,0.823,0.19
7076,61.005721,6.507,4.496,0.082,1.756,0.173
7077,61.014247,6.298,4.523,0.09,1.53,0.155
7078,61.022541,6.349,4.495,0.055,1.603,0.196
7079,61.030853,6.373,4.522,0.076,1.6,0.175
7080,61.039305,6.239,4.622,0.077,1.382,0.158
7081,61.047711,6.189,4.669,0.101,1.231,0.188
7082,61.058027,5.718,4.635,0.076,0.829,0.178
7083,61.066156,5.911,4.636,0.084,1.033,0.158
7084,61.0747,5.727,4.647,0.08,0.825,0.175
7085,61.082702,6.053,4.598,0.085,1.209,0.161
7086,61.091761,5.777,4.629,0.09,0.879,0.179
7087,61.099311,6.549,4.645,0.076,1.659,0.169
7088,61.107995,6.202,4.625,0.093,1.313,0.171
7089,61.118396,5.716,4.625,0.084,0.859,0.148
7090,61.126504,5.971,4.625,0.062,1.088,0.196
7091,61.134901,5.891,4.645,0.078,1.005,0.163
7092,61.143168,5.998,4.632,0.083,1.082,0.201
7093,61.151577,5.886,4.612,0.066,1.025,0.183
7094,61.159775,6.032,4.624,0.073,1.153,0.182
7095,61.168646,5.87,4.605,0.093,0.846,0.326
7096,61.178691,5.639,4.636,0.101,0.706,0.196
7097,61.18727,5.933,4.646,0.078,0.875,0.334
7098,61.19733,5.756,4.599,0.072,0.879,0.206
7099,61.205753,5.704,4.65,0.081,0.799,0.174
7100,61.213806,5.981,4.657,0.083,1.073,0.168
7101,61.222527,5.665,4.595,0.075,0.816,0.179
7102,61.230694,5.831,4.635,0.077,0.946,0.173
7103,61.239338,5.653,4.621,0.06,0.791,0.181
7104,61.24794,5.664,4.639,0.069,0.778,0.178
7105,61.255959,5.986,4.641,0.089,1.082,0.174
7106,61.264051,6.258,4.603,0.088,1.366,0.201
7107,61.272619,6.055,4.626,0.104,1.095,0.23
7108,61.280974,6.007,4.654,0.074,1.066,0.213
7109,61.289186,6.125,4.6,0.073,1.238,0.214
7110,61.299621,5.745,4.621,0.071,0.857,0.196
7111,61.308026,5.765,4.642,0.071,0.837,0.215
7112,61.316017,6.093,4.649,0.07,1.177,0.197
7113,61.324562,5.887,4.586,0.064,1.024,0.213
7114,61.332992,5.783,4.51,0.074,1.005,0.194
7115,61.341574,5.697,4.541,0.074,0.889,0.193
7116,61.349697,5.891,4.499,0.058,1.139,0.195
7117,61.359763,5.714,4.643,0.079,0.825,0.167
7118,61.368411,5.662,4.557,0.07,0.838,0.197
7119,61.377053,5.663,4.57,0.095,0.79,0.208
7120,61.385334,5.672,4.544,0.076,0.88,0.172
7121,61.393161,6.183,4.577,0.061,1.35,0.195
7122,61.401861,5.812,4.6,0.084,0.958,0.17
7123,61.409811,6.197,4.584,0.08,1.359,0.174
7124,61.418445,5.897,4.555,0.068,1.091,0.183
7125,61.427086,5.654,4.538,0.081,0.801,0.234
7126,61.437159,5.607,4.589,0.11,0.73,0.178
7127,61.447502,5.777,4.616,0.192,0.769,0.2
7128,61.455752,5.859,4.552,0.075,1.035,0.197
7129,61.464116,5.839,4.542,0.082,1.015,0.2
7130,61.472538,5.777,4.53,0.079,0.94,0.228
7131,61.480852,5.767,4.539,0.092,0.952,0.184
7132,61.489098,5.861,4.639,0.086,0.938,0.198
7133,61.497444,5.828,4.607,0.054,0.954,0.213
7134,61.505974,5.799,4.664,0.081,0.87,0.184
7135,61.514094,5.992,4.656,0.081,1.093,0.162
7136,61.522477,5.991,4.59,0.063,1.107,0.231
7137,61.530941,5.843,4.658,0.079,0.912,0.194
7138,61.539281,5.814,4.616,0.095,0.944,0.159
7139,61.549429,5.703,4.59,0.067,0.845,0.201
7140,61.558385,5.631,4.609,0.055,0.78,0.187
7141,61.566457,5.903,4.624,0.045,1.028,0.206
7142,61.575065,5.792,4.642,0.08,0.856,0.214
7143,61.582677,6.488,4.645,0.066,1.577,0.2
7144,61.591264,6.216,4.614,0.082,1.356,0.164
7145,61.599709,6.118,4.638,0.065,1.222,0.193
7146,61.609824,5.746,4.632,0.078,0.849,0.187
7147,61.618131,5.753,4.627,0.08,0.881,0.165
7148,61.626872,5.64,4.624,0.087,0.738,0.191
7149,61.63478,6.043,4.526,0.064,1.26,0.193
7150,61.643326,5.823,4.524,0.079,1.043,0.177
7151,61.652219,5.706,4.546,0.063,0.895,0.202
7152,61.659711,6.532,4.506,0.069,1.774,0.183
7153,61.668594,5.99,4.497,0.08,1.228,0.185
7154,61.678494,5.706,4.623,0.059,0.774,0.25
7155,61.686922,5.566,4.526,0.075,0.774,0.191
7156,61.695381,5.426,4.529,0.072,0.649,0.176
7157,61.703844,5.504,4.532,0.068,0.707,0.197
7158,61.712099,5.624,4.559,0.069,0.758,0.238
7159,61.720466,5.552,4.519,0.078,0.762,0.193
7160,61.728985,5.495,4.532,0.087,0.646,0.23
7161,61.737507,5.472,4.499,0.061,0.675,0.237
7162,61.747731,5.588,4.622,0.079,0.685,0.202
7163,61.755665,5.977,4.512,0.062,1.185,0.218
7164,61.764165,5.788,4.538,0.072,0.995,0.183
7165,61.772606,5.705,4.501,0.071,0.923,0.21
7166,61.780703,5.968,4.489,0.076,1.177,0.226
7167,61.789128,5.861,4.599,0.07,0.976,0.216
7168,61.797772,5.559,4.619,0.075,0.646,0.219
7169,61.807951,5.702,4.625,0.066,0.815,0.196
7170,61.816167,5.815,4.627,0.086,0.934,0.168
7171,61.824753,5.608,4.631,0.092,0.676,0.209
7172,61.832756,5.906,4.62,0.065,1.015,0.206
7173,61.841068,5.92,4.58,0.078,1.079,0.183
7174,61.849621,5.706,4.585,0.068,0.848,0.205
7175,61.858197,5.504,4.625,0.079,0.636,0.164
7176,61.86813,5.649,4.624,0.068,0.773,0.184
7177,61.876813,5.706,4.609,0.076,0.805,0.216
7178,61.885228,5.762,4.595,0.067,0.894,0.206
7179,61.893372,5.956,4.627,0.062,1.051,0.216
7180,61.902273,5.495,4.641,0.088,0.604,0.162
7181,61.910078,6.021,4.608,0.063,1.164,0.186
7182,61.920153,5.707,4.63,0.097,0.812,0.168
7183,61.928803,5.741,4.63,0.08,0.815,0.216
7184,61.937329,5.499,4.635,0.05,0.613,0.201
7185,61.945106,6.051,4.608,0.064,1.2,0.179
7186,61.953883,5.628,4.605,0.064,0.768,0.191
7187,61.96171,6.136,4.61,0.064,1.275,0.187
7188,61.970431,5.777,4.591,0.068,0.903,0.215
7189,61.978755,5.808,4.62,0.072,0.882,0.234
7190,61.987098,5.8,4.644,0.11,0.83,0.216
7191,61.99775,5.472,4.622,0.08,0.57,0.2
7192,62.005706,5.819,4.627,0.06,0.944,0.188
7193,62.014665,5.516,4.622,0.058,0.631,0.205
7194,62.022296,6.215,4.632,0.075,1.322,0.186
7195,62.030852,6.036,4.601,0.062,1.132,0.241
7196,62.039228,5.963,4.605,0.065,1.087,0.206
7197,62.047687,5.823,4.617,0.058,0.948,0.2
7198,62.057991,5.52,4.621,0.057,0.631,0.211
7199,62.066191,5.65,4.613,0.061,0.769,0.207
7200,62.074573,5.575,4.607,0.061,0.723,0.184
7201,62.083213,5.433,4.545,0.071,0.578,0.239
7202,62.091161,5.766,4.54,0.056,0.965,0.205
7203,62.09974,5.505,4.514,0.061,0.743,0.187
7204,62.109848,5.543,4.627,0.056,0.666,0.194
7205,62.118706,5.739,4.482,0.073,0.741,0.443
7206,62.126514,6.042,4.49,0.063,1.253,0.236
7207,62.135429,5.546,4.518,0.046,0.752,0.23
7208,62.143515,5.797,4.512,0.051,1.008,0.226
7209,62.152168,5.516,4.527,0.072,0.691,0.226
7210,62.159812,6.181,4.524,0.064,1.383,0.21
7211,62.168503,5.808,4.491,0.055,1.058,0.204
7212,62.178542,5.526,4.589,0.059,0.655,0.223
7213,62.187137,5.561,4.525,0.069,0.764,0.203
7214,62.195137,5.887,4.527,0.063,1.096,0.201
7215,62.203839,5.529,4.512,0.064,0.75,0.203
7216,62.212176,5.791,4.536,0.06,0.99,0.205
7217,62.220281,6.006,4.562,0.067,1.192,0.185
7218,62.22885,5.787,4.503,0.068,1.021,0.195
7219,62.238953,5.686,4.646,0.081,0.746,0.213
7220,62.247558,5.739,4.611,0.075,0.863,0.19
7221,62.256026,5.752,4.608,0.066,0.867,0.211
7222,62.264086,6.032,4.628,0.061,1.122,0.221
7223,62.272556,5.874,4.608,0.078,1.004,0.184
7224,62.280666,6.107,4.609,0.073,1.229,0.196
7225,62.289052,6.006,4.61,0.056,1.173,0.167
7226,62.297968,5.727,4.621,0.073,0.84,0.193
7227,62.308303,5.479,4.622,0.053,0.614,0.19
7228,62.316285,5.831,4.621,0.089,0.964,0.157
7229,62.324369,6.099,4.601,0.055,1.238,0.205
7230,62.332946,5.858,4.618,0.067,0.977,0.196
7231,62.341345,5.776,4.646,0.052,0.881,0.197
7232,62.349509,5.958,4.61,0.05,1.086,0.212
7233,62.35819,5.601,4.656,0.055,0.69,0.2
7234,62.36793,5.728,4.673,0.067,0.798,0.19
7235,62.376765,6.107,4.605,0.069,1.247,0.186
7236,62.384686,6.516,4.651,0.092,1.612,0.161
7237,62.393375,6.212,4.588,0.065,1.32,0.239
7238,62.402319,5.671,4.62,0.059,0.797,0.195
7239,62.409959,6.376,4.622,0.07,1.49,0.194
7240,62.418609,6.05,4.614,0.067,1.18,0.189
7241,62.429893,6.936,4.567,0.074,0.763,1.532
7242,62.439725,6.405,4.636,0.068,0.812,0.889
7243,62.448244,6.202,4.617,0.089,0.85,0.646
7244,62.455908,6.767,4.618,0.058,1.52,0.571
7245,62.464813,6.331,4.639,0.144,0.854,0.694
7246,62.472692,6.639,4.672,0.073,1.348,0.546
7247,62.481154,6.739,4.619,0.067,1.276,0.777
7248,62.489689,6.377,4.624,0.078,1.065,0.61
7249,62.498176,6.271,4.605,0.06,0.935,0.671
7250,62.506044,6.636,4.626,0.066,1.377,0.567
7251,62.514479,6.456,4.583,0.048,1.314,0.511
7252,62.522704,6.638,4.641,0.073,1.366,0.558
7253,62.531265,6.495,4.535,0.074,1.248,0.638
7254,62.53921,6.818,4.532,0.056,1.637,0.593
7255,62.548043,6.334,4.524,0.056,1.146,0.608
7256,62.558864,5.838,4.638,0.063,0.548,0.589
7257,62.56638,6.555,4.526,0.069,1.473,0.487
7258,62.574883,6.409,4.562,0.071,1.267,0.509
7259,62.583303,6.216,4.521,0.059,1.224,0.412
7260,62.591632,6.461,4.497,0.046,1.247,0.671
7261,62.600024,6.265,4.535,0.071,1.156,0.503
7262,62.610652,5.88,4.599,0.077,0.619,0.585
7263,62.618541,6.264,4.503,0.046,1.154,0.561
7264,62.627088,6.033,4.529,0.091,0.918,0.495
7265,62.635565,5.987,4.489,0.047,0.816,0.635
7266,62.643585,6.211,4.486,0.045,1.132,0.548
7267,62.65251,5.801,4.501,0.057,0.584,0.659
7268,62.660734,6.052,4.503,0.076,0.7,0.773
7269,62.671134,6.361,4.623,0.071,0.937,0.73
7270,62.681216,6.146,4.625,0.093,0.589,0.839
7271,62.689474,6.031,4.572,0.051,0.712,0.696
7272,62.697751,6.002,4.621,0.065,0.718,0.598
7273,62.705992,6.158,4.623,0.078,0.814,0.643
7274,62.714217,6.143,4.618,0.067,0.924,0.534
7275,62.722947,6.401,4.608,0.106,0.779,0.908
7276,62.731145,6.21,4.586,0.092,0.944,0.588
7277,62.739372,6.361,4.627,0.054,1.008,0.672
7278,62.74796,6.099,4.626,0.083,0.755,0.635
7279,62.75636,6.04,4.622,0.045,0.689,0.684
7280,62.764457,6.157,4.598,0.045,0.952,0.562
7281,62.772881,6.099,4.619,0.073,0.845,0.562
7282,62.781104,6.332,4.625,0.082,0.949,0.676
7283,62.789284,6.337,4.633,0.057,1.089,0.558
7284,62.798121,5.952,4.614,0.042,0.603,0.693
7285,62.808479,5.815,4.59,0.048,0.578,0.599
7286,62.816394,6.138,4.677,0.042,0.902,0.517
7287,62.824927,5.984,4.656,0.068,0.731,0.529
7288,62.833681,6.057,4.593,0.076,0.649,0.739
7289,62.841672,6.241,4.63,0.114,0.927,0.57
7290,62.850128,6.129,4.643,0.068,0.818,0.6
7291,62.86011,6.106,4.642,0.131,0.625,0.708
7292,62.868759,5.872,4.639,0.077,0.553,0.603
7293,62.877325,5.987,4.57,0.065,0.599,0.753
7294,62.885986,6.336,4.581,0.085,0.857,0.813
7295,62.893923,6.599,4.613,0.08,1.23,0.676
7296,62.902128,6.584,4.61,0.079,1.364,0.531
7297,62.90986,6.945,4.673,0.079,1.899,0.294
7298,62.918506,6.563,4.59,0.058,1.671,0.244
7299,62.928879,5.723,4.638,0.08,0.794,0.211
7300,62.938974,5.806,4.658,0.082,0.844,0.222
7301,62.947757,5.75,4.62,0.079,0.84,0.211
7302,62.955568,6.276,4.593,0.05,1.389,0.244
7303,62.963923,6.25,4.585,0.06,1.376,0.229
7304,62.972347,6.147,4.624,0.055,1.243,0.225
7305,62.980629,6.226,4.616,0.078,1.309,0.223
7306,62.989255,5.902,4.608,0.075,1.023,0.196
7307,62.997702,5.797,4.634,0.086,0.873,0.204
7308,63.00558,6.247,4.588,0.066,1.384,0.209
7309,63.014088,6.052,4.597,0.079,1.198,0.178
7310,63.022539,5.945,4.628,0.099,1.024,0.194
7311,63.030694,6.112,4.611,0.077,1.245,0.179
7312,63.039082,6.1,4.643,0.082,1.16,0.215
7313,63.049909,5.768,4.654,0.084,0.825,0.205
7314,63.058039,5.987,4.598,0.064,1.089,0.236
7315,63.066338,5.997,4.597,0.052,1.126,0.222
7316,63.074445,6.218,4.617,0.057,1.327,0.217
7317,63.083032,6.0,4.588,0.072,1.104,0.236
7318,63.091063,6.278,4.633,0.083,1.359,0.203
7319,63.099414,6.257,4.6,0.053,1.376,0.228
7320,63.108098,5.899,4.656,0.072,0.969,0.202
7321,63.118895,5.636,4.626,0.065,0.738,0.207
7322,63.126725,6.156,4.654,0.086,1.208,0.208
7323,63.135532,5.665,4.52,0.074,0.871,0.2
7324,63.143066,6.469,4.537,0.075,1.651,0.206
7325,63.151676,6.177,4.5,0.075,1.418,0.184
7326,63.160338,5.993,4.541,0.078,1.046,0.328
7327,63.168427,6.102,4.588,0.071,1.238,0.205
7328,63.178595,5.565,4.666,0.096,0.635,0.168
7329,63.189057,5.603,4.642,0.078,0.657,0.226
7330,63.197561,5.411,4.508,0.059,0.642,0.202
7331,63.205556,5.74,4.487,0.052,1.001,0.2
7332,63.213869,5.755,4.503,0.076,1.003,0.173
7333,63.222242,5.711,4.509,0.072,0.959,0.171
7334,63.23058,5.719,4.49,0.066,0.973,0.19
7335,63.238946,6.157,4.501,0.104,1.378,0.174
7336,63.247756,5.678,4.538,0.078,0.877,0.185
7337,63.255668,6.097,4.495,0.082,1.342,0.178
7338,63.264186,5.897,4.522,0.071,1.131,0.173
7339,63.272073,6.353,4.568,0.08,1.528,0.177
7340,63.280803,5.974,4.541,0.085,1.161,0.187
7341,63.289106,6.032,4.659,0.081,1.075,0.217
7342,63.299675,5.71,4.63,0.082,0.801,0.197
7343,63.307813,5.918,4.651,0.089,0.978,0.2
7344,63.316175,5.86,4.644,0.078,0.957,0.181
7345,63.324726,5.61,4.626,0.075,0.754,0.155
7346,63.33276,5.943,4.658,0.088,1.023,0.174
7347,63.34134,5.692,4.597,0.055,0.841,0.199
7348,63.349485,5.886,4.614,0.062,1.012,0.198
7349,63.36022,5.483,4.637,0.098,0.585,0.163
7350,63.368544,5.599,4.613,0.076,0.731,0.179
7351,63.377012,5.748,4.668,0.07,0.801,0.209
7352,63.385115,5.983,4.647,0.097,1.05,0.189
7353,63.393004,6.437,4.635,0.076,1.51,0.216
7354,63.401625,6.116,4.658,0.101,1.172,0.185
7355,63.410095,5.986,4.661,0.1,1.036,0.189
7356,63.418584,5.971,4.589,0.09,1.065,0.227
7357,63.4286,5.958,4.639,0.089,0.955,0.275
7358,63.439035,6.005,4.615,0.099,1.071,0.22
7359,63.447303,6.02,4.608,0.055,1.146,0.211
7360,63.455558,6.103,4.633,0.079,1.2,0.191
7361,63.463824,6.157,4.597,0.089,1.302,0.169
7362,63.472409,5.903,4.588,0.055,1.056,0.204
7363,63.480721,6.162,4.621,0.119,1.061,0.361
7364,63.489151,6.281,4.626,0.082,1.257,0.316
7365,63.49742,6.315,4.608,0.172,1.261,0.274
7366,63.505636,6.412,4.606,0.124,1.428,0.254
7367,63.51457,6.059,4.607,0.124,0.881,0.447
7368,63.522432,6.374,4.586,0.054,1.409,0.325
7369,63.531045,6.177,4.67,0.066,1.043,0.398
7370,63.539626,5.84,4.638,0.073,0.829,0.3
7371,63.547746,5.981,4.632,0.071,1.053,0.225
7372,63.557712,5.775,4.654,0.08,0.839,0.202
7373,63.566212,5.79,4.656,0.087,0.852,0.195
7374,63.574681,5.809,4.664,0.072,0.866,0.207
7375,63.582794,6.019,4.691,0.068,1.058,0.202
7376,63.591241,5.892,4.513,0.061,1.126,0.192
7377,63.59913,6.333,4.552,0.064,1.529,0.188
7378,63.607998,5.839,4.526,0.077,1.017,0.219
7379,63.61879,5.835,4.631,0.063,0.803,0.338
7380,63.626961,5.956,4.497,0.062,1.097,0.3
7381,63.634835,6.366,4.55,0.134,1.454,0.228
7382,63.643594,5.993,4.505,0.157,1.052,0.279
7383,63.651694,6.158,4.488,0.154,1.307,0.209
7384,63.659961,6.263,4.509,0.156,1.35,0.248
7385,63.668595,5.945,4.521,0.158,1.03,0.236
7386,63.678714,5.82,4.657,0.151,0.815,0.197
7387,63.688967,5.838,4.598,0.136,0.86,0.244
7388,63.69706,6.043,4.527,0.135,1.169,0.212
7389,63.705856,5.913,4.529,0.127,0.936,0.321
7390,63.714571,6.352,4.517,0.132,0.823,0.88
7391,63.722636,6.143,4.533,0.127,1.074,0.409
7392,63.730841,6.311,4.482,0.124,1.183,0.522
7393,63.739271,6.29,4.602,0.241,0.911,0.536
7394,63.748272,6.488,4.63,0.155,0.857,0.846
7395,63.75621,6.83,4.634,0.141,1.263,0.792
7396,63.764633,6.635,4.618,0.188,1.137,0.692
7397,63.772815,6.565,4.622,0.137,1.336,0.47
7398,63.781187,6.819,4.603,0.153,1.307,0.756
7399,63.790342,6.94,4.586,0.249,1.103,1.002
7400,63.798248,7.202,4.586,0.174,1.608,0.834
7401,63.808197,6.437,4.581,0.155,0.945,0.756
7402,63.816788,6.342,4.644,0.096,0.789,0.813
7403,63.824665,6.371,4.611,0.169,1.202,0.389
7404,63.833134,6.653,4.604,0.209,1.047,0.793
7405,63.842092,6.683,4.627,0.172,0.952,0.932
7406,63.849872,7.034,4.617,0.165,1.522,0.73
7407,63.858339,6.818,4.607,0.136,1.429,0.646
7408,63.869125,6.732,4.6,0.173,1.097,0.862
7409,63.87718,7.004,4.618,0.167,1.349,0.87
7410,63.885545,6.775,4.531,0.166,1.406,0.672
7411,63.893676,7.153,4.484,0.162,1.671,0.836
7412,63.90215,6.879,4.692,0.164,1.31,0.713
7413,63.910373,6.939,4.539,0.136,1.624,0.64
7414,63.919074,6.751,4.603,0.087,1.235,0.826
7415,63.929501,6.381,4.609,0.163,0.78,0.829
7416,63.93963,6.54,4.629,0.15,1.07,0.691
7417,63.947649,6.905,4.532,0.15,1.477,0.746
7418,63.956228,6.64,4.545,0.17,1.203,0.722
7419,63.964501,6.744,4.517,0.175,1.285,0.767
7420,63.972368,6.781,4.542,0.159,1.738,0.342
7421,63.981653,6.291,4.526,0.141,0.882,0.742
7422,63.989559,6.701,4.477,0.1,1.4,0.724
7423,63.998172,6.466,4.489,0.154,1.051,0.772
7424,64.006017,6.952,4.549,0.152,1.484,0.767
7425,64.014562,6.673,4.51,0.159,1.307,0.697
7426,64.023096,6.617,4.488,0.16,1.129,0.84
7427,64.031326,6.581,4.533,0.149,1.195,0.704
7428,64.040197,6.48,4.619,0.211,0.943,0.707
7429,64.05035,6.378,4.614,0.166,0.892,0.706
7430,64.058437,6.598,4.585,0.145,1.191,0.677
7431,64.066873,6.631,4.634,0.094,1.068,0.835
7432,64.0748,6.935,4.642,0.143,1.438,0.712
7433,64.083481,6.54,4.603,0.135,1.139,0.663
7434,64.091679,6.719,4.62,0.145,1.247,0.707
7435,64.100035,6.691,4.627,0.138,1.227,0.699
7436,64.108301,6.776,4.652,0.133,1.271,0.72
7437,64.118952,6.533,4.613,0.159,0.985,0.776
7438,64.127269,6.465,4.641,0.14,0.996,0.688
7439,64.13537,6.744,4.614,0.153,1.239,0.738
7440,64.143974,6.46,4.59,0.132,1.015,0.723
7441,64.152047,6.72,4.623,0.136,1.239,0.722
7442,64.160292,6.773,4.638,0.198,1.249,0.688
7443,64.169185,6.721,4.625,0.192,1.037,0.867
7444,64.179117,6.483,4.604,0.141,0.994,0.744
7445,64.189544,6.401,4.599,0.169,0.943,0.69
7446,64.197595,6.681,4.519,0.157,1.305,0.7
7447,64.206129,6.497,4.544,0.129,1.111,0.713
7448,64.2145,6.525,4.507,0.092,1.111,0.815
7449,64.222834,6.535,4.551,0.133,1.07,0.781
7450,64.231043,6.531,4.539,0.17,1.167,0.655
7451,64.23949,6.421,4.524,0.132,1.103,0.662
7452,64.248112,6.204,4.529,0.134,0.865,0.676
7453,64.255966,6.649,4.535,0.161,1.312,0.641
7454,64.264688,6.397,4.532,0.179,0.968,0.718
7455,64.273422,6.272,4.553,0.138,0.89,0.691
7456,64.281208,6.777,4.551,0.157,1.411,0.658
7457,64.290098,6.338,4.538,0.127,0.965,0.708
7458,64.29808,6.769,4.546,0.179,1.266,0.778
7459,64.308582,6.421,4.605,0.189,0.961,0.666
7460,64.316813,6.609,4.549,0.131,1.168,0.761
7461,64.324898,6.689,4.551,0.116,1.408,0.614
7462,64.333007,6.95,4.535,0.104,1.655,0.656
7463,64.34173,6.502,4.618,0.118,1.183,0.583
7464,64.349646,6.954,4.635,0.112,1.582,0.625
7465,64.358458,6.4,4.603,0.206,1.065,0.526
7466,64.368652,5.959,4.611,0.149,0.864,0.335
7467,64.377037,6.223,4.642,0.119,0.814,0.648
7468,64.385522,6.165,4.598,0.119,0.791,0.657
7469,64.393548,6.421,4.582,0.15,1.104,0.585
7470,64.401918,6.527,4.617,0.116,1.041,0.753
7471,64.410241,6.386,4.649,0.125,1.016,0.596
7472,64.418788,6.292,4.605,0.121,0.846,0.72
7473,64.429563,6.177,4.589,0.141,0.813,0.634
7474,64.439395,6.05,4.579,0.118,0.727,0.626
7475,64.4475,6.37,4.601,0.119,1.035,0.615
7476,64.456237,6.476,4.602,0.161,0.999,0.714
7477,64.464402,6.74,4.599,0.152,1.182,0.807
7478,64.472787,6.689,4.622,0.142,1.115,0.81
7479,64.481205,6.576,4.632,0.154,1.003,0.787
7480,64.48918,6.847,4.558,0.148,1.447,0.694
7481,64.498171,6.448,4.557,0.141,0.918,0.832
7482,64.506067,6.733,4.518,0.205,1.313,0.697
7483,64.514442,6.432,4.532,0.173,1.301,0.426
7484,64.522576,6.882,4.496,0.139,1.57,0.677
7485,64.531392,6.464,4.519,0.131,1.063,0.751
7486,64.540203,6.29,4.536,0.141,0.958,0.655
7487,64.550202,6.396,4.639,0.138,0.858,0.761
7488,64.558051,6.864,4.533,0.164,1.43,0.737
7489,64.566817,6.428,4.54,0.132,1.012,0.744
7490,64.574807,6.743,4.548,0.148,1.347,0.7
7491,64.583136,6.78,4.507,0.121,1.392,0.76
7492,64.591447,6.395,4.504,0.086,1.411,0.394
7493,64.599419,6.631,4.521,0.067,1.756,0.287
7494,64.608324,6.162,4.596,0.086,1.112,0.368
7495,64.618674,5.602,4.66,0.091,0.636,0.215
7496,64.627892,5.665,4.635,0.078,0.668,0.284
7497,64.636303,5.69,4.543,0.093,0.819,0.235
7498,64.644418,5.882,4.606,0.077,0.975,0.224
7499,64.652585,6.036,4.644,0.097,1.105,0.19
7500,64.660838,6.212,4.649,0.073,1.185,0.305
7501,64.669529,5.781,4.603,0.099,0.87,0.209
7502,64.680689,5.551,4.611,0.119,0.642,0.179
7503,64.688363,6.282,4.639,0.083,1.273,0.287
7504,64.695965,7.003,4.645,0.076,2.001,0.281
7505,64.703862,7.377,4.605,0.093,2.477,0.202
7506,64.713042,6.672,4.639,0.078,1.594,0.361
7507,64.720436,7.473,4.696,0.097,2.48,0.2
7508,64.729119,7.172,4.65,0.085,2.178,0.259
7509,64.739359,5.737,4.612,0.192,0.71,0.223
7510,64.747487,5.93,4.649,0.087,0.954,0.24
7511,64.755722,5.989,4.652,0.088,1.05,0.199
7512,64.763852,6.243,4.601,0.087,1.305,0.25
7513,64.772626,5.756,4.664,0.087,0.8,0.205
7514,64.780685,6.025,4.655,0.087,1.087,0.196
7515,64.789729,5.456,4.54,0.076,0.639,0.201
7516,64.797473,6.148,4.53,0.084,1.235,0.299
7517,64.808192,5.684,4.669,0.087,0.657,0.271
7518,64.815998,6.195,4.537,0.107,1.319,0.232
7519,64.824521,5.952,4.51,0.074,1.153,0.215
7520,64.832733,6.076,4.58,0.108,1.208,0.18
7521,64.841223,5.989,4.526,0.073,1.103,0.287
7522,64.849316,6.173,4.567,0.072,1.303,0.231
7523,64.85812,5.697,4.548,0.091,0.853,0.205
7524,64.86814,5.594,4.663,0.076,0.607,0.248
7525,64.876749,5.66,4.556,0.074,0.656,0.374
7526,64.884608,5.966,4.532,0.074,1.15,0.21
7527,64.892988,5.975,4.54,0.067,1.098,0.27
7528,64.901677,5.583,4.526,0.112,0.757,0.188
7529,64.910073,5.615,4.534,0.125,0.784,0.172
7530,64.920661,5.628,4.655,0.088,0.701,0.184
7531,64.929161,5.477,4.533,0.087,0.668,0.189
7532,64.936836,6.131,4.642,0.074,1.219,0.196
7533,64.945826,5.754,4.662,0.074,0.806,0.212
7534,64.953965,5.955,4.656,0.141,0.974,0.184
7535,64.961896,6.318,4.605,0.086,1.462,0.165
7536,64.970466,6.113,4.624,0.085,1.205,0.199
7537,64.978711,6.175,4.674,0.08,1.243,0.178
7538,64.989231,5.657,4.624,0.075,0.769,0.189
7539,64.99966,5.77,4.659,0.083,0.791,0.237
7540,65.007733,6.01,4.661,0.08,1.053,0.216
7541,65.016152,5.901,4.658,0.09,0.973,0.18
7542,65.024411,5.965,4.631,0.08,1.072,0.182
7543,65.032788,6.058,4.632,0.072,1.031,0.323
7544,65.041144,5.94,4.663,0.088,0.982,0.207
7545,65.049647,5.767,4.676,0.063,0.804,0.224
7546,65.058196,5.624,4.616,0.102,0.696,0.21
7547,65.065941,6.186,4.611,0.069,1.305,0.201
7548,65.074619,5.819,4.657,0.065,0.916,0.181
7549,65.083133,5.651,4.671,0.08,0.717,0.183
7550,65.091098,6.015,4.618,0.066,1.145,0.186
7551,65.100117,5.775,4.63,0.096,0.805,0.244
7552,65.110244,5.821,4.67,0.122,0.869,0.16
7553,65.118477,6.075,4.592,0.08,1.081,0.322
7554,65.126721,6.07,4.645,0.067,1.119,0.239
7555,65.134758,6.325,4.616,0.069,1.444,0.196
7556,65.143151,6.301,4.637,0.088,1.356,0.22
7557,65.151329,6.446,4.625,0.072,1.531,0.218
7558,65.15995,6.128,4.607,0.066,1.259,0.196
7559,65.168257,6.139,4.646,0.083,1.243,0.167
7560,65.178507,5.474,4.61,0.06,0.615,0.189
7561,65.187151,5.563,4.671,0.082,0.648,0.162
7562,65.195511,5.697,4.595,0.065,0.698,0.339
7563,65.203908,6.005,4.65,0.219,0.921,0.215
7564,65.211852,6.495,4.639,0.113,1.435,0.308
7565,65.220334,6.211,4.62,0.062,1.328,0.201
7566,65.228727,6.297,4.657,0.082,1.229,0.329
7567,65.239018,5.723,4.664,0.074,0.717,0.268
7568,65.247682,5.562,4.547,0.117,0.703,0.195
7569,65.256049,5.737,4.614,0.071,0.844,0.208
7570,65.264144,6.006,4.512,0.077,1.176,0.241
7571,65.272472,5.99,4.52,0.07,1.175,0.225
7572,65.280696,6.065,4.536,0.07,1.27,0.189
7573,65.289319,5.769,4.558,0.047,0.959,0.205
7574,65.299299,5.603,4.643,0.059,0.682,0.219
7575,65.307648,5.551,4.529,0.089,0.776,0.157
7576,65.316091,5.595,4.553,0.066,0.647,0.329
7577,65.324711,5.559,4.542,0.067,0.629,0.321
7578,65.332923,5.673,4.536,0.063,0.755,0.319
7579,65.341368,5.577,4.52,0.049,0.659,0.349
7580,65.349969,5.608,4.55,0.072,0.764,0.222
7581,65.360217,5.716,4.622,0.059,0.724,0.311
7582,65.368154,6.099,4.547,0.073,1.191,0.288
7583,65.376494,5.986,4.512,0.05,1.218,0.206
7584,65.385104,5.846,4.562,0.071,0.895,0.318
7585,65.392865,6.296,4.604,0.068,1.425,0.199
7586,65.401777,5.918,4.616,0.127,0.874,0.301
7587,65.410085,5.834,4.608,0.061,0.939,0.226
7588,65.418375,5.841,4.582,0.08,0.996,0.183
7589,65.427262,5.847,4.671,0.047,0.796,0.333
7590,65.43705,5.63,4.676,0.115,0.672,0.167
7591,65.447497,5.899,4.642,0.07,0.864,0.323
7592,65.455623,6.043,4.675,0.122,0.98,0.266
7593,65.464003,5.93,4.648,0.079,1.014,0.189
7594,65.4722,6.196,4.685,0.061,1.12,0.33
7595,65.480786,5.929,4.629,0.073,0.924,0.303
7596,65.488999,5.941,4.603,0.071,1.069,0.198
7597,65.497324,5.952,4.618,0.068,1.058,0.208
7598,65.506241,5.769,4.625,0.061,0.84,0.243
7599,65.514263,6.038,4.635,0.064,1.145,0.194
7600,65.522447,6.305,4.6,0.057,1.327,0.321
7601,65.530949,6.041,4.617,0.071,1.14,0.213
7602,65.539162,6.248,4.504,0.088,1.372,0.284
7603,65.547739,5.888,4.547,0.065,1.084,0.192
7604,65.557564,5.683,4.618,0.078,0.759,0.228
7605,65.565896,5.661,4.553,0.084,0.822,0.202
7606,65.574769,5.542,4.536,0.083,0.681,0.242
7607,65.583009,5.62,4.544,0.079,0.766,0.231
7608,65.591286,5.632,4.518,0.071,0.848,0.195
7609,65.599821,5.598,4.545,0.07,0.772,0.211
7610,65.608004,5.783,4.553,0.067,0.915,0.248
7611,65.618617,5.691,4.615,0.076,0.683,0.317
7612,65.626621,5.999,4.512,0.07,1.113,0.304
7613,65.63506,5.815,4.488,0.053,1.033,0.241
7614,65.642934,6.273,4.518,0.083,1.463,0.209
7615,65.651602,5.903,4.52,0.076,1.123,0.184
7616,65.659994,5.863,4.546,0.055,1.039,0.223
7617,65.668109,6.046,4.546,0.08,1.258,0.162
7618,65.677245,5.5,4.525,0.084,0.722,0.169
7619,65.686753,5.577,4.51,0.072,0.802,0.193
7620,65.695188,5.757,4.694,0.048,0.796,0.219
7621,65.703707,5.598,4.561,0.089,0.755,0.193
7622,65.7117,5.948,4.646,0.054,1.017,0.231
7623,65.72011,5.83,4.646,0.046,0.941,0.197
7624,65.728842,5.775,4.683,0.057,0.822,0.213
7625,65.739745,5.624,4.671,0.071,0.704,0.178
7626,65.747394,6.31,4.615,0.048,1.447,0.2
7627,65.756279,5.749,4.657,0.047,0.851,0.194
7628,65.763821,6.543,4.661,0.042,1.634,0.206
7629,65.772695,6.003,4.653,0.045,1.105,0.2
7630,65.780835,6.197,4.679,0.057,1.274,0.187
7631,65.789001,6.368,4.634,0.051,1.486,0.197
7632,65.797339,6.367,4.631,0.048,1.482,0.206
7633,65.80792,5.764,4.672,0.043,0.839,0.21
7634,65.815659,6.345,4.66,0.045,1.449,0.191
7635,65.824432,5.9,4.621,0.044,1.045,0.19
7636,65.832899,5.775,4.658,0.075,0.874,0.168
7637,65.840945,6.055,4.655,0.042,1.165,0.193
7638,65.850005,5.873,4.621,0.047,0.982,0.223
7639,65.859856,5.67,4.657,0.069,0.743,0.201
7640,65.870156,5.702,4.668,0.046,0.795,0.193
7641,65.87835,5.863,4.612,0.037,0.996,0.218
7642,65.886859,5.781,4.67,0.043,0.856,0.212
7643,65.895078,5.885,4.652,0.043,0.99,0.2
7644,65.903406,5.889,4.616,0.045,1.029,0.199
7645,65.912221,5.668,4.663,0.045,0.778,0.182
7646,65.920349,5.888,4.609,0.044,1.035,0.2
7647,65.928567,6.027,4.641,0.06,1.12,0.206
7648,65.937035,5.859,4.627,0.06,0.997,0.175
7649,65.945391,5.84,4.633,0.045,0.97,0.192
7650,65.953488,6.078,4.605,0.037,1.235,0.201
7651,65.96215,5.766,4.669,0.06,0.84,0.197
7652,65.970091,6.158,4.611,0.066,1.296,0.185
7653,65.978684,5.885,4.656,0.044,0.986,0.199
7654,65.989013,5.79,4.645,0.041,0.9,0.204
7655,65.997139,5.977,4.531,0.038,1.222,0.186
7656,66.005906,5.573,4.562,0.056,0.764,0.191
7657,66.013962,5.836,4.547,0.042,1.052,0.195
7658,66.022287,5.841,4.577,0.048,1.032,0.184
7659,66.030709,5.757,4.547,0.051,0.973,0.186
7660,66.039224,5.592,4.542,0.076,0.831,0.143
7661,66.049297,5.612,4.646,0.136,0.688,0.142
7662,66.057555,5.684,4.537,0.079,0.911,0.157
7663,66.066555,5.36,4.514,0.071,0.61,0.165
7664,66.074728,5.63,4.522,0.083,0.762,0.263
7665,66.082785,5.847,4.524,0.065,1.035,0.223
7666,66.091339,5.599,4.579,0.112,0.747,0.161
7667,66.099409,5.905,4.521,0.076,1.083,0.225
7668,66.107985,5.651,4.542,0.106,0.808,0.195
7669,66.118116,5.556,4.648,0.081,0.653,0.174
7670,66.126655,5.495,4.528,0.085,0.67,0.212
7671,66.135104,5.621,4.565,0.084,0.797,0.175
7672,66.143461,5.585,4.65,0.071,0.69,0.174
7673,66.151687,5.796,4.676,0.092,0.826,0.202
7674,66.159799,6.003,4.673,0.104,1.043,0.183
7675,66.168171,6.078,4.677,0.083,1.012,0.306
7676,66.176935,5.732,4.666,0.083,0.694,0.289
7677,66.186654,5.652,4.644,0.093,0.706,0.209
7678,66.195143,5.764,4.672,0.085,0.812,0.195
7679,66.203658,5.725,4.607,0.074,0.862,0.182
7680,66.211812,5.933,4.663,0.083,0.988,0.199
7681,66.220554,5.795,4.667,0.092,0.746,0.29
7682,66.228936,5.797,4.636,0.081,0.855,0.225
7683,66.238891,5.863,4.695,0.106,0.876,0.186
7684,66.247498,5.715,4.657,0.077,0.799,0.182
7685,66.255962,5.831,4.642,0.087,0.885,0.217
7686,66.264247,5.831,4.651,0.093,0.925,0.162
7687,66.272443,5.984,4.643,0.086,1.072,0.183
7688,66.280503,6.284,4.619,0.075,1.366,0.224
7689,66.289231,5.953,4.554,0.077,1.036,0.286
7690,66.300349,5.842,4.609,0.261,0.685,0.287
7691,66.309908,5.508,4.554,0.083,0.61,0.261
7692,66.318355,5.62,4.554,0.074,0.66,0.332
7693,66.326607,5.561,4.512,0.067,0.782,0.2
7694,66.33476,5.727,4.547,0.088,0.925,0.167
7695,66.343031,5.78,4.537,0.07,0.999,0.174
7696,66.351425,5.723,4.515,0.07,0.959,0.179
7697,66.359681,5.826,4.549,0.066,1.003,0.208
7698,66.368272,5.556,4.553,0.082,0.741,0.18
7699,66.3772,5.461,4.526,0.067,0.631,0.237
7700,66.384786,6.166,4.552,0.094,1.353,0.167
7701,66.393408,5.912,4.527,0.084,1.086,0.215
7702,66.401509,6.105,4.533,0.146,1.262,0.164
7703,66.410036,5.939,4.537,0.093,1.115,0.194
7704,66.420341,5.562,4.635,0.088,0.675,0.164
7705,66.428633,5.656,4.536,0.092,0.813,0.215
7706,66.436981,5.596,4.551,0.096,0.787,0.162
7707,66.445437,5.827,4.752,0.102,0.824,0.149
7708,66.453492,6.107,4.635,0.084,1.228,0.16
7709,66.462248,5.71,4.646,0.079,0.793,0.192
7710,66.470247,6.023,4.672,0.083,1.103,0.165
7711,66.478692,5.922,4.679,0.091,0.983,0.169
7712,66.489263,5.604,4.659,0.09,0.7,0.155
7713,66.497657,5.788,4.668,0.085,0.853,0.182
7714,66.505921,5.848,4.668,0.072,0.925,0.183
7715,66.51403,6.082,4.66,0.072,1.16,0.19
7716,66.522207,6.2,4.654,0.072,1.319,0.155
7717,66.530623,6.15,4.655,0.073,1.238,0.184
7718,66.53895,6.168,4.644,0.108,1.241,0.175
7719,66.547492,5.943,4.631,0.093,1.057,0.162
7720,66.557414,5.731,4.633,0.093,0.852,0.153
7721,66.565963,5.733,4.663,0.08,0.816,0.174
7722,66.574513,5.738,4.649,0.093,0.865,0.131
7723,66.582493,6.119,4.634,0.135,1.196,0.154
7724,66.590972,5.968,4.687,0.126,1.001,0.154
7725,66.59963,5.65,4.661,0.078,0.728,0.183
7726,66.608068,5.659,4.645,0.066,0.763,0.185
7727,66.618117,5.745,4.659,0.09,0.838,0.158
7728,66.626622,5.85,4.661,0.087,0.879,0.223
7729,66.635153,5.822,4.67,0.086,0.871,0.195
7730,66.643346,5.943,4.595,0.083,1.089,0.176
7731,66.651388,6.254,4.622,0.116,1.328,0.188
7732,66.659994,5.953,4.649,0.081,1.056,0.167
7733,66.668135,6.151,4.66,0.083,1.235,0.173
7734,66.678565,5.563,4.665,0.082,0.639,0.177
7735,66.686843,5.778,4.665,0.11,0.828,0.175
7736,66.69513,5.781,4.66,0.091,0.889,0.141
7737,66.703582,5.699,4.633,0.088,0.804,0.174
7738,66.711765,5.845,4.658,0.071,0.93,0.186
7739,66.72026,5.68,4.628,0.094,0.795,0.163
7740,66.728532,5.729,4.65,0.08,0.833,0.166
7741,66.737495,5.554,4.516,0.109,0.755,0.174
7742,66.747495,5.637,4.604,0.102,0.785,0.146
7743,66.757516,6.283,4.614,0.266,1.199,0.204
7744,66.765789,6.4,4.55,0.11,1.491,0.249
7745,66.774244,6.186,4.556,0.135,1.286,0.209
7746,66.782852,5.957,4.519,0.119,1.111,0.208
7747,66.790903,6.217,4.553,0.089,1.39,0.185
7748,66.799146,6.272,4.526,0.081,1.505,0.16
7749,66.807867,5.932,4.538,0.203,1.002,0.189
7750,66.816271,5.891,4.494,0.157,1.097,0.143
7751,66.824345,6.183,4.53,0.185,1.288,0.18
7752,66.832811,6.029,4.567,0.156,1.137,0.169
7753,66.840944,6.404,4.544,0.119,1.41,0.331
7754,66.849901,5.842,4.557,0.129,0.797,0.359
7755,66.859607,5.74,4.628,0.115,0.744,0.253
7756,66.868247,5.699,4.52,0.147,0.866,0.166
7757,66.876658,5.751,4.552,0.141,0.896,0.162
7758,66.88554,6.529,4.476,0.125,0.843,1.085
7759,66.894157,6.755,4.632,0.186,1.005,0.932
7760,66.902108,7.031,4.641,0.208,1.358,0.824
7761,66.910601,6.791,4.672,0.144,1.234,0.741
7762,66.918622,7.041,4.635,0.155,1.567,0.684
7763,66.929229,6.778,4.629,0.187,1.073,0.889
7764,66.937787,6.733,4.685,0.163,1.041,0.844
7765,66.946022,6.725,4.619,0.163,1.221,0.722
7766,66.953689,6.943,4.559,0.19,1.9,0.294
7767,66.962192,6.753,4.582,0.115,1.779,0.277
7768,66.971338,6.254,4.6,0.147,0.956,0.551
7769,66.979041,6.88,4.599,0.163,1.559,0.559
7770,66.989096,6.067,4.594,0.134,0.864,0.475
7771,66.997691,6.073,4.621,0.142,0.808,0.502
7772,67.005899,6.292,4.578,0.137,1.144,0.433
7773,67.014302,6.252,4.58,0.14,1.057,0.475
7774,67.022547,6.396,4.555,0.125,1.192,0.524
7775,67.0308,6.376,4.567,0.122,1.258,0.429
7776,67.039516,6.049,4.52,0.135,0.907,0.487
7777,67.049631,6.492,4.607,0.267,1.013,0.605
7778,67.05828,6.401,4.497,0.148,0.95,0.806
7779,67.066902,6.245,4.517,0.128,0.855,0.745
7780,67.074808,6.566,4.507,0.147,1.268,0.644
7781,67.08319,6.597,4.529,0.153,1.191,0.724
7782,67.09177,6.362,4.517,0.161,0.939,0.745
7783,67.099889,6.544,4.522,0.123,1.198,0.701
7784,67.108171,6.516,4.523,0.142,1.229,0.622
7785,67.118341,6.122,4.597,0.121,0.788,0.616
7786,67.126984,6.372,4.549,0.141,1.064,0.618
7787,67.135414,6.415,4.499,0.152,1.007,0.757
7788,67.143457,6.56,4.522,0.161,1.267,0.61
7789,67.152309,6.34,4.547,0.163,0.773,0.857
7790,67.160156,6.591,4.554,0.17,1.243,0.624
7791,67.168456,6.676,4.488,0.125,1.397,0.666
7792,67.178893,6.16,4.612,0.14,0.779,0.629
7793,67.189306,6.237,4.589,0.129,0.905,0.614
7794,67.197384,6.51,4.576,0.127,1.175,0.632
7795,67.205921,6.383,4.617,0.158,0.894,0.714
7796,67.214351,6.258,4.599,0.125,0.88,0.654
7797,67.22251,6.424,4.621,0.143,1.014,0.646
7798,67.230951,6.36,4.627,0.131,0.912,0.69
7799,67.239718,6.372,4.64,0.129,0.945,0.658
7800,67.248179,6.261,4.651,0.115,0.828,0.667
7801,67.256265,6.469,4.631,0.148,1.061,0.629
7802,67.264305,6.831,4.599,0.122,1.416,0.694
7803,67.272757,6.632,4.635,0.131,1.246,0.62
7804,67.281885,6.499,4.596,0.138,1.086,0.679
7805,67.289539,7.271,4.591,0.206,1.697,0.777
7806,67.29805,7.149,4.596,0.181,1.539,0.833
7807,67.308533,6.363,4.596,0.158,0.911,0.698
7808,67.316505,6.668,4.585,0.121,1.325,0.637
7809,67.324805,6.717,4.581,0.14,1.346,0.65
7810,67.333639,6.627,4.619,0.181,1.043,0.784
7811,67.341484,7.057,4.481,0.084,1.738,0.754
7812,67.350104,6.742,4.518,0.129,1.393,0.702
7813,67.360574,6.192,4.615,0.139,0.778,0.66
7814,67.368792,6.22,4.523,0.132,0.994,0.571
7815,67.377248,6.168,4.521,0.135,0.867,0.645
7816,67.385201,6.56,4.544,0.139,1.222,0.655
7817,67.393875,6.404,4.511,0.165,0.968,0.76
7818,67.402049,6.623,4.493,0.169,1.138,0.823
7819,67.410446,6.374,4.48,0.178,1.085,0.631
7820,67.421127,6.076,4.579,0.138,0.662,0.697
7821,67.430947,6.083,4.62,0.07,0.697,0.696
7822,67.438864,6.219,4.518,0.076,1.212,0.413
7823,67.447555,6.059,4.513,0.062,0.861,0.623
7824,67.455855,6.126,4.529,0.09,0.877,0.63
7825,67.464097,6.122,4.507,0.088,0.992,0.535
7826,67.472462,6.133,4.476,0.086,0.993,0.578
7827,67.480866,6.107,4.514,0.068,0.888,0.637
7828,67.489609,6.065,4.618,0.079,0.79,0.578
7829,67.497367,6.625,4.585,0.076,1.395,0.569
7830,67.506325,6.139,4.574,0.063,0.784,0.718
7831,67.514261,6.431,4.629,0.066,1.122,0.614
7832,67.5229,6.232,4.624,0.068,0.824,0.716
7833,67.531354,6.032,4.583,0.069,0.741,0.639
7834,67.539736,6.079,4.62,0.081,0.659,0.719
7835,67.549638,5.89,4.62,0.079,0.572,0.619
7836,67.558292,6.05,4.606,0.066,0.759,0.619
7837,67.566361,6.35,4.589,0.1,1.044,0.617
7838,67.574872,6.183,4.616,0.082,0.841,0.644
7839,67.583195,6.238,4.64,0.076,0.822,0.7
7840,67.591582,6.143,4.632,0.079,0.792,0.64
7841,67.599745,6.345,4.617,0.081,0.979,0.668
7842,67.608197,6.116,4.625,0.062,0.85,0.579
7843,67.618783,6.203,4.619,0.081,0.84,0.663
7844,67.627007,6.276,4.636,0.101,0.935,0.604
7845,67.635134,6.512,4.631,0.09,1.147,0.644
7846,67.643586,6.371,4.638,0.087,1.021,0.625
7847,67.651841,6.555,4.633,0.081,1.107,0.734
7848,67.660402,6.179,4.599,0.074,0.912,0.594
7849,67.668442,6.479,4.59,0.068,1.215,0.606
7850,67.679101,5.982,4.612,0.082,0.652,0.636
7851,67.689191,5.897,4.621,0.065,0.565,0.646
7852,67.697503,6.143,4.741,0.082,0.761,0.559
7853,67.706005,6.124,4.625,0.079,0.791,0.629
7854,67.714138,6.272,4.6,0.075,1.019,0.578
7855,67.722799,6.443,4.636,0.086,0.793,0.928
7856,67.731315,6.275,4.591,0.077,0.654,0.953
7857,67.739292,6.376,4.587,0.071,1.012,0.706
7858,67.747733,6.196,4.646,0.074,0.842,0.634
7859,67.756264,5.96,4.589,0.062,0.707,0.602
7860,67.764127,6.438,4.59,0.081,1.181,0.586
7861,67.772937,6.004,4.612,0.104,0.78,0.508
7862,67.781342,6.028,4.59,0.059,0.73,0.649
7863,67.78949,6.145,4.499,0.062,1.002,0.582
7864,67.800119,5.917,4.638,0.084,0.596,0.599
7865,67.808164,6.219,4.538,0.076,0.982,0.623
7866,67.816624,6.082,4.537,0.088,0.857,0.6
7867,67.824665,6.33,4.565,0.093,1.127,0.545
7868,67.833379,6.227,4.511,0.064,0.813,0.839
7869,67.841492,6.192,4.511,0.063,1.031,0.587
7870,67.849765,6.308,4.557,0.076,1.052,0.623
7871,67.858214,6.109,4.492,0.087,0.993,0.537
7872,67.868623,6.034,4.619,0.073,0.739,0.603
7873,67.877263,5.908,4.527,0.083,0.639,0.659
7874,67.885164,6.265,4.524,0.071,1.072,0.598
7875,67.893719,6.045,4.507,0.071,0.867,0.6
7876,67.901658,6.397,4.525,0.077,1.242,0.553
7877,67.910293,6.094,4.547,0.065,0.918,0.564
7878,67.92046,5.918,4.605,0.071,0.702,0.54
7879,67.930533,5.607,4.555,0.072,0.61,0.37
7880,67.93921,5.848,4.521,0.058,0.681,0.588
7881,67.947496,5.83,4.595,0.071,0.659,0.505
7882,67.955635,6.14,4.63,0.082,0.858,0.57
7883,67.964264,6.066,4.582,0.058,0.839,0.587
7884,67.972441,6.204,4.593,0.066,0.981,0.564
7885,67.98072,6.261,4.627,0.078,1.003,0.553
7886,67.989022,6.312,4.616,0.087,1.047,0.562
7887,67.997676,5.878,4.62,0.079,0.712,0.467
7888,68.005703,6.27,4.629,0.077,1.018,0.546
7889,68.014407,5.843,4.597,0.064,0.68,0.502
7890,68.022907,6.029,4.609,0.086,0.694,0.64
7891,68.031581,6.138,4.615,0.077,0.825,0.621
7892,68.039516,6.468,4.616,0.086,1.222,0.544
7893,68.047865,6.49,4.57,0.08,1.251,0.589
7894,68.057876,5.843,4.604,0.091,0.597,0.551
7895,68.066443,5.815,4.592,0.061,0.607,0.555
7896,68.074924,6.103,4.624,0.085,0.812,0.582
7897,68.082992,6.291,4.61,0.073,1.094,0.514
7898,68.091538,6.125,4.639,0.079,0.851,0.556
7899,68.099423,6.52,4.633,0.061,1.307,0.519
7900,68.108575,5.87,4.621,0.083,0.617,0.549
7901,68.116637,6.089,4.623,0.062,0.889,0.515
7902,68.126778,5.915,4.618,0.093,0.636,0.568
7903,68.135341,5.734,4.593,0.064,0.561,0.516
7904,68.143292,6.116,4.611,0.059,0.93,0.516
7905,68.151794,5.944,4.637,0.081,0.732,0.494
7906,68.160087,6.15,4.66,0.081,0.753,0.656
7907,68.168469,5.991,4.647,0.077,0.719,0.548
7908,68.179046,6.161,4.62,0.088,0.765,0.688
7909,68.18932,5.887,4.597,0.066,0.556,0.668
7910,68.197421,5.999,4.593,0.064,0.79,0.552
7911,68.205631,6.142,4.611,0.074,0.905,0.552
7912,68.214032,6.074,4.618,0.084,0.83,0.542
7913,68.222163,6.003,4.592,0.09,1.056,0.265
7914,68.230713,6.142,4.624,0.08,0.811,0.627
7915,68.239489,5.918,4.636,0.074,0.661,0.547
7916,68.247739,5.984,4.624,0.08,0.756,0.524
7917,68.256042,6.017,4.624,0.079,0.788,0.526
7918,68.265194,6.092,4.639,0.066,0.776,0.611
7919,68.272624,6.976,4.628,0.077,1.693,0.578
7920,68.281337,6.653,4.595,0.063,1.345,0.65
7921,68.28955,6.902,4.609,0.073,1.456,0.764
7922,68.297832,6.842,4.645,0.072,1.468,0.657
7923,68.307704,6.003,4.62,0.076,0.681,0.626
7924,68.316487,6.12,4.594,0.093,0.868,0.565
7925,68.324889,6.153,4.616,0.086,0.838,0.613
7926,68.332973,6.363,4.606,0.078,1.102,0.577
7927,68.34156,6.088,4.637,0.083,0.815,0.553
7928,68.349751,6.239,4.643,0.081,0.958,0.557
7929,68.358945,5.946,4.646,0.073,0.623,0.604
7930,68.368721,6.086,4.609,0.079,0.789,0.609
7931,68.377141,6.006,4.615,0.089,0.686,0.616
7932,68.385126,6.28,4.609,0.089,1.049,0.533
7933,68.393646,6.119,4.623,0.097,0.842,0.557
7934,68.401437,6.676,4.602,0.063,1.421,0.59
7935,68.410205,6.238,4.616,0.075,0.975,0.572
7936,68.418188,6.493,4.596,0.081,1.341,0.475
7937,68.428836,6.114,4.622,0.076,0.824,0.592
7938,68.439298,5.908,4.587,0.062,0.648,0.611
7939,68.447374,6.091,4.597,0.059,0.9,0.535
7940,68.455724,6.082,4.621,0.081,0.854,0.526
7941,68.464064,6.128,4.611,0.094,0.851,0.572
7942,68.472355,6.071,4.58,0.058,0.93,0.503
7943,68.480774,6.047,4.732,0.08,0.691,0.544
7944,68.489077,6.012,4.641,0.091,0.805,0.475
7945,68.497816,5.939,4.643,0.081,0.637,0.578
7946,68.506115,5.991,4.612,0.087,0.705,0.587
7947,68.514691,6.073,4.585,0.109,0.8,0.579
7948,68.522597,6.284,4.611,0.091,1.222,0.36
7949,68.530771,6.614,4.616,0.08,1.384,0.534
7950,68.539349,6.376,4.514,0.067,1.242,0.553
7951,68.547956,6.113,4.518,0.084,0.961,0.55
7952,68.558257,5.764,4.601,0.059,0.54,0.564
7953,68.566305,6.015,4.528,0.065,0.899,0.523
7954,68.574473,6.271,4.515,0.06,1.074,0.622
7955,68.583205,5.845,4.492,0.058,0.695,0.6
7956,68.591967,5.756,4.524,0.078,0.548,0.606
7957,68.599658,6.287,4.541,0.076,1.17,0.5
7958,68.608839,6.232,4.501,0.1,0.78,0.851
7959,68.618556,6.264,4.599,0.106,0.756,0.803
7960,68.626952,6.03,4.531,0.089,0.78,0.63
7961,68.635316,5.929,4.532,0.069,0.752,0.576
7962,68.643349,6.222,4.53,0.063,1.056,0.573
7963,68.651716,6.191,4.501,0.085,1.052,0.553
7964,68.66037,6.381,4.524,0.069,1.287,0.501
7965,68.668704,6.719,4.514,0.099,1.272,0.834
7966,68.679266,6.0,4.617,0.074,0.686,0.623
7967,68.689126,5.898,4.64,0.089,0.577,0.592
7968,68.697426,5.85,4.58,0.069,0.671,0.53
7969,68.705758,5.939,4.588,0.083,0.665,0.603
7970,68.713938,6.061,4.583,0.074,0.821,0.583
7971,68.722481,5.894,4.592,0.086,0.624,0.592
7972,68.730762,5.925,4.629,0.087,0.632,0.577
7973,68.739124,5.886,4.617,0.071,0.616,0.582
7974,68.748326,5.774,4.6,0.071,0.623,0.48
7975,68.75592,6.638,4.618,0.076,1.342,0.602
7976,68.764377,6.432,4.583,0.072,1.259,0.518
7977,68.772983,6.216,4.635,0.091,0.929,0.561
7978,68.78094,6.557,4.642,0.09,1.298,0.527
7979,68.789455,6.371,4.575,0.064,1.188,0.544
7980,68.799653,5.892,4.603,0.086,0.617,0.586
7981,68.807474,6.315,4.586,0.082,1.148,0.499
7982,68.816513,5.979,4.583,0.071,0.642,0.683
7983,68.824626,6.116,4.612,0.06,0.833,0.611
7984,68.833237,5.859,4.611,0.062,0.571,0.615
7985,68.84161,5.855,4.581,0.073,0.652,0.549
7986,68.849659,6.15,4.639,0.091,0.867,0.553
7987,68.85823,6.05,4.594,0.064,0.693,0.699
7988,68.868923,6.119,4.635,0.088,0.648,0.748
7989,68.876823,6.383,4.614,0.084,1.107,0.578
7990,68.885031,6.527,4.629,0.086,1.217,0.595
7991,68.893576,6.253,4.634,0.076,1.001,0.542
7992,68.901331,6.897,4.627,0.061,1.588,0.621
7993,68.910154,6.359,4.657,0.071,1.067,0.564
7994,68.918803,6.213,4.621,0.072,0.803,0.717
7995,68.930002,5.971,4.611,0.08,0.68,0.6
7996,68.939205,6.045,4.592,0.065,0.789,0.599
7997,68.947563,6.018,4.593,0.071,0.765,0.589
7998,68.955841,6.14,4.616,0.088,0.794,0.642
7999,68.963957,6.187,4.535,0.064,1.095,0.493
8000,68.972387,6.144,4.632,0.065,0.9,0.547
8001,68.980829,6.135,4.61,0.08,0.816,0.629
8002,68.989608,5.902,4.631,0.093,0.668,0.51
8003,68.998525,6.005,4.579,0.067,0.81,0.549
8004,69.005979,6.913,4.586,0.06,1.683,0.584
8005,69.014631,6.652,4.621,0.08,1.335,0.616
8006,69.022648,6.947,4.585,0.08,1.687,0.595
8007,69.031188,6.716,4.585,0.084,1.477,0.57
8008,69.039303,6.883,4.595,0.067,1.686,0.535
8009,69.047879,6.728,4.628,0.07,1.412,0.618
8010,69.05628,6.583,4.602,0.07,1.367,0.544
8011,69.066447,6.033,4.575,0.059,0.72,0.679
8012,69.074667,6.044,4.651,0.077,0.751,0.565
8013,69.083223,5.849,4.64,0.06,0.55,0.599
8014,69.091741,5.949,4.633,0.087,0.621,0.608
8015,69.099681,6.325,4.632,0.077,1.023,0.593
8016,69.108334,6.015,4.589,0.047,0.743,0.636
8017,69.118485,5.869,4.577,0.086,0.631,0.575
8018,69.126871,5.956,4.634,0.083,0.641,0.598
8019,69.135157,5.957,4.647,0.066,0.673,0.571
8020,69.14341,6.028,4.579,0.062,0.827,0.56
8021,69.151941,5.958,4.62,0.074,0.676,0.588
8022,69.15999,6.205,4.642,0.077,0.94,0.546
8023,69.168229,6.256,4.624,0.061,1.049,0.522
8024,69.17888,5.974,4.619,0.078,0.657,0.62
8025,69.189179,6.03,4.638,0.066,0.757,0.569
8026,69.197257,6.253,4.596,0.064,1.062,0.531
8027,69.205856,6.076,4.632,0.085,0.753,0.606
8028,69.214149,6.158,4.581,0.083,0.851,0.643
8029,69.222299,6.225,4.588,0.067,1.029,0.541
8030,69.230754,6.132,4.594,0.105,0.871,0.562
8031,69.239165,6.1,4.589,0.073,0.827,0.611
8032,69.247726,5.848,4.623,0.079,0.65,0.496
8033,69.255775,6.208,4.625,0.101,0.913,0.569
8034,69.264214,5.836,4.614,0.068,0.84,0.314
8035,69.272998,6.126,4.608,0.09,0.805,0.623
8036,69.280922,6.463,4.621,0.078,1.214,0.55
8037,69.289506,6.225,4.647,0.072,0.938,0.568
8038,69.299995,5.947,4.624,0.073,0.661,0.589
8039,69.307722,6.467,4.656,0.083,1.235,0.493
8040,69.31657,6.045,4.643,0.08,0.739,0.583
8041,69.324455,6.42,4.606,0.079,1.225,0.51
8042,69.333155,6.086,4.644,0.064,0.822,0.556
8043,69.342097,5.894,4.612,0.086,0.659,0.537
8044,69.349834,6.529,4.611,0.08,1.261,0.577
8045,69.360569,6.018,4.589,0.082,0.641,0.706
8046,69.368522,6.302,4.579,0.062,1.033,0.628
8047,69.377058,6.045,4.597,0.072,0.823,0.553
8048,69.385126,6.351,4.625,0.082,1.066,0.578
8049,69.393232,6.5,4.603,0.065,1.312,0.52
8050,69.402012,6.191,4.642,0.093,0.82,0.636
8051,69.41039,6.06,4.628,0.073,0.807,0.552
8052,69.41871,6.056,4.618,0.092,0.826,0.52
8053,69.426929,6.163,4.625,0.079,0.94,0.519
8054,69.437249,5.799,4.586,0.06,0.589,0.564
8055,69.447557,6.216,4.626,0.087,0.881,0.622
8056,69.455827,6.259,4.636,0.093,0.925,0.605
8057,69.464323,6.185,4.582,0.063,0.828,0.712
8058,69.472419,6.277,4.588,0.063,1.059,0.567
8059,69.481136,5.914,4.59,0.083,0.676,0.565
8060,69.489157,6.153,4.634,0.062,0.942,0.515
8061,69.497275,6.372,4.592,0.064,1.198,0.518
8062,69.506206,6.169,4.595,0.07,0.785,0.719
8063,69.514412,6.217,4.639,0.08,0.866,0.632
8064,69.52303,5.905,4.573,0.08,0.653,0.599
8065,69.531079,6.2,4.608,0.078,0.893,0.621
8066,69.539597,5.968,4.621,0.077,0.702,0.568
8067,69.55002,5.967,4.58,0.06,0.704,0.623
8068,69.557943,6.251,4.572,0.065,1.127,0.487
8069,69.566545,6.104,4.622,0.085,0.807,0.59
8070,69.575339,5.79,4.592,0.062,0.603,0.533
8071,69.583031,6.543,4.582,0.074,1.259,0.628
8072,69.591422,6.348,4.622,0.071,1.16,0.495
8073,69.599581,6.62,4.615,0.081,1.344,0.58
8074,69.607955,6.535,4.619,0.059,1.298,0.559
8075,69.618642,6.223,4.61,0.082,0.944,0.587
8076,69.626724,6.469,4.627,0.08,1.179,0.583
8077,69.635168,6.365,4.617,0.058,1.072,0.618
8078,69.643339,6.497,4.593,0.065,1.264,0.575
8079,69.652117,6.072,4.609,0.1,0.787,0.576
8080,69.660364,6.118,4.58,0.072,0.918,0.548
8081,69.668917,6.009,4.627,0.096,0.653,0.633
8082,69.677037,6.217,4.622,0.086,0.893,0.616
8083,69.687655,6.125,4.65,0.081,0.783,0.611
8084,69.697182,5.855,4.602,0.064,0.573,0.616
8085,69.705734,6.108,4.663,0.067,0.784,0.594
8086,69.714009,6.109,4.623,0.087,0.872,0.527
8087,69.722442,6.093,4.569,0.064,0.834,0.626
8088,69.731339,5.79,4.577,0.066,0.583,0.564
8089,69.739111,6.347,4.629,0.087,1.086,0.545
8090,69.747822,6.007,4.623,0.081,0.715,0.588
8091,69.75633,5.962,4.576,0.066,0.6,0.72
8092,69.764531,5.998,4.623,0.081,0.683,0.611
8093,69.77252,6.347,4.621,0.074,1.03,0.622
8094,69.781087,6.137,4.627,0.08,0.828,0.602
8095,69.789447,6.051,4.601,0.077,0.83,0.543
8096,69.797758,6.159,4.582,0.071,0.911,0.595
8097,69.808177,5.973,4.626,0.101,0.614,0.632
8098,69.816725,6.11,4.578,0.085,0.809,0.638
8099,69.825074,6.104,4.66,0.089,0.778,0.577
8100,69.833084,6.436,4.613,0.092,1.145,0.586
8101,69.841234,6.598,4.615,0.067,1.335,0.581
8102,69.849854,6.359,4.63,0.097,1.013,0.619
8103,69.858467,6.29,4.583,0.08,0.805,0.822
8104,69.868658,6.064,4.583,0.09,0.622,0.769
8105,69.876858,6.099,4.62,0.082,0.723,0.674
8106,69.885487,6.065,4.627,0.065,0.762,0.611
8107,69.893324,6.516,4.578,0.06,1.312,0.566
8108,69.902309,6.06,4.583,0.064,0.788,0.625
8109,69.91032,6.285,4.603,0.067,1.093,0.522
8110,69.918453,6.535,4.592,0.081,1.303,0.559
8111,69.927067,6.263,4.634,0.119,0.95,0.56
8112,69.93744,5.921,4.595,0.08,0.65,0.596
8113,69.947493,6.01,4.629,0.093,0.702,0.586
8114,69.955813,6.099,4.61,0.08,0.756,0.653
8115,69.964265,5.911,4.599,0.068,0.643,0.601
8116,69.972431,6.089,4.581,0.079,0.822,0.607
8117,69.980937,5.983,4.628,0.086,0.665,0.604
8118,69.989145,6.068,4.63,0.075,0.789,0.574
8119,69.997539,6.041,4.592,0.09,0.767,0.592
8120,70.006134,6.174,4.631,0.072,0.828,0.643
8121,70.014232,6.382,4.612,0.067,1.086,0.617
8122,70.022757,6.211,4.622,0.077,0.884,0.628
8123,70.030841,6.476,4.62,0.094,1.122,0.64
8124,70.039368,6.189,4.588,0.065,0.974,0.562
8125,70.047984,5.957,4.642,0.096,0.622,0.597
8126,70.058233,5.963,4.726,0.057,0.733,0.447
8127,70.066412,6.242,4.616,0.102,0.981,0.543
8128,70.07529,6.281,4.628,0.064,0.644,0.945
8129,70.083284,6.454,4.596,0.06,1.018,0.78
8130,70.091515,6.374,4.631,0.078,1.081,0.584
8131,70.099979,6.23,4.67,0.082,0.912,0.566
8132,70.107952,6.624,4.621,0.079,1.325,0.599
8133,70.118337,5.888,4.597,0.049,0.642,0.6
8134,70.126913,6.356,4.616,0.31,1.005,0.425
8135,70.135633,6.769,4.676,0.203,1.071,0.819
8136,70.143269,7.092,4.593,0.153,1.894,0.452
8137,70.152436,6.515,4.598,0.214,1.239,0.464
8138,70.160186,7.279,4.612,0.166,1.871,0.63
8139,70.17105,6.407,4.658,0.109,0.868,0.772
8140,70.180806,6.359,4.63,0.087,0.876,0.766
8141,70.189154,6.198,4.638,0.109,0.832,0.619
8142,70.197305,6.241,4.585,0.089,1.1,0.467
8143,70.205723,6.362,4.61,0.095,0.989,0.668
8144,70.214385,6.1,4.608,0.049,0.797,0.646
8145,70.222388,6.346,4.589,0.062,1.145,0.55
8146,70.230972,6.279,4.624,0.077,0.87,0.708
8147,70.239565,6.091,4.636,0.069,0.79,0.596
8148,70.247595,6.329,4.618,0.082,1.113,0.516
8149,70.256119,6.289,4.618,0.083,0.929,0.659
8150,70.264346,6.467,4.595,0.046,1.054,0.772
8151,70.272838,6.43,4.609,0.232,0.846,0.743
8152,70.281432,6.192,4.591,0.141,0.818,0.642
8153,70.289338,6.728,4.603,0.172,1.205,0.748
8154,70.298196,6.252,4.615,0.146,0.863,0.628
8155,70.308342,6.299,4.584,0.141,0.927,0.647
8156,70.316519,6.4,4.597,0.125,1.092,0.586
8157,70.32496,6.315,4.641,0.13,0.935,0.609
8158,70.333045,6.523,4.67,0.136,1.147,0.57
8159,70.34197,6.557,4.515,0.265,0.895,0.882
8160,70.349495,6.899,4.518,0.114,1.85,0.417
8161,70.358334,6.436,4.529,0.121,1.328,0.458
8162,70.368193,6.042,4.611,0.1,0.88,0.451
8163,70.376999,6.112,4.55,0.177,0.858,0.527
8164,70.385468,5.917,4.495,0.087,0.886,0.449
8165,70.393227,6.507,4.561,0.092,1.388,0.466
8166,70.402229,5.914,4.495,0.108,0.844,0.467
8167,70.410256,6.198,4.548,0.092,1.108,0.45
8168,70.418493,6.332,4.493,0.109,1.243,0.487
8169,70.427818,6.001,4.501,0.064,0.813,0.623
8170,70.437406,6.004,4.549,0.044,0.874,0.537
8171,70.447314,6.101,4.61,0.119,0.872,0.5
8172,70.455728,6.405,4.572,0.083,1.165,0.585
8173,70.464524,6.543,4.514,0.097,1.051,0.881
8174,70.4727,6.685,4.529,0.086,1.206,0.864
8175,70.481158,6.525,4.502,0.094,1.101,0.828
8176,70.489395,6.613,4.492,0.074,1.229,0.818
8177,70.497922,6.394,4.643,0.088,0.919,0.744
8178,70.506361,6.351,4.595,0.069,0.886,0.801
8179,70.514371,6.604,4.584,0.081,1.217,0.722
8180,70.522651,6.701,4.627,0.079,1.23,0.765
8181,70.531258,6.463,4.58,0.066,1.005,0.812
8182,70.539522,6.482,4.637,0.075,1.016,0.754
8183,70.547985,6.392,4.586,0.104,0.943,0.759
8184,70.558872,6.388,4.567,0.074,0.911,0.836
8185,70.566934,6.614,4.639,0.08,1.105,0.79
8186,70.574791,7.005,4.577,0.071,1.645,0.712
8187,70.583149,6.994,4.601,0.09,1.571,0.732
8188,70.591736,6.755,4.617,0.112,1.298,0.728
8189,70.599887,7.019,4.633,0.081,1.495,0.81
8190,70.608397,6.737,4.588,0.066,1.367,0.716
8191,70.618968,6.416,4.623,0.081,0.929,0.783
8192,70.627068,6.591,4.602,0.123,1.144,0.722
8193,70.635297,6.703,4.583,0.067,1.305,0.748
8194,70.643373,6.92,4.494,0.073,1.657,0.696
8195,70.652593,6.302,4.499,0.088,0.936,0.779
8196,70.660424,6.702,4.503,0.067,1.443,0.689
8197,70.668805,6.705,4.513,0.077,1.387,0.728
8198,70.677237,6.586,4.514,0.071,1.281,0.72
8199,70.687091,6.362,4.621,0.075,0.895,0.771
8200,70.69543,6.271,4.491,0.083,1.016,0.681
8201,70.70409,6.265,4.537,0.088,0.903,0.737
8202,70.711973,6.736,4.509,0.076,1.385,0.766
8203,70.72071,6.302,4.547,0.068,0.983,0.704
8204,70.729442,6.044,4.49,0.063,0.772,0.719
8205,70.739472,6.441,4.588,0.089,0.974,0.79
8206,70.747505,6.687,4.5,0.083,1.369,0.735
8207,70.75613,6.366,4.539,0.101,1.015,0.711
8208,70.764732,6.361,4.525,0.085,1.01,0.741
8209,70.772474,6.878,4.606,0.106,1.501,0.665
8210,70.781149,6.616,4.516,0.065,1.279,0.756
8211,70.789645,6.53,4.52,0.086,1.098,0.826
8212,70.798018,6.509,4.583,0.068,1.011,0.847
8213,70.808406,6.361,4.584,0.077,0.966,0.734
8214,70.816808,6.404,4.605,0.077,0.879,0.843
8215,70.825101,6.412,4.64,0.074,1.003,0.695
8216,70.833295,6.631,4.585,0.094,1.181,0.771
8217,70.841412,6.865,4.593,0.087,1.396,0.789
8218,70.850143,6.471,4.585,0.084,1.012,0.79
8219,70.858138,6.793,4.64,0.07,1.303,0.78
8220,70.868583,6.382,4.63,0.081,0.912,0.759
8221,70.878982,6.399,4.608,0.08,0.911,0.8
8222,70.887044,6.629,4.628,0.097,1.148,0.756
8223,70.89555,6.456,4.625,0.086,0.99,0.755
8224,70.903821,6.501,4.624,0.078,1.061,0.738
8225,70.91217,6.527,4.621,0.067,1.051,0.788
8226,70.920443,6.47,4.588,0.091,1.13,0.661
8227,70.92903,6.327,4.609,0.078,0.9,0.74
8228,70.937594,6.486,4.623,0.078,1.043,0.742
8229,70.945951,6.497,4.517,0.091,1.121,0.768
8230,70.953838,6.785,4.529,0.095,1.547,0.614
8231,70.9622,6.731,4.508,0.077,1.55,0.596
8232,70.970345,6.85,4.552,0.069,1.694,0.535
8233,70.978812,6.795,4.508,0.055,1.605,0.627
8234,70.98772,6.337,4.531,0.084,1.013,0.709
8235,70.997146,5.585,4.53,0.096,0.608,0.351
8236,71.006102,5.855,4.518,0.089,0.567,0.681
8237,71.014807,5.817,4.515,0.092,0.577,0.633
8238,71.022694,6.264,4.521,0.082,1.024,0.637
8239,71.031175,6.07,4.491,0.084,0.907,0.588
8240,71.039089,6.52,4.533,0.085,1.285,0.617
8241,71.048046,5.953,4.492,0.087,0.697,0.677
8242,71.058691,5.993,4.625,0.089,0.627,0.652
8243,71.066609,6.385,4.55,0.073,1.121,0.641
8244,71.075072,6.293,4.51,0.078,1.03,0.675
8245,71.082918,6.661,4.532,0.075,1.492,0.562
8246,71.091691,6.391,4.532,0.076,1.06,0.723
8247,71.099714,6.664,4.601,0.096,1.285,0.682
8248,71.108113,6.561,4.618,0.078,1.22,0.645
8249,71.1182,6.096,4.591,0.061,0.8,0.644
8250,71.126843,5.994,4.629,0.07,0.68,0.615
8251,71.135372,6.089,4.59,0.071,0.844,0.584
8252,71.143409,6.41,4.587,0.071,1.148,0.604
8253,71.152337,5.896,4.594,0.071,0.638,0.593
8254,71.160232,6.301,4.597,0.066,1.073,0.565
8255,71.168376,6.499,4.595,0.065,1.261,0.578
8256,71.179139,6.184,4.659,0.085,0.805,0.635
8257,71.187081,6.552,4.616,0.095,1.234,0.607
8258,71.195343,6.635,4.582,0.068,1.36,0.625
8259,71.204102,6.229,4.597,0.115,0.871,0.646
8260,71.212019,6.615,4.605,0.089,1.319,0.602
8261,71.220656,6.321,4.614,0.093,1.003,0.611
8262,71.229388,6.134,4.594,0.085,0.936,0.519
8263,71.239169,6.119,4.599,0.071,0.876,0.573
8264,71.247901,6.213,4.613,0.09,0.866,0.644
8265,71.255886,6.56,4.644,0.075,1.204,0.637
8266,71.264301,6.45,4.579,0.063,1.185,0.623
8267,71.272312,6.706,4.576,0.062,1.509,0.559
8268,71.280981,6.425,4.673,0.087,1.069,0.596
8269,71.289196,6.463,4.614,0.073,1.255,0.521
8270,71.299969,6.062,4.59,0.076,0.705,0.691
8271,71.31,5.888,4.581,0.061,0.631,0.615
8272,71.318523,5.918,4.632,0.074,0.627,0.585
8273,71.326579,6.191,4.625,0.078,0.913,0.575
8274,71.334938,6.19,4.628,0.085,0.886,0.591
8275,71.343504,6.206,4.597,0.071,0.845,0.693
8276,71.351569,6.419,4.616,0.084,1.091,0.628
8277,71.359943,6.341,4.605,0.076,1.064,0.596
8278,71.368361,6.23,4.604,0.056,0.979,0.591
8279,71.376994,6.154,4.641,0.08,0.867,0.566
8280,71.38501,6.471,4.664,0.068,1.163,0.576
8281,71.393423,6.477,4.602,0.091,1.131,0.653
8282,71.402569,5.994,4.599,0.073,0.613,0.709
8283,71.410117,6.707,4.582,0.068,1.408,0.649
8284,71.418845,6.295,4.621,0.086,0.98,0.608
8285,71.428991,5.98,4.642,0.075,0.613,0.65
8286,71.437327,5.995,4.581,0.052,0.788,0.574
8287,71.445735,6.039,4.634,0.078,0.664,0.663
8288,71.453883,6.168,4.66,0.081,0.824,0.603
8289,71.462383,5.991,4.589,0.062,0.728,0.612
8290,71.470371,6.309,4.589,0.069,1.079,0.572
8291,71.479552,5.984,4.627,0.08,0.658,0.619
8292,71.489674,6.202,4.611,0.094,0.798,0.699
8293,71.497798,6.412,4.638,0.102,0.974,0.698
8294,71.505958,6.536,4.629,0.081,1.176,0.65
8295,71.514135,6.652,4.63,0.063,1.333,0.626
8296,71.522522,6.587,4.608,0.079,1.3,0.6
8297,71.530977,6.48,4.616,0.075,1.169,0.62
8298,71.539535,6.285,4.622,0.092,0.929,0.642
8299,71.547734,6.354,4.61,0.083,1.088,0.573
8300,71.557843,6.17,4.632,0.093,0.791,0.654
8301,71.566374,6.018,4.606,0.061,0.76,0.591
8302,71.574651,6.079,4.633,0.085,0.791,0.57
8303,71.583186,6.038,4.626,0.097,0.76,0.555
8304,71.591248,6.372,4.626,0.07,1.055,0.621
8305,71.599869,6.131,4.578,0.081,0.811,0.661
8306,71.608014,6.28,4.619,0.076,0.954,0.631
8307,71.618502,5.909,4.608,0.084,0.632,0.585
8308,71.627014,6.19,4.619,0.084,0.911,0.576
8309,71.635459,6.046,4.613,0.088,0.809,0.536
8310,71.643808,6.2,4.581,0.085,0.829,0.705
8311,71.65164,6.603,4.619,0.077,1.293,0.614
8312,71.65996,6.623,4.612,0.078,1.312,0.621
8313,71.668425,6.44,4.594,0.075,1.199,0.572
8314,71.678985,6.033,4.603,0.079,0.765,0.586
8315,71.687135,6.246,4.592,0.068,0.958,0.628
8316,71.695536,6.171,4.638,0.082,0.845,0.606
8317,71.704194,5.865,4.594,0.063,0.595,0.613
8318,71.712206,6.158,4.608,0.061,0.902,0.587
8319,71.72083,5.966,4.58,0.072,0.636,0.678
8320,71.729302,5.765,4.591,0.062,0.568,0.544
8321,71.737564,5.906,4.639,0.099,0.625,0.543
8322,71.747365,5.862,4.6,0.063,0.641,0.558
8323,71.755985,5.89,4.61,0.074,0.625,0.581
8324,71.764129,6.043,4.61,0.058,0.807,0.568
8325,71.772852,5.896,4.564,0.075,0.653,0.604
8326,71.780933,6.157,4.626,0.08,0.848,0.603
8327,71.789539,5.914,4.593,0.079,0.629,0.613
8328,71.799674,5.977,4.618,0.087,0.638,0.634
8329,71.807913,6.022,4.621,0.082,0.73,0.589
8330,71.816721,5.911,4.621,0.074,0.597,0.619
8331,71.824609,6.263,4.578,0.079,1.09,0.516
8332,71.833208,6.606,4.582,0.084,1.348,0.592
8333,71.841496,6.938,4.587,0.09,1.385,0.876
8334,71.849788,6.869,4.659,0.081,1.372,0.757
8335,71.860389,5.973,4.616,0.087,0.672,0.598
8336,71.869191,6.162,4.592,0.064,0.785,0.721
8337,71.877167,6.364,4.644,0.067,1.085,0.568
8338,71.8853,6.712,4.599,0.076,1.339,0.698
8339,71.893381,6.861,4.593,0.075,1.594,0.599
8340,71.902162,6.491,4.685,0.068,1.057,0.681
8341,71.91023,6.678,4.601,0.065,1.402,0.61
8342,71.91845,6.77,4.629,0.073,1.487,0.581
8343,71.929018,6.127,4.6,0.088,0.882,0.557
8344,71.93975,6.171,4.659,0.064,0.719,0.729
8345,71.9473,6.793,4.576,0.057,1.585,0.575
8346,71.955726,6.711,4.631,0.073,1.435,0.572
8347,71.964034,6.669,4.574,0.077,1.518,0.5
8348,71.972313,6.744,4.593,0.064,1.553,0.534
8349,71.980647,6.767,4.652,0.077,1.492,0.546
8350,71.988895,6.895,4.635,0.077,1.595,0.588
8351,71.997248,6.842,4.589,0.059,1.623,0.571
8352,72.005849,6.605,4.586,0.08,1.354,0.585
8353,72.014453,6.325,4.635,0.076,1.04,0.574
8354,72.022333,6.73,4.592,0.062,1.534,0.542
8355,72.031027,6.445,4.591,0.08,1.176,0.598
8356,72.039964,5.953,4.614,0.081,0.7,0.558
8357,72.047766,6.549,4.62,0.086,1.231,0.612
8358,72.058072,5.822,4.575,0.094,0.596,0.557
8359,72.066049,6.114,4.645,0.08,0.896,0.493
8360,72.074922,6.105,4.625,0.086,0.832,0.562
8361,72.082793,6.519,4.622,0.076,1.298,0.523
8362,72.091609,6.118,4.616,0.078,0.83,0.594
8363,72.099366,6.666,4.583,0.06,1.443,0.58
8364,72.108129,6.24,4.632,0.07,0.964,0.574
8365,72.118707,6.088,4.622,0.077,0.808,0.581
8366,72.126826,6.326,4.618,0.09,1.029,0.589
8367,72.13521,6.189,4.602,0.072,0.994,0.521
8368,72.143285,6.477,4.573,0.071,1.283,0.55
8369,72.151923,6.193,4.625,0.088,0.927,0.553
8370,72.160075,6.371,4.597,0.082,1.136,0.556
8371,72.168314,6.409,4.589,0.062,1.235,0.523
8372,72.179276,5.869,4.578,0.076,0.67,0.545
8373,72.189137,5.947,4.582,0.073,0.764,0.528
8374,72.197406,6.05,4.587,0.084,0.829,0.55
8375,72.205796,6.074,4.58,0.072,0.779,0.643
8376,72.214026,6.077,4.595,0.086,0.851,0.545
8377,72.22226,6.193,4.59,0.061,0.972,0.57
8378,72.230837,6.01,4.593,0.075,0.79,0.552
8379,72.239025,6.265,4.596,0.087,0.929,0.653
8380,72.247655,5.902,4.638,0.085,0.598,0.581
8381,72.256194,6.043,4.608,0.062,0.813,0.56
8382,72.264201,6.38,4.706,0.06,1.043,0.571
8383,72.273107,5.837,4.639,0.06,0.576,0.562
8384,72.280797,6.593,4.591,0.076,1.271,0.655
8385,72.289341,6.301,4.594,0.059,1.06,0.588
8386,72.297978,6.043,4.607,0.078,0.766,0.592
8387,72.307689,5.834,4.587,0.075,0.648,0.524
8388,72.316188,5.986,4.599,0.061,0.781,0.545
8389,72.324803,6.082,4.618,0.091,0.836,0.537
8390,72.332598,6.413,4.581,0.088,1.407,0.337
8391,72.34156,6.015,4.625,0.093,0.734,0.563
8392,72.34951,6.319,4.611,0.093,1.131,0.484
8393,72.358126,6.039,4.622,0.06,0.845,0.512
8394,72.368665,6.108,4.61,0.082,0.854,0.562
8395,72.376807,6.289,4.715,0.08,0.94,0.554
8396,72.385138,6.279,4.616,0.057,1.042,0.564
8397,72.393144,6.557,4.62,0.058,1.365,0.514
8398,72.401879,6.323,4.602,0.079,0.981,0.661
8399,72.410084,6.349,4.63,0.065,1.085,0.569
8400,72.41847,6.315,4.575,0.079,1.086,0.575
8401,72.42701,6.176,4.647,0.092,0.88,0.557
8402,72.437449,6.086,4.64,0.068,0.794,0.584
8403,72.447622,5.936,4.621,0.085,0.62,0.61
8404,72.4557,6.141,4.635,0.081,0.862,0.563
8405,72.464143,6.032,4.613,0.061,0.775,0.583
8406,72.47224,6.206,4.596,0.065,1.025,0.52
8407,72.480883,6.305,4.635,0.082,0.838,0.75
8408,72.488805,6.51,4.579,0.087,1.306,0.538
8409,72.497553,6.155,4.625,0.077,0.845,0.608
8410,72.506618,5.849,4.626,0.082,0.572,0.569
8411,72.514258,6.523,4.603,0.071,1.291,0.558
8412,72.523068,6.037,4.631,0.109,0.751,0.546
8413,72.530952,6.766,4.587,0.092,1.269,0.818
8414,72.539393,6.443,4.601,0.09,1.151,0.601
8415,72.547938,6.317,4.637,0.086,0.908,0.686
8416,72.558234,5.861,4.605,0.08,0.614,0.562
8417,72.566153,6.313,4.629,0.062,1.004,0.618
8418,72.57476,5.969,4.611,0.088,0.742,0.528
8419,72.582966,6.204,4.609,0.086,0.874,0.635
8420,72.591618,6.082,4.589,0.076,0.78,0.637
8421,72.599868,6.18,4.604,0.085,0.847,0.644
8422,72.608137,6.153,4.629,0.066,0.889,0.569
8423,72.617018,5.869,4.647,0.084,0.591,0.547
8424,72.626662,6.014,4.581,0.088,0.773,0.572
8425,72.635216,5.797,4.583,0.067,0.558,0.589
8426,72.643658,5.918,4.57,0.094,0.658,0.596
8427,72.651619,6.239,4.619,0.081,0.988,0.551
8428,72.660102,6.09,4.636,0.062,0.821,0.571
8429,72.668356,6.061,4.573,0.069,0.961,0.458
8430,72.679642,5.902,4.609,0.081,0.625,0.587
8431,72.689109,6.066,4.636,0.062,0.823,0.545
8432,72.697313,6.212,4.568,0.062,1.024,0.558
8433,72.705763,6.242,4.609,0.084,0.94,0.609
8434,72.713989,6.297,4.579,0.08,1.083,0.555
8435,72.722274,6.35,4.647,0.103,1.021,0.579
8436,72.730622,6.301,4.634,0.098,1.037,0.532
8437,72.739129,6.301,4.629,0.07,0.891,0.711
8438,72.747318,6.323,4.591,0.068,1.07,0.594
8439,72.75596,6.079,4.617,0.085,0.756,0.621
8440,72.764402,5.883,4.586,0.077,0.678,0.542
8441,72.772958,6.028,4.61,0.093,0.812,0.513
8442,72.780949,6.405,4.602,0.086,1.164,0.553
8443,72.78941,6.296,4.587,0.088,1.054,0.567
8444,72.799871,6.138,4.627,0.08,0.791,0.64
8445,72.807794,6.478,4.618,0.064,1.214,0.582
8446,72.816217,6.333,4.583,0.066,1.159,0.525
8447,72.824415,6.508,4.577,0.122,1.26,0.549
8448,72.832899,6.404,4.621,0.1,1.085,0.598
8449,72.841627,6.368,4.748,0.082,0.89,0.648
8450,72.849773,6.487,4.612,0.083,1.211,0.581
8451,72.858201,6.349,4.611,0.064,1.117,0.557
8452,72.86867,5.938,4.63,0.09,0.657,0.561
