sample,elapsed_s,total_ms,decode_wait_ms,prepare_ms,submit_to_flip_ms,other_ms
0,0.007541,9.321,4.626,2.066,1.064,1.565
1,0.015888,9.131,4.606,3.703,0.645,0.177
2,0.02453,9.015,4.505,3.48,0.664,0.366
3,0.03412,8.649,4.563,3.031,0.65,0.405
4,0.042704,8.726,4.632,3.214,0.709,0.171
5,0.050846,8.914,4.693,2.398,0.873,0.95
6,0.059334,8.774,4.624,2.899,0.789,0.462
7,0.067421,8.987,4.529,3.649,0.663,0.146
8,0.076409,8.656,4.598,2.885,0.603,0.57
9,0.084261,9.018,4.64,3.56,0.655,0.163
10,0.094715,9.213,4.664,3.641,0.747,0.161
11,0.103299,8.976,4.557,3.588,0.65,0.181
12,0.111602,8.991,4.691,2.146,0.959,1.195
13,0.119505,9.399,4.634,2.803,1.443,0.519
14,0.128065,9.158,4.616,3.187,1.225,0.13
15,0.136363,9.258,4.609,3.54,0.911,0.198
16,0.144692,9.286,4.675,3.144,1.221,0.246
17,0.15336,8.907,4.565,2.172,0.995,1.175
18,0.163596,8.984,4.638,3.531,0.654,0.161
19,0.171902,9.015,4.908,3.084,0.773,0.25
20,0.180858,9.666,4.692,4.091,0.689,0.194
21,0.188591,10.357,5.144,2.156,1.753,1.304
22,0.196874,10.307,4.562,3.368,2.192,0.185
23,0.205082,10.423,4.663,3.063,2.41,0.287
24,0.215771,8.692,4.664,3.131,0.67,0.227
25,0.22595,8.847,4.637,3.205,0.691,0.314
26,0.234133,8.851,4.631,3.179,0.874,0.167
27,0.242664,8.732,4.509,3.395,0.651,0.177
28,0.250708,9.0,4.716,3.346,0.787,0.151
29,0.259141,8.971,4.572,3.002,1.001,0.396
30,0.267556,8.85,4.669,3.289,0.704,0.188
31,0.276176,8.738,4.631,3.065,0.605,0.437
32,0.28428,8.85,4.509,3.098,0.959,0.284
33,0.292963,8.826,4.604,3.221,0.65,0.351
34,0.30104,8.96,4.604,2.193,0.952,1.211
35,0.309498,9.161,4.669,3.521,0.689,0.282
36,0.317458,9.559,4.806,2.157,1.283,1.313
37,0.326056,9.155,4.602,2.134,1.228,1.191
38,0.334609,9.272,4.58,3.763,0.743,0.186
39,0.344596,9.551,4.592,3.987,0.722,0.25
40,0.353091,9.514,4.724,3.131,1.25,0.409
41,0.361596,9.146,4.655,3.519,0.801,0.171
42,0.369631,9.522,4.838,2.13,1.268,1.286
43,0.377758,9.632,4.67,3.34,1.469,0.153
44,0.386422,9.313,4.607,2.853,1.359,0.494
45,0.394887,9.362,4.676,3.807,0.685,0.194
46,0.404998,8.668,4.604,3.231,0.651,0.182
47,0.413571,8.732,4.592,3.316,0.658,0.166
48,0.421915,8.749,4.636,2.123,0.724,1.266
49,0.430547,8.918,4.617,3.36,0.644,0.297
50,0.438764,9.058,4.61,2.202,0.936,1.31
51,0.44642,9.617,4.63,3.639,1.142,0.206
52,0.455212,9.291,4.729,3.645,0.72,0.197
53,0.46386,9.125,4.813,3.221,0.755,0.336
54,0.474305,8.979,4.602,3.528,0.662,0.187
55,0.484264,9.032,4.599,3.462,0.677,0.294
56,0.492619,9.83,4.679,4.084,0.757,0.31
57,0.501031,10.535,5.055,4.199,0.793,0.488
58,0.509187,10.541,5.167,3.158,1.866,0.35
59,0.517556,10.477,4.803,2.45,2.201,1.023
60,0.525953,10.278,4.605,3.228,2.307,0.138
61,0.534086,10.486,4.494,2.12,2.645,1.227
62,0.542556,10.363,4.623,3.452,2.13,0.158
63,0.551235,10.007,4.582,3.082,2.076,0.267
64,0.55958,9.979,4.59,3.514,1.74,0.135
65,0.568213,9.72,4.639,3.543,1.364,0.174
66,0.576321,10.06,4.64,2.132,1.925,1.363
67,0.584375,10.218,4.59,3.592,1.864,0.172
68,0.592927,9.989,4.552,3.188,2.074,0.175
69,0.60303,9.162,4.579,3.633,0.779,0.171
70,0.61132,9.175,4.598,2.934,1.234,0.409
71,0.619629,9.218,4.614,3.391,1.049,0.164
72,0.628128,9.072,4.592,3.086,1.099,0.295
73,0.636323,9.214,4.504,2.959,1.326,0.425
74,0.645031,8.833,4.606,3.258,0.792,0.177
75,0.653202,8.981,4.635,2.995,0.987,0.364
76,0.663855,8.852,4.622,3.273,0.661,0.296
77,0.671813,9.157,4.971,3.07,0.755,0.361
78,0.68038,8.934,4.604,3.545,0.657,0.128
79,0.688339,9.406,4.86,2.064,1.119,1.363
80,0.696702,9.337,4.615,3.485,1.044,0.193
81,0.705339,9.037,4.586,2.961,1.06,0.43
82,0.715892,8.866,4.616,3.115,0.763,0.372
83,0.725861,9.046,4.6,3.669,0.574,0.203
84,0.734172,9.109,4.767,2.962,0.889,0.491
85,0.74238,9.186,4.721,2.287,1.049,1.129
86,0.750689,9.2,4.618,2.136,1.193,1.253
87,0.75914,9.167,4.614,3.69,0.657,0.206
88,0.76749,9.228,4.687,2.153,1.079,1.309
89,0.776002,8.957,4.557,2.03,1.03,1.34
90,0.78475,8.887,4.61,3.272,0.811,0.194
91,0.79278,9.567,4.984,3.718,0.691,0.174
92,0.801307,9.877,4.919,3.998,0.646,0.314
93,0.80968,9.934,5.166,3.055,1.162,0.551
94,0.817624,10.18,4.909,2.443,1.81,1.018
95,0.826181,9.872,4.632,2.91,1.873,0.457
96,0.834575,9.773,4.631,3.32,1.678,0.144
97,0.844239,8.581,4.609,2.96,0.637,0.375
98,0.853319,8.773,4.592,3.071,0.826,0.284
99,0.861588,8.811,4.476,2.204,1.007,1.124
100,0.869608,9.18,4.525,3.344,1.095,0.216
101,0.878837,9.977,4.557,4.093,0.823,0.504
102,0.887567,10.221,4.752,3.574,0.76,1.135
103,0.895572,10.422,4.832,2.058,1.402,2.13
104,0.903606,10.151,4.596,3.91,1.211,0.434
105,0.913596,9.318,4.615,3.397,0.88,0.426
106,0.922052,9.209,4.646,3.194,0.938,0.431
107,0.930728,9.277,4.5,3.552,0.781,0.444
108,0.93871,9.739,4.944,2.13,1.078,1.587
109,0.947185,9.428,4.52,3.096,1.359,0.453
110,0.955739,9.264,4.576,3.271,0.983,0.434
111,0.965846,9.211,4.604,3.467,0.652,0.488
112,0.976051,8.896,4.609,3.276,0.578,0.433
113,0.984189,9.048,4.582,3.044,0.894,0.528
114,0.992631,9.097,4.587,3.436,0.686,0.388
115,1.001244,8.836,4.591,3.072,0.644,0.529
116,1.009315,9.062,4.479,3.062,1.02,0.501
117,1.018052,8.903,4.598,3.219,0.694,0.392
118,1.026545,9.027,4.596,3.449,0.614,0.368
119,1.034521,9.426,4.74,2.091,1.091,1.504
120,1.042946,9.394,4.616,1.929,1.121,1.728
121,1.051221,9.336,4.569,3.079,1.224,0.464
122,1.059838,9.245,4.615,3.344,0.82,0.466
123,1.068115,9.331,4.564,3.681,0.649,0.437
124,1.07628,9.586,4.676,3.63,0.747,0.533
125,1.084743,9.425,4.959,3.191,0.772,0.503
126,1.095605,9.046,4.618,3.325,0.624,0.479
127,1.103267,9.883,4.685,2.299,1.34,1.559
128,1.112116,9.045,4.615,3.183,0.895,0.352
129,1.119884,9.754,4.715,3.219,1.357,0.463
130,1.128252,9.539,4.564,3.051,1.479,0.445
131,1.13681,9.388,4.577,3.509,0.943,0.359
132,1.144821,9.859,4.822,2.997,1.317,0.723
133,1.153837,9.268,4.594,3.372,0.705,0.597
134,1.163553,9.341,4.613,3.756,0.613,0.359
135,1.17216,8.986,4.582,3.126,0.912,0.366
136,1.180171,9.358,4.547,3.151,1.273,0.387
137,1.189317,8.83,4.583,2.999,0.67,0.578
138,1.196934,9.564,4.772,3.128,1.2,0.464
139,1.205176,9.58,4.504,3.204,1.564,0.308
140,1.215758,8.863,4.597,3.271,0.599,0.396
141,1.225972,8.817,4.592,3.25,0.602,0.373
142,1.234309,8.741,4.555,3.1,0.684,0.402
143,1.242437,9.143,4.498,3.673,0.682,0.29
144,1.251191,8.72,4.587,3.067,0.643,0.423
145,1.259169,9.035,4.552,3.125,1.033,0.325
146,1.26752,9.027,4.665,3.42,0.682,0.26
147,1.276051,8.918,4.654,3.127,0.719,0.418
148,1.284412,8.867,4.527,2.976,0.826,0.538
149,1.292874,8.951,4.594,3.374,0.611,0.372
150,1.301404,8.735,4.577,2.991,0.615,0.552
151,1.309309,9.115,4.544,3.03,1.082,0.459
152,1.318007,8.822,4.638,3.181,0.619,0.384
153,1.32626,8.808,4.517,3.06,0.828,0.403
154,1.334267,9.113,4.556,3.154,1.137,0.266
155,1.345071,8.747,4.671,3.011,0.686,0.379
156,1.353404,8.857,4.493,2.961,0.864,0.539
157,1.361496,9.052,4.585,2.857,1.015,0.595
158,1.36996,8.916,4.596,3.351,0.656,0.313
159,1.378019,9.188,4.749,3.126,0.995,0.318
160,1.386734,9.334,4.542,3.805,0.609,0.378
161,1.395219,9.288,4.621,3.034,1.066,0.567
162,1.405089,8.694,4.624,3.099,0.637,0.334
163,1.413639,8.965,4.615,3.423,0.628,0.299
164,1.422251,8.663,4.53,3.094,0.738,0.301
165,1.430191,9.064,4.508,3.689,0.592,0.275
166,1.439252,8.567,4.595,3.085,0.538,0.349
167,1.446696,9.473,4.785,2.416,1.237,1.035
168,1.455443,9.091,4.638,2.971,0.975,0.507
169,1.465618,8.959,4.599,3.353,0.625,0.382
170,1.476217,8.627,4.586,3.03,0.621,0.39
171,1.48445,9.059,4.607,3.564,0.563,0.325
172,1.492636,9.267,4.79,3.319,0.8,0.358
173,1.501257,8.938,4.632,3.001,0.872,0.433
174,1.509161,9.33,4.577,3.167,1.313,0.273
175,1.517701,9.475,4.628,3.916,0.608,0.323
176,1.526215,9.501,4.623,3.021,1.223,0.634
177,1.5344,9.431,4.567,3.026,1.429,0.409
178,1.543035,9.211,4.617,3.217,0.983,0.394
179,1.550998,9.585,4.656,3.766,0.763,0.4
180,1.559604,9.216,4.66,3.497,0.751,0.308
181,1.567938,9.18,4.81,3.114,0.956,0.3
182,1.576014,9.481,4.763,3.103,1.262,0.353
183,1.584518,9.264,4.632,3.541,0.831,0.26
184,1.595038,9.091,4.6,3.623,0.56,0.308
185,1.603472,8.991,4.517,2.947,1.014,0.513
186,1.61145,9.316,4.67,3.435,0.928,0.283
187,1.620036,9.232,4.651,3.789,0.53,0.262
188,1.6283,9.592,4.737,2.869,1.155,0.831
189,1.636346,9.585,4.541,2.305,1.638,1.101
190,1.644901,9.431,4.605,3.296,1.202,0.328
191,1.653271,9.316,4.569,3.084,1.354,0.309
192,1.663545,9.112,4.578,3.547,0.6,0.387
193,1.672416,8.575,4.582,2.959,0.53,0.504
194,1.680426,9.123,4.725,3.592,0.543,0.263
195,1.6887,9.351,4.731,2.189,1.014,1.417
196,1.696991,9.23,4.65,3.175,1.131,0.274
197,1.705206,9.368,4.525,3.152,1.393,0.298
198,1.713769,9.214,4.641,3.305,0.905,0.363
199,1.72224,8.993,4.555,3.053,1.011,0.374
200,1.732067,9.068,4.579,3.664,0.544,0.281
201,1.742571,8.844,4.593,3.424,0.544,0.283
202,1.750866,8.856,4.523,3.32,0.754,0.259
203,1.759284,8.768,4.501,3.13,0.862,0.275
204,1.767356,9.021,4.577,3.002,1.053,0.389
205,1.775923,8.838,4.509,3.357,0.675,0.297
206,1.784309,8.755,4.567,2.065,0.773,1.35
207,1.792617,8.795,4.507,3.435,0.578,0.275
208,1.80115,8.783,4.599,3.296,0.583,0.305
209,1.809532,8.972,4.627,3.547,0.526,0.272
210,1.817717,9.194,4.719,2.455,0.986,1.034
211,1.825957,9.237,4.636,3.245,1.054,0.302
212,1.834496,8.983,4.632,2.965,0.961,0.425
213,1.845032,8.674,4.583,3.184,0.563,0.344
214,1.853476,8.924,4.58,3.513,0.53,0.301
215,1.861539,9.265,4.775,2.252,0.977,1.261
216,1.869971,9.066,4.602,3.26,0.936,0.268
217,1.877959,9.474,4.683,3.82,0.641,0.33
218,1.88658,9.167,4.691,3.367,0.793,0.316
219,1.895052,8.999,4.708,3.116,0.846,0.329
220,1.905227,8.685,4.582,3.091,0.589,0.423
221,1.913453,9.013,4.675,3.485,0.563,0.29
222,1.922621,8.938,4.613,3.377,0.561,0.387
223,1.930506,9.351,4.812,2.321,1.055,1.163
224,1.938423,9.656,4.573,2.9,1.711,0.472
225,1.947016,9.484,4.614,3.262,1.286,0.322
226,1.955322,9.495,4.571,3.058,1.482,0.384
227,1.963914,9.288,4.612,3.766,0.555,0.355
228,1.97432,8.64,4.583,2.968,0.576,0.513
229,1.984249,8.664,4.576,3.046,0.596,0.446
230,1.992516,8.663,4.619,2.856,0.629,0.559
231,2.000828,8.822,4.611,3.353,0.563,0.295
232,2.009278,8.664,4.659,2.993,0.605,0.407
233,2.017542,9.054,4.65,3.494,0.622,0.288
234,2.026064,9.092,4.659,3.644,0.511,0.278
235,2.034313,9.346,4.794,3.441,0.67,0.441
236,2.042775,9.069,4.617,2.296,1.01,1.146
237,2.051071,9.314,4.652,3.78,0.614,0.268
238,2.059589,9.226,4.67,3.403,0.798,0.355
239,2.067778,9.534,4.764,3.915,0.515,0.34
240,2.076416,9.488,4.772,3.545,0.659,0.512
241,2.086717,8.957,4.579,3.356,0.643,0.379
242,2.094988,8.999,4.604,3.202,0.837,0.356
243,2.103323,8.943,4.592,2.96,0.885,0.506
244,2.111352,9.235,4.463,3.017,1.316,0.439
245,2.119951,9.307,4.603,3.87,0.541,0.293
246,2.128249,9.587,4.901,2.91,0.979,0.797
247,2.136358,9.554,4.584,3.84,0.81,0.32
248,2.144828,9.521,4.73,3.279,1.123,0.389
249,2.153256,9.324,4.51,3.591,0.937,0.286
250,2.163523,9.187,4.611,3.592,0.6,0.384
251,2.172369,8.722,4.587,3.064,0.601,0.47
252,2.180501,8.911,4.496,2.975,0.894,0.546
253,2.188643,9.129,4.628,3.449,0.708,0.344
254,2.196892,9.28,4.729,2.168,0.909,1.474
255,2.205263,9.251,4.576,2.07,1.053,1.552
256,2.215976,9.539,4.596,3.725,0.69,0.528
257,2.225935,9.6,4.587,3.92,0.623,0.47
258,2.234289,9.528,4.733,2.265,1.134,1.396
259,2.24279,9.253,4.6,3.386,0.943,0.324
260,2.250926,9.482,4.652,3.266,1.184,0.38
261,2.259281,9.448,4.617,3.698,0.746,0.387
262,2.267604,9.534,4.773,2.183,1.095,1.483
263,2.275877,9.649,4.555,2.172,1.374,1.548
264,2.28451,9.322,4.555,2.155,1.073,1.539
265,2.292326,9.686,4.572,2.063,1.575,1.476
266,2.30117,9.156,4.613,2.07,1.038,1.435
267,2.30938,9.27,4.594,3.213,1.188,0.275
268,2.317458,9.479,4.618,3.681,0.965,0.215
269,2.326161,9.42,4.653,3.796,0.77,0.201
270,2.334528,9.563,4.863,2.137,1.088,1.475
271,2.343231,9.103,4.56,2.1,1.033,1.41
272,2.353138,8.799,4.584,2.15,0.752,1.313
273,2.361613,8.736,4.581,2.174,0.698,1.283
274,2.369627,9.08,4.57,2.267,1.025,1.218
275,2.378109,8.893,4.704,2.498,0.746,0.945
276,2.386473,8.973,4.465,2.073,0.977,1.458
277,2.394969,8.724,4.557,2.141,0.735,1.291
278,2.403229,8.758,4.522,2.09,0.846,1.3
279,2.413335,8.75,4.627,2.09,0.725,1.308
280,2.421946,8.664,4.584,2.164,0.701,1.215
281,2.430429,8.809,4.572,2.273,0.764,1.2
282,2.438365,9.103,4.552,2.072,1.185,1.294
283,2.44686,8.909,4.613,2.121,0.953,1.222
284,2.454991,9.13,4.532,2.132,1.276,1.19
285,2.463625,8.86,4.641,2.189,0.87,1.16
286,2.474029,9.329,4.614,3.739,0.736,0.24
287,2.484297,8.547,4.576,3.048,0.625,0.298
288,2.49249,8.664,4.619,2.931,0.724,0.39
289,2.500859,8.841,4.638,3.341,0.62,0.242
290,2.509077,9.112,4.63,3.677,0.612,0.193
291,2.517476,9.114,4.671,3.471,0.726,0.246
292,2.526181,8.667,4.534,2.154,0.837,1.142
293,2.5343,8.944,4.593,3.026,1.006,0.319
294,2.542596,8.928,4.602,3.469,0.675,0.182
295,2.550909,9.064,4.791,3.225,0.725,0.323
296,2.559803,8.851,4.622,3.38,0.62,0.229
297,2.567582,9.535,4.948,3.707,0.58,0.3
298,2.576779,9.109,4.62,3.464,0.559,0.466
299,2.584587,9.496,4.906,3.224,1.073,0.293
300,2.5946,8.839,4.627,3.341,0.68,0.191
301,2.603228,8.714,4.55,3.152,0.675,0.337
302,2.611521,8.937,4.666,3.445,0.619,0.207
303,2.61959,9.152,4.781,2.446,1.038,0.887
304,2.627842,9.28,4.589,3.874,0.629,0.188
305,2.636279,9.177,4.571,3.078,1.284,0.244
306,2.644689,9.116,4.602,3.373,0.951,0.19
307,2.65527,8.482,4.568,3.004,0.59,0.32
308,2.663449,9.158,4.703,3.446,0.676,0.333
309,2.671946,8.876,4.545,3.311,0.803,0.217
310,2.680218,9.196,4.601,1.998,0.979,1.618
311,2.688569,9.027,4.659,3.381,0.669,0.318
312,2.697095,8.944,4.717,3.097,0.717,0.413
313,2.705119,9.133,4.635,3.198,1.05,0.25
314,2.713616,8.962,4.663,3.451,0.619,0.229
315,2.724203,8.604,4.584,3.083,0.619,0.318
316,2.734169,8.697,4.572,3.255,0.652,0.218
317,2.74237,8.766,4.583,2.945,0.9,0.338
318,2.75072,8.833,4.63,3.417,0.574,0.212
319,2.75892,8.922,4.789,3.183,0.776,0.174
320,2.767339,8.838,4.472,3.218,0.982,0.166
321,2.775828,8.857,4.561,3.432,0.699,0.165
322,2.784171,8.84,4.562,3.104,0.945,0.229
323,2.79277,8.802,4.675,3.388,0.549,0.19
324,2.800816,9.149,4.773,3.236,0.901,0.239
325,2.809658,9.067,4.676,3.551,0.639,0.201
326,2.817901,9.199,4.699,3.209,1.053,0.238
327,2.8265,8.862,4.647,2.307,0.849,1.059
328,2.834555,9.144,4.614,3.478,0.889,0.163
329,2.844587,8.737,4.586,2.81,0.769,0.572
330,2.85303,9.132,4.612,3.757,0.616,0.147
331,2.861536,8.979,4.693,2.241,0.926,1.119
332,2.8694,9.429,4.678,2.357,1.414,0.98
333,2.877801,9.416,4.602,3.429,1.179,0.206
334,2.886545,8.992,4.606,3.588,0.609,0.189
335,2.894688,9.249,4.769,3.299,0.931,0.25
336,2.905374,8.586,4.562,3.078,0.633,0.313
337,2.913229,9.051,4.575,3.649,0.645,0.182
338,2.921923,8.785,4.6,3.32,0.705,0.16
339,2.930342,8.708,4.543,3.077,0.824,0.264
340,2.938605,8.941,4.622,3.537,0.604,0.178
341,2.946682,9.306,4.678,3.384,0.974,0.27
342,2.955132,9.091,4.587,3.157,1.142,0.205
343,2.963666,8.946,4.636,3.515,0.606,0.189
344,2.974164,8.633,4.579,2.038,0.679,1.337
345,2.984056,8.614,4.598,3.211,0.641,0.164
346,2.992899,8.757,4.612,3.285,0.67,0.19
347,3.001285,9.167,4.562,3.048,0.778,0.779
348,3.009215,9.258,4.538,3.158,1.209,0.353
349,3.017888,9.119,4.592,3.112,0.848,0.567
350,3.025823,9.441,4.645,3.296,1.06,0.44
351,3.034523,8.894,4.608,3.54,0.566,0.18
352,3.042521,9.288,4.888,2.443,0.977,0.98
353,3.051182,8.932,4.712,3.165,0.832,0.223
354,3.059136,9.377,4.644,3.059,1.299,0.375
355,3.067612,9.15,4.575,3.436,0.946,0.193
356,3.076676,9.367,4.639,3.464,0.763,0.501
357,3.084804,9.553,4.679,3.207,1.177,0.49
358,3.094942,9.495,4.624,3.766,0.735,0.37
359,3.103427,9.296,4.717,2.91,1.079,0.59
360,3.111475,9.588,4.574,2.911,1.509,0.594
361,3.119599,9.791,4.488,2.285,1.804,1.214
362,3.128358,9.491,4.568,3.007,1.299,0.617
363,3.13647,9.55,4.493,3.12,1.594,0.343
364,3.144987,9.397,4.652,3.212,1.214,0.319
365,3.154928,9.205,4.618,3.842,0.552,0.193
366,3.163241,9.252,4.857,2.942,1.007,0.446
367,3.171635,9.123,4.498,3.638,0.816,0.171
368,3.180399,8.702,4.555,3.018,0.809,0.32
369,3.18832,9.091,4.596,3.041,1.181,0.273
370,3.196628,9.153,4.617,3.328,1.023,0.185
371,3.205117,8.974,4.65,3.209,0.952,0.163
372,3.216245,9.063,4.593,3.6,0.692,0.178
373,3.225606,8.895,4.636,3.394,0.708,0.157
374,3.234112,8.711,4.637,3.167,0.736,0.171
375,3.242514,8.848,4.567,3.418,0.648,0.215
376,3.250793,8.858,4.65,3.175,0.839,0.194
377,3.259043,8.908,4.674,3.09,0.9,0.244
378,3.267283,9.016,4.503,2.266,1.16,1.087
379,3.275727,8.919,4.629,3.438,0.685,0.167
380,3.284024,8.94,4.669,2.773,0.917,0.581
381,3.292455,8.93,4.62,3.5,0.614,0.196
382,3.301186,9.248,4.588,3.832,0.621,0.207
383,3.309617,9.195,4.841,2.454,0.89,1.01
384,3.317641,9.402,4.64,3.432,1.179,0.151
385,3.326288,9.086,4.546,3.049,1.186,0.305
386,3.334345,9.382,4.509,2.964,1.506,0.403
387,3.342884,9.141,4.616,3.243,1.158,0.124
388,3.353284,8.504,4.566,2.955,0.588,0.395
389,3.361358,8.77,4.471,3.087,0.938,0.274
390,3.369753,8.9,4.602,3.482,0.626,0.19
391,3.377934,9.101,4.759,3.241,0.864,0.237
392,3.386464,8.936,4.619,3.551,0.626,0.14
393,3.394889,8.854,4.78,3.153,0.718,0.203
394,3.40367,9.372,4.634,3.836,0.543,0.359
395,3.413221,8.531,4.565,3.132,0.566,0.268
396,3.421878,8.752,4.629,3.302,0.591,0.23
397,3.430334,8.58,4.564,2.998,0.629,0.389
398,3.438321,8.909,4.565,3.063,0.976,0.305
399,3.446318,9.225,4.578,3.01,1.3,0.337
400,3.455235,8.701,4.526,3.108,0.774,0.293
401,3.466121,8.574,4.61,3.134,0.585,0.245
402,3.475673,8.786,4.644,3.356,0.603,0.183
403,3.48411,8.651,4.665,3.037,0.637,0.312
404,3.492484,8.621,4.5,3.054,0.764,0.303
405,3.500715,8.709,4.575,3.382,0.612,0.14
406,3.508964,9.425,4.622,3.9,0.727,0.176
407,3.517356,9.503,4.949,2.044,1.056,1.454
408,3.525773,9.315,4.607,3.421,1.083,0.204
409,3.534178,9.238,4.613,2.994,1.23,0.401
410,3.542774,8.931,4.648,3.317,0.814,0.152
411,3.55083,9.324,4.943,3.069,0.923,0.389
412,3.559443,9.205,4.588,3.701,0.758,0.158
413,3.56757,9.5,4.894,2.171,1.168,1.267
414,3.576161,9.191,4.612,3.078,1.192,0.309
415,3.584455,9.211,4.66,3.517,0.867,0.167
416,3.594607,8.88,4.621,3.468,0.612,0.179
417,3.602781,9.138,4.678,3.351,0.836,0.273
418,3.611464,8.696,4.524,3.127,0.793,0.252
419,3.619867,9.645,4.651,3.902,0.615,0.477
420,3.62828,9.36,4.828,3.071,1.068,0.393
421,3.636746,9.17,4.628,3.394,0.935,0.213
422,3.644938,9.264,4.771,3.115,1.159,0.219
423,3.653463,9.395,4.631,3.563,0.691,0.51
424,3.663467,8.831,4.637,2.928,0.592,0.674
425,3.672149,8.849,4.629,3.031,0.608,0.581
426,3.680318,9.492,4.722,3.753,0.657,0.36
427,3.688556,9.779,4.939,3.794,0.65,0.396
428,3.697004,9.72,4.93,3.06,1.175,0.555
429,3.705074,9.746,4.857,2.933,1.515,0.441
430,3.713813,9.569,4.65,2.33,1.328,1.261
431,3.722333,9.386,4.556,3.008,1.238,0.584
432,3.732325,8.776,4.56,3.182,0.646,0.388
433,3.740939,9.212,4.603,3.744,0.612,0.253
434,3.750902,9.448,4.625,3.861,0.597,0.365
435,3.75938,9.266,4.695,3.66,0.645,0.266
436,3.76742,9.54,4.882,2.543,1.253,0.862
437,3.77611,9.356,4.591,3.154,1.192,0.419
438,3.78423,9.492,4.51,3.686,0.961,0.335
439,3.792778,9.238,4.646,3.364,0.919,0.309
440,3.801052,9.278,4.611,3.772,0.614,0.281
441,3.809329,9.479,4.874,3.553,0.632,0.42
442,3.817861,9.652,4.846,3.71,0.629,0.467
443,3.826531,9.216,4.715,3.394,0.748,0.359
444,3.834515,9.698,4.828,2.472,1.216,1.182
445,3.843008,9.311,4.588,3.188,1.275,0.26
446,3.853487,9.02,4.599,3.544,0.577,0.3
447,3.861519,9.363,4.846,2.271,1.002,1.244
448,3.869975,9.172,4.701,3.242,0.956,0.273
449,3.87793,9.54,4.738,3.225,1.314,0.263
450,3.886509,9.26,4.611,3.534,0.882,0.233
451,3.89488,9.169,4.576,3.371,1.045,0.177
452,3.903332,9.086,4.567,3.075,1.11,0.334
453,3.913502,9.03,4.708,3.494,0.654,0.174
454,3.921667,9.245,4.727,3.355,0.941,0.222
455,3.930338,8.866,4.583,3.054,0.923,0.306
456,3.938654,8.874,4.615,3.48,0.624,0.155
457,3.947212,8.842,4.599,3.025,0.691,0.527
458,3.955031,9.223,4.77,3.1,1.033,0.32
459,3.96362,8.952,4.612,3.368,0.771,0.201
460,3.973782,8.8,4.601,3.405,0.614,0.18
461,3.982378,8.567,4.574,2.895,0.616,0.482
462,3.992313,8.592,4.574,2.987,0.677,0.354
463,4.000754,8.912,4.597,3.403,0.66,0.252
464,4.009579,8.887,4.637,2.986,0.777,0.487
465,4.017393,9.369,4.739,3.481,0.914,0.235
466,4.025961,9.206,4.587,3.769,0.636,0.214
467,4.034335,9.2,4.636,2.902,1.108,0.554
468,4.04242,9.373,4.574,2.862,1.417,0.52
469,4.050611,9.519,4.621,3.431,1.293,0.174
470,4.059292,9.171,4.544,3.089,1.277,0.261
471,4.067369,9.414,4.485,3.142,1.591,0.196
472,4.075937,9.21,4.595,3.316,1.114,0.185
473,4.08389,9.559,4.837,3.573,1.002,0.147
474,4.094569,8.98,4.627,3.56,0.642,0.151
475,4.103235,8.636,4.541,3.107,0.718,0.27
476,4.111566,9.37,4.554,3.663,0.656,0.497
477,4.119984,9.039,4.721,3.175,0.839,0.304
478,4.127965,9.389,4.697,3.15,1.234,0.308
479,4.136637,8.996,4.616,3.53,0.671,0.179
480,4.14503,9.416,4.666,3.109,0.877,0.764
481,4.153189,9.293,4.528,3.073,1.224,0.468
482,4.163579,9.155,4.618,2.198,0.801,1.538
483,4.171902,8.954,4.571,2.23,0.858,1.295
484,4.180995,9.63,4.592,3.977,0.744,0.317
485,4.189095,10.567,5.104,2.529,1.267,1.667
486,4.197159,10.183,4.56,3.08,2.074,0.469
487,4.205699,10.035,4.557,3.531,1.522,0.425
488,4.213654,10.47,4.813,2.3,2.001,1.356
489,4.223966,9.351,4.599,3.813,0.654,0.285
490,4.234345,8.829,4.573,3.078,0.672,0.506
491,4.242993,8.917,4.577,3.241,0.773,0.326
492,4.25094,9.327,4.804,3.06,1.0,0.463
493,4.259271,9.343,4.476,3.207,1.304,0.356
494,4.267752,9.355,4.659,3.349,0.821,0.526
495,4.276141,9.106,4.594,3.045,1.005,0.462
496,4.284317,9.241,4.601,3.013,1.155,0.472
497,4.29291,9.034,4.611,3.349,0.72,0.354
498,4.300931,9.395,4.784,3.044,1.007,0.56
499,4.309826,9.117,4.64,2.207,0.793,1.477
500,4.317309,9.691,4.537,2.995,1.74,0.419
501,4.326163,9.15,4.594,3.128,1.165,0.263
502,4.334392,9.212,4.596,3.706,0.744,0.166
503,4.344566,8.907,4.599,3.487,0.619,0.202
504,4.353029,9.075,4.632,3.629,0.615,0.199
505,4.361296,9.218,4.584,3.093,1.209,0.332
506,4.369601,9.206,4.614,3.518,0.866,0.208
507,4.378071,9.243,4.542,3.872,0.647,0.182
508,4.386612,9.058,4.764,3.433,0.695,0.166
509,4.395274,9.139,4.593,3.017,0.772,0.757
510,4.404947,8.729,4.615,3.255,0.648,0.211
511,4.413525,9.052,4.599,3.474,0.811,0.168
512,4.421624,9.354,4.665,2.214,1.235,1.24
513,4.430395,9.145,4.684,3.655,0.632,0.174
514,4.438315,9.67,4.985,2.485,1.204,0.996
515,4.446925,9.285,4.596,3.281,1.234,0.174
516,4.454985,9.611,4.754,2.155,1.432,1.27
517,4.465295,8.644,4.61,3.082,0.654,0.298
518,4.473656,8.962,4.597,3.524,0.662,0.179
519,4.482429,8.645,4.61,2.867,0.636,0.532
520,4.490148,9.191,4.685,3.005,1.196,0.305
521,4.499083,9.267,4.648,3.778,0.642,0.199
522,4.507555,9.092,4.741,3.496,0.69,0.165
523,4.51536,9.703,4.808,2.24,1.448,1.207
524,4.524425,8.905,4.626,3.034,0.917,0.328
525,4.532346,9.311,4.591,2.918,1.372,0.43
526,4.542546,8.828,4.577,3.521,0.569,0.161
527,4.55078,9.074,4.8,3.393,0.664,0.217
528,4.559452,8.708,4.597,3.08,0.714,0.317
529,4.567241,9.333,4.652,2.932,1.21,0.539
530,4.575964,8.831,4.632,3.318,0.732,0.149
531,4.584372,8.781,4.478,3.082,0.939,0.282
532,4.594564,8.897,4.618,3.472,0.656,0.151
533,4.602959,8.86,4.668,3.173,0.81,0.209
534,4.611438,8.683,4.626,2.936,0.71,0.411
535,4.619539,9.041,4.655,3.569,0.623,0.194
536,4.628082,8.798,4.627,3.091,0.83,0.25
537,4.63629,8.933,4.466,3.187,1.117,0.163
538,4.644665,8.863,4.666,3.462,0.6,0.135
539,4.653298,8.714,4.553,3.033,0.706,0.422
540,4.663188,8.618,4.575,3.096,0.698,0.249
541,4.673707,8.689,4.596,3.275,0.62,0.198
542,4.682499,8.516,4.59,3.036,0.576,0.314
543,4.690277,9.071,4.55,3.178,1.15,0.193
544,4.698735,8.929,4.581,3.445,0.736,0.167
545,4.707,9.009,4.715,3.118,0.946,0.23
546,4.715382,8.926,4.572,2.98,1.066,0.308
547,4.724128,8.575,4.594,3.132,0.646,0.203
548,4.732133,8.883,4.589,2.422,0.988,0.884
549,4.74032,9.018,4.569,3.167,1.108,0.174
550,4.748776,8.934,4.596,3.4,0.736,0.202
551,4.757054,8.931,4.676,3.05,0.98,0.225
552,4.765282,9.04,4.504,3.011,1.26,0.265
553,4.773948,8.727,4.546,3.297,0.714,0.17
554,4.784532,8.812,4.61,3.407,0.638,0.157
555,4.792678,9.133,4.648,3.442,0.754,0.289
556,4.801154,8.887,4.593,3.099,0.966,0.229
557,4.809323,9.076,4.629,2.989,1.107,0.351
558,4.817521,9.156,4.684,3.426,0.887,0.159
559,4.826118,8.894,4.489,3.148,1.097,0.16
560,4.834279,9.065,4.478,3.163,1.267,0.157
561,4.844489,8.977,4.592,3.556,0.665,0.164
562,4.853284,8.62,4.579,3.086,0.714,0.241
563,4.861491,8.993,4.524,3.696,0.585,0.188
564,4.869595,9.331,4.707,2.289,1.201,1.134
565,4.878211,8.983,4.567,3.681,0.569,0.166
566,4.886434,9.169,4.686,2.298,1.103,1.082
567,4.894773,9.096,4.599,3.403,0.923,0.171
568,4.904829,8.653,4.566,3.272,0.662,0.153
569,4.913227,8.636,4.627,3.064,0.694,0.251
570,4.921758,8.842,4.57,3.419,0.677,0.176
571,4.930072,8.881,4.661,3.123,0.885,0.212
572,4.938433,8.826,4.638,3.085,0.881,0.222
573,4.947102,9.294,4.61,3.896,0.638,0.15
574,4.954922,9.947,5.193,3.473,0.994,0.287
575,4.963486,9.69,4.786,2.22,1.522,1.162
576,4.971958,9.451,4.56,3.313,1.403,0.175
577,4.982577,8.928,4.645,3.483,0.586,0.214
578,4.990419,9.444,4.936,3.438,0.834,0.236
579,4.999018,9.135,4.774,3.106,1.013,0.242
580,5.006953,9.547,4.861,3.163,1.319,0.204
581,5.015685,9.135,4.606,3.441,0.9,0.188
582,5.026136,8.893,4.592,3.566,0.584,0.151
583,5.034238,9.21,4.662,3.066,1.153,0.329
584,5.042769,8.966,4.572,3.439,0.766,0.189
585,5.050741,9.391,4.678,2.124,1.302,1.287
586,5.059301,9.074,4.552,3.083,1.204,0.235
587,5.067832,8.905,4.626,3.247,0.837,0.195
588,5.076027,9.015,4.65,2.156,1.044,1.165
589,5.084231,9.216,4.591,3.079,1.236,0.31
590,5.094487,8.876,4.609,3.482,0.631,0.154
591,5.103178,8.558,4.595,3.119,0.661,0.183
592,5.111281,8.829,4.479,3.178,0.981,0.191
593,5.119899,8.623,4.604,3.294,0.575,0.15
594,5.127855,8.982,4.825,3.146,0.87,0.141
595,5.136824,8.723,4.619,3.332,0.601,0.171
596,5.144536,9.401,4.789,3.396,0.997,0.219
597,5.155143,8.645,4.664,3.034,0.651,0.296
598,5.163268,8.878,4.508,3.103,1.016,0.251
599,5.171791,8.788,4.517,3.473,0.61,0.188
600,5.180622,8.869,4.65,3.515,0.558,0.146
601,5.188386,9.534,4.911,2.596,1.225,0.802
602,5.196901,9.269,4.545,3.307,1.263,0.154
603,5.204894,9.616,4.843,3.651,0.962,0.16
604,5.213626,9.241,4.56,3.506,0.993,0.182
605,5.223917,8.737,4.588,3.293,0.652,0.204
606,5.232126,8.858,4.581,3.186,0.892,0.199
607,5.240475,8.812,4.646,2.869,0.831,0.466
608,5.248615,8.988,4.511,3.517,0.801,0.159
609,5.257029,9.267,4.574,3.793,0.724,0.176
610,5.265986,8.933,4.548,3.223,0.739,0.423
611,5.27421,8.829,4.515,3.104,0.935,0.275
612,5.284364,8.5,4.553,3.004,0.584,0.359
613,5.294427,8.532,4.608,2.937,0.599,0.388
614,5.30261,8.706,4.603,2.983,0.757,0.363
615,5.31118,8.752,4.566,3.122,0.809,0.255
616,5.319481,9.056,4.643,3.573,0.659,0.181
617,5.327829,9.018,4.75,3.235,0.846,0.187
618,5.336554,8.979,4.622,3.512,0.618,0.227
619,5.344636,9.259,4.717,2.301,1.119,1.122
620,5.353034,9.675,4.642,3.781,0.708,0.544
621,5.361794,9.083,4.581,3.401,0.722,0.379
622,5.370075,9.135,4.676,3.132,0.913,0.414
623,5.378092,9.473,4.66,2.17,1.24,1.403
624,5.386706,9.191,4.602,3.462,0.736,0.391
625,5.395019,9.142,4.717,3.141,0.93,0.354
626,5.405678,9.276,4.607,3.416,0.715,0.538
627,5.413786,9.635,4.879,3.666,0.638,0.452
628,5.422368,9.555,4.702,3.073,1.065,0.715
629,5.430631,9.327,4.666,3.52,0.821,0.32
630,5.438868,9.788,4.846,3.762,0.707,0.473
631,5.447229,10.085,4.922,3.533,0.832,0.798
632,5.455467,10.116,4.904,3.402,1.069,0.741
633,5.463859,9.878,4.679,3.35,1.296,0.553
634,5.473904,9.111,4.536,2.1,0.857,1.618
635,5.482476,8.994,4.62,2.109,0.797,1.468
636,5.490567,9.363,4.592,3.588,0.793,0.39
637,5.499293,9.02,4.489,2.002,0.874,1.655
638,5.507654,9.275,4.585,3.532,0.735,0.423
639,5.515837,9.55,4.843,3.235,0.91,0.562
640,5.524412,9.172,4.49,3.068,1.043,0.571
641,5.534753,9.19,4.599,3.389,0.725,0.477
642,5.544724,9.176,4.615,2.065,0.808,1.688
643,5.552719,9.375,4.658,3.476,0.853,0.388
644,5.561414,9.089,4.468,2.084,0.937,1.6
645,5.569928,8.81,4.543,2.153,0.725,1.389
646,5.577835,9.194,4.585,3.331,1.008,0.27
647,5.586775,8.748,4.579,2.163,0.717,1.289
648,5.594398,9.456,4.568,2.202,1.437,1.249
649,5.603016,9.148,4.574,2.195,1.148,1.231
650,5.611675,8.966,4.585,2.256,0.854,1.271
651,5.619659,9.296,4.562,2.122,1.244,1.368
652,5.628099,9.117,4.603,2.181,1.123,1.21
653,5.636187,9.413,4.556,2.136,1.416,1.305
654,5.644678,9.312,4.588,2.231,1.237,1.256
655,5.653216,9.06,4.676,2.059,0.954,1.371
656,5.663323,8.691,4.588,2.134,0.687,1.282
657,5.672007,8.682,4.616,2.148,0.642,1.276
658,5.680513,8.742,4.611,2.163,0.767,1.201
659,5.688394,9.238,4.548,2.163,1.278,1.249
660,5.696744,9.256,4.602,2.13,1.229,1.295
661,5.704946,9.349,4.517,3.315,1.26,0.257
662,5.713562,9.034,4.645,3.543,0.631,0.215
663,5.723777,8.821,4.602,3.413,0.604,0.202
664,5.732406,9.031,4.63,3.552,0.645,0.204
665,5.740601,9.193,4.702,2.24,1.105,1.146
666,5.748836,9.226,4.651,3.303,1.108,0.164
667,5.75783,8.749,4.585,3.449,0.557,0.158
668,5.765532,9.488,4.922,3.349,0.955,0.262
669,5.773948,9.377,4.743,3.176,1.224,0.234
670,5.783997,8.818,4.634,3.341,0.653,0.19
671,5.792613,8.517,4.578,2.204,0.606,1.129
672,5.801046,8.589,4.58,3.168,0.672,0.169
673,5.809135,8.841,4.632,3.195,0.824,0.19
674,5.817627,8.861,4.529,3.597,0.581,0.154
675,5.826196,9.015,4.601,3.346,0.56,0.508
676,5.834359,8.905,4.501,3.016,1.009,0.379
677,5.844868,8.772,4.598,3.272,0.71,0.192
678,5.853309,8.846,4.627,3.124,0.68,0.415
679,5.861372,9.238,4.484,3.836,0.626,0.292
680,5.869941,8.948,4.596,2.466,0.981,0.905
681,5.877898,9.298,4.625,3.246,1.247,0.18
682,5.88649,9.085,4.581,3.706,0.618,0.18
683,5.894392,9.599,5.117,2.503,1.043,0.936
684,5.902855,9.375,4.581,3.323,1.306,0.165
685,5.913832,8.69,4.601,3.35,0.579,0.16
686,5.921931,8.959,4.701,3.16,0.869,0.229
687,5.930125,9.083,4.586,3.088,1.133,0.276
688,5.938617,9.021,4.607,3.521,0.724,0.169
689,5.946848,9.595,4.758,3.933,0.609,0.295
690,5.955149,9.618,5.1,3.594,0.657,0.267
691,5.963314,9.747,4.989,3.435,1.106,0.217
692,5.974138,8.585,4.573,3.087,0.631,0.294
693,5.984016,8.609,4.604,3.186,0.675,0.144
694,5.992812,9.094,4.592,2.272,0.803,1.427
695,6.000883,9.222,4.643,3.271,0.93,0.378
696,6.009156,9.335,4.598,3.163,1.118,0.456
697,6.017747,9.15,4.578,3.417,0.701,0.454
698,6.026026,9.08,4.647,3.114,0.92,0.399
699,6.034049,9.39,4.664,3.12,1.216,0.39
700,6.042756,9.196,4.627,3.392,0.807,0.37
701,6.050863,9.55,4.782,3.639,0.736,0.393
702,6.059563,9.289,4.714,3.538,0.658,0.379
703,6.068032,9.497,4.658,3.77,0.631,0.438
704,6.076384,9.75,4.763,3.59,0.783,0.614
705,6.084777,9.532,4.714,2.278,1.19,1.35
706,6.094867,8.976,4.61,3.263,0.697,0.406
707,6.103425,9.168,4.61,3.637,0.576,0.345
708,6.111378,9.482,4.869,2.263,1.149,1.201
709,6.11979,9.301,4.633,3.336,1.161,0.171
710,6.127775,9.727,4.741,2.253,1.505,1.228
711,6.136425,9.314,4.647,3.11,1.283,0.274
712,6.144821,9.265,4.635,3.335,1.121,0.174
713,6.15513,9.136,4.632,3.69,0.652,0.162
714,6.16328,9.384,4.878,3.552,0.732,0.222
715,6.172252,9.05,4.517,3.183,0.755,0.595
716,6.179966,9.462,4.802,3.12,1.11,0.43
717,6.188437,9.168,4.606,3.677,0.715,0.17
718,6.196899,9.06,4.683,2.196,1.002,1.179
719,6.205121,9.166,4.571,3.812,0.617,0.166
720,6.213556,9.162,4.679,3.638,0.647,0.198
721,6.223735,8.838,4.625,3.381,0.646,0.186
722,6.233986,8.689,4.682,3.245,0.618,0.144
723,6.242619,8.591,4.565,2.223,0.6,1.203
724,6.250561,8.934,4.603,2.271,0.959,1.101
725,6.25886,8.999,4.518,3.405,0.902,0.174
726,6.26731,8.868,4.638,2.998,0.849,0.383
727,6.275752,8.954,4.826,3.247,0.713,0.168
728,6.284158,8.859,4.687,3.021,0.836,0.315
729,6.292753,9.046,4.495,2.332,0.779,1.44
730,6.300856,8.952,4.504,3.38,0.798,0.27
731,6.309404,8.665,4.6,3.123,0.685,0.257
732,6.317808,8.789,4.609,3.33,0.65,0.2
733,6.325985,9.258,4.736,3.763,0.611,0.148
734,6.334202,9.488,5.03,3.477,0.718,0.263
735,6.342793,9.22,4.772,3.304,0.895,0.249
736,6.352588,8.944,4.64,3.49,0.629,0.185
737,6.361292,8.601,4.627,3.015,0.591,0.368
738,6.369457,8.826,4.499,2.979,0.941,0.407
739,6.378169,8.796,4.603,3.142,0.658,0.393
740,6.38664,8.663,4.595,2.267,0.705,1.096
741,6.395281,8.667,4.675,3.125,0.646,0.221
742,6.405498,10.266,4.576,3.558,1.968,0.164
743,6.413547,10.633,4.795,3.541,2.05,0.247
744,6.421749,10.769,4.765,3.339,2.417,0.248
745,6.430231,10.528,4.538,3.262,2.568,0.16
746,6.438072,11.033,4.765,3.116,2.851,0.301
747,6.446723,10.717,4.601,3.419,2.521,0.176
748,6.455223,10.729,4.63,3.142,2.507,0.45
749,6.463422,10.669,4.619,3.105,2.651,0.294
750,6.473895,8.782,4.645,3.369,0.618,0.15
751,6.484176,8.617,4.574,3.055,0.641,0.347
752,6.492389,8.803,4.509,3.174,0.83,0.29
753,6.500657,8.933,4.614,3.528,0.598,0.193
754,6.508936,8.938,4.631,3.384,0.78,0.143
755,6.517219,9.012,4.549,3.094,1.033,0.336
756,6.525884,8.667,4.545,3.33,0.639,0.153
757,6.534066,8.812,4.631,2.12,0.767,1.294
758,6.54262,9.003,4.705,3.33,0.711,0.257
759,6.551122,8.775,4.668,3.015,0.642,0.45
760,6.559025,9.176,4.706,3.661,0.678,0.131
761,6.567643,8.946,4.656,3.43,0.672,0.188
762,6.575742,9.221,4.761,3.306,0.932,0.222
763,6.584575,8.775,4.525,3.023,0.709,0.518
764,6.59433,8.759,4.591,3.093,0.713,0.362
765,6.602856,8.688,4.589,3.304,0.615,0.18
766,6.611542,8.695,4.596,3.015,0.619,0.465
767,6.61979,8.815,4.605,3.331,0.648,0.231
768,6.628055,8.803,4.603,3.161,0.784,0.255
769,6.636118,9.089,4.671,3.054,0.992,0.372
770,6.644771,8.807,4.606,3.342,0.648,0.211
771,6.655005,8.634,4.626,3.182,0.61,0.216
772,6.663339,8.681,4.6,2.965,0.637,0.479
773,6.67156,8.914,4.484,3.624,0.624,0.182
774,6.680305,8.616,4.584,2.187,0.571,1.274
775,6.688083,9.104,4.683,3.102,1.025,0.294
776,6.6968,8.794,4.597,3.346,0.635,0.216
777,6.705217,8.709,4.594,3.121,0.709,0.285
778,6.715603,8.828,4.609,3.425,0.612,0.182
779,6.725756,8.851,4.597,3.394,0.572,0.288
780,6.733962,8.935,4.546,2.413,0.887,1.089
781,6.74247,8.693,4.508,3.097,0.746,0.342
782,6.750548,8.955,4.57,3.018,0.959,0.408
783,6.758983,8.807,4.584,3.23,0.842,0.151
784,6.767409,8.763,4.598,3.08,0.734,0.351
785,6.775726,8.788,4.592,3.436,0.597,0.163
786,6.784238,8.955,4.626,3.201,0.761,0.367
787,6.792829,8.835,4.638,3.306,0.663,0.228
788,6.800958,9.001,4.762,3.08,0.824,0.335
789,6.809433,8.966,4.639,3.588,0.595,0.144
790,6.817806,9.04,4.723,3.291,0.77,0.256
791,6.825816,9.324,4.763,3.208,1.105,0.248
792,6.834205,9.238,4.572,3.109,1.237,0.32
793,6.842759,9.135,4.595,3.391,0.85,0.299
794,6.853268,8.707,4.594,3.01,0.603,0.5
795,6.861447,8.909,4.536,3.143,0.817,0.413
796,6.869878,8.715,4.563,3.297,0.67,0.185
797,6.877919,9.318,4.771,3.711,0.641,0.195
798,6.886505,9.064,4.623,3.566,0.678,0.197
799,6.894875,9.092,4.708,2.139,0.884,1.361
800,6.903134,9.097,4.699,3.092,0.986,0.32
801,6.913333,8.617,4.578,3.003,0.665,0.371
802,6.922121,9.132,4.607,3.731,0.628,0.166
803,6.930311,9.323,4.922,3.465,0.714,0.222
804,6.938824,9.098,4.87,3.183,0.857,0.188
805,6.946384,9.93,5.168,3.262,1.267,0.233
806,6.954782,9.886,4.987,3.682,0.961,0.256
807,6.963332,9.641,4.798,3.603,1.024,0.216
808,6.973876,8.74,4.629,3.279,0.667,0.165
809,6.984204,8.645,4.595,3.099,0.655,0.296
810,6.992341,8.839,4.505,3.054,0.962,0.318
811,7.00083,8.724,4.538,3.414,0.619,0.153
812,7.008972,8.927,4.686,2.492,0.857,0.892
813,7.017459,9.145,4.65,3.653,0.648,0.194
814,7.025829,9.164,4.753,3.241,0.92,0.25
815,7.034325,8.901,4.461,3.165,1.062,0.213
816,7.042809,9.252,4.571,2.342,0.809,1.53
817,7.051122,8.987,4.663,3.145,0.759,0.42
818,7.059466,9.403,4.723,3.561,0.748,0.371
819,7.067813,9.563,4.703,3.262,1.054,0.544
820,7.075963,9.639,4.725,2.492,1.275,1.147
821,7.08462,9.309,4.648,3.458,0.78,0.423
822,7.094735,8.962,4.692,3.306,0.616,0.348
823,7.103255,8.815,4.541,3.214,0.66,0.4
824,7.111582,9.343,4.701,3.456,0.846,0.34
825,7.11974,9.675,4.743,3.249,1.192,0.491
826,7.12828,9.428,4.476,2.143,1.269,1.54
827,7.136584,9.345,4.601,3.472,0.938,0.334
828,7.144781,9.544,4.779,3.234,1.126,0.405
829,7.153189,9.448,4.514,2.04,1.332,1.562
830,7.163438,8.968,4.573,3.052,0.732,0.611
831,7.171973,8.91,4.587,3.261,0.713,0.349
832,7.179933,9.368,4.811,3.088,0.925,0.544
833,7.188646,9.36,4.642,3.452,0.818,0.448
834,7.196718,9.759,4.824,3.195,1.147,0.593
835,7.205318,9.331,4.674,3.124,1.035,0.498
836,7.215772,9.182,4.6,3.348,0.704,0.53
837,7.22611,8.933,4.568,3.059,0.711,0.595
838,7.234148,9.377,4.573,3.749,0.706,0.349
839,7.242641,9.324,4.649,3.461,0.788,0.426
840,7.250953,9.349,4.712,3.21,0.975,0.452
841,7.259171,9.437,4.547,3.728,0.756,0.406
842,7.267584,9.434,4.638,3.497,0.852,0.447
843,7.275925,9.435,4.665,2.19,1.093,1.487
844,7.284274,9.376,4.485,3.165,1.269,0.457
845,7.292427,9.513,4.531,3.69,0.925,0.367
846,7.300971,9.263,4.61,3.258,1.061,0.334
847,7.309765,9.145,4.509,3.462,0.731,0.443
848,7.317836,9.439,4.795,2.128,0.945,1.571
849,7.326706,9.203,4.585,3.453,0.715,0.45
850,7.334514,9.844,4.904,2.253,1.145,1.542
851,7.342837,9.587,4.62,3.418,1.216,0.333
852,7.352954,9.04,4.631,3.253,0.745,0.411
853,7.361644,9.198,4.611,3.464,0.752,0.371
854,7.369571,9.727,4.924,2.258,1.099,1.446
855,7.378356,9.229,4.592,3.138,0.974,0.525
856,7.386279,9.538,4.6,3.057,1.373,0.508
857,7.394918,9.315,4.554,2.256,1.12,1.385
858,7.404988,8.873,4.589,3.208,0.74,0.336
859,7.413357,8.894,4.521,3.146,0.776,0.451
860,7.421915,9.022,4.588,3.31,0.763,0.361
861,7.430346,9.512,4.709,3.672,0.732,0.399
862,7.438569,9.831,4.828,2.3,1.226,1.477
863,7.44664,9.922,4.645,3.417,1.458,0.402
864,7.454994,9.98,4.662,3.252,1.591,0.475
865,7.466083,8.937,4.583,3.126,0.711,0.517
866,7.475884,9.038,4.6,3.29,0.737,0.411
867,7.484233,8.968,4.643,3.032,0.745,0.548
868,7.492557,9.207,4.704,3.509,0.694,0.3
869,7.500727,9.331,4.797,3.214,1.048,0.272
870,7.508895,9.406,4.724,3.24,1.276,0.166
871,7.517293,9.347,4.519,3.087,1.426,0.315
872,7.525995,9.66,4.637,4.061,0.752,0.21
873,7.534133,9.922,4.964,2.229,1.493,1.236
874,7.542696,9.657,4.629,3.368,1.451,0.209
875,7.55116,9.469,4.496,3.577,1.252,0.144
876,7.559799,9.172,4.604,3.319,1.093,0.156
877,7.567885,9.653,4.678,3.246,1.312,0.417
878,7.576019,9.891,4.644,2.129,1.583,1.535
879,7.584235,9.832,4.503,3.168,1.842,0.319
880,7.592723,9.598,4.619,3.34,1.467,0.172
881,7.602908,8.872,4.611,3.27,0.685,0.306
882,7.611403,9.018,4.711,3.567,0.593,0.147
883,7.619343,9.469,4.9,3.386,0.984,0.199
884,7.627967,9.165,4.549,3.255,1.174,0.187
885,7.636595,8.994,4.598,3.544,0.678,0.174
886,7.644712,9.33,4.701,3.282,1.06,0.287
887,7.653565,8.993,4.581,3.599,0.65,0.163
888,7.663108,8.67,4.567,3.205,0.708,0.19
889,7.671681,8.873,4.652,3.381,0.66,0.18
890,7.680162,9.465,4.645,3.884,0.77,0.166
891,7.688425,9.59,4.91,3.348,1.125,0.207
892,7.696808,9.477,4.732,3.206,1.345,0.194
893,7.704945,9.681,4.863,3.215,1.39,0.213
894,7.715434,8.609,4.601,3.052,0.631,0.325
895,7.725579,8.696,4.639,2.157,0.676,1.224
896,7.734196,8.68,4.559,2.179,0.584,1.358
897,7.742368,8.811,4.613,2.97,0.689,0.539
898,7.750799,8.937,4.639,3.334,0.663,0.301
899,7.759052,9.088,4.622,3.11,0.848,0.508
900,7.767304,8.977,4.461,3.052,1.095,0.369
901,7.7761,8.588,4.583,3.078,0.61,0.317
902,7.784038,8.98,4.655,3.156,0.934,0.235
903,7.792428,8.94,4.588,3.068,0.947,0.337
904,7.801031,8.786,4.503,3.265,0.731,0.287
905,7.809952,8.856,4.587,3.272,0.72,0.277
906,7.817668,9.557,4.881,3.246,1.06,0.37
907,7.826061,9.309,4.762,3.09,1.136,0.321
908,7.834194,9.495,4.641,3.17,1.466,0.218
909,7.84349,9.616,4.635,3.602,0.769,0.61
910,7.852786,9.011,4.651,2.279,0.71,1.371
911,7.861626,9.125,4.613,3.43,0.711,0.371
912,7.869688,9.491,4.706,2.206,1.07,1.509
913,7.878121,9.497,4.551,3.789,0.801,0.356
914,7.887136,9.76,4.71,3.914,0.701,0.435
915,7.894982,10.555,5.142,2.231,1.469,1.713
916,7.903069,10.282,4.599,2.149,2.267,1.267
917,7.913005,9.2,4.529,3.776,0.715,0.18
918,7.921484,9.186,4.682,3.563,0.682,0.259
919,7.929983,9.041,4.701,2.436,0.827,1.077
920,7.938574,9.091,4.574,3.608,0.628,0.281
921,7.946567,9.437,4.966,2.221,0.988,1.262
922,7.954729,9.497,4.626,3.373,1.364,0.134
923,7.963852,8.746,4.572,3.319,0.69,0.165
924,7.971876,9.053,4.828,3.168,0.82,0.237
925,7.982141,9.11,4.614,3.694,0.636,0.166
926,7.992059,9.491,4.644,3.906,0.767,0.174
927,8.000689,9.276,4.643,2.37,1.16,1.103
928,8.009106,9.137,4.583,3.763,0.631,0.16
929,8.017403,9.246,4.781,2.32,0.989,1.156
930,8.026187,9.349,4.545,3.998,0.631,0.175
931,8.034164,9.761,5.033,2.253,1.281,1.194
932,8.042556,9.7,4.592,3.576,1.33,0.202
933,8.050862,9.685,4.717,3.191,1.563,0.214
934,8.059315,9.56,4.554,3.156,1.606,0.244
935,8.06742,9.877,4.558,3.101,1.837,0.381
936,8.076084,9.462,4.586,3.24,1.457,0.179
937,8.084146,9.77,4.771,3.069,1.564,0.366
938,8.092671,9.531,4.635,3.427,1.319,0.15
939,8.103343,8.791,4.645,3.062,0.622,0.462
940,8.111533,9.006,4.539,3.544,0.711,0.212
941,8.120116,8.878,4.594,3.091,0.708,0.485
942,8.127914,9.329,4.789,3.114,1.053,0.373
943,8.136464,9.007,4.689,3.528,0.644,0.146
944,8.144846,8.95,4.66,3.264,0.894,0.132
945,8.153319,8.931,4.65,3.079,0.789,0.413
946,8.162997,8.709,4.704,3.121,0.626,0.258
947,8.171888,9.338,4.638,3.875,0.553,0.272
948,8.179814,9.836,5.086,3.07,1.152,0.528
949,8.188373,9.473,4.559,3.15,1.477,0.287
950,8.196673,9.442,4.624,3.384,1.267,0.167
951,8.205156,9.417,4.616,3.136,1.303,0.362
952,8.213265,9.567,4.516,3.128,1.629,0.294
953,8.223773,8.962,4.6,3.414,0.647,0.301
954,8.234274,8.729,4.57,2.968,0.628,0.563
955,8.242379,8.969,4.513,3.143,0.918,0.395
956,8.250709,8.887,4.629,3.342,0.697,0.219
957,8.258891,8.963,4.773,3.17,0.808,0.212
958,8.26724,8.948,4.504,3.081,1.085,0.278
959,8.275636,8.875,4.613,3.455,0.669,0.138
960,8.284184,8.814,4.495,3.143,0.859,0.317
961,8.292366,9.531,4.693,3.826,0.775,0.237
962,8.301231,9.456,4.788,3.844,0.621,0.203
963,8.309291,10.004,5.513,3.426,0.73,0.335
964,8.317682,9.843,4.984,2.091,1.395,1.373
965,8.325922,9.892,4.614,4.013,1.078,0.187
966,8.334119,10.21,5.198,3.431,1.213,0.368
967,8.344346,9.113,4.68,3.657,0.607,0.169
968,8.353589,8.936,4.624,3.563,0.551,0.198
969,8.361363,9.605,5.031,3.36,0.937,0.277
970,8.369727,9.561,4.746,3.177,1.309,0.329
971,8.377798,9.784,4.712,2.42,1.607,1.045
972,8.386266,9.586,4.694,3.137,1.497,0.258
973,8.394613,9.56,4.608,3.475,1.335,0.142
974,8.40515,8.601,4.567,3.156,0.658,0.22
975,8.413117,8.964,4.735,3.23,0.821,0.178
976,8.421778,8.885,4.619,3.354,0.691,0.221
977,8.430087,8.866,4.655,3.132,0.809,0.27
978,8.438064,9.182,4.874,3.223,0.952,0.133
979,8.447262,8.502,4.598,3.198,0.547,0.159
980,8.454928,9.886,4.862,3.117,1.623,0.284
981,8.46343,9.679,4.58,2.267,1.735,1.097
982,8.471978,9.452,4.67,3.207,1.425,0.15
983,8.481994,9.14,4.676,3.686,0.609,0.169
984,8.492321,8.558,4.605,3.154,0.597,0.202
985,8.500733,8.834,4.604,3.373,0.628,0.229
986,8.509428,8.999,4.699,3.504,0.647,0.149
987,8.517432,9.457,4.875,2.481,1.132,0.969
988,8.526009,9.841,4.561,4.007,0.757,0.516
989,8.534673,9.66,4.59,3.511,0.889,0.67
990,8.542762,9.914,4.761,3.331,1.145,0.677
991,8.551149,9.624,4.651,3.059,1.351,0.563
992,8.559637,9.438,4.631,3.438,0.96,0.409
993,8.567782,9.674,4.779,3.196,1.241,0.458
994,8.575966,9.636,4.744,3.17,1.432,0.29
995,8.583897,9.983,4.875,3.113,1.707,0.288
996,8.594682,8.915,4.664,3.449,0.643,0.159
997,8.603363,8.723,4.651,3.043,0.601,0.428
998,8.611377,8.939,4.62,2.211,0.951,1.157
999,8.619627,9.012,4.528,3.535,0.782,0.167
1000,8.628255,8.814,4.542,3.077,0.81,0.385
1001,8.636496,9.04,4.651,3.463,0.63,0.296
1002,8.644903,9.079,4.646,3.345,0.76,0.328
1003,8.653303,8.987,4.677,3.077,0.821,0.412
1004,8.663102,8.808,4.588,3.106,0.729,0.385
1005,8.671731,8.864,4.574,3.376,0.668,0.246
1006,8.68021,8.642,4.619,3.069,0.665,0.289
1007,8.688206,8.98,4.611,3.058,1.012,0.299
1008,8.697122,8.643,4.58,3.136,0.722,0.205
1009,8.704825,9.341,4.9,2.088,1.026,1.327
1010,8.71322,9.257,4.579,2.121,1.301,1.256
1011,8.723864,8.834,4.572,3.325,0.708,0.229
1012,8.734048,8.594,4.593,3.116,0.623,0.262
1013,8.742277,9.274,4.549,3.826,0.734,0.165
1014,8.75081,9.119,4.601,3.372,0.933,0.213
1015,8.758997,9.251,4.737,2.138,1.132,1.244
1016,8.767372,9.208,4.64,3.13,1.182,0.256
1017,8.775686,9.198,4.612,2.24,1.243,1.103
1018,8.78415,9.139,4.558,3.164,1.172,0.245
1019,8.792684,8.932,4.57,2.09,0.967,1.305
1020,8.800966,9.131,4.539,2.206,1.197,1.189
1021,8.809493,9.227,4.661,3.598,0.701,0.267
1022,8.817639,9.458,4.834,2.294,1.162,1.168
1023,8.825826,9.528,4.595,2.179,1.552,1.202
1024,8.834273,9.377,4.646,2.287,1.371,1.073
1025,8.844538,8.921,4.652,2.098,0.824,1.347
1026,8.85294,8.816,4.552,2.263,0.858,1.143
1027,8.861596,8.928,4.629,2.186,0.832,1.281
1028,8.869476,9.307,4.604,2.142,1.307,1.254
1029,8.878036,9.04,4.605,2.124,1.084,1.227
1030,8.88626,9.163,4.512,2.149,1.285,1.217
1031,8.894778,9.026,4.665,2.21,0.968,1.183
1032,8.905264,8.925,4.652,2.136,0.841,1.296
1033,8.913409,9.103,4.588,2.16,1.106,1.249
1034,8.921761,9.009,4.624,2.12,1.052,1.213
1035,8.930459,8.919,4.687,2.202,0.918,1.112
1036,8.938617,9.143,4.609,2.215,1.176,1.143
1037,8.946726,9.431,4.631,3.405,1.102,0.293
1038,8.95487,9.611,4.804,3.162,1.359,0.286
1039,8.963265,9.478,4.563,3.116,1.572,0.227
1040,8.973336,9.211,4.761,3.596,0.688,0.166
1041,8.982175,8.815,4.476,2.083,0.936,1.32
1042,8.990505,8.685,4.546,3.095,0.866,0.178
1043,8.998767,9.02,4.623,3.502,0.669,0.226
1044,9.007611,8.823,4.623,3.441,0.608,0.151
1045,9.015686,9.205,4.666,2.25,1.133,1.156
1046,9.026075,8.524,4.561,3.094,0.653,0.216
1047,9.034057,8.832,4.698,3.284,0.708,0.142
1048,9.042642,8.73,4.554,3.436,0.57,0.17
1049,9.050766,9.036,4.736,2.173,0.901,1.226
1050,9.059444,8.701,4.582,2.295,0.752,1.072
1051,9.067356,9.071,4.648,3.572,0.673,0.178
1052,9.076056,9.191,4.608,3.737,0.676,0.17
1053,9.084757,8.839,4.566,3.341,0.75,0.182
1054,9.094495,9.214,4.646,3.57,0.687,0.311
1055,9.102969,9.226,4.68,3.538,0.718,0.29
1056,9.111486,9.252,4.723,3.635,0.696,0.198
1057,9.119558,9.682,4.926,3.19,1.204,0.362
1058,9.127722,9.719,4.749,3.234,1.512,0.224
1059,9.136261,9.439,4.631,3.03,1.514,0.264
1060,9.144301,9.736,4.479,3.041,1.978,0.238
1061,9.152948,9.441,4.636,3.731,0.9,0.174
1062,9.163835,9.188,4.64,3.738,0.651,0.159
1063,9.173564,8.854,4.636,3.441,0.619,0.158
1064,9.18186,8.856,4.744,3.161,0.826,0.125
1065,9.190204,8.879,4.602,3.186,0.938,0.153
1066,9.198513,8.899,4.617,3.5,0.643,0.139
1067,9.206868,8.94,4.772,2.15,0.851,1.167
1068,9.215276,8.83,4.647,3.117,0.899,0.167
1069,9.223583,9.056,4.673,3.475,0.619,0.289
1070,9.231884,9.219,4.771,3.643,0.623,0.182
1071,9.240292,9.238,4.827,3.511,0.674,0.226
1072,9.249146,8.879,4.603,3.189,0.703,0.384
1073,9.257089,9.37,4.853,3.566,0.652,0.299
1074,9.265676,9.063,4.766,3.288,0.764,0.245
1075,9.274419,8.57,4.634,2.98,0.639,0.317
1076,9.283907,8.626,4.62,3.247,0.613,0.146
1077,9.29267,8.737,4.633,3.286,0.665,0.153
1078,9.300829,8.986,4.667,2.409,0.942,0.968
1079,9.309238,9.142,4.614,3.698,0.66,0.17
1080,9.317099,9.619,4.922,2.146,1.396,1.155
1081,9.325848,9.192,4.604,3.8,0.635,0.153
1082,9.334296,9.161,4.794,3.435,0.702,0.23
1083,9.344414,8.911,4.611,3.473,0.664,0.163
1084,9.352873,8.771,4.593,2.774,0.883,0.521
1085,9.361226,8.773,4.549,3.17,0.883,0.171
1086,9.369879,8.83,4.645,3.378,0.621,0.186
1087,9.377932,9.213,5.058,2.981,0.761,0.413
1088,9.386746,9.101,4.524,3.432,0.681,0.464
1089,9.394681,9.389,4.9,3.114,1.031,0.344
1090,9.403035,9.187,4.617,3.088,1.301,0.181
1091,9.41343,9.353,4.724,3.659,0.796,0.174
1092,9.423702,8.786,4.629,3.3,0.629,0.228
1093,9.431883,8.885,4.655,3.142,0.918,0.17
1094,9.44019,8.878,4.593,3.109,1.022,0.154
1095,9.44851,8.91,4.596,3.024,1.035,0.255
1096,9.456722,9.022,4.668,3.269,0.933,0.152
1097,9.465247,8.825,4.716,3.065,0.843,0.201
1098,9.473508,8.966,4.665,3.501,0.646,0.154
1099,9.482232,8.567,4.564,2.977,0.742,0.284
1100,9.490075,9.1,4.663,3.072,1.134,0.231
1101,9.49878,9.03,4.596,3.522,0.752,0.16
1102,9.507316,9.159,4.473,1.993,1.077,1.616
1103,9.515678,9.136,4.581,3.421,0.684,0.45
1104,9.524594,9.185,4.6,3.469,0.674,0.442
1105,9.53461,9.174,4.671,3.4,0.641,0.462
1106,9.542588,9.527,4.829,3.445,0.802,0.451
1107,9.550988,9.443,4.714,3.313,0.984,0.432
1108,9.559228,9.506,4.52,3.895,0.687,0.404
1109,9.567747,9.389,4.736,3.259,0.929,0.465
1110,9.575962,9.415,4.689,3.108,1.201,0.417
1111,9.584274,9.387,4.558,3.027,1.361,0.441
1112,9.594891,8.893,4.627,3.319,0.633,0.314
1113,9.603284,8.793,4.575,3.115,0.786,0.317
1114,9.611327,9.148,4.607,3.055,1.045,0.441
1115,9.619896,8.995,4.633,3.441,0.552,0.369
1116,9.628347,8.896,4.605,2.95,0.782,0.559
1117,9.636389,9.115,4.495,3.127,1.18,0.313
1118,9.644804,9.037,4.606,3.254,0.897,0.28
1119,9.653398,8.799,4.521,1.965,0.816,1.497
1120,9.664101,9.153,4.556,3.63,0.583,0.384
1121,9.673768,8.888,4.594,3.335,0.564,0.395
1122,9.681986,8.867,4.612,2.465,0.811,0.979
1123,9.690412,8.873,4.562,3.1,0.772,0.439
1124,9.698636,9.009,4.664,3.443,0.562,0.34
1125,9.707169,8.828,4.632,3.102,0.688,0.406
1126,9.715393,9.087,4.636,3.609,0.506,0.336
1127,9.723597,9.354,4.696,2.174,0.988,1.496
1128,9.732258,9.155,4.588,3.699,0.502,0.366
1129,9.740406,9.43,4.821,2.536,0.937,1.136
1130,9.748875,9.143,4.585,3.278,1.0,0.28
1131,9.757651,8.95,4.621,3.386,0.536,0.407
1132,9.765474,9.485,4.801,2.313,0.998,1.373
1133,9.774234,8.919,4.717,3.067,0.655,0.48
1134,9.782358,9.077,4.597,3.082,0.993,0.405
1135,9.792452,9.025,4.639,3.447,0.588,0.351
1136,9.800847,8.87,4.577,2.253,0.778,1.262
1137,9.8095,8.85,4.577,2.97,0.557,0.746
1138,9.817803,8.87,4.575,3.32,0.604,0.371
1139,9.826007,8.903,4.61,3.049,0.761,0.483
1140,9.834357,8.918,4.625,3.064,0.738,0.491
1141,9.844573,8.905,4.592,3.404,0.535,0.374
1142,9.8533,8.693,4.537,3.053,0.567,0.536
1143,9.861169,9.12,4.667,3.203,0.9,0.35
1144,9.869884,8.813,4.595,3.272,0.61,0.336
1145,9.877929,9.107,4.791,3.087,0.732,0.497
1146,9.886495,8.792,4.503,3.007,0.784,0.498
1147,9.894824,8.791,4.529,3.311,0.698,0.253
1148,9.90318,8.855,4.573,3.152,0.699,0.431
1149,9.913601,8.968,4.612,3.399,0.548,0.409
1150,9.923771,8.71,4.586,3.272,0.559,0.293
1151,9.932085,8.908,4.621,3.148,0.699,0.44
1152,9.940369,8.898,4.564,3.119,0.835,0.38
1153,9.948649,8.948,4.603,2.24,0.865,1.24
1154,9.957171,8.859,4.484,3.164,0.794,0.417
1155,9.965242,9.098,4.463,3.069,1.08,0.486
1156,9.973471,9.092,4.614,3.034,1.038,0.406
1157,9.982441,8.994,4.632,3.536,0.526,0.3
1158,9.990455,9.469,4.769,3.392,0.85,0.458
1159,9.998927,9.488,4.664,3.884,0.669,0.271
1160,10.007395,9.489,4.792,3.478,0.815,0.404
1161,10.015643,9.723,4.767,3.306,1.101,0.549
1162,10.02418,9.25,4.623,3.115,1.154,0.358
1163,10.034235,8.714,4.583,3.069,0.577,0.485
1164,10.042604,8.907,4.598,3.457,0.58,0.272
1165,10.051093,8.891,4.68,3.14,0.679,0.392
1166,10.059151,9.16,4.684,3.157,0.964,0.355
1167,10.067732,9.04,4.618,3.414,0.634,0.374
1168,10.075893,9.178,4.786,2.09,0.893,1.409
1169,10.08434,8.904,4.662,3.128,0.912,0.202
1170,10.092746,8.794,4.607,3.365,0.674,0.148
1171,10.102897,8.463,4.552,2.496,0.579,0.836
1172,10.111519,8.885,4.601,3.498,0.6,0.186
1173,10.119514,9.344,4.873,3.322,0.847,0.302
1174,10.127878,9.301,4.77,3.719,0.592,0.22
1175,10.136367,9.539,4.832,3.77,0.656,0.281
1176,10.144292,9.938,4.862,2.271,1.674,1.131
1177,10.154764,8.778,4.618,3.38,0.611,0.169
1178,10.163573,8.842,4.595,3.387,0.703,0.157
1179,10.17174,9.102,4.642,3.275,0.938,0.247
1180,10.180506,9.389,4.628,3.565,0.615,0.581
1181,10.188483,9.494,4.84,3.326,0.994,0.334
1182,10.196986,9.427,4.69,3.784,0.721,0.232
1183,10.20509,9.768,4.973,3.551,0.913,0.331
1184,10.213557,9.533,4.754,3.327,1.225,0.227
1185,10.223408,8.996,4.603,3.623,0.627,0.143
1186,10.232172,8.706,4.564,3.083,0.611,0.448
1187,10.240667,8.866,4.582,3.401,0.699,0.184
1188,10.248522,9.377,4.849,2.142,1.06,1.326
1189,10.257547,8.985,4.598,3.566,0.657,0.164
1190,10.265597,9.34,4.775,3.292,1.044,0.229
1191,10.275812,9.091,4.625,3.441,0.874,0.151
1192,10.282489,10.917,5.094,2.104,2.22,1.499
1193,10.292307,9.295,4.603,3.206,1.238,0.248
1194,10.300646,9.262,4.594,3.401,1.107,0.16
1195,10.30927,8.954,4.58,3.169,0.968,0.237
1196,10.317171,9.404,4.761,3.094,1.219,0.33
1197,10.325923,8.96,4.601,3.268,0.954,0.137
1198,10.334235,8.996,4.593,3.083,0.994,0.326
1199,10.342554,9.022,4.621,2.976,0.986,0.439
1200,10.353084,8.986,4.548,3.647,0.648,0.143
1201,10.362828,8.722,4.603,3.264,0.711,0.144
1202,10.371447,8.62,4.632,2.947,0.588,0.453
1203,10.379626,8.817,4.529,3.512,0.617,0.159
1204,10.388149,8.894,4.598,3.116,0.921,0.259
1205,10.396904,8.964,4.607,3.338,0.677,0.342
1206,10.404822,9.421,4.726,3.252,1.094,0.349
1207,10.413504,8.887,4.583,2.324,0.895,1.085
1208,10.421625,9.116,4.602,2.303,1.086,1.125
1209,10.430065,8.985,4.594,3.11,1.034,0.247
1210,10.438362,9.016,4.61,3.126,1.051,0.229
1211,10.446464,9.242,4.681,3.537,0.87,0.154
1212,10.455005,9.237,4.593,3.706,0.669,0.269
1213,10.46542,8.942,4.648,3.447,0.672,0.175
1214,10.473701,9.08,4.684,3.281,0.854,0.261
1215,10.482187,8.85,4.523,3.149,0.89,0.288
1216,10.491049,9.38,4.563,4.015,0.656,0.146
1217,10.498734,10.164,5.278,2.219,1.35,1.317
1218,10.506769,10.329,4.591,3.329,2.26,0.149
1219,10.515374,10.047,4.618,3.051,2.036,0.342
1220,10.5239,9.87,4.607,3.228,1.857,0.178
1221,10.533851,8.743,4.61,3.327,0.653,0.153
1222,10.542796,8.778,4.6,3.388,0.648,0.142
1223,10.551026,8.896,4.571,3.279,0.887,0.159
1224,10.559002,9.397,4.627,3.795,0.725,0.25
1225,10.567887,8.733,4.682,3.25,0.669,0.132
1226,10.576,9.308,4.792,3.188,0.781,0.547
1227,10.58442,8.924,4.631,3.549,0.571,0.173
1228,10.592722,8.999,4.614,3.346,0.826,0.213
1229,10.602773,9.161,4.591,3.796,0.593,0.181
1230,10.611194,9.133,4.778,3.09,0.854,0.411
1231,10.621384,8.7,4.6,3.007,0.653,0.44
1232,10.62968,8.749,4.682,3.28,0.633,0.154
1233,10.638208,8.785,4.593,3.183,0.742,0.267
1234,10.646853,8.829,4.613,2.08,0.691,1.445
1235,10.654928,9.041,4.595,3.43,0.801,0.215
1236,10.663487,8.929,4.597,3.559,0.594,0.179
1237,10.671698,9.175,4.647,2.51,0.97,1.048
1238,10.680439,8.644,4.601,3.031,0.605,0.407
1239,10.688169,9.306,4.785,3.09,1.022,0.409
1240,10.696715,9.029,4.599,3.425,0.838,0.167
1241,10.705444,9.139,4.585,3.023,0.714,0.817
1242,10.713363,9.338,4.576,3.104,1.138,0.52
1243,10.724618,9.34,4.592,3.475,0.733,0.54
1244,10.73244,9.991,4.782,3.496,1.031,0.682
1245,10.740769,9.691,4.676,2.174,1.366,1.475
1246,10.748762,10.016,4.648,3.291,1.708,0.369
1247,10.757224,9.76,4.49,3.286,1.732,0.252
1248,10.765132,10.181,4.703,3.07,1.97,0.438
1249,10.773847,9.768,4.596,3.32,1.647,0.205
1250,10.782051,9.893,4.656,3.111,1.769,0.357
1251,10.792177,8.575,4.588,3.035,0.56,0.392
1252,10.801241,8.617,4.561,3.057,0.623,0.376
1253,10.809492,9.055,4.643,3.525,0.577,0.31
1254,10.817491,9.307,4.799,3.351,0.934,0.223
1255,10.826028,9.033,4.645,3.162,0.967,0.259
1256,10.834119,9.269,4.642,3.125,1.209,0.293
1257,10.844124,8.584,4.613,3.055,0.569,0.347
1258,10.852851,8.872,4.604,3.403,0.683,0.182
1259,10.861306,8.709,4.496,3.095,0.803,0.315
1260,10.869288,9.069,4.514,3.1,1.135,0.32
1261,10.878352,8.775,4.631,3.069,0.554,0.521
1262,10.886449,8.854,4.565,3.085,0.856,0.348
1263,10.894616,9.027,4.569,2.125,1.016,1.317
1264,10.902899,9.228,4.606,3.839,0.612,0.171
1265,10.913042,9.145,4.563,3.826,0.603,0.153
1266,10.921598,8.963,4.597,3.453,0.715,0.198
1267,10.929817,9.425,4.686,3.868,0.66,0.211
1268,10.938193,9.4,4.904,3.025,1.03,0.441
1269,10.946727,9.163,4.54,3.411,1.055,0.157
1270,10.955092,9.128,4.693,3.189,1.015,0.231
1271,10.963335,9.237,4.645,3.643,0.777,0.172
1272,10.972321,8.771,4.697,3.085,0.642,0.347
1273,10.981915,8.707,4.65,3.215,0.65,0.192
1274,10.990291,8.652,4.566,3.068,0.695,0.323
1275,10.998782,8.726,4.683,3.21,0.642,0.191
1276,11.007125,8.703,4.631,3.251,0.683,0.138
1277,11.015185,9.038,4.741,3.122,0.854,0.321
1278,11.023842,8.681,4.527,3.308,0.665,0.181
1279,11.034394,8.994,4.65,3.545,0.637,0.162
1280,11.044304,8.769,4.61,2.24,0.783,1.136
1281,11.052733,8.73,4.6,3.354,0.627,0.149
1282,11.060836,8.995,4.632,3.322,0.851,0.19
1283,11.069294,8.842,4.614,3.147,0.848,0.233
1284,11.077607,8.894,4.62,3.404,0.673,0.197
1285,11.086184,9.052,4.54,3.708,0.625,0.179
1286,11.094285,9.355,4.763,3.567,0.788,0.237
1287,11.103078,8.812,4.675,3.267,0.679,0.191
1288,11.111168,9.56,4.831,3.73,0.684,0.315
1289,11.119833,9.18,4.631,3.242,1.063,0.244
1290,11.128082,9.154,4.605,3.138,1.179,0.232
1291,11.136406,9.261,4.665,2.931,1.136,0.529
1292,11.144467,9.506,4.622,3.456,1.216,0.212
1293,11.152847,9.405,4.651,3.161,1.37,0.223
1294,11.162893,8.715,4.678,3.275,0.615,0.147
1295,11.171408,8.897,4.612,3.505,0.64,0.14
1296,11.180114,8.59,4.644,3.12,0.578,0.248
1297,11.188064,8.98,4.73,2.187,0.871,1.192
1298,11.197048,9.012,4.568,3.211,0.814,0.419
1299,11.205337,9.11,4.461,3.147,0.97,0.532
1300,11.213721,9.166,4.611,3.368,0.73,0.457
1301,11.222298,9.262,4.603,3.722,0.665,0.272
1302,11.231836,8.7,4.588,3.263,0.638,0.211
1303,11.240424,9.017,4.622,3.604,0.606,0.185
1304,11.248438,9.386,4.922,2.456,0.997,1.011
1305,11.256989,9.1,4.594,3.125,1.102,0.279
1306,11.265017,9.388,4.651,3.641,0.951,0.145
1307,11.273856,8.933,4.63,3.258,0.842,0.203
1308,11.284348,8.93,4.619,3.486,0.659,0.166
1309,11.294242,8.973,4.585,3.581,0.656,0.151
1310,11.302721,9.403,4.603,3.943,0.635,0.222
1311,11.310969,9.549,5.017,3.541,0.708,0.283
1312,11.319379,9.446,4.836,2.188,1.122,1.3
1313,11.327802,9.391,4.553,3.335,1.213,0.29
1314,11.336038,9.439,4.753,3.192,1.209,0.285
1315,11.344624,9.202,4.621,3.582,0.743,0.256
1316,11.352834,9.354,4.785,3.164,1.053,0.352
1317,11.361607,8.801,4.637,3.391,0.607,0.166
1318,11.369479,9.45,4.847,2.473,1.008,1.122
1319,11.378146,8.935,4.553,3.077,0.976,0.329
1320,11.386562,9.425,4.636,3.464,0.825,0.5
1321,11.394907,9.372,4.733,3.172,0.971,0.496
1322,11.404937,8.982,4.607,3.219,0.749,0.407
1323,11.413218,9.018,4.505,3.089,0.913,0.511
1324,11.421834,9.211,4.63,3.337,0.732,0.512
1325,11.430181,8.924,4.517,3.099,0.982,0.326
1326,11.438154,9.519,4.652,3.849,0.716,0.302
1327,11.446853,9.098,4.678,3.146,0.972,0.302
1328,11.455235,8.961,4.573,3.152,1.029,0.207
1329,11.463262,9.275,4.616,3.593,0.904,0.162
1330,11.473875,8.668,4.64,3.206,0.687,0.135
1331,11.482199,9.512,4.69,3.572,0.698,0.552
1332,11.49062,9.335,4.813,2.762,0.856,0.904
1333,11.498843,9.614,4.638,4.106,0.593,0.277
1334,11.507012,9.771,5.377,3.446,0.686,0.262
1335,11.515258,9.825,5.128,2.213,1.24,1.244
1336,11.523633,9.728,4.601,2.253,1.729,1.145
1337,11.532282,9.396,4.644,3.767,0.827,0.158
1338,11.542537,9.026,4.65,3.483,0.681,0.212
1339,11.552541,9.294,4.674,3.679,0.755,0.186
1340,11.561027,9.54,4.94,3.738,0.667,0.195
1341,11.56931,9.656,5.231,3.163,0.941,0.321
1342,11.577787,9.429,4.857,3.642,0.765,0.165
1343,11.586118,9.524,4.949,3.627,0.687,0.261
1344,11.594285,9.728,5.169,3.187,1.035,0.337
1345,11.603084,9.157,4.593,3.63,0.748,0.186
1346,11.611141,9.451,4.867,2.989,1.146,0.449
1347,11.619889,9.308,4.558,2.207,1.029,1.514
1348,11.627886,9.603,4.603,3.253,1.292,0.455
1349,11.636565,9.302,4.601,2.088,0.985,1.628
1350,11.644899,9.195,4.619,2.037,0.965,1.574
1351,11.653028,9.39,4.576,3.323,1.115,0.376
1352,11.663517,9.401,4.637,3.437,0.81,0.517
1353,11.672059,9.552,4.535,3.814,0.803,0.4
1354,11.680467,9.913,4.752,3.58,0.745,0.836
1355,11.689128,9.211,4.638,3.198,0.88,0.495
1356,11.696673,10.078,4.983,3.272,1.304,0.519
1357,11.705573,9.322,4.631,3.446,0.896,0.349
1358,11.713723,9.581,4.791,2.21,1.13,1.45
1359,11.723951,8.927,4.586,3.215,0.731,0.395
1360,11.732002,9.282,4.695,3.219,0.909,0.459
1361,11.740711,9.62,4.503,3.931,0.701,0.485
1362,11.749362,9.337,4.749,3.594,0.632,0.362
1363,11.757203,9.89,5.182,2.475,1.027,1.206
1364,11.765596,9.576,4.654,3.457,1.283,0.182
1365,11.773591,9.981,4.763,3.35,1.631,0.237
1366,11.783906,8.743,4.643,2.362,0.666,1.072
1367,11.792531,9.072,4.641,3.452,0.635,0.344
1368,11.801019,9.201,4.591,3.793,0.604,0.213
1369,11.809,9.716,5.202,3.489,0.65,0.375
1370,11.817589,9.38,4.9,3.176,0.926,0.378
1371,11.825972,9.207,4.707,3.193,1.073,0.234
1372,11.834049,9.47,4.692,3.09,1.348,0.34
1373,11.842847,9.057,4.614,3.263,0.961,0.219
1374,11.853078,8.651,4.566,3.082,0.65,0.353
1375,11.861159,8.935,4.547,3.112,0.926,0.35
1376,11.869626,8.893,4.621,3.435,0.645,0.192
1377,11.878142,8.756,4.567,3.154,0.732,0.303
1378,11.886191,9.142,4.613,3.746,0.602,0.181
1379,11.894385,9.257,4.832,2.037,1.021,1.367
1380,11.902751,9.213,4.534,3.305,1.23,0.144
1381,11.911459,8.848,4.618,2.951,0.83,0.449
1382,11.92157,8.891,4.692,3.321,0.712,0.166
1383,11.930162,8.768,4.663,3.194,0.682,0.229
1384,11.938191,9.233,4.703,3.754,0.628,0.148
1385,11.946566,9.326,4.762,2.341,1.049,1.174
1386,11.955236,8.931,4.692,2.256,0.785,1.198
1387,11.963086,9.373,4.601,2.175,1.356,1.241
1388,11.971785,9.024,4.606,3.37,0.871,0.177
1389,11.981816,9.294,4.611,3.852,0.64,0.191
1390,11.990468,9.071,4.658,3.485,0.656,0.272
1391,11.999296,8.552,4.606,3.143,0.537,0.266
1392,12.006939,9.329,4.803,3.216,1.04,0.27
1393,12.01591,9.193,4.47,2.185,0.9,1.638
1394,12.023957,9.154,4.605,2.164,1.055,1.33
1395,12.032504,9.085,4.576,2.384,0.865,1.26
1396,12.042264,9.042,4.559,2.135,0.933,1.415
1397,12.051061,8.752,4.53,2.523,0.732,0.967
1398,12.059753,8.776,4.615,3.325,0.628,0.208
1399,12.067447,9.454,4.857,3.348,1.007,0.242
1400,12.076521,9.127,4.544,3.643,0.709,0.231
1401,12.084205,9.808,4.863,2.358,1.446,1.141
1402,12.094287,8.919,4.605,2.094,0.794,1.426
1403,12.103291,9.102,4.57,2.127,0.884,1.521
1404,12.111413,9.301,4.556,2.109,1.115,1.521
1405,12.11978,9.276,4.623,2.308,1.01,1.335
1406,12.127923,9.499,4.577,2.122,1.255,1.545
1407,12.13635,9.41,4.54,2.246,1.207,1.417
1408,12.145069,9.015,4.605,2.084,0.765,1.561
1409,12.155844,9.038,4.61,2.185,0.791,1.452
1410,12.165289,8.974,4.58,2.244,0.735,1.415
1411,12.173908,8.789,4.54,2.114,0.618,1.517
1412,12.182075,8.949,4.482,2.087,0.838,1.542
1413,12.190187,8.991,4.554,2.207,0.987,1.243
1414,12.198798,9.092,4.597,2.859,0.821,0.815
1415,12.207012,9.531,4.569,3.937,0.63,0.395
1416,12.215306,9.454,4.923,3.404,0.852,0.275
1417,12.223526,9.583,4.768,2.495,1.343,0.977
1418,12.231799,9.526,4.571,2.15,1.599,1.206
1419,12.240309,9.341,4.592,3.149,1.409,0.191
1420,12.249325,8.724,4.534,3.018,0.848,0.324
1421,12.256972,9.458,4.965,3.064,1.112,0.317
1422,12.265397,9.464,4.555,3.096,1.432,0.381
1423,12.273688,9.524,4.603,3.348,1.247,0.326
1424,12.282248,9.284,4.657,3.08,1.148,0.399
1425,12.29251,8.945,4.59,3.534,0.595,0.226
1426,12.30083,8.902,4.696,3.188,0.859,0.159
1427,12.309233,8.821,4.708,3.092,0.796,0.225
1428,12.317349,9.057,4.538,3.122,1.196,0.201
1429,12.325903,9.202,4.625,3.832,0.598,0.147
1430,12.334188,9.395,4.807,3.061,1.15,0.377
1431,12.344312,8.496,4.598,3.067,0.578,0.253
1432,12.353285,8.647,4.58,3.095,0.597,0.375
1433,12.361107,9.133,4.685,3.25,0.898,0.3
1434,12.369388,9.075,4.593,3.032,1.148,0.302
1435,12.378019,8.745,4.554,2.279,0.886,1.026
1436,12.385928,9.14,4.573,3.194,1.236,0.137
1437,12.394372,9.049,4.623,3.084,1.144,0.198
1438,12.405175,8.456,4.565,3.01,0.621,0.26
1439,12.415095,8.525,4.553,3.144,0.631,0.197
1440,12.423581,8.752,4.608,3.449,0.531,0.164
1441,12.431559,9.163,4.669,2.29,1.166,1.038
1442,12.440104,8.873,4.609,2.061,1.034,1.169
1443,12.448309,9.113,4.653,3.038,1.125,0.297
1444,12.45691,8.741,4.613,3.198,0.782,0.148
1445,12.465161,9.044,4.661,3.02,0.927,0.436
1446,12.473656,8.854,4.504,3.426,0.615,0.309
1447,12.482615,8.825,4.608,3.508,0.502,0.207
1448,12.490293,9.526,4.989,3.346,0.931,0.26
1449,12.498792,9.246,4.751,3.177,1.176,0.142
1450,12.506829,9.623,4.933,3.145,1.324,0.221
1451,12.515412,9.297,4.597,3.016,1.448,0.236
1452,12.523876,9.177,4.578,2.72,1.355,0.524
1453,12.534026,8.553,4.542,3.244,0.569,0.198
1454,12.542346,8.525,4.589,3.038,0.689,0.209
1455,12.550569,9.155,4.615,3.617,0.709,0.214
1456,12.559565,8.589,4.604,2.956,0.59,0.439
1457,12.567384,9.016,4.59,3.054,1.126,0.246
1458,12.576122,8.64,4.571,3.258,0.628,0.183
1459,12.583993,9.124,4.748,3.086,1.094,0.196
1460,12.592571,8.876,4.611,3.411,0.663,0.191
1461,12.602654,8.72,4.623,3.374,0.557,0.166
1462,12.611214,8.877,4.546,3.668,0.532,0.131
1463,12.619197,9.314,4.822,3.578,0.69,0.224
1464,12.627826,8.993,4.666,3.29,0.834,0.203
1465,12.636212,8.905,4.583,3.145,1.004,0.173
1466,12.644583,8.939,4.592,3.422,0.692,0.233
1467,12.653292,8.517,4.598,3.135,0.605,0.179
1468,12.661378,8.759,4.691,2.955,0.806,0.307
1469,12.671846,8.401,4.594,2.779,0.573,0.455
1470,12.68177,8.696,4.597,3.248,0.569,0.282
1471,12.690183,8.66,4.615,3.136,0.63,0.279
1472,12.698929,8.603,4.589,3.209,0.652,0.153
1473,12.706954,9.281,4.708,3.693,0.573,0.307
1474,12.715622,8.879,4.53,3.456,0.683,0.21
1475,12.723869,8.92,4.713,3.167,0.886,0.154
1476,12.732035,9.229,4.627,3.78,0.649,0.173
1477,12.740668,9.076,4.646,3.442,0.668,0.32
1478,12.748689,9.359,4.716,3.205,1.149,0.289
1479,12.756855,9.474,4.658,3.271,1.315,0.23
1480,12.765317,9.321,4.598,3.083,1.425,0.215
1481,12.773911,9.085,4.592,3.156,1.11,0.227
1482,12.783947,8.815,4.596,3.374,0.655,0.19
1483,12.792628,8.781,4.654,3.352,0.606,0.169
1484,12.800973,8.753,4.57,2.484,0.904,0.795
1485,12.809486,8.846,4.646,3.487,0.575,0.138
1486,12.817627,9.122,4.798,3.219,0.883,0.222
1487,12.825853,9.24,4.903,2.007,0.987,1.343
1488,12.834102,9.265,4.502,3.319,1.271,0.173
1489,12.842596,9.076,4.683,3.387,0.855,0.151
1490,12.852619,8.874,4.612,3.337,0.777,0.148
1491,12.861065,8.779,4.516,3.151,0.953,0.159
1492,12.869555,8.881,4.534,3.557,0.569,0.221
1493,12.87766,9.102,4.73,3.233,0.924,0.215
1494,12.886322,8.756,4.601,3.07,0.821,0.264
1495,12.894356,9.081,4.507,3.069,1.223,0.282
1496,12.903332,8.416,4.56,3.07,0.584,0.202
1497,12.911416,8.689,4.612,3.058,0.783,0.236
1498,12.921461,8.774,4.591,3.418,0.623,0.142
1499,12.931586,8.732,4.612,3.379,0.589,0.152
1500,12.940113,8.648,4.682,3.148,0.593,0.225
1501,12.948497,8.872,4.615,3.501,0.572,0.184
1502,12.956741,8.916,4.671,3.304,0.777,0.164
1503,12.965372,8.641,4.53,3.129,0.807,0.175
1504,12.973885,8.509,4.594,2.174,0.63,1.111
1505,12.982125,8.701,4.619,3.133,0.702,0.247
1506,12.990595,8.794,4.589,3.433,0.558,0.214
1507,12.998558,9.107,4.903,3.185,0.863,0.156
1508,13.007101,8.912,4.706,3.123,0.891,0.192
1509,13.015413,8.907,4.603,3.081,1.015,0.208
1510,13.023761,8.884,4.649,3.262,0.84,0.133
1511,13.033893,8.472,4.608,3.181,0.566,0.117
1512,13.042514,8.739,4.591,3.424,0.586,0.138
1513,13.05099,8.608,4.558,3.162,0.747,0.141
1514,13.059607,8.799,4.621,3.536,0.514,0.128
1515,13.067257,9.586,4.853,2.205,1.342,1.186
1516,13.075899,9.195,4.603,3.209,1.232,0.151
1517,13.084131,9.286,4.628,3.157,1.344,0.157
1518,13.094781,8.515,4.591,3.223,0.568,0.133
1519,13.102883,8.773,4.658,3.351,0.627,0.137
1520,13.111088,8.995,4.646,3.651,0.551,0.147
1521,13.119349,9.136,4.748,2.068,0.996,1.324
1522,13.12797,8.77,4.678,3.262,0.692,0.138
1523,13.136507,8.811,4.624,3.515,0.532,0.14
1524,13.144434,9.285,4.846,3.324,0.907,0.208
1525,13.153006,8.984,4.736,3.205,0.896,0.147
1526,13.163059,8.61,4.593,3.228,0.657,0.132
1527,13.171636,8.729,4.593,3.415,0.538,0.183
1528,13.179645,9.101,4.7,3.289,0.894,0.218
1529,13.188294,9.003,4.686,3.639,0.528,0.15
1530,13.196588,9.102,4.728,3.256,0.913,0.205
1531,13.204863,9.09,4.712,3.224,1.022,0.132
1532,13.213666,8.677,4.525,3.486,0.545,0.121
1533,13.223817,8.572,4.607,3.18,0.623,0.162
1534,13.232004,9.125,4.693,3.591,0.673,0.168
1535,13.240525,8.958,4.706,3.365,0.708,0.179
1536,13.248567,9.307,4.733,3.276,1.06,0.238
1537,13.256977,9.186,4.679,3.249,1.07,0.188
1538,13.26503,9.48,4.632,3.127,1.426,0.295
1539,13.273601,9.21,4.592,3.429,1.016,0.173
1540,13.282251,8.883,4.659,3.186,0.84,0.198
1541,13.292631,9.124,4.657,3.411,0.771,0.285
1542,13.300741,9.315,4.745,3.279,1.036,0.255
1543,13.309302,9.043,4.579,3.112,1.027,0.325
1544,13.317382,9.343,4.543,3.158,1.323,0.319
1545,13.32588,9.07,4.618,3.152,1.091,0.209
1546,13.334105,9.28,4.525,3.214,1.293,0.248
1547,13.34249,9.153,4.659,3.441,0.89,0.163
1548,13.353126,8.598,4.573,3.082,0.636,0.307
1549,13.363263,8.668,4.594,3.105,0.688,0.281
1550,13.371543,8.938,4.623,3.419,0.718,0.178
1551,13.379858,9.464,4.773,3.785,0.707,0.199
1552,13.388254,9.508,4.995,3.374,0.843,0.296
1553,13.39649,9.505,4.754,2.264,1.316,1.171
1554,13.404913,9.454,4.601,3.234,1.38,0.239
1555,13.413061,9.569,4.586,3.1,1.594,0.289
1556,13.421696,9.247,4.564,3.313,1.228,0.142
1557,13.429658,9.701,4.669,2.212,1.579,1.241
1558,13.438285,9.389,4.594,3.113,1.363,0.319
1559,13.446534,9.417,4.644,3.42,1.197,0.156
1560,13.454821,9.485,4.722,3.148,1.37,0.245
1561,13.463786,8.986,4.608,3.299,0.768,0.311
1562,13.471844,9.435,4.872,3.653,0.604,0.306
1563,13.481888,8.683,4.606,3.308,0.591,0.178
1564,13.49035,8.674,4.601,3.088,0.57,0.415
1565,13.498822,8.609,4.588,3.232,0.589,0.2
1566,13.506871,8.836,4.651,3.165,0.815,0.205
1567,13.515358,8.682,4.518,2.174,0.796,1.194
1568,13.523662,9.065,4.708,3.382,0.796,0.179
1569,13.533944,9.28,4.683,3.75,0.621,0.226
1570,13.542973,8.741,4.586,3.271,0.623,0.261
1571,13.550606,9.441,4.882,2.484,1.076,0.999
1572,13.55928,9.016,4.613,3.053,1.004,0.346
1573,13.567937,8.669,4.552,2.173,0.741,1.203
1574,13.576032,8.911,4.688,3.204,0.848,0.171
1575,13.584269,9.162,4.624,3.079,1.014,0.445
1576,13.594503,8.898,4.623,3.42,0.556,0.299
1577,13.602803,8.797,4.493,3.312,0.817,0.175
1578,13.611043,8.952,4.601,3.172,0.902,0.277
1579,13.619524,8.989,4.611,3.521,0.649,0.208
1580,13.627967,8.857,4.659,2.454,0.797,0.947
1581,13.636574,8.787,4.62,3.394,0.567,0.206
1582,13.644482,9.242,4.793,2.384,0.994,1.071
1583,13.652858,9.12,4.618,3.163,1.122,0.217
1584,13.661428,8.93,4.652,3.517,0.587,0.174
1585,13.67145,8.599,4.587,3.03,0.608,0.374
1586,13.679826,8.718,4.592,3.338,0.633,0.155
1587,13.688261,9.406,4.704,3.718,0.588,0.396
1588,13.696541,9.431,4.81,3.31,0.996,0.315
1589,13.704752,9.486,4.837,3.133,1.187,0.329
1590,13.713314,9.224,4.592,2.082,1.212,1.338
1591,13.723932,8.698,4.604,3.182,0.726,0.186
1592,13.731976,8.998,4.74,3.049,0.884,0.325
1593,13.7405,9.112,4.633,3.403,0.716,0.36
1594,13.748878,8.926,4.753,3.159,0.738,0.276
1595,13.756909,9.227,4.759,3.122,1.039,0.307
1596,13.765245,9.206,4.599,3.681,0.705,0.221
1597,13.773548,9.293,4.759,2.222,1.052,1.26
1598,13.783957,8.822,4.746,3.182,0.678,0.216
1599,13.792724,8.941,4.658,3.457,0.637,0.189
1600,13.800774,9.252,5.0,3.076,0.829,0.347
1601,13.809017,9.309,4.813,3.057,1.1,0.339
1602,13.817649,9.598,4.654,4.121,0.646,0.177
1603,13.825926,9.754,5.234,3.636,0.626,0.258
1604,13.834239,9.77,4.911,2.195,1.403,1.261
1605,13.844878,8.836,4.591,3.426,0.641,0.178
1606,13.851153,11.089,5.224,2.078,1.851,1.936
1607,13.861181,9.222,4.603,2.651,1.209,0.759
1608,13.870041,9.362,4.529,4.004,0.648,0.181
1609,13.87789,9.904,5.224,3.733,0.71,0.237
1610,13.886337,9.802,5.007,3.297,1.251,0.247
1611,13.894596,9.902,4.836,3.201,1.578,0.287
1612,13.90357,9.67,4.581,2.234,1.197,1.658
1613,13.913681,8.96,4.598,3.36,0.58,0.422
1614,13.921856,9.625,4.787,3.772,0.62,0.446
1615,13.930511,9.342,4.647,3.455,0.741,0.499
1616,13.93841,9.766,4.799,2.422,1.261,1.284
1617,13.947091,9.229,4.557,3.1,1.162,0.41
1618,13.955087,9.548,4.568,3.256,1.442,0.282
1619,13.963529,9.622,4.615,3.463,1.099,0.445
1620,13.971962,9.44,4.546,2.51,1.306,1.078
1621,13.981889,8.805,4.582,3.248,0.655,0.32
1622,13.990293,8.854,4.675,3.055,0.621,0.503
1623,13.998761,8.76,4.581,3.29,0.676,0.213
1624,14.007112,8.93,4.634,3.17,0.67,0.456
1625,14.015102,9.149,4.627,2.056,1.033,1.433
1626,14.02396,8.636,4.561,3.257,0.663,0.155
1627,14.034215,8.537,4.624,3.094,0.538,0.281
1628,14.042322,8.78,4.514,3.082,0.888,0.296
1629,14.050831,8.559,4.64,3.19,0.59,0.139
1630,14.059059,8.686,4.659,3.211,0.66,0.156
1631,14.067588,8.89,4.601,3.406,0.645,0.238
1632,14.075862,9.139,4.736,3.627,0.545,0.231
1633,14.084294,9.221,4.734,3.588,0.567,0.332
1634,14.092568,9.224,4.759,2.39,1.004,1.071
1635,14.101343,8.718,4.565,3.094,0.759,0.3
1636,14.111017,8.488,4.575,3.164,0.573,0.176
1637,14.119784,8.573,4.584,3.249,0.572,0.168
1638,14.127728,9.051,4.695,3.156,0.919,0.281
1639,14.13647,8.733,4.599,2.953,0.612,0.569
1640,14.144382,8.969,4.619,3.005,1.014,0.331
1641,14.152932,9.303,4.672,3.781,0.666,0.184
1642,14.163134,8.547,4.544,3.075,0.628,0.3
1643,14.1717,8.778,4.615,3.354,0.597,0.212
1644,14.180012,8.78,4.703,3.224,0.666,0.187
1645,14.18821,9.3,4.596,3.918,0.608,0.178
1646,14.19633,9.628,4.958,2.233,1.222,1.215
1647,14.205044,9.138,4.579,3.32,1.067,0.172
1648,14.213094,9.445,4.692,3.235,1.344,0.174
1649,14.221875,9.241,4.626,3.794,0.634,0.187
1650,14.231896,8.779,4.577,3.353,0.642,0.207
1651,14.240405,8.88,4.677,3.497,0.562,0.144
1652,14.248447,9.288,4.812,2.603,1.029,0.844
1653,14.257233,8.761,4.641,3.205,0.721,0.194
1654,14.265403,9.068,4.708,3.565,0.615,0.18
1655,14.273735,9.072,4.801,3.188,0.908,0.175
1656,14.283882,8.889,4.605,3.415,0.671,0.198
1657,14.292497,8.813,4.614,3.5,0.548,0.151
1658,14.300643,9.093,4.67,3.248,0.933,0.242
1659,14.309289,8.711,4.566,2.254,0.776,1.115
1660,14.317486,9.123,4.721,3.497,0.709,0.196
1661,14.326258,8.976,4.621,3.084,0.677,0.594
1662,14.334712,8.86,4.591,3.474,0.573,0.222
1663,14.342606,9.37,4.875,3.187,1.006,0.302
1664,14.35271,8.902,4.624,3.417,0.664,0.197
1665,14.363143,8.638,4.616,3.132,0.634,0.256
1666,14.371527,8.836,4.61,3.408,0.639,0.179
1667,14.380028,8.655,4.58,3.161,0.714,0.2
1668,14.388285,8.713,4.51,3.165,0.855,0.183
1669,14.396553,8.885,4.624,3.431,0.628,0.202
1670,14.40497,8.814,4.592,3.399,0.621,0.202
1671,14.413158,8.93,4.597,3.102,0.976,0.255
1672,14.421733,8.688,4.521,3.339,0.669,0.159
1673,14.429914,8.832,4.633,2.489,0.849,0.861
1674,14.438157,8.924,4.577,3.043,0.999,0.305
1675,14.446426,8.974,4.605,3.054,1.04,0.275
1676,14.455013,9.186,4.568,3.211,0.817,0.59
1677,14.463529,8.983,4.629,3.396,0.577,0.381
1678,14.474278,8.657,4.693,2.961,0.55,0.453
1679,14.481972,9.329,5.008,3.076,0.87,0.375
1680,14.490312,9.238,4.583,3.107,1.29,0.258
1681,14.498571,9.339,4.602,3.424,1.12,0.193
1682,14.506816,9.38,4.558,2.563,1.477,0.782
1683,14.515437,9.111,4.604,3.553,0.785,0.169
1684,14.523523,9.461,4.795,2.457,1.21,0.999
1685,14.533841,8.637,4.632,3.314,0.549,0.142
1686,14.542562,8.774,4.616,3.417,0.578,0.163
1687,14.550804,8.849,4.656,2.553,0.849,0.791
1688,14.559277,9.131,4.695,3.563,0.712,0.161
1689,14.567978,8.809,4.545,3.209,0.849,0.206
1690,14.575709,9.482,4.77,2.512,1.245,0.955
1691,14.584261,9.202,4.583,3.076,1.215,0.328
1692,14.59249,9.286,4.636,3.434,1.033,0.183
1693,14.603034,8.64,4.59,3.24,0.665,0.145
1694,14.612979,8.564,4.567,3.115,0.653,0.229
1695,14.621469,8.841,4.621,3.438,0.626,0.156
1696,14.629759,8.952,4.665,3.199,0.857,0.231
1697,14.638237,9.436,4.581,3.967,0.573,0.315
1698,14.646823,9.576,4.648,3.14,1.044,0.744
1699,14.654932,9.46,4.536,3.194,1.38,0.35
1700,14.663741,9.112,4.648,3.254,0.743,0.467
1701,14.671922,9.162,4.571,3.174,1.021,0.396
1702,14.679989,9.387,4.616,3.686,0.761,0.324
1703,14.688413,9.391,4.674,3.766,0.623,0.328
1704,14.696578,9.709,4.877,3.184,1.182,0.466
1705,14.704802,9.718,4.607,2.133,1.567,1.411
1706,14.713249,9.422,4.607,3.147,1.457,0.211
1707,14.72394,8.638,4.584,3.211,0.671,0.172
1708,14.732059,8.841,4.662,3.161,0.836,0.182
1709,14.740089,9.184,4.762,3.064,1.033,0.325
1710,14.748637,8.97,4.607,3.374,0.806,0.183
1711,14.75706,9.078,4.646,3.689,0.584,0.159
1712,14.765218,9.326,4.862,2.961,1.037,0.466
1713,14.773445,9.371,4.606,3.497,1.1,0.168
1714,14.782172,9.196,4.545,3.701,0.671,0.279
1715,14.792271,8.68,4.703,3.054,0.585,0.338
1716,14.801225,8.601,4.624,3.098,0.576,0.303
1717,14.809235,8.934,4.602,3.105,0.928,0.299
1718,14.817198,9.275,4.604,3.149,1.297,0.225
1719,14.825783,8.997,4.595,3.267,0.979,0.156
1720,14.834287,8.845,4.592,3.073,0.889,0.291
1721,14.842351,9.108,4.515,3.138,1.24,0.215
1722,14.852734,8.537,4.588,2.81,0.605,0.534
1723,14.863441,8.832,4.588,2.975,0.912,0.357
1724,14.871287,9.301,4.601,3.132,1.389,0.179
1725,14.880128,8.83,4.582,3.176,0.901,0.171
1726,14.88806,9.239,4.643,3.079,1.242,0.275
1727,14.896483,9.162,4.62,3.425,0.929,0.188
1728,14.904738,9.189,4.587,2.497,1.288,0.817
1729,14.913453,8.799,4.594,3.49,0.589,0.126
1730,14.921496,9.184,4.837,3.259,0.873,0.215
1731,14.929777,9.16,4.797,3.077,1.041,0.245
1732,14.938121,9.186,4.542,3.658,0.806,0.18
1733,14.946529,9.197,4.608,3.436,0.894,0.259
1734,14.954756,9.207,4.636,3.226,1.182,0.163
1735,14.963377,8.898,4.66,2.995,0.908,0.335
1736,14.973399,8.964,4.613,3.501,0.583,0.267
1737,14.982001,8.603,4.562,3.148,0.665,0.228
1738,14.990567,9.014,4.58,3.465,0.637,0.332
1739,14.99872,9.295,4.613,3.304,0.952,0.426
1740,15.007093,9.08,4.59,3.073,1.043,0.374
1741,15.015558,8.886,4.619,3.414,0.652,0.201
1742,15.023723,9.113,4.735,3.257,0.875,0.246
1743,15.032061,9.084,4.635,3.0,1.03,0.419
1744,15.042174,8.529,4.597,2.997,0.595,0.34
1745,15.051288,8.591,4.575,3.056,0.556,0.404
1746,15.059401,8.849,4.6,2.989,0.757,0.503
1747,15.067575,8.933,4.597,3.406,0.693,0.237
1748,15.076562,8.821,4.596,3.538,0.516,0.171
1749,15.084208,9.591,5.174,3.243,0.924,0.25
1750,15.094135,8.541,4.586,3.007,0.637,0.311
1751,15.102781,8.706,4.625,3.342,0.59,0.149
1752,15.111192,8.773,4.598,3.206,0.678,0.291
1753,15.119598,8.808,4.591,3.429,0.593,0.195
1754,15.127996,8.705,4.612,3.136,0.754,0.203
1755,15.136202,8.805,4.542,3.102,0.954,0.207
1756,15.144587,8.848,4.62,3.463,0.623,0.142
1757,15.153069,8.692,4.604,2.187,0.776,1.125
1758,15.162971,8.542,4.566,3.241,0.604,0.131
1759,15.171303,8.571,4.608,3.092,0.623,0.248
1760,15.179986,8.527,4.613,3.096,0.599,0.219
1761,15.18801,9.066,4.624,3.673,0.615,0.154
1762,15.19669,8.698,4.574,3.385,0.603,0.136
1763,15.204748,9.082,4.827,2.09,0.925,1.24
1764,15.213201,8.95,4.625,2.218,1.009,1.098
1765,15.222226,8.649,4.71,2.178,0.588,1.173
1766,15.231719,8.692,4.611,3.335,0.601,0.145
1767,15.24037,9.2,4.629,3.582,0.843,0.146
1768,15.248987,9.562,4.592,3.92,0.667,0.383
1769,15.256922,9.853,5.193,3.661,0.723,0.276
1770,15.26533,9.877,5.021,3.297,1.184,0.375
1771,15.273746,9.687,4.747,2.096,1.494,1.35
1772,15.284316,8.892,4.597,3.222,0.854,0.219
1773,15.292438,9.188,4.579,2.188,1.229,1.192
1774,15.301083,8.93,4.525,2.1,0.972,1.333
1775,15.309126,9.248,4.582,2.002,1.21,1.454
1776,15.317512,9.129,4.674,3.368,0.873,0.214
1777,15.325747,9.184,4.736,3.487,0.792,0.169
1778,15.334065,9.25,4.713,3.123,1.134,0.28
1779,15.342505,9.46,4.586,3.765,0.864,0.245
1780,15.352664,8.829,4.634,3.261,0.751,0.183
1781,15.361071,9.289,4.542,3.87,0.719,0.158
1782,15.369181,9.646,4.989,3.406,0.973,0.278
1783,15.378232,8.82,4.596,3.13,0.859,0.235
1784,15.386437,9.05,4.622,3.474,0.768,0.186
1785,15.394589,9.274,4.75,3.348,0.942,0.234
1786,15.402967,9.213,4.65,3.116,1.162,0.285
1787,15.41346,8.815,4.7,3.024,0.728,0.363
1788,15.421882,9.418,4.556,3.94,0.64,0.282
1789,15.429982,9.729,5.142,2.195,1.045,1.347
1790,15.438236,9.667,4.639,2.146,1.629,1.253
1791,15.446511,9.762,4.636,2.264,1.688,1.174
1792,15.455103,9.499,4.593,2.224,1.47,1.212
1793,15.463282,9.654,4.569,2.191,1.67,1.224
1794,15.472154,9.139,4.682,2.045,1.022,1.39
1795,15.481769,8.889,4.654,2.158,0.784,1.293
1796,15.490445,8.754,4.549,2.151,0.763,1.291
1797,15.498894,8.907,4.596,2.121,0.884,1.306
1798,15.507138,8.982,4.515,2.1,1.056,1.311
1799,15.515054,9.352,4.533,2.062,1.456,1.301
1800,15.523834,8.895,4.605,2.082,0.942,1.266
1801,15.534331,8.864,4.603,2.077,0.884,1.3
1802,15.542553,9.477,4.529,3.765,0.819,0.364
1803,15.55097,9.327,4.735,3.214,1.103,0.275
1804,15.559071,9.464,4.638,3.15,1.488,0.188
1805,15.567496,9.37,4.656,3.613,0.907,0.194
1806,15.575499,9.896,4.909,3.212,1.39,0.385
1807,15.583931,9.6,4.55,3.253,1.625,0.172
1808,15.592758,9.081,4.626,3.453,0.847,0.155
1809,15.601134,9.081,4.549,1.976,1.209,1.347
1810,15.611182,8.476,4.576,3.104,0.617,0.179
1811,15.619284,8.722,4.631,3.03,0.792,0.269
1812,15.628332,8.427,4.63,2.961,0.525,0.311
1813,15.636029,9.109,4.765,3.062,1.027,0.255
1814,15.644264,9.213,4.553,3.094,1.341,0.225
1815,15.654665,8.756,4.635,3.292,0.663,0.166
1816,15.663214,8.689,4.581,3.092,0.678,0.338
1817,15.671438,8.85,4.588,2.939,0.779,0.544
1818,15.680023,8.59,4.572,3.124,0.696,0.198
1819,15.688246,8.678,4.606,3.026,0.786,0.26
1820,15.696606,8.76,4.554,3.393,0.616,0.197
1821,15.705509,8.866,4.65,3.501,0.562,0.153
1822,15.713109,9.716,5.154,2.193,1.18,1.189
1823,15.723879,9.205,4.664,3.775,0.584,0.182
1824,15.732012,9.539,5.09,3.478,0.657,0.314
1825,15.740323,9.47,4.841,2.549,1.281,0.799
1826,15.748666,9.375,4.584,2.038,1.537,1.216
1827,15.756873,9.54,4.638,3.209,1.519,0.174
1828,15.765119,9.621,4.667,3.019,1.671,0.264
1829,15.773659,9.463,4.63,3.276,1.341,0.216
1830,15.783873,8.672,4.599,3.257,0.643,0.173
1831,15.792475,8.594,4.651,3.003,0.572,0.368
1832,15.800941,9.298,4.584,3.994,0.542,0.178
1833,15.809032,9.634,5.113,3.391,0.86,0.27
1834,15.817565,9.404,4.646,2.225,1.405,1.128
1835,15.825509,9.705,4.642,3.395,1.512,0.156
1836,15.834202,9.327,4.614,3.053,1.468,0.192
1837,15.842466,9.637,4.621,3.535,1.094,0.387
1838,15.850972,9.284,4.619,3.125,1.342,0.198
1839,15.861073,8.562,4.58,3.093,0.714,0.175
1840,15.871486,8.991,4.623,3.381,0.683,0.304
1841,15.879855,8.864,4.583,3.274,0.796,0.211
1842,15.887937,9.084,4.739,3.276,0.891,0.178
1843,15.89665,8.75,4.542,2.176,0.87,1.162
1844,15.904743,8.948,4.578,2.214,1.076,1.08
1845,15.913044,8.971,4.544,3.207,1.06,0.16
1846,15.921727,8.99,4.643,3.337,0.833,0.177
1847,15.92987,9.176,4.721,2.122,1.165,1.168
1848,15.938894,9.254,4.586,3.89,0.625,0.153
1849,15.946708,9.973,5.274,3.688,0.697,0.314
1850,15.95497,10.013,5.036,2.292,1.583,1.102
1851,15.963472,10.034,4.492,3.061,1.963,0.518
1852,15.973423,8.939,4.658,3.479,0.624,0.178
1853,15.981608,9.101,4.572,2.411,1.227,0.891
1854,15.990245,8.751,4.626,3.124,0.849,0.152
1855,15.998672,8.868,4.589,3.422,0.702,0.155
1856,16.006958,8.925,4.664,3.136,0.961,0.164
1857,16.015446,8.929,4.609,3.568,0.603,0.149
1858,16.023588,9.227,4.748,2.172,1.11,1.197
1859,16.032609,8.754,4.609,3.378,0.614,0.153
1860,16.042307,8.724,4.652,2.778,0.809,0.485
1861,16.050792,9.279,4.622,3.857,0.648,0.152
1862,16.059294,9.212,4.707,3.713,0.583,0.209
1863,16.067235,9.597,4.931,2.231,1.346,1.089
1864,16.075446,9.679,4.619,2.994,1.783,0.283
1865,16.08388,9.566,4.583,3.265,1.569,0.149
1866,16.092417,9.368,4.604,3.465,1.149,0.15
1867,16.102437,8.923,4.582,3.512,0.68,0.149
1868,16.111138,8.683,4.712,3.122,0.685,0.164
1869,16.119601,8.706,4.625,3.355,0.591,0.135
1870,16.127705,8.933,4.909,3.224,0.667,0.133
1871,16.136229,8.759,4.566,3.173,0.875,0.145
1872,16.144742,8.702,4.606,3.277,0.677,0.142
1873,16.154921,8.513,4.566,3.155,0.642,0.15
1874,16.163477,8.609,4.608,2.946,0.721,0.334
1875,16.171518,8.906,4.587,3.457,0.703,0.159
1876,16.18007,9.154,4.589,3.691,0.709,0.165
1877,16.188618,9.07,4.661,3.434,0.726,0.249
1878,16.196687,9.288,4.736,3.227,1.128,0.197
1879,16.205184,9.107,4.527,3.763,0.64,0.177
1880,16.213182,9.549,4.947,3.451,0.869,0.282
1881,16.221855,9.086,4.575,3.197,1.152,0.162
1882,16.231562,8.815,4.593,3.388,0.677,0.157
1883,16.240205,8.665,4.715,3.082,0.66,0.208
1884,16.248672,8.797,4.615,3.312,0.721,0.149
1885,16.256728,9.16,4.808,3.152,0.962,0.238
1886,16.265305,8.842,4.689,2.995,0.842,0.316
1887,16.273471,9.149,4.565,3.005,1.141,0.438
1888,16.282591,8.871,4.627,3.418,0.627,0.199
1889,16.290643,9.207,4.766,2.132,1.043,1.266
1890,16.300948,8.662,4.573,3.21,0.742,0.137
1891,16.310856,8.76,4.582,3.268,0.671,0.239
1892,16.319304,8.61,4.618,3.151,0.62,0.221
1893,16.327738,8.752,4.601,3.28,0.641,0.23
1894,16.335901,8.857,4.568,3.346,0.774,0.169
1895,16.346015,8.686,4.582,3.234,0.717,0.153
1896,16.354068,8.988,4.774,3.076,0.837,0.301
1897,16.362549,8.843,4.608,3.357,0.703,0.175
1898,16.37095,8.771,4.614,3.187,0.748,0.222
1899,16.378813,9.313,4.648,3.302,1.118,0.245
1900,16.386646,9.885,4.814,3.136,1.55,0.385
1901,16.394968,9.875,4.563,3.128,1.816,0.368
1902,16.402867,10.201,4.695,3.159,2.119,0.228
1903,16.413239,8.594,4.6,3.053,0.645,0.296
1904,16.422335,8.506,4.576,2.969,0.585,0.376
1905,16.430398,8.807,4.544,3.062,0.894,0.307
1906,16.43911,9.387,4.569,3.842,0.734,0.242
1907,16.446773,10.096,5.273,3.481,1.066,0.276
1908,16.455126,10.058,5.124,3.306,1.378,0.25
1909,16.463627,9.882,4.77,3.275,1.601,0.236
1910,16.473332,8.697,4.615,3.084,0.71,0.288
1911,16.481841,8.661,4.58,3.22,0.694,0.167
1912,16.49047,8.859,4.67,3.445,0.582,0.162
1913,16.498544,9.312,4.757,2.393,0.988,1.174
1914,16.507043,9.128,4.539,3.77,0.604,0.215
1915,16.515187,9.329,4.903,3.46,0.736,0.23
1916,16.52366,9.125,4.734,3.209,1.012,0.17
1917,16.532614,8.747,4.634,3.302,0.623,0.188
1918,16.542049,9.042,4.608,3.644,0.64,0.15
1919,16.550575,9.231,4.583,3.914,0.597,0.137
1920,16.559164,9.066,4.779,3.066,0.833,0.388
1921,16.56709,9.386,4.736,3.122,1.286,0.242
1922,16.575756,9.473,4.592,3.297,1.024,0.56
1923,16.584584,9.26,4.624,3.551,0.691,0.394
1924,16.594744,8.826,4.68,3.296,0.612,0.238
1925,16.602739,9.092,4.722,3.153,0.957,0.26
1926,16.611245,8.92,4.732,3.065,0.798,0.325
1927,16.619408,9.127,4.612,3.018,1.098,0.399
1928,16.628081,8.885,4.552,3.218,0.818,0.297
1929,16.636128,9.08,4.611,3.157,1.047,0.265
1930,16.644633,8.865,4.667,3.341,0.696,0.161
1931,16.652748,9.177,4.644,3.149,1.062,0.322
1932,16.66302,8.705,4.559,3.222,0.664,0.26
1933,16.671558,8.862,4.598,3.361,0.729,0.174
1934,16.680001,8.793,4.563,3.201,0.788,0.241
1935,16.688503,8.905,4.598,3.439,0.646,0.222
1936,16.69659,9.194,4.819,3.133,0.897,0.345
1937,16.704647,9.432,4.762,2.514,1.231,0.925
1938,16.71328,9.071,4.593,3.06,1.105,0.313
1939,16.723344,8.726,4.632,3.02,0.748,0.326
1940,16.734138,8.618,4.616,3.064,0.6,0.338
1941,16.742364,8.734,4.569,3.084,0.752,0.329
1942,16.750476,8.932,4.519,3.042,1.024,0.347
1943,16.758746,8.975,4.604,3.401,0.814,0.156
1944,16.767024,9.022,4.57,3.272,1.035,0.145
1945,16.775174,9.197,4.629,3.245,1.164,0.159
1946,16.783867,8.852,4.582,3.247,0.861,0.162
1947,16.792339,9.098,4.649,3.532,0.743,0.174
1948,16.800879,8.879,4.585,2.119,0.934,1.241
1949,16.808882,9.217,4.571,3.289,1.203,0.154
1950,16.817409,9.045,4.697,3.444,0.73,0.174
1951,16.825478,9.365,4.773,3.372,0.991,0.229
1952,16.834181,8.934,4.603,3.165,0.949,0.217
1953,16.844998,9.083,4.57,3.769,0.594,0.15
1954,16.852755,9.736,5.06,3.11,1.234,0.332
1955,16.861201,9.527,4.578,3.156,1.602,0.191
1956,16.869251,9.811,4.612,3.096,1.849,0.254
1957,16.877983,9.468,4.557,3.297,1.423,0.191
1958,16.886078,9.714,4.699,2.203,1.605,1.207
1959,16.894613,9.5,4.596,3.507,1.214,0.183
1960,16.902911,9.548,4.681,2.53,1.459,0.878
1961,16.913364,8.906,4.648,3.474,0.615,0.169
1962,16.921582,8.995,4.687,3.398,0.765,0.145
1963,16.929991,8.969,4.579,2.553,0.988,0.849
1964,16.938506,9.015,4.623,3.597,0.61,0.185
1965,16.946402,9.518,5.008,2.541,1.052,0.917
1966,16.955155,9.033,4.657,3.141,0.984,0.251
1967,16.96327,9.221,4.604,3.602,0.865,0.15
1968,16.97186,9.267,4.722,3.707,0.695,0.143
1969,16.981687,9.022,4.668,3.373,0.788,0.193
1970,16.992144,8.729,4.689,3.104,0.651,0.285
1971,17.000411,9.204,4.543,3.774,0.694,0.193
1972,17.008761,9.2,4.693,2.536,1.123,0.848
1973,17.017045,9.214,4.515,3.191,1.352,0.156
1974,17.025627,8.983,4.635,3.315,0.861,0.172
1975,17.033845,9.097,4.689,2.171,1.043,1.194
1976,17.042367,8.984,4.632,3.518,0.612,0.222
1977,17.050482,9.228,4.818,3.225,0.943,0.242
1978,17.058765,9.184,4.684,3.149,1.147,0.204
1979,17.067492,8.817,4.593,3.402,0.651,0.171
1980,17.075325,9.369,4.876,2.216,1.072,1.205
1981,17.084078,8.901,4.675,3.11,0.865,0.251
1982,17.094611,8.709,4.654,3.238,0.651,0.166
1983,17.102739,8.905,4.71,3.224,0.824,0.147
1984,17.111343,8.785,4.535,3.057,0.744,0.449
1985,17.119214,9.115,4.606,3.079,1.135,0.295
1986,17.127705,8.948,4.623,3.34,0.821,0.164
1987,17.136276,8.726,4.652,2.992,0.694,0.388
1988,17.144379,8.946,4.615,2.96,0.96,0.411
1989,17.152711,8.913,4.615,3.313,0.857,0.128
1990,17.162964,9.066,4.57,3.661,0.659,0.176
1991,17.172134,8.608,4.592,3.133,0.642,0.241
1992,17.179838,9.246,5.049,2.965,0.817,0.415
1993,17.188058,9.39,4.803,3.058,1.178,0.351
1994,17.196528,9.165,4.69,3.388,0.944,0.143
1995,17.204744,9.309,4.787,3.152,1.174,0.196
1996,17.213253,9.127,4.639,3.63,0.703,0.155
1997,17.221673,9.12,4.674,2.46,1.017,0.969
1998,17.231865,9.199,4.601,3.763,0.656,0.179
1999,17.242139,9.225,4.653,3.706,0.681,0.185
2000,17.250508,9.237,4.702,2.227,1.112,1.196
2001,17.25872,9.338,4.541,3.361,1.23,0.206
2002,17.267064,9.281,4.59,3.144,1.332,0.215
2003,17.275233,9.431,4.552,3.11,1.537,0.232
2004,17.28391,9.159,4.59,3.785,0.608,0.176
2005,17.292409,9.047,4.726,3.413,0.672,0.236
2006,17.300386,9.325,4.952,3.193,1.014,0.166
2007,17.309043,9.046,4.62,3.029,1.027,0.37
2008,17.317115,9.25,4.657,3.209,1.242,0.142
2009,17.325649,9.114,4.632,3.508,0.813,0.161
2010,17.334179,8.937,4.597,2.081,0.967,1.292
2011,17.342355,9.084,4.577,2.991,1.146,0.37
2012,17.352456,9.084,4.634,3.577,0.693,0.18
2013,17.361273,8.668,4.58,3.045,0.697,0.346
2014,17.369487,9.188,4.515,3.854,0.639,0.18
2015,17.377989,9.067,4.809,3.109,0.85,0.299
2016,17.386069,9.276,4.645,3.265,1.172,0.194
2017,17.394498,9.182,4.627,3.562,0.81,0.183
2018,17.402706,9.303,4.74,3.221,1.167,0.175
2019,17.411338,8.984,4.616,3.002,1.032,0.334
2020,17.421589,8.728,4.609,3.33,0.65,0.139
2021,17.429709,8.929,4.729,2.59,0.896,0.714
2022,17.438312,8.813,4.575,3.187,0.877,0.174
2023,17.446393,9.072,4.591,2.192,1.132,1.157
2024,17.45492,9.475,4.634,3.863,0.67,0.308
2025,17.463253,9.438,4.903,3.439,0.832,0.264
2026,17.471757,9.193,4.669,3.254,1.078,0.192
2027,17.482075,9.036,4.586,2.939,1.041,0.47
2028,17.490532,8.918,4.563,2.988,0.943,0.424
2029,17.500455,8.806,4.641,3.38,0.621,0.164
2030,17.508738,8.828,4.593,3.359,0.743,0.133
2031,17.517002,9.006,4.583,3.675,0.587,0.161
2032,17.525463,8.956,4.599,3.51,0.653,0.194
2033,17.533944,9.189,4.614,3.763,0.572,0.24
2034,17.542148,9.384,4.942,3.423,0.724,0.295
2035,17.55105,9.063,4.466,3.07,0.836,0.691
2036,17.559175,9.012,4.634,3.136,0.876,0.366
2037,17.567235,9.19,4.585,3.116,1.197,0.292
2038,17.575738,9.02,4.602,3.383,0.847,0.188
2039,17.584176,8.905,4.694,3.15,0.823,0.238
2040,17.592692,9.051,4.633,3.533,0.677,0.208
2041,17.60264,8.73,4.625,3.353,0.591,0.161
2042,17.611192,8.587,4.66,3.062,0.553,0.312
2043,17.619104,8.986,4.718,3.123,0.922,0.223
2044,17.627954,8.597,4.549,2.168,0.69,1.19
2045,17.635912,9.001,4.549,3.183,1.066,0.203
2046,17.644696,8.813,4.619,3.288,0.597,0.309
2047,17.652704,9.153,4.779,2.464,0.87,1.04
2048,17.661348,8.708,4.524,3.078,0.815,0.291
2049,17.671484,8.96,4.627,3.548,0.615,0.17
2050,17.679733,9.071,4.773,3.393,0.704,0.201
2051,17.688269,8.886,4.599,3.055,0.88,0.352
2052,17.696407,9.035,4.534,3.026,1.142,0.333
2053,17.704741,9.031,4.626,3.355,0.871,0.179
2054,17.712774,9.337,4.95,3.18,1.031,0.176
2055,17.723535,8.794,4.621,3.371,0.625,0.177
2056,17.733832,8.541,4.594,3.19,0.607,0.15
2057,17.74216,8.664,4.633,3.153,0.656,0.222
2058,17.751115,9.139,4.617,3.235,0.573,0.714
2059,17.758865,9.436,4.94,3.13,0.881,0.485
2060,17.767227,9.294,4.521,3.269,1.174,0.33
2061,17.775304,9.613,4.584,2.247,1.463,1.319
2062,17.784161,9.193,4.617,3.167,0.902,0.507
2063,17.792806,9.046,4.599,3.293,0.767,0.387
2064,17.801018,9.172,4.577,3.261,0.961,0.373
2065,17.809388,9.117,4.572,3.584,0.587,0.374
2066,17.817628,9.664,4.746,3.805,0.591,0.522
2067,17.826245,9.496,4.739,3.548,0.563,0.646
2068,17.834434,9.68,4.74,2.478,1.085,1.377
2069,17.842508,9.641,4.595,3.434,1.229,0.383
2070,17.850978,9.446,4.653,3.702,0.766,0.325
2071,17.861092,8.985,4.636,3.113,0.7,0.536
2072,17.86947,9.073,4.578,3.498,0.597,0.4
2073,17.878077,9.197,4.623,3.676,0.538,0.36
2074,17.886453,9.242,4.77,2.439,0.828,1.205
2075,17.89461,9.277,4.548,3.382,1.034,0.313
2076,17.905304,8.801,4.598,3.028,0.549,0.626
2077,17.913194,9.101,4.613,3.052,0.982,0.454
2078,17.921828,8.827,4.544,2.168,0.749,1.366
2079,17.930037,8.865,4.567,3.273,0.762,0.263
2080,17.938566,9.091,4.633,3.423,0.616,0.419
2081,17.946466,9.604,4.956,3.151,0.971,0.526
2082,17.954821,9.485,4.727,2.592,1.189,0.977
2083,17.963498,9.182,4.632,2.408,0.958,1.184
2084,17.97342,8.936,4.652,3.392,0.632,0.26
2085,17.981971,9.352,4.727,3.686,0.649,0.29
2086,17.990613,9.1,4.694,3.368,0.696,0.342
2087,17.998721,9.513,4.708,3.822,0.572,0.411
2088,18.007341,9.198,4.63,3.045,0.977,0.546
2089,18.015243,9.546,4.634,3.096,1.402,0.414
2090,18.023844,9.354,4.587,3.841,0.624,0.302
2091,18.034017,8.832,4.604,3.084,0.629,0.515
2092,18.042534,9.247,4.598,3.403,0.842,0.404
2093,18.051035,9.038,4.516,3.12,0.947,0.455
2094,18.059754,8.897,4.622,3.318,0.618,0.339
2095,18.067542,9.562,4.885,3.272,0.946,0.459
2096,18.075932,9.388,4.829,3.007,1.0,0.552
2097,18.084061,9.575,4.678,3.17,1.356,0.371
2098,18.092778,9.264,4.618,3.22,1.032,0.394
2099,18.103158,8.854,4.606,3.135,0.627,0.486
2100,18.111138,9.058,4.696,3.235,0.869,0.258
2101,18.11955,8.986,4.63,3.347,0.737,0.272
2102,18.12774,9.161,4.676,3.142,0.972,0.371
2103,18.136672,8.81,4.598,3.342,0.582,0.288
2104,18.144704,9.274,4.763,3.191,0.849,0.471
2105,18.153438,8.991,4.634,3.445,0.615,0.297
2106,18.161625,9.163,4.685,3.239,0.908,0.331
2107,18.171755,8.848,4.618,3.242,0.649,0.339
2108,18.181955,9.174,4.567,3.689,0.596,0.322
2109,18.190458,9.02,4.561,3.008,0.894,0.557
2110,18.198625,9.167,4.581,3.36,0.906,0.32
2111,18.206788,9.394,4.866,3.625,0.612,0.291
2112,18.215723,9.011,4.604,3.38,0.67,0.357
2113,18.223703,9.424,4.724,3.169,1.058,0.473
2114,18.232016,9.217,4.63,3.653,0.727,0.207
2115,18.24012,9.5,4.887,3.01,1.142,0.461
2116,18.24858,9.3,4.643,3.462,1.028,0.167
2117,18.256678,9.547,4.703,3.212,1.436,0.196
2118,18.265323,9.242,4.58,3.027,1.246,0.389
2119,18.273576,9.491,4.602,2.219,1.305,1.365
2120,18.284204,8.686,4.603,3.146,0.671,0.266
2121,18.292495,9.04,4.497,2.203,0.821,1.519
2122,18.300846,8.81,4.555,2.981,0.745,0.529
2123,18.309478,9.038,4.635,3.496,0.608,0.299
2124,18.317634,9.254,4.727,3.32,0.875,0.332
2125,18.325699,9.451,4.747,3.173,1.215,0.316
2126,18.334145,9.248,4.575,3.155,1.278,0.24
2127,18.34246,9.274,4.618,3.479,1.002,0.175
2128,18.352559,8.933,4.61,3.492,0.635,0.196
2129,18.361334,8.917,4.598,3.235,0.904,0.18
2130,18.369417,9.169,4.572,2.218,1.203,1.176
2131,18.377931,8.985,4.548,2.142,1.054,1.241
2132,18.386301,8.948,4.584,3.107,0.983,0.274
2133,18.394576,9.017,4.63,3.346,0.855,0.186
2134,18.403043,8.866,4.715,3.183,0.775,0.193
2135,18.411542,8.994,4.519,3.06,0.808,0.607
2136,18.421402,8.959,4.607,3.451,0.636,0.265
2137,18.429793,8.835,4.576,3.241,0.811,0.207
2138,18.438326,8.628,4.521,3.093,0.714,0.3
2139,18.446265,9.322,4.688,3.779,0.658,0.197
2140,18.454968,9.19,4.605,3.723,0.594,0.268
2141,18.463166,9.373,4.873,3.467,0.787,0.246
2142,18.471727,9.073,4.639,3.15,1.03,0.254
2143,18.481722,8.724,4.615,3.283,0.659,0.167
2144,18.489951,8.842,4.659,3.109,0.789,0.285
2145,18.498553,8.859,4.613,3.379,0.651,0.216
2146,18.507065,8.801,4.691,3.158,0.631,0.321
2147,18.515277,8.859,4.486,2.171,0.957,1.245
2148,18.523749,8.777,4.535,3.332,0.677,0.233
2149,18.533697,8.615,4.606,3.235,0.613,0.161
2150,18.542303,8.726,4.633,2.134,0.709,1.25
2151,18.550839,8.681,4.604,2.038,0.661,1.378
2152,18.559241,8.872,4.635,2.111,0.819,1.307
2153,18.567442,9.125,4.599,3.549,0.638,0.339
2154,18.575676,9.125,4.736,3.18,0.954,0.255
2155,18.583895,9.249,4.682,3.176,1.123,0.268
2156,18.592589,8.873,4.608,3.412,0.654,0.199
2157,18.602424,8.654,4.618,2.989,0.594,0.453
2158,18.610891,9.214,4.597,3.83,0.576,0.211
2159,18.619224,9.219,4.828,2.121,0.962,1.308
2160,18.627892,9.134,4.545,3.406,0.964,0.219
2161,18.636457,8.907,4.581,2.268,0.87,1.188
2162,18.644855,8.993,4.568,2.058,0.851,1.516
2163,18.652782,9.247,4.585,2.35,1.246,1.066
2164,18.662952,9.382,4.593,3.66,0.845,0.284
2165,18.671504,9.249,4.693,3.508,0.791,0.257
2166,18.679832,9.695,4.703,4.0,0.713,0.279
2167,18.688034,9.863,5.297,2.148,1.06,1.358
2168,18.696513,9.626,4.641,3.522,1.236,0.227
2169,18.704975,9.445,4.713,3.16,1.375,0.197
2170,18.713271,9.548,4.605,3.74,0.964,0.239
2171,18.721748,9.451,4.732,2.488,1.251,0.98
2172,18.731868,8.722,4.596,3.232,0.646,0.248
2173,18.740293,8.575,4.596,3.022,0.619,0.338
2174,18.74874,8.772,4.647,2.786,0.755,0.584
2175,18.756671,9.229,4.646,2.166,1.161,1.256
2176,18.765387,8.866,4.556,2.238,0.885,1.187
2177,18.773425,9.222,4.571,2.144,1.177,1.33
2178,18.781928,9.02,4.635,2.115,0.944,1.326
2179,18.792651,8.765,4.58,2.147,0.721,1.317
2180,18.802666,8.822,4.577,2.184,0.784,1.277
2181,18.811233,8.828,4.59,2.163,0.855,1.22
2182,18.819188,9.293,4.633,2.685,1.18,0.795
2183,18.827669,9.112,4.611,2.148,1.065,1.288
2184,18.835855,9.236,4.492,2.233,1.329,1.182
2185,18.844225,9.167,4.654,2.115,1.135,1.263
2186,18.853101,8.886,4.581,2.213,0.901,1.191
2187,18.860894,9.435,4.56,2.1,1.478,1.297
2188,18.870011,8.864,4.575,3.264,0.7,0.325
2189,18.877689,9.467,4.756,3.162,1.293,0.256
2190,18.886258,9.141,4.586,3.049,1.233,0.273
2191,18.894209,9.521,4.62,3.021,1.587,0.293
2192,18.902837,9.202,4.639,3.257,1.16,0.146
2193,18.912808,8.745,4.619,3.314,0.659,0.153
2194,18.921643,8.821,4.674,3.345,0.584,0.218
2195,18.929649,9.247,4.776,3.673,0.579,0.219
2196,18.938244,8.97,4.576,3.108,1.03,0.256
2197,18.946135,9.376,4.749,3.05,1.306,0.271
2198,18.954846,9.604,4.58,3.824,0.792,0.408
2199,18.963546,9.346,4.619,2.249,1.071,1.407
2200,18.974051,9.009,4.589,3.154,0.809,0.457
2201,18.981921,9.475,4.664,2.425,1.217,1.169
2202,18.99043,9.357,4.585,2.461,1.124,1.187
2203,18.998864,9.499,4.565,3.931,0.657,0.346
2204,19.007293,9.96,4.876,3.515,0.674,0.895
2205,19.015565,9.647,4.837,3.242,1.056,0.512
2206,19.023748,9.759,4.965,3.108,1.185,0.501
2207,19.032238,9.497,4.485,3.054,1.511,0.447
2208,19.042267,8.755,4.618,3.048,0.561,0.528
2209,19.050997,8.96,4.571,3.187,0.765,0.437
2210,19.059459,9.172,4.611,3.502,0.662,0.397
2211,19.067504,9.515,4.794,2.426,1.156,1.139
2212,19.076067,9.149,4.561,3.17,1.102,0.316
2213,19.083942,9.665,4.818,3.111,1.359,0.377
2214,19.092589,9.388,4.615,3.4,0.972,0.401
2215,19.103335,9.251,4.6,3.555,0.653,0.443
2216,19.111453,9.678,4.738,2.257,1.156,1.527
2217,19.11993,9.272,4.578,3.293,1.002,0.399
2218,19.127757,9.799,4.989,3.086,1.266,0.458
2219,19.136484,9.459,4.595,3.523,0.869,0.472
2220,19.144436,9.824,4.801,2.228,1.441,1.354
2221,19.153001,9.569,4.57,3.092,1.445,0.462
2222,19.161442,9.422,4.566,3.535,0.933,0.388
2223,19.171504,9.258,4.596,3.612,0.638,0.412
2224,19.179891,9.248,4.671,2.459,1.037,1.081
2225,19.188554,9.057,4.523,3.435,0.66,0.439
2226,19.196952,9.385,4.657,3.761,0.62,0.347
2227,19.205319,9.911,4.852,3.645,0.68,0.734
2228,19.213431,9.943,4.826,3.228,1.373,0.516
2229,19.221869,9.727,4.564,3.272,1.494,0.397
2230,19.232075,8.794,4.608,3.11,0.704,0.372
2231,19.24028,8.891,4.581,3.077,0.864,0.369
2232,19.250669,8.95,4.635,3.255,0.685,0.375
2233,19.259373,8.727,4.596,2.257,0.62,1.254
2234,19.267319,9.186,4.628,3.587,0.564,0.407
2235,19.275641,9.17,4.577,3.356,0.87,0.367
2236,19.283845,9.279,4.507,2.139,1.29,1.343
2237,19.292562,8.877,4.519,3.389,0.629,0.34
2238,19.3008,8.962,4.55,2.171,0.998,1.243
2239,19.309361,9.078,4.646,3.494,0.552,0.386
2240,19.317652,9.147,4.64,2.219,1.019,1.269
2241,19.325647,9.36,4.544,3.38,1.153,0.283
2242,19.334004,9.379,4.743,3.109,1.221,0.306
2243,19.344388,8.863,4.603,3.297,0.617,0.346
2244,19.351503,10.611,5.543,3.536,0.689,0.843
2245,19.36102,8.95,4.563,3.102,0.921,0.364
2246,19.369523,9.132,4.625,3.526,0.631,0.35
2247,19.377878,9.095,4.791,3.092,0.882,0.33
2248,19.386116,9.178,4.503,3.556,0.801,0.318
2249,19.394414,9.217,4.61,3.449,0.825,0.333
2250,19.402838,9.189,4.544,2.178,1.165,1.302
2251,19.411547,8.894,4.618,2.522,0.724,1.03
2252,19.421735,9.406,4.575,3.816,0.638,0.377
2253,19.430211,9.468,4.577,3.09,1.244,0.557
2254,19.438422,9.38,4.607,3.473,0.942,0.358
2255,19.446331,9.853,4.913,2.461,1.454,1.025
2256,19.454803,9.624,4.629,3.414,1.266,0.315
2257,19.463408,9.444,4.657,3.454,0.93,0.403
2258,19.473396,8.633,4.563,3.003,0.625,0.442
2259,19.482079,8.815,4.589,3.152,0.676,0.398
2260,19.490731,8.919,4.618,3.296,0.631,0.374
2261,19.49869,9.348,4.689,2.524,1.163,0.972
2262,19.507558,9.277,4.601,3.659,0.645,0.372
2263,19.515468,9.959,4.854,2.191,1.399,1.515
2264,19.523748,9.675,4.54,3.924,0.938,0.273
2265,19.532256,9.697,4.736,3.512,0.987,0.462
2266,19.542191,8.664,4.639,3.093,0.664,0.268
2267,19.550711,9.447,4.672,3.96,0.567,0.248
2268,19.559307,9.652,4.719,2.184,1.112,1.637
2269,19.567546,9.36,4.696,3.343,0.968,0.353
2270,19.575727,9.548,4.628,2.149,1.45,1.321
2271,19.584537,9.183,4.558,3.028,1.043,0.554
2272,19.59266,9.285,4.616,3.358,0.943,0.368
2273,19.602784,9.508,4.598,3.792,0.729,0.389
2274,19.611349,9.317,4.579,3.115,1.162,0.461
2275,19.61985,9.126,4.569,3.243,0.906,0.408
2276,19.627725,9.544,4.681,2.52,1.346,0.997
2277,19.636554,9.089,4.596,3.407,0.68,0.406
2278,19.644456,9.653,4.846,2.181,1.115,1.511
2279,19.652836,9.381,4.653,3.43,0.987,0.311
2280,19.661801,8.874,4.532,2.218,0.744,1.38
2281,19.671924,9.323,4.584,3.72,0.659,0.36
2282,19.681904,9.426,4.568,3.744,0.71,0.404
2283,19.690194,9.551,4.744,3.093,1.096,0.618
2284,19.698472,9.431,4.618,3.382,1.122,0.309
2285,19.706746,9.586,4.755,2.106,1.2,1.525
2286,19.715368,9.282,4.614,3.486,0.776,0.406
2287,19.723666,9.302,4.688,2.175,1.0,1.439
2288,19.732006,9.307,4.69,3.672,0.66,0.285
2289,19.740544,9.186,4.755,3.322,0.745,0.364
2290,19.748686,9.473,4.69,3.268,1.067,0.448
2291,19.757277,9.194,4.635,3.087,0.897,0.575
2292,19.765275,9.435,4.574,3.161,1.303,0.397
2293,19.773937,9.206,4.567,3.259,0.941,0.439
2294,19.783995,9.131,4.615,3.634,0.585,0.297
2295,19.792332,9.176,4.62,3.105,0.975,0.476
2296,19.800897,8.945,4.581,3.231,0.771,0.362
2297,19.80883,9.677,4.794,3.73,0.811,0.342
2298,19.817907,9.54,4.522,3.914,0.684,0.42
2299,19.826251,9.835,4.774,3.513,0.815,0.733
2300,19.834511,9.974,4.811,2.205,1.125,1.833
2301,19.842648,9.671,4.701,3.306,1.374,0.29
2302,19.852689,8.988,4.597,2.919,0.725,0.747
2303,19.86098,8.958,4.706,3.179,0.658,0.415
2304,19.869627,9.676,4.69,3.935,0.725,0.326
2305,19.877856,10.225,5.246,3.535,0.672,0.772
2306,19.886488,9.638,4.817,3.299,1.026,0.496
2307,19.895162,9.161,4.658,3.177,0.898,0.428
2308,19.902903,9.825,4.787,3.349,1.274,0.415
2309,19.911546,9.443,4.623,3.371,1.098,0.351
2310,19.921661,8.959,4.603,3.37,0.675,0.311
2311,19.931861,9.34,4.581,3.751,0.689,0.319
2312,19.940268,9.28,4.728,3.035,0.936,0.581
2313,19.948473,9.388,4.604,3.653,0.822,0.309
2314,19.957448,8.976,4.505,3.011,0.763,0.697
2315,19.96523,9.415,4.716,3.044,1.104,0.551
2316,19.973507,9.462,4.586,3.385,1.185,0.306
2317,19.981712,9.624,4.727,2.541,1.276,1.08
2318,19.99056,9.191,4.598,3.394,0.785,0.414
2319,19.998606,9.505,4.663,2.6,1.114,1.128
2320,20.006937,9.349,4.472,3.836,0.76,0.281
2321,20.015434,9.334,4.591,3.495,0.814,0.434
2322,20.023633,9.476,4.711,2.126,1.039,1.6
2323,20.031903,9.594,4.611,3.901,0.768,0.314
2324,20.041119,9.596,4.633,3.672,0.634,0.657
2325,20.051264,8.934,4.58,3.052,0.663,0.639
2326,20.059269,9.171,4.583,3.161,0.985,0.442
2327,20.067564,9.233,4.615,3.342,0.939,0.337
2328,20.075694,9.468,4.682,3.141,1.128,0.517
2329,20.083929,9.46,4.514,3.184,1.392,0.37
2330,20.092756,9.115,4.578,2.186,0.842,1.509
2331,20.102658,9.455,4.588,3.887,0.661,0.319
2332,20.111289,9.193,4.673,3.495,0.67,0.355
2333,20.119559,9.438,4.789,3.257,0.825,0.567
2334,20.127985,9.16,4.589,3.163,0.935,0.473
2335,20.135972,9.43,4.7,3.579,0.883,0.268
2336,20.145218,8.878,4.601,3.145,0.622,0.51
2337,20.152946,9.497,4.8,3.291,1.025,0.381
2338,20.163256,9.356,4.639,3.504,0.723,0.49
2339,20.171683,9.078,4.613,3.532,0.629,0.304
2340,20.179841,9.343,4.656,3.23,1.016,0.441
2341,20.18857,9.064,4.607,3.355,0.666,0.436
2342,20.196619,9.324,4.719,3.424,0.779,0.402
2343,20.204877,9.454,4.791,3.259,0.921,0.483
2344,20.213376,9.2,4.525,3.101,1.024,0.55
2345,20.224003,8.992,4.571,3.066,0.691,0.664
2346,20.231822,9.355,4.669,2.199,1.13,1.357
2347,20.240493,9.113,4.682,3.329,0.717,0.385
2348,20.248638,9.307,4.713,2.108,0.911,1.575
2349,20.256967,9.209,4.478,3.194,1.176,0.361
2350,20.265341,9.278,4.612,3.497,0.768,0.401
2351,20.273793,9.054,4.652,2.19,0.848,1.364
2352,20.284551,8.894,4.614,3.264,0.647,0.369
2353,20.292322,9.543,4.857,3.427,0.808,0.451
2354,20.300972,9.074,4.609,2.064,0.911,1.49
2355,20.308991,9.369,4.655,3.743,0.697,0.274
2356,20.317654,9.139,4.628,3.304,0.809,0.398
2357,20.325792,9.335,4.915,3.137,0.787,0.496
2358,20.33426,9.123,4.579,3.065,0.989,0.49
2359,20.342312,9.401,4.61,3.041,1.244,0.506
2360,20.3511,9.075,4.588,3.193,0.812,0.482
2361,20.361596,8.931,4.645,3.219,0.7,0.367
2362,20.371571,9.177,4.587,3.464,0.716,0.41
2363,20.379739,9.253,4.73,3.111,0.947,0.465
2364,20.388104,9.204,4.464,3.108,1.183,0.449
2365,20.396473,9.204,4.621,3.397,0.844,0.342
2366,20.404783,9.184,4.617,3.249,1.018,0.3
2367,20.41289,9.432,4.659,3.23,1.202,0.341
2368,20.421313,9.382,4.578,3.065,1.211,0.528
2369,20.430012,9.083,4.55,3.219,0.858,0.456
2370,20.438067,9.301,4.672,3.683,0.648,0.298
2371,20.446601,9.139,4.617,2.246,0.93,1.346
2372,20.45533,8.907,4.581,3.055,0.68,0.591
2373,20.463286,9.147,4.612,2.157,1.021,1.357
2374,20.471818,9.107,4.565,3.354,0.768,0.42
2375,20.481612,8.907,4.603,3.308,0.673,0.323
2376,20.490328,8.849,4.614,2.994,0.634,0.607
2377,20.498768,8.976,4.652,3.26,0.727,0.337
2378,20.506868,9.427,4.739,3.673,0.676,0.339
2379,20.51553,9.126,4.605,3.38,0.79,0.351
2380,20.523668,9.382,4.707,3.261,1.004,0.41
2381,20.533881,8.989,4.587,3.287,0.767,0.348
2382,20.542509,9.129,4.604,3.554,0.654,0.317
2383,20.550643,9.4,4.706,2.131,1.049,1.514
2384,20.558854,9.453,4.546,3.522,1.068,0.317
2385,20.567505,9.173,4.612,2.906,0.952,0.703
2386,20.576083,9.062,4.598,3.13,0.793,0.541
2387,20.583875,9.526,4.758,3.715,0.721,0.332
2388,20.592463,9.376,4.679,3.453,0.805,0.439
2389,20.600929,9.341,4.67,3.708,0.673,0.29
2390,20.611508,9.094,4.597,3.34,0.724,0.433
2391,20.621463,9.286,4.615,3.473,0.725,0.473
2392,20.629855,9.065,4.64,3.227,0.862,0.336
2393,20.638049,9.195,4.653,3.172,0.991,0.379
2394,20.646419,9.19,4.584,2.974,1.023,0.609
2395,20.654756,9.178,4.589,3.234,1.015,0.34
2396,20.663082,9.187,4.628,3.178,0.987,0.394
2397,20.671375,9.27,4.51,3.096,1.146,0.518
2398,20.679955,8.996,4.577,3.243,0.843,0.333
2399,20.688852,8.865,4.568,3.216,0.695,0.386
2400,20.696597,9.449,4.75,3.245,1.105,0.349
2401,20.705266,9.118,4.587,3.065,0.937,0.529
2402,20.713266,9.382,4.548,3.192,1.313,0.329
2403,20.723445,9.164,4.635,3.386,0.708,0.435
2404,20.732001,9.406,4.659,3.709,0.702,0.336
2405,20.740459,9.346,4.681,3.601,0.661,0.403
2406,20.748389,9.797,4.958,2.448,1.148,1.243
2407,20.756862,9.478,4.565,3.325,1.321,0.267
2408,20.765412,9.338,4.609,3.526,0.851,0.352
2409,20.773514,9.645,4.803,3.176,1.18,0.486
2410,20.781941,9.451,4.541,3.141,1.359,0.41
2411,20.79061,9.122,4.569,3.331,0.892,0.33
2412,20.801145,9.034,4.596,3.076,0.699,0.663
2413,20.808894,9.438,4.724,3.182,1.161,0.371
2414,20.817528,9.155,4.595,3.391,0.834,0.335
2415,20.825649,9.439,4.654,3.183,1.149,0.453
2416,20.834247,9.161,4.569,3.077,0.969,0.546
2417,20.842411,9.235,4.498,3.054,1.214,0.469
2418,20.853121,9.224,4.586,3.581,0.668,0.389
2419,20.863125,9.02,4.588,3.134,0.755,0.543
2420,20.871557,8.843,4.482,3.001,0.764,0.596
2421,20.879698,8.99,4.529,3.34,0.793,0.328
2422,20.887968,9.035,4.62,2.16,0.882,1.373
2423,20.896566,8.992,4.604,3.294,0.736,0.358
2424,20.904651,9.197,4.624,2.512,1.034,1.027
2425,20.913522,9.106,4.637,3.312,0.793,0.364
2426,20.92196,9.004,4.533,3.178,0.899,0.394
2427,20.930088,9.161,4.568,3.142,1.05,0.401
2428,20.938199,9.368,4.536,3.198,1.303,0.331
2429,20.946717,9.255,4.626,3.292,0.963,0.374
2430,20.955178,9.087,4.6,3.138,0.93,0.419
2431,20.963514,9.091,4.611,3.318,0.812,0.35
2432,20.971889,9.069,4.526,3.139,0.964,0.44
2433,20.981549,9.065,4.576,3.393,0.684,0.412
2434,20.990268,8.922,4.601,3.04,0.785,0.496
2435,20.998951,9.364,4.569,3.733,0.717,0.345
2436,21.007095,9.747,4.861,3.023,1.131,0.732
2437,21.015837,9.187,4.583,3.289,0.926,0.389
2438,21.023642,9.816,4.713,3.174,1.398,0.531
2439,21.032531,9.211,4.585,3.345,0.841,0.44
2440,21.042702,8.941,4.591,2.106,0.685,1.559
2441,21.050388,9.395,4.644,3.427,1.063,0.261
2442,21.059318,8.984,4.578,3.074,0.743,0.589
2443,21.067478,8.954,4.528,3.533,0.637,0.256
2444,21.075263,9.508,4.941,2.568,1.101,0.898
2445,21.083812,9.192,4.674,3.232,1.133,0.153
2446,21.092048,9.3,4.589,2.233,1.341,1.137
2447,21.102505,8.743,4.597,3.349,0.618,0.179
2448,21.111191,9.174,4.598,3.605,0.597,0.374
2449,21.120268,9.09,4.641,3.721,0.576,0.152
2450,21.12773,10.041,5.298,2.993,1.296,0.454
2451,21.136365,9.797,4.59,3.565,1.345,0.297
2452,21.144237,10.237,4.875,2.306,1.884,1.172
2453,21.152804,9.927,4.666,2.285,1.859,1.117
2454,21.162915,9.279,4.729,3.788,0.596,0.166
2455,21.172025,9.492,4.591,3.925,0.657,0.319
2456,21.179762,10.083,5.328,2.991,1.219,0.545
2457,21.188605,9.422,4.581,2.264,1.459,1.118
2458,21.196115,10.223,4.601,3.603,1.852,0.167
2459,21.204935,9.746,4.661,3.651,1.269,0.165
2460,21.213045,10.093,4.771,2.329,1.83,1.163
2461,21.221609,9.733,4.626,3.357,1.596,0.154
2462,21.231462,8.606,4.59,2.945,0.649,0.422
2463,21.240207,8.625,4.642,2.966,0.599,0.418
2464,21.248608,8.774,4.654,3.29,0.671,0.159
2465,21.256726,9.04,4.804,3.032,0.823,0.381
2466,21.265525,8.749,4.633,3.362,0.589,0.165
2467,21.273498,9.204,4.774,3.371,0.791,0.268
2468,21.281779,9.219,4.641,3.352,1.012,0.214
2469,21.292225,8.982,4.647,3.028,0.624,0.683
2470,21.300544,8.763,4.607,3.393,0.596,0.167
2471,21.308587,9.154,4.752,2.528,0.92,0.954
2472,21.317096,8.875,4.611,3.168,0.888,0.208
2473,21.326003,8.6,4.591,3.151,0.626,0.232
2474,21.333935,9.066,4.735,3.024,0.887,0.42
2475,21.342876,8.705,4.572,3.286,0.645,0.202
2476,21.350904,9.032,4.879,3.14,0.73,0.283
2477,21.360852,8.852,4.582,3.448,0.651,0.171
2478,21.369207,8.83,4.53,3.12,0.945,0.235
2479,21.377749,8.755,4.613,3.38,0.587,0.175
2480,21.385588,9.256,4.815,3.212,1.058,0.171
2481,21.39437,8.957,4.644,3.42,0.698,0.195
2482,21.402792,8.857,4.556,3.168,0.924,0.209
2483,21.412859,8.816,4.593,3.478,0.594,0.151
2484,21.420217,9.927,4.996,2.183,1.449,1.299
2485,21.429702,8.942,4.531,3.539,0.701,0.171
2486,21.43822,8.738,4.541,3.034,0.867,0.296
2487,21.446323,8.982,4.597,3.484,0.735,0.166
2488,21.454892,8.793,4.552,3.098,0.854,0.289
2489,21.462794,9.166,4.552,2.078,1.296,1.24
2490,21.471391,8.912,4.592,3.005,0.998,0.317
2491,21.482157,8.64,4.622,3.045,0.709,0.264
2492,21.492109,8.555,4.606,3.184,0.606,0.159
2493,21.500254,8.739,4.528,3.052,0.894,0.265
2494,21.508864,8.764,4.582,3.228,0.703,0.251
2495,21.517164,8.847,4.663,3.009,0.714,0.461
2496,21.525414,8.97,4.607,3.461,0.648,0.254
2497,21.534238,9.46,4.696,3.867,0.733,0.164
2498,21.542126,10.055,5.066,2.56,1.52,0.909
2499,21.550786,9.562,4.575,3.29,1.56,0.137
2500,21.558818,9.97,4.697,3.572,1.463,0.238
2501,21.567265,9.759,4.628,3.096,1.821,0.214
2502,21.575831,9.661,4.568,3.331,1.476,0.286
2503,21.583906,9.84,4.797,3.163,1.679,0.201
2504,21.592318,9.726,4.521,2.991,1.881,0.333
2505,21.602369,8.954,4.653,3.517,0.629,0.155
2506,21.611071,8.586,4.678,3.089,0.608,0.211
2507,21.618935,9.06,4.762,3.085,0.996,0.217
2508,21.627588,9.615,4.62,4.103,0.758,0.134
2509,21.635956,9.714,5.034,2.131,1.26,1.289
2510,21.644375,9.56,4.581,3.031,1.631,0.317
2511,21.652912,9.337,4.599,3.31,1.257,0.171
2512,21.661085,9.463,4.738,3.094,1.439,0.192
2513,21.671635,8.829,4.626,3.377,0.641,0.185
2514,21.679818,9.343,4.837,3.737,0.627,0.142
2515,21.687854,9.75,5.164,3.421,0.91,0.255
2516,21.696345,9.566,4.779,2.177,1.398,1.212
2517,21.7048,9.348,4.581,3.357,1.274,0.136
2518,21.71305,9.657,4.714,3.091,1.424,0.428
2519,21.721529,9.356,4.618,3.512,1.023,0.203
2520,21.732182,9.255,4.646,3.742,0.678,0.189
2521,21.742155,8.551,4.628,3.043,0.602,0.278
2522,21.750305,8.873,4.533,3.598,0.603,0.139
2523,21.75863,8.919,4.628,2.513,0.953,0.825
2524,21.766903,8.956,4.572,3.183,1.05,0.151
2525,21.775279,9.111,4.653,3.581,0.726,0.151
2526,21.783614,9.115,4.733,2.229,1.067,1.086
2527,21.791857,9.215,4.585,3.33,1.142,0.158
2528,21.800531,8.973,4.64,3.423,0.766,0.144
2529,21.808942,9.098,4.726,3.563,0.653,0.156
2530,21.81742,9.045,4.734,3.322,0.739,0.25
2531,21.825919,9.098,4.567,3.703,0.672,0.156
2532,21.833992,9.479,4.982,2.997,1.028,0.472
2533,21.842417,9.323,4.613,3.388,1.114,0.208
2534,21.852391,8.853,4.617,3.458,0.607,0.171
2535,21.860891,9.144,4.635,3.728,0.624,0.157
2536,21.869461,9.123,4.624,2.138,0.899,1.462
2537,21.87815,9.034,4.559,2.158,0.802,1.515
2538,21.885751,9.545,4.613,2.803,1.493,0.636
2539,21.894524,9.094,4.61,3.358,0.903,0.223
2540,21.904534,9.004,4.644,3.478,0.661,0.221
2541,21.911247,10.756,5.124,2.176,2.07,1.386
2542,21.921671,8.924,4.626,3.291,0.742,0.265
2543,21.929642,9.242,4.693,2.312,1.109,1.128
2544,21.938508,8.696,4.527,2.958,0.762,0.449
2545,21.946869,9.199,4.49,3.415,0.821,0.473
2546,21.954898,9.409,4.794,2.332,1.145,1.138
2547,21.962675,9.87,4.611,2.163,1.882,1.214
2548,21.971546,9.411,4.642,3.471,1.0,0.298
2549,21.982284,8.787,4.627,2.53,0.762,0.868
2550,21.991931,8.8,4.696,3.176,0.662,0.266
2551,22.000268,9.187,4.6,3.662,0.735,0.19
2552,22.008826,9.074,4.72,3.266,0.884,0.204
2553,22.016935,9.261,4.891,2.044,1.028,1.298
2554,22.025358,9.298,4.572,2.287,1.255,1.184
2555,22.033771,9.19,4.559,2.151,1.207,1.273
2556,22.042367,8.944,4.559,2.066,0.946,1.373
2557,22.050779,9.077,4.593,2.118,0.855,1.511
2558,22.059378,9.012,4.52,2.07,0.803,1.619
2559,22.067229,9.445,4.551,2.259,1.261,1.374
2560,22.076389,8.952,4.568,2.135,0.726,1.523
2561,22.0842,9.417,4.651,2.09,1.18,1.496
2562,22.09466,9.04,4.623,2.201,0.784,1.432
2563,22.102895,9.057,4.475,2.145,1.041,1.396
2564,22.111445,8.856,4.57,2.052,0.776,1.458
2565,22.119379,9.585,4.63,3.826,0.667,0.462
2566,22.127971,9.464,4.766,3.668,0.603,0.427
2567,22.136362,9.841,4.809,2.189,1.029,1.814
2568,22.144562,9.41,4.517,3.421,1.17,0.302
2569,22.152738,9.601,4.609,3.209,1.44,0.343
2570,22.163137,8.765,4.623,2.108,0.659,1.375
2571,22.171629,8.794,4.584,3.312,0.635,0.263
2572,22.179852,8.95,4.591,3.119,0.893,0.347
2573,22.188347,8.846,4.556,2.994,0.768,0.528
2574,22.19615,9.276,4.607,3.128,1.275,0.266
2575,22.204715,9.055,4.583,3.242,0.936,0.294
2576,22.213082,9.018,4.638,3.201,0.901,0.278
2577,22.223836,8.897,4.594,2.971,0.859,0.473
2578,22.234104,9.108,4.612,3.097,0.817,0.582
2579,22.242211,9.194,4.581,3.13,1.057,0.426
2580,22.250327,9.362,4.607,3.103,1.275,0.377
2581,22.258712,9.266,4.6,3.262,1.07,0.334
2582,22.267513,9.295,4.56,3.51,0.701,0.524
2583,22.275408,9.606,4.816,3.629,0.764,0.397
2584,22.283835,9.567,4.7,3.707,0.701,0.459
2585,22.29233,9.522,4.754,3.393,0.803,0.572
2586,22.300997,9.238,4.607,3.689,0.576,0.366
2587,22.309522,9.012,4.561,3.451,0.665,0.335
2588,22.317623,9.367,4.691,3.214,1.005,0.457
2589,22.325783,9.398,4.771,3.752,0.572,0.303
2590,22.334354,9.356,4.736,2.886,0.942,0.792
2591,22.342353,9.525,4.575,3.038,1.443,0.469
2592,22.351051,9.246,4.593,3.258,0.974,0.421
2593,22.361074,8.887,4.571,3.214,0.66,0.442
2594,22.369582,9.108,4.589,3.447,0.725,0.347
2595,22.377592,9.429,4.724,2.201,1.181,1.323
2596,22.386554,8.928,4.6,3.342,0.652,0.334
2597,22.394727,9.065,4.666,3.28,0.81,0.309
2598,22.402728,9.442,4.699,3.237,1.152,0.354
2599,22.411178,9.21,4.574,3.213,1.188,0.235
2600,22.421412,8.73,4.59,3.035,0.569,0.536
2601,22.429728,8.887,4.575,3.404,0.605,0.303
2602,22.438382,8.697,4.574,3.016,0.622,0.485
2603,22.446381,8.985,4.581,2.054,0.951,1.399
2604,22.455188,8.768,4.605,3.099,0.555,0.509
2605,22.463146,9.011,4.581,3.261,0.891,0.278
2606,22.47168,9.014,4.584,3.481,0.641,0.308
2607,22.481964,9.301,4.558,3.716,0.665,0.362
2608,22.492148,8.867,4.616,3.093,0.602,0.556
2609,22.500451,8.966,4.618,3.477,0.568,0.303
2610,22.508618,9.113,4.685,2.495,0.942,0.991
2611,22.517187,8.9,4.647,3.055,0.751,0.447
2612,22.525656,8.741,4.627,2.219,0.654,1.241
2613,22.533756,8.97,4.523,3.305,0.864,0.278
2614,22.542471,9.068,4.629,3.491,0.616,0.332
2615,22.55064,9.278,4.703,2.172,1.004,1.399
2616,22.559096,9.043,4.616,3.144,0.989,0.294
2617,22.567212,9.276,4.527,3.193,1.282,0.274
2618,22.575991,9.39,4.667,3.717,0.61,0.396
2619,22.584286,9.64,4.858,3.444,0.726,0.612
2620,22.592414,9.645,4.883,2.119,1.166,1.477
2621,22.60314,8.749,4.573,3.163,0.59,0.423
2622,22.611031,9.118,4.736,3.154,0.887,0.341
2623,22.619813,8.996,4.586,3.556,0.578,0.276
2624,22.627866,9.637,4.787,3.843,0.602,0.405
2625,22.636627,9.118,4.594,3.347,0.842,0.335
2626,22.64465,9.548,4.71,2.566,1.243,1.029
2627,22.652964,9.373,4.574,3.804,0.758,0.237
2628,22.663343,8.802,4.588,3.012,0.686,0.516
2629,22.671584,9.213,4.6,3.596,0.691,0.326
2630,22.679932,9.266,4.726,3.691,0.558,0.291
2631,22.688347,9.311,4.694,3.487,0.714,0.416
2632,22.696392,9.607,4.789,2.171,1.238,1.409
2633,22.704845,9.324,4.586,3.257,1.221,0.26
2634,22.713819,8.839,4.609,3.294,0.607,0.329
2635,22.723482,8.608,4.568,2.966,0.54,0.534
2636,22.733811,8.626,4.558,3.146,0.579,0.343
2637,22.741897,8.877,4.619,2.505,0.782,0.971
2638,22.750433,9.51,4.615,3.986,0.569,0.34
2639,22.759123,9.33,4.771,2.996,0.887,0.676
2640,22.766998,9.589,4.79,3.107,1.326,0.366
2641,22.776041,8.955,4.664,3.188,0.706,0.397
2642,22.783895,9.483,4.859,3.1,1.024,0.5
2643,22.792416,9.185,4.605,3.519,0.727,0.334
2644,22.800721,9.587,4.928,3.689,0.633,0.337
2645,22.809195,9.793,4.847,3.579,0.688,0.679
2646,22.817481,9.674,4.808,3.41,0.946,0.51
2647,22.825592,9.761,4.842,1.989,1.359,1.571
2648,22.834025,9.539,4.654,3.645,0.993,0.247
2649,22.844281,8.807,4.582,3.05,0.577,0.598
2650,22.852704,8.857,4.576,3.404,0.583,0.294
2651,22.861204,8.69,4.588,3.136,0.619,0.347
2652,22.869806,8.897,4.562,3.442,0.604,0.289
2653,22.878048,9.035,4.777,3.126,0.726,0.406
2654,22.885969,9.536,4.755,3.166,1.162,0.453
2655,22.894505,9.246,4.608,3.374,0.931,0.333
2656,22.905063,9.124,4.585,3.695,0.519,0.325
2657,22.913244,9.494,4.744,2.995,1.011,0.744
2658,22.921568,9.227,4.682,3.272,1.01,0.263
2659,22.92958,9.662,4.681,3.283,1.32,0.378
2660,22.938068,9.364,4.651,3.118,1.266,0.329
2661,22.946687,9.154,4.623,3.244,0.972,0.315
2662,22.95487,9.296,4.508,3.317,1.165,0.306
2663,22.963793,8.759,4.582,3.314,0.538,0.325
2664,22.971702,9.251,4.691,1.955,0.933,1.672
2665,22.98178,8.783,4.55,3.344,0.621,0.268
2666,22.992018,8.838,4.602,3.182,0.614,0.44
2667,23.000492,9.012,4.635,3.406,0.59,0.381
2668,23.008822,8.927,4.515,2.161,0.883,1.368
2669,23.01703,9.12,4.48,3.816,0.586,0.238
2670,23.025974,9.192,4.56,3.793,0.526,0.313
2671,23.034101,9.715,4.927,2.928,0.923,0.937
2672,23.042341,9.483,4.601,3.538,1.038,0.306
2673,23.050916,9.206,4.54,3.266,1.134,0.266
2674,23.058935,9.533,4.722,3.657,0.876,0.278
2675,23.067327,9.674,4.639,3.53,1.019,0.486
2676,23.075583,9.617,4.685,2.482,1.33,1.12
2677,23.084101,9.353,4.579,3.187,1.251,0.336
2678,23.092228,9.633,4.502,3.119,1.542,0.47
2679,23.102832,8.971,4.56,3.434,0.65,0.327
2680,23.111074,9.414,4.716,3.873,0.536,0.289
2681,23.119666,9.286,4.675,2.279,0.961,1.371
2682,23.127624,9.505,4.6,3.285,1.37,0.25
2683,23.136023,9.468,4.718,3.128,1.228,0.394
2684,23.14429,9.593,4.628,3.05,1.402,0.513
2685,23.152957,9.293,4.553,3.79,0.587,0.363
2686,23.1613,9.333,4.746,3.392,0.782,0.413
2687,23.171649,8.921,4.615,3.357,0.603,0.346
2688,23.179762,9.089,4.786,2.245,0.752,1.306
2689,23.188274,8.929,4.6,3.112,0.806,0.411
2690,23.196631,8.919,4.56,3.341,0.687,0.331
2691,23.204871,8.982,4.624,3.336,0.719,0.303
2692,23.21311,9.083,4.646,3.153,0.872,0.412
2693,23.221723,8.809,4.527,3.336,0.634,0.312
2694,23.232291,8.848,4.606,3.01,0.596,0.636
2695,23.24221,8.8,4.616,3.045,0.584,0.555
2696,23.250434,9.052,4.647,3.444,0.623,0.338
2697,23.258722,9.053,4.583,2.525,0.919,1.026
2698,23.267003,9.072,4.519,1.935,1.038,1.58
2699,23.275444,8.956,4.578,3.416,0.7,0.262
2700,23.283713,9.041,4.48,2.679,1.027,0.855
2701,23.292348,8.919,4.525,3.095,0.686,0.613
2702,23.300568,8.963,4.582,3.344,0.649,0.388
2703,23.309112,8.78,4.591,3.17,0.608,0.411
2704,23.317364,8.874,4.599,3.002,0.696,0.577
2705,23.325639,8.948,4.606,3.299,0.685,0.358
2706,23.334353,9.052,4.562,3.033,0.927,0.53
2707,23.344635,8.8,4.619,3.233,0.623,0.325
2708,23.353073,9.167,4.653,3.63,0.561,0.323
2709,23.361206,9.949,4.918,4.057,0.522,0.452
2710,23.37006,9.779,4.774,3.117,0.953,0.935
2711,23.377725,10.081,5.016,3.077,1.393,0.595
2712,23.385988,10.05,4.705,3.119,1.772,0.454
2713,23.394514,9.837,4.673,3.331,1.522,0.311
2714,23.402714,10.02,4.663,3.124,1.742,0.491
2715,23.411039,9.947,4.703,3.277,1.679,0.288
2716,23.421618,8.825,4.618,3.331,0.612,0.264
2717,23.429727,9.138,4.747,3.095,0.786,0.51
2718,23.438306,8.837,4.558,3.045,0.729,0.505
2719,23.446496,9.009,4.627,3.377,0.675,0.33
2720,23.455046,8.781,4.633,3.128,0.579,0.441
2721,23.463432,8.963,4.582,3.44,0.621,0.32
2722,23.473472,8.835,4.597,3.358,0.573,0.307
2723,23.483981,9.141,4.587,3.632,0.557,0.365
2724,23.492244,9.256,4.747,2.996,0.85,0.663
2725,23.500427,9.301,4.555,3.528,0.913,0.305
2726,23.508793,9.278,4.522,3.502,0.94,0.314
2727,23.517262,9.24,4.655,3.051,0.923,0.611
2728,23.525516,9.224,4.741,3.428,0.735,0.32
2729,23.533774,9.317,4.688,3.372,0.921,0.336
2730,23.542143,9.272,4.624,3.131,1.062,0.455
2731,23.550404,9.356,4.685,2.923,1.099,0.649
2732,23.559164,9.017,4.635,3.114,0.72,0.548
2733,23.567297,9.082,4.515,3.098,1.042,0.427
2734,23.575573,9.197,4.588,3.362,0.904,0.343
2735,23.584414,8.93,4.68,3.358,0.572,0.32
2736,23.594015,8.797,4.605,3.179,0.598,0.415
2737,23.602737,8.822,4.564,3.259,0.636,0.363
2738,23.611266,8.672,4.563,3.136,0.576,0.397
2739,23.619489,9.052,4.607,3.46,0.618,0.367
2740,23.627915,8.92,4.543,3.216,0.791,0.37
2741,23.636083,9.068,4.64,3.148,0.866,0.414
2742,23.644327,9.135,4.604,2.989,1.007,0.535
2743,23.652549,9.289,4.603,3.58,0.783,0.323
2744,23.663943,8.817,4.596,3.236,0.553,0.432
2745,23.671486,9.616,4.771,3.265,1.143,0.437
2746,23.680025,9.509,4.647,4.037,0.545,0.28
2747,23.688646,9.948,4.618,3.465,0.865,1.0
2748,23.696743,9.608,4.872,3.141,1.055,0.54
2749,23.704978,9.652,4.692,3.666,0.9,0.394
2750,23.713265,9.739,4.814,2.211,1.262,1.452
2751,23.723336,8.918,4.583,3.072,0.637,0.626
2752,23.731895,8.782,4.562,3.292,0.654,0.274
2753,23.740383,9.088,4.626,3.569,0.599,0.294
2754,23.74846,9.484,4.787,2.452,1.024,1.221
2755,23.757111,9.043,4.579,3.106,0.933,0.425
2756,23.765201,9.278,4.542,3.127,1.22,0.389
2757,23.773698,9.138,4.584,3.37,0.875,0.309
2758,23.784133,8.811,4.602,3.112,0.611,0.486
2759,23.792133,9.028,4.608,3.128,0.937,0.355
2760,23.800815,8.824,4.481,3.379,0.583,0.381
2761,23.808897,9.315,4.757,3.626,0.604,0.328
2762,23.817462,9.104,4.615,3.355,0.785,0.349
2763,23.825563,9.342,4.646,3.279,1.061,0.356
2764,23.834419,8.969,4.665,3.403,0.541,0.36
2765,23.842521,9.23,4.717,2.546,0.88,1.087
2766,23.852481,8.846,4.674,3.33,0.574,0.268
2767,23.860953,8.73,4.616,2.245,0.606,1.263
2768,23.869518,8.835,4.571,3.418,0.549,0.297
2769,23.877486,9.265,4.762,2.129,0.913,1.461
2770,23.88616,8.942,4.675,3.067,0.718,0.482
2771,23.894143,9.218,4.566,3.189,1.191,0.272
2772,23.902991,9.376,4.514,3.882,0.6,0.38
2773,23.911419,9.329,4.591,2.996,1.112,0.63
2774,23.921458,8.789,4.581,2.951,0.584,0.673
2775,23.92993,8.794,4.557,3.298,0.621,0.318
2776,23.938394,9.067,4.605,3.431,0.741,0.29
2777,23.946315,9.56,4.851,2.537,1.137,1.035
2778,23.954585,9.526,4.646,3.414,1.195,0.271
2779,23.963229,9.248,4.57,3.086,1.169,0.423
2780,23.973691,8.731,4.573,3.208,0.627,0.323
2781,23.981805,9.034,4.502,3.329,0.922,0.281
2782,23.990354,8.927,4.517,3.048,0.825,0.537
2783,23.998354,9.202,4.515,3.031,1.169,0.487
2784,24.007145,8.846,4.522,2.616,0.724,0.984
2785,24.015138,9.048,4.55,3.175,1.036,0.287
2786,24.023634,9.013,4.573,3.405,0.703,0.332
2787,24.034123,8.819,4.607,3.114,0.66,0.438
2788,24.042106,9.036,4.721,3.112,0.907,0.296
2789,24.050543,8.99,4.618,3.433,0.674,0.265
2790,24.058845,9.093,4.722,3.159,0.863,0.349
2791,24.067461,8.952,4.663,3.371,0.593,0.325
2792,24.07539,9.45,4.831,2.101,1.016,1.502
2793,24.084624,8.829,4.636,3.266,0.631,0.296
2794,24.092573,9.377,4.774,3.335,0.794,0.474
2795,24.102825,9.0,4.577,3.324,0.745,0.354
2796,24.112871,8.86,4.576,3.3,0.645,0.339
2797,24.121389,9.122,4.628,3.588,0.59,0.316
2798,24.129699,9.11,4.568,2.502,1.036,1.004
2799,24.137921,9.157,4.55,3.326,1.068,0.213
2800,24.14635,9.121,4.595,3.041,1.022,0.463
2801,24.154716,9.142,4.594,3.418,0.804,0.326
2802,24.163236,8.961,4.488,3.149,0.91,0.414
2803,24.171373,9.131,4.578,2.983,1.018,0.552
2804,24.179968,9.325,4.661,3.755,0.548,0.361
2805,24.188371,9.31,4.669,3.462,0.765,0.414
2806,24.19641,9.663,4.819,3.421,0.948,0.475
2807,24.204985,9.264,4.762,3.124,0.959,0.419
2808,24.213108,9.533,4.637,3.12,1.291,0.485
2809,24.221451,9.454,4.624,3.367,1.159,0.304
2810,24.232112,9.22,4.595,3.642,0.574,0.409
2811,24.240548,9.011,4.572,3.391,0.745,0.303
2812,24.248666,9.237,4.659,2.522,1.012,1.044
2813,24.256632,9.575,4.649,3.956,0.685,0.285
2814,24.265295,9.441,4.693,3.016,1.013,0.719
2815,24.27373,9.124,4.58,3.261,1.019,0.264
2816,24.2819,9.286,4.583,3.313,1.13,0.26
2817,24.292138,8.83,4.595,3.15,0.583,0.502
2818,24.300501,8.916,4.598,3.453,0.581,0.284
2819,24.30916,8.751,4.618,3.171,0.546,0.416
2820,24.317742,8.97,4.614,3.36,0.668,0.328
2821,24.325992,8.976,4.622,2.52,0.85,0.984
2822,24.334154,9.193,4.585,3.2,1.082,0.326
2823,24.342373,9.268,4.601,2.988,1.204,0.475
2824,24.352837,8.79,4.584,3.24,0.604,0.362
2825,24.363407,9.03,4.577,3.419,0.576,0.458
2826,24.371402,9.275,4.84,3.437,0.626,0.372
2827,24.379937,8.96,4.522,3.09,0.949,0.399
2828,24.387891,9.474,4.719,3.733,0.632,0.39
2829,24.39637,9.519,4.693,3.378,0.865,0.583
2830,24.404807,9.209,4.478,2.553,1.102,1.076
2831,24.41302,9.31,4.663,3.689,0.614,0.344
2832,24.42143,9.396,4.768,3.508,0.611,0.509
2833,24.429796,9.244,4.605,3.244,1.014,0.381
2834,24.438087,9.169,4.614,3.209,1.061,0.285
2835,24.446488,9.116,4.649,3.502,0.655,0.31
2836,24.454561,9.412,4.773,2.287,1.093,1.259
2837,24.463218,9.096,4.678,3.066,0.867,0.485
2838,24.473643,8.81,4.613,3.26,0.602,0.335
2839,24.481822,8.965,4.521,3.153,0.857,0.434
2840,24.490167,8.917,4.601,3.166,0.814,0.336
2841,24.498385,9.016,4.693,3.361,0.68,0.282
2842,24.507064,9.148,4.623,3.636,0.55,0.339
2843,24.515422,9.203,4.713,3.468,0.598,0.424
2844,24.52363,9.25,4.72,3.171,0.955,0.404
2845,24.531925,9.255,4.523,3.225,1.192,0.315
2846,24.542248,8.895,4.59,3.107,0.649,0.549
2847,24.550899,8.819,4.573,3.238,0.641,0.367
2848,24.559139,8.91,4.584,3.167,0.729,0.43
2849,24.567076,9.224,4.668,3.167,1.044,0.345
2850,24.575786,8.898,4.568,3.255,0.736,0.339
2851,24.583753,9.226,4.687,3.103,1.016,0.42
2852,24.592427,8.933,4.602,3.033,0.759,0.539
2853,24.602453,8.689,4.579,2.262,0.593,1.255
2854,24.611573,9.031,4.595,3.502,0.573,0.361
2855,24.619344,9.667,4.799,2.168,1.203,1.497
2856,24.628477,8.95,4.638,3.411,0.574,0.327
2857,24.63627,9.767,4.875,2.295,1.061,1.536
2858,24.644151,9.9,4.584,3.149,1.819,0.348
2859,24.652813,9.606,4.57,3.338,1.383,0.315
2860,24.661323,9.408,4.604,3.031,1.314,0.459
2861,24.6714,8.978,4.695,3.325,0.586,0.372
2862,24.68001,9.462,4.582,3.859,0.734,0.287
2863,24.688284,9.831,4.827,3.609,0.788,0.607
2864,24.696767,9.769,4.963,3.625,0.606,0.575
2865,24.705386,9.636,4.754,3.501,0.625,0.756
2866,24.713495,9.84,4.771,3.233,1.139,0.697
2867,24.72179,9.594,4.556,2.121,1.397,1.52
2868,24.7319,8.928,4.575,3.391,0.596,0.366
2869,24.740407,8.937,4.618,3.467,0.545,0.307
2870,24.748351,9.344,4.867,2.144,0.91,1.423
2871,24.75703,9.242,4.613,3.766,0.547,0.316
2872,24.765234,9.543,4.901,3.387,0.768,0.487
2873,24.773691,9.63,4.772,3.762,0.703,0.393
2874,24.783805,9.421,4.571,3.878,0.59,0.382
2875,24.792124,9.553,4.734,3.08,1.087,0.652
2876,24.800397,9.385,4.563,3.548,0.993,0.281
2877,24.809057,9.344,4.592,3.691,0.646,0.415
2878,24.817567,9.202,4.676,3.305,0.781,0.44
2879,24.825437,9.681,4.823,2.559,1.154,1.145
2880,24.83413,9.215,4.618,3.184,1.0,0.413
2881,24.842492,9.168,4.562,2.964,1.028,0.614
2882,24.852558,9.042,4.661,3.324,0.652,0.405
2883,24.861208,8.79,4.632,3.053,0.549,0.556
2884,24.869485,9.06,4.63,3.533,0.566,0.331
2885,24.877547,9.401,4.817,2.285,0.93,1.369
2886,24.885858,9.328,4.537,3.829,0.652,0.31
2887,24.894311,9.381,4.718,3.552,0.634,0.477
2888,24.902853,9.105,4.816,3.163,0.633,0.493
2889,24.91343,8.761,4.596,3.004,0.542,0.619
2890,24.921532,9.131,4.535,3.644,0.604,0.348
2891,24.929911,9.123,4.84,3.184,0.669,0.43
2892,24.938473,9.053,4.558,3.515,0.684,0.296
2893,24.946351,9.644,4.874,2.156,1.093,1.521
2894,24.95489,9.237,4.573,3.301,1.133,0.23
2895,24.962904,9.601,4.539,3.261,1.53,0.271
2896,24.973284,8.666,4.623,3.046,0.615,0.382
2897,24.981638,8.765,4.585,3.365,0.63,0.185
2898,24.990062,8.923,4.663,3.206,0.847,0.207
2899,24.998094,9.21,4.734,3.105,1.08,0.291
2900,25.006443,9.208,4.547,3.493,1.001,0.167
2901,25.015384,8.623,4.639,2.98,0.569,0.435
2902,25.023524,8.835,4.552,3.506,0.613,0.164
2903,25.033621,8.684,4.62,3.328,0.576,0.16
2904,25.042148,8.658,4.615,3.119,0.62,0.304
2905,25.050645,8.664,4.662,2.198,0.594,1.21
2906,25.058642,8.994,4.613,3.312,0.913,0.156
2907,25.067277,8.698,4.514,3.04,0.787,0.357
2908,25.075285,9.063,4.592,3.016,1.036,0.419
2909,25.083632,9.394,4.645,3.94,0.654,0.155
2910,25.092238,9.219,4.741,3.003,1.007,0.468
2911,25.102335,8.964,4.688,3.483,0.653,0.14
2912,25.110986,8.76,4.666,3.267,0.683,0.144
2913,25.11943,8.908,4.659,3.494,0.622,0.133
2914,25.127753,9.202,4.574,2.065,0.973,1.59
2915,25.136163,8.881,4.588,2.093,0.889,1.311
2916,25.144031,9.349,4.633,3.144,1.31,0.262
2917,25.152495,9.428,4.713,3.915,0.607,0.193
2918,25.163117,8.698,4.662,3.115,0.612,0.309
2919,25.173264,8.612,4.611,3.067,0.6,0.334
2920,25.181757,9.309,4.582,3.923,0.623,0.181
2921,25.189813,9.682,5.226,3.398,0.774,0.284
2922,25.198402,9.436,4.967,2.008,0.942,1.519
2923,25.206607,9.49,4.591,3.483,1.199,0.217
2924,25.215046,9.438,4.684,2.179,1.251,1.324
2925,25.223667,9.127,4.554,2.103,1.096,1.374
2926,25.231565,9.555,4.598,2.991,1.49,0.476
2927,25.240219,9.279,4.578,3.099,1.196,0.406
2928,25.248162,9.588,4.598,3.243,1.547,0.2
2929,25.256588,9.525,4.579,3.6,1.118,0.228
2930,25.265393,9.018,4.565,2.342,1.042,1.069
2931,25.273617,9.13,4.634,2.042,1.079,1.375
2932,25.281977,9.077,4.596,3.199,1.113,0.169
2933,25.292074,8.533,4.619,3.132,0.572,0.21
2934,25.300289,8.678,4.595,3.051,0.712,0.32
2935,25.308807,8.949,4.562,3.43,0.639,0.318
2936,25.317125,8.869,4.607,3.219,0.819,0.224
2937,25.325637,8.733,4.617,3.353,0.572,0.191
2938,25.333625,9.093,4.774,2.548,0.939,0.832
2939,25.342733,8.741,4.558,2.144,0.82,1.219
2940,25.352814,8.743,4.565,2.046,0.72,1.412
2941,25.360907,8.988,4.524,2.124,1.001,1.339
2942,25.369387,8.826,4.585,2.191,0.798,1.252
2943,25.3778,8.739,4.481,2.087,0.824,1.347
2944,25.386053,8.89,4.526,2.155,0.862,1.347
2945,25.394264,8.947,4.559,2.165,0.957,1.266
2946,25.402526,9.006,4.581,2.303,1.005,1.117
2947,25.411083,8.745,4.516,2.183,0.87,1.176
2948,25.421645,8.819,4.642,2.056,0.77,1.351
2949,25.431631,8.935,4.662,2.049,0.856,1.368
2950,25.44025,8.736,4.58,2.138,0.721,1.297
2951,25.448207,9.153,4.6,3.083,1.091,0.379
2952,25.456701,8.889,4.568,3.373,0.732,0.216
2953,25.464908,9.125,4.566,3.771,0.598,0.19
2954,25.4732,9.214,4.736,3.03,1.092,0.356
2955,25.481578,9.082,4.61,3.34,0.991,0.141
2956,25.490006,9.153,4.656,2.106,1.033,1.358
2957,25.498427,9.056,4.704,3.373,0.683,0.296
2958,25.506812,8.912,4.629,2.474,0.926,0.883
2959,25.515707,8.802,4.605,3.474,0.562,0.161
2960,25.523354,9.609,5.014,2.586,1.181,0.828
2961,25.531764,9.437,4.538,3.26,1.466,0.173
2962,25.541923,8.751,4.636,3.241,0.734,0.14
2963,25.550658,8.697,4.585,3.241,0.6,0.271
2964,25.558695,8.953,4.631,3.168,0.921,0.233
2965,25.567314,8.668,4.669,2.993,0.626,0.38
2966,25.575266,9.009,4.573,3.077,1.119,0.24
2967,25.583821,8.737,4.564,3.392,0.639,0.142
2968,25.594282,8.452,4.614,3.031,0.556,0.251
2969,25.60293,8.65,4.601,3.196,0.592,0.261
2970,25.611088,8.965,4.696,3.082,0.756,0.431
2971,25.619507,8.781,4.531,3.004,0.832,0.414
2972,25.627387,9.147,4.565,3.017,1.26,0.305
2973,25.636071,8.739,4.615,3.221,0.745,0.158
2974,25.644252,8.911,4.511,3.137,1.091,0.172
2975,25.655264,8.485,4.618,2.989,0.597,0.281
2976,25.66514,8.674,4.591,3.151,0.651,0.281
2977,25.673366,8.816,4.605,3.001,0.802,0.408
2978,25.681908,8.756,4.626,3.187,0.603,0.34
2979,25.690182,9.031,4.675,3.105,0.823,0.428
2980,25.698187,9.123,4.592,3.108,1.223,0.2
2981,25.7067,8.915,4.578,3.268,0.897,0.172
2982,25.71494,8.988,4.58,3.159,1.101,0.148
2983,25.723326,8.944,4.585,3.02,1.097,0.242
2984,25.73171,8.903,4.564,3.42,0.753,0.166
2985,25.740191,9.063,4.487,3.701,0.724,0.151
2986,25.748355,9.337,4.694,3.37,1.021,0.252
2987,25.756834,9.108,4.553,3.089,1.284,0.182
2988,25.765796,8.535,4.587,3.118,0.673,0.157
2989,25.773449,9.343,4.858,2.447,1.103,0.935
2990,25.781875,9.158,4.564,3.292,1.116,0.186
2991,25.791895,8.675,4.566,3.17,0.771,0.168
2992,25.800507,8.853,4.597,3.444,0.654,0.158
2993,25.808893,8.799,4.593,3.203,0.843,0.16
2994,25.817009,9.012,4.607,3.208,1.041,0.156
2995,25.825503,8.842,4.586,3.382,0.725,0.149
2996,25.83374,8.953,4.654,3.145,0.994,0.16
2997,25.842439,8.629,4.482,2.351,0.836,0.96
2998,25.850771,8.843,4.566,3.385,0.683,0.209
2999,25.861057,8.743,4.596,3.259,0.7,0.188
3000,25.86904,9.08,4.639,3.272,0.998,0.171
3001,25.877542,8.902,4.647,3.324,0.768,0.163
3002,25.885596,9.186,4.686,3.211,1.126,0.163
3003,25.894264,8.855,4.602,3.075,0.973,0.205
3004,25.902379,9.034,4.535,3.044,1.258,0.197
3005,25.911055,8.709,4.693,3.116,0.749,0.151
3006,25.921546,8.703,4.61,3.279,0.635,0.179
3007,25.931402,8.616,4.575,2.24,0.772,1.029
3008,25.940023,8.545,4.6,2.158,0.666,1.121
3009,25.948247,8.849,4.651,3.046,0.749,0.403
3010,25.956634,8.87,4.549,3.448,0.685,0.188
3011,25.965069,8.735,4.766,3.02,0.707,0.242
3012,25.973175,8.97,4.567,3.124,1.123,0.156
3013,25.981893,8.716,4.586,3.337,0.635,0.158
3014,25.989937,9.372,4.698,3.671,0.735,0.268
3015,25.999059,8.63,4.636,3.224,0.615,0.155
3016,26.006702,9.435,4.833,3.122,1.212,0.268
3017,26.015383,8.946,4.709,3.434,0.673,0.13
3018,26.023614,9.163,4.597,3.317,1.01,0.239
3019,26.034024,9.009,4.563,3.689,0.614,0.143
3020,26.042011,9.483,5.0,2.93,1.095,0.458
3021,26.050398,9.307,4.562,3.028,1.479,0.238
3022,26.058864,9.262,4.624,3.883,0.591,0.164
3023,26.066994,9.494,4.98,3.646,0.693,0.175
3024,26.076121,9.801,4.611,3.798,0.755,0.637
3025,26.083869,10.294,5.214,2.137,1.41,1.533
3026,26.092553,9.581,4.627,3.34,1.437,0.177
3027,26.101147,9.703,4.66,3.128,1.373,0.542
3028,26.111097,8.922,4.574,3.207,0.707,0.434
3029,26.119441,8.847,4.575,3.076,0.774,0.422
3030,26.127881,8.796,4.57,3.374,0.599,0.253
3031,26.135772,9.257,4.627,2.086,1.231,1.313
3032,26.144381,8.888,4.596,3.515,0.628,0.149
3033,26.15232,9.373,4.867,2.136,1.15,1.22
3034,26.161203,8.825,4.587,3.136,0.864,0.238
3035,26.171087,8.579,4.602,3.167,0.64,0.17
3036,26.179599,8.719,4.599,3.387,0.59,0.143
3037,26.188165,8.515,4.586,3.16,0.606,0.163
3038,26.196022,8.985,4.743,3.096,0.943,0.203
3039,26.204478,8.836,4.647,3.341,0.712,0.136
3040,26.213033,8.956,4.577,3.656,0.556,0.167
3041,26.223688,8.642,4.58,3.295,0.611,0.156
3042,26.231758,8.971,4.609,2.249,0.993,1.12
3043,26.240187,8.798,4.647,3.099,0.858,0.194
3044,26.248743,8.782,4.593,3.316,0.686,0.187
3045,26.256819,9.023,4.753,3.237,0.835,0.198
3046,26.265415,9.077,4.672,3.511,0.619,0.275
3047,26.273495,9.652,4.854,3.852,0.591,0.355
3048,26.281937,9.518,5.11,3.422,0.651,0.335
3049,26.291968,9.119,4.654,3.697,0.61,0.158
3050,26.300755,9.376,4.565,3.382,0.806,0.623
3051,26.308864,9.257,4.558,2.236,1.233,1.23
3052,26.317424,9.014,4.611,3.368,0.768,0.267
3053,26.325453,9.228,4.716,2.248,1.15,1.114
3054,26.333628,9.404,4.57,3.469,1.173,0.192
3055,26.3425,8.914,4.644,3.482,0.621,0.167
3056,26.352576,8.86,4.67,3.346,0.664,0.18
3057,26.362628,8.742,4.7,3.194,0.701,0.147
3058,26.370977,9.087,4.589,3.675,0.64,0.183
3059,26.379598,8.806,4.544,3.341,0.767,0.154
3060,26.387927,9.364,4.585,3.771,0.699,0.309
3061,26.396375,9.311,4.66,3.437,0.846,0.368
3062,26.405064,8.822,4.694,3.114,0.692,0.322
3063,26.412934,9.328,4.811,3.22,1.016,0.281
3064,26.421477,9.121,4.732,3.409,0.653,0.327
3065,26.429463,9.407,4.899,2.6,1.094,0.814
3066,26.43791,9.25,4.514,3.304,1.258,0.174
3067,26.446569,9.029,4.608,3.405,0.732,0.284
3068,26.454538,9.411,4.714,2.05,1.189,1.458
3069,26.462991,9.15,4.608,3.702,0.687,0.153
3070,26.473636,8.727,4.58,3.285,0.643,0.219
3071,26.482076,8.622,4.602,3.169,0.67,0.181
3072,26.490124,8.924,4.609,3.065,0.945,0.305
3073,26.498659,8.88,4.559,3.472,0.587,0.262
3074,26.506468,9.28,4.83,3.187,1.077,0.186
3075,26.515084,9.05,4.615,3.085,1.008,0.342
3076,26.523539,8.902,4.609,3.416,0.702,0.175
3077,26.533669,8.777,4.566,2.052,0.763,1.396
3078,26.541977,9.139,4.566,3.69,0.662,0.221
3079,26.550796,8.894,4.568,3.355,0.682,0.289
3080,26.558578,9.467,4.875,3.455,0.824,0.313
3081,26.56722,9.016,4.603,3.124,0.98,0.309
3082,26.575766,8.779,4.56,3.376,0.699,0.144
3083,26.583942,9.185,4.695,3.727,0.599,0.164
3084,26.592197,9.34,4.924,3.45,0.727,0.239
3085,26.602518,8.783,4.604,3.426,0.619,0.134
3086,26.612793,8.702,4.566,3.374,0.618,0.144
3087,26.620913,9.172,4.775,3.567,0.685,0.145
3088,26.629401,8.987,4.709,3.463,0.694,0.121
3089,26.637705,9.037,4.579,2.502,1.03,0.926
3090,26.646092,8.984,4.659,3.144,0.897,0.284
3091,26.654576,8.873,4.616,3.487,0.624,0.146
3092,26.662889,9.104,4.622,3.698,0.631,0.153
3093,26.671368,9.018,4.607,3.573,0.696,0.142
3094,26.679474,9.307,4.821,2.108,0.97,1.408
3095,26.68794,9.113,4.508,3.344,1.117,0.144
3096,26.69612,9.278,4.708,3.068,1.107,0.395
3097,26.704544,9.352,4.633,3.456,0.945,0.318
3098,26.713052,9.076,4.652,3.204,0.902,0.318
3099,26.723604,8.717,4.613,3.231,0.617,0.256
3100,26.731845,8.807,4.626,3.153,0.693,0.335
3101,26.740046,9.009,4.581,3.629,0.66,0.139
3102,26.748567,8.825,4.601,3.475,0.607,0.142
3103,26.756468,9.356,4.816,2.258,0.97,1.312
3104,26.76517,8.91,4.615,3.106,0.807,0.382
3105,26.773108,9.291,4.561,3.199,1.255,0.276
3106,26.781857,8.867,4.631,3.286,0.77,0.18
3107,26.792019,9.022,4.649,3.618,0.618,0.137
3108,26.800537,8.853,4.579,3.417,0.702,0.155
3109,26.808934,8.768,4.72,3.226,0.586,0.236
3110,26.816926,9.521,4.839,3.783,0.653,0.246
3111,26.825824,8.847,4.559,3.266,0.819,0.203
3112,26.834015,9.004,4.621,2.157,0.901,1.325
3113,26.842057,9.274,4.707,3.115,1.104,0.348
3114,26.85252,8.827,4.637,3.422,0.611,0.157
3115,26.86279,8.641,4.566,3.194,0.602,0.279
3116,26.871005,8.752,4.535,3.116,0.777,0.324
3117,26.879348,8.772,4.601,3.137,0.701,0.333
3118,26.888159,8.686,4.603,3.075,0.581,0.427
3119,26.89606,9.07,4.66,3.251,0.973,0.186
3120,26.904675,8.817,4.573,3.414,0.659,0.171
3121,26.912881,8.923,4.643,3.3,0.833,0.147
3122,26.921499,8.656,4.54,3.03,0.658,0.428
3123,26.929839,8.692,4.486,3.406,0.615,0.185
3124,26.937798,9.588,4.795,3.672,0.876,0.245
3125,26.946409,9.227,4.628,3.502,0.92,0.177
3126,26.954556,9.482,4.677,3.415,1.142,0.248
3127,26.962772,9.551,4.94,3.024,1.122,0.465
3128,26.971823,9.172,4.542,2.273,0.806,1.551
3129,26.981944,9.11,4.624,3.321,0.654,0.511
3130,26.99021,9.049,4.542,3.081,0.827,0.599
3131,26.998347,9.259,4.503,3.022,1.069,0.665
3132,27.007019,9.051,4.582,3.368,0.601,0.5
3133,27.015277,9.153,4.522,3.046,0.828,0.757
3134,27.023829,9.125,4.483,3.468,0.684,0.49
3135,27.033646,8.864,4.592,3.347,0.656,0.269
3136,27.042202,8.818,4.631,2.987,0.541,0.659
3137,27.050528,8.853,4.599,3.392,0.616,0.246
3138,27.059077,8.798,4.607,3.27,0.644,0.277
3139,27.067265,8.918,4.565,3.042,0.832,0.479
3140,27.075668,8.809,4.618,3.355,0.653,0.183
3141,27.083686,9.188,4.822,2.513,0.797,1.056
3142,27.091956,9.166,4.64,3.171,1.052,0.303
3143,27.102471,8.831,4.617,3.326,0.623,0.265
3144,27.112921,8.748,4.639,3.226,0.646,0.237
3145,27.121085,8.92,4.706,3.079,0.762,0.373
3146,27.129439,8.896,4.519,2.044,0.932,1.401
3147,27.137728,8.938,4.587,3.272,0.927,0.152
3148,27.146316,8.683,4.567,3.041,0.689,0.386
3149,27.154421,8.895,4.539,3.017,0.938,0.401
3150,27.162795,8.885,4.582,2.096,0.865,1.342
3151,27.171308,8.758,4.562,3.201,0.719,0.276
3152,27.179592,8.961,4.626,3.508,0.623,0.204
3153,27.187855,9.018,4.85,3.13,0.731,0.307
3154,27.196188,9.024,4.573,3.555,0.711,0.185
3155,27.204452,9.065,4.764,3.358,0.785,0.158
3156,27.213074,8.797,4.679,3.078,0.685,0.355
3157,27.223202,8.638,4.62,3.204,0.591,0.223
3158,27.231585,8.803,4.597,3.423,0.653,0.13
3159,27.240154,8.652,4.663,3.019,0.586,0.384
3160,27.248113,9.008,4.656,3.108,0.969,0.275
3161,27.256654,8.836,4.597,3.411,0.689,0.139
3162,27.264896,8.94,4.76,3.033,0.784,0.363
3163,27.273483,8.916,4.708,2.981,0.8,0.427
3164,27.283577,9.025,4.633,3.466,0.7,0.226
3165,27.292345,8.858,4.606,3.453,0.621,0.178
3166,27.300427,9.113,4.714,2.54,0.981,0.878
3167,27.308921,8.948,4.742,3.256,0.773,0.177
3168,27.317012,9.315,4.779,3.056,0.999,0.481
3169,27.325518,9.016,4.627,3.388,0.82,0.181
3170,27.333706,9.208,4.607,2.436,1.14,1.025
3171,27.342298,9.556,4.613,3.776,0.665,0.502
3172,27.350731,9.487,4.69,2.21,1.049,1.538
3173,27.361333,9.276,4.606,3.493,0.721,0.456
3174,27.371418,9.272,4.569,3.463,0.77,0.47
3175,27.379653,9.508,4.616,3.904,0.541,0.447
3176,27.388264,9.777,4.732,3.635,0.74,0.67
3177,27.396394,9.938,4.799,3.416,1.099,0.624
3178,27.404892,9.64,4.782,3.754,0.698,0.406
3179,27.413335,10.377,4.872,4.023,0.653,0.829
3180,27.422157,10.027,4.862,2.157,0.948,2.06
3181,27.429539,10.441,4.621,3.486,1.906,0.428
3182,27.438226,10.159,4.562,3.038,1.865,0.694
3183,27.446689,9.908,4.626,3.585,1.304,0.393
3184,27.454956,10.192,4.674,3.296,1.638,0.584
3185,27.463613,9.627,4.601,3.39,1.281,0.355
3186,27.473417,9.15,4.633,3.474,0.617,0.426
3187,27.482057,8.843,4.676,3.096,0.576,0.495
3188,27.490434,9.06,4.587,3.442,0.584,0.447
3189,27.498562,9.351,4.714,3.321,0.796,0.52
3190,27.506844,9.288,4.726,3.119,0.917,0.526
3191,27.515138,9.284,4.617,3.084,1.079,0.504
3192,27.523505,9.3,4.532,3.503,0.837,0.428
3193,27.532169,9.364,4.608,3.684,0.653,0.419
3194,27.542304,9.292,4.614,3.527,0.664,0.487
3195,27.550583,9.58,4.683,3.886,0.586,0.425
3196,27.55932,9.6,4.649,3.559,0.907,0.485
3197,27.567413,9.897,4.801,2.243,1.301,1.552
3198,27.575379,10.125,4.672,3.478,1.572,0.403
3199,27.583979,9.848,4.692,3.118,1.523,0.515
3200,27.594045,9.037,4.631,3.095,0.689,0.622
3201,27.602679,9.028,4.57,3.346,0.74,0.372
3202,27.611121,8.909,4.606,3.1,0.696,0.507
3203,27.619681,9.166,4.55,3.438,0.754,0.424
3204,27.627697,9.48,4.718,2.441,1.102,1.219
3205,27.636216,9.502,4.652,3.686,0.771,0.393
3206,27.644404,9.862,4.781,2.158,1.244,1.679
3207,27.652792,9.615,4.53,3.381,1.301,0.403
3208,27.661165,9.587,4.585,3.02,1.349,0.633
3209,27.671431,9.247,4.61,3.512,0.677,0.448
3210,27.68031,9.354,4.66,3.485,0.759,0.45
3211,27.688277,9.977,4.832,2.182,1.198,1.765
3212,27.696947,9.329,4.708,2.199,0.982,1.44
3213,27.705085,9.511,4.695,3.173,1.19,0.453
3214,27.713131,9.829,4.61,3.129,1.568,0.522
3215,27.721669,9.603,4.581,2.192,1.397,1.433
3216,27.731963,9.128,4.606,3.076,0.794,0.652
3217,27.740034,9.327,4.671,3.079,0.998,0.579
3218,27.748565,8.939,4.635,3.517,0.59,0.197
3219,27.756457,9.378,4.846,3.196,1.082,0.254
3220,27.76505,9.08,4.602,3.556,0.768,0.154
3221,27.773654,8.837,4.656,3.318,0.677,0.186
3222,27.781823,9.071,4.718,3.172,0.86,0.321
3223,27.792023,8.657,4.589,3.145,0.687,0.236
3224,27.800283,8.721,4.505,3.009,0.842,0.365
3225,27.808788,8.69,4.581,3.31,0.637,0.162
3226,27.817175,8.665,4.521,3.068,0.751,0.325
3227,27.825498,8.743,4.508,2.895,0.771,0.569
3228,27.833733,8.801,4.571,3.328,0.717,0.185
3229,27.841909,8.962,4.727,3.1,0.842,0.293
3230,27.851131,8.712,4.601,3.046,0.731,0.334
3231,27.860706,8.812,4.587,3.298,0.724,0.203
3232,27.869163,8.656,4.526,2.155,0.764,1.211
3233,27.87776,8.849,4.65,3.286,0.696,0.217
3234,27.886181,9.433,4.558,3.019,1.073,0.783
3235,27.894569,9.2,4.64,3.395,0.709,0.456
3236,27.902693,9.482,4.978,3.193,0.816,0.495
3237,27.91326,8.95,4.566,3.182,0.645,0.557
3238,27.921769,8.997,4.573,3.258,0.727,0.439
3239,27.930191,8.934,4.513,3.138,0.782,0.501
3240,27.93834,9.259,4.515,3.635,0.675,0.434
3241,27.94644,9.598,4.791,3.315,0.973,0.519
3242,27.95513,9.211,4.507,3.687,0.605,0.412
3243,27.96326,9.675,4.809,3.527,0.697,0.642
3244,27.971549,9.708,4.735,2.153,1.114,1.706
3245,27.9822,9.013,4.589,3.083,0.675,0.666
3246,27.99209,9.085,4.625,3.135,0.813,0.512
3247,28.000639,8.926,4.509,2.172,0.73,1.515
3248,28.008922,9.016,4.643,2.152,0.719,1.502
3249,28.017267,9.026,4.481,2.012,0.917,1.616
3250,28.025515,9.102,4.552,3.49,0.704,0.356
3251,28.033897,9.172,4.704,2.031,0.821,1.616
3252,28.042519,9.285,4.528,3.536,0.843,0.378
3253,28.050507,9.755,4.791,2.072,1.292,1.6
3254,28.05918,9.328,4.579,3.186,1.147,0.416
3255,28.067146,9.709,4.628,3.045,1.494,0.542
3256,28.075544,9.624,4.63,3.428,1.167,0.399
3257,28.084325,9.186,4.619,3.629,0.586,0.352
3258,28.092644,9.396,4.698,2.135,0.987,1.576
3259,28.102513,9.109,4.587,3.47,0.641,0.411
3260,28.110999,9.368,4.6,3.834,0.585,0.349
3261,28.119536,9.351,4.605,3.471,0.751,0.524
3262,28.127914,9.284,4.845,3.085,0.846,0.508
3263,28.135908,9.667,4.945,3.675,0.64,0.407
3264,28.14458,9.475,4.675,2.117,1.013,1.67
3265,28.152684,9.564,4.571,3.9,0.68,0.413
3266,28.161226,9.62,4.688,2.98,1.03,0.922
3267,28.171594,8.919,4.596,3.328,0.595,0.4
3268,28.179589,9.217,4.677,2.526,0.952,1.062
3269,28.18806,9.055,4.57,3.232,0.912,0.341
3270,28.196068,9.439,4.746,3.025,1.1,0.568
3271,28.204876,9.379,4.671,3.734,0.542,0.432
3272,28.213347,9.752,4.75,3.499,0.715,0.788
3273,28.221575,9.685,4.773,3.2,1.118,0.594
3274,28.232053,9.012,4.669,3.149,0.639,0.555
3275,28.242225,8.881,4.578,3.171,0.618,0.514
3276,28.250505,9.551,4.617,3.982,0.553,0.399
3277,28.259204,9.914,4.759,3.588,0.827,0.74
3278,28.267484,9.893,4.77,2.212,1.281,1.63
3279,28.27538,10.107,4.641,3.419,1.603,0.444
3280,28.28377,10.002,4.481,2.275,1.956,1.29
3281,28.292104,9.986,4.613,3.17,1.813,0.39
3282,28.300439,9.992,4.653,3.447,1.498,0.394
3283,28.309178,9.586,4.547,3.244,1.409,0.386
3284,28.317045,10.08,4.691,1.967,1.809,1.613
3285,28.325508,9.89,4.592,3.48,1.445,0.373
3286,28.334465,9.384,4.604,3.52,0.775,0.485
3287,28.342418,9.927,4.873,3.268,1.164,0.622
3288,28.351059,9.362,4.638,3.265,1.087,0.372
3289,28.361312,9.194,4.609,3.479,0.657,0.449
3290,28.369424,9.382,4.747,3.483,0.744,0.408
3291,28.377705,9.457,4.738,2.264,1.095,1.36
3292,28.386255,9.156,4.618,3.109,1.009,0.42
3293,28.394145,9.723,4.664,3.107,1.407,0.545
3294,28.402761,9.395,4.562,3.384,1.012,0.437
3295,28.411064,9.383,4.545,3.185,1.26,0.393
3296,28.421783,9.543,4.567,3.795,0.7,0.481
3297,28.430084,9.927,4.763,3.602,0.725,0.837
3298,28.438408,9.681,4.757,3.406,0.955,0.563
3299,28.446392,10.048,4.846,2.428,1.433,1.341
3300,28.454587,9.837,4.635,2.133,1.791,1.278
3301,28.46302,9.776,4.601,2.071,1.726,1.378
3302,28.473099,9.417,4.583,3.906,0.69,0.238
3303,28.481696,9.157,4.698,3.284,0.941,0.234
3304,28.490582,8.852,4.597,3.453,0.599,0.203
3305,28.498221,9.609,4.859,2.169,1.313,1.268
3306,28.507179,8.92,4.586,3.063,0.967,0.304
3307,28.515051,9.427,4.73,2.125,1.281,1.291
3308,28.523496,9.283,4.539,2.199,1.358,1.187
3309,28.533862,8.609,4.59,2.945,0.629,0.445
3310,28.542342,9.309,4.635,2.127,1.057,1.49
3311,28.550638,9.392,4.548,2.082,1.18,1.582
3312,28.559243,9.086,4.58,2.181,0.872,1.453
3313,28.567279,9.33,4.606,2.261,1.142,1.321
3314,28.575972,9.034,4.625,2.187,0.803,1.419
3315,28.584486,9.016,4.629,2.165,0.7,1.522
3316,28.592476,9.322,4.564,2.179,1.121,1.458
3317,28.602561,9.03,4.587,2.149,0.827,1.467
3318,28.611197,8.882,4.588,2.133,0.665,1.496
3319,28.619197,9.228,4.569,2.136,1.027,1.496
3320,28.627554,9.173,4.601,2.097,0.984,1.491
3321,28.636437,8.842,4.556,2.135,0.594,1.557
3322,28.64425,9.268,4.603,2.122,1.074,1.469
3323,28.652844,9.025,4.512,2.147,0.905,1.461
3324,28.663116,9.034,4.635,2.046,0.788,1.565
3325,28.672068,8.764,4.554,2.205,0.699,1.306
3326,28.679852,9.36,4.589,2.067,1.215,1.489
3327,28.688182,9.404,4.61,3.292,1.022,0.48
3328,28.696735,9.233,4.564,2.289,1.025,1.355
3329,28.705003,9.121,4.735,3.177,0.866,0.343
3330,28.713151,9.487,4.769,3.71,0.528,0.48
3331,28.721494,9.545,4.806,2.299,1.092,1.348
3332,28.732151,8.821,4.626,3.184,0.632,0.379
3333,28.740482,8.991,4.619,3.511,0.57,0.291
3334,28.748743,9.684,4.716,4.059,0.527,0.382
3335,28.757465,9.999,4.669,3.602,0.638,1.09
3336,28.765639,9.832,4.731,2.165,1.211,1.725
3337,28.773283,10.053,4.655,3.46,1.647,0.291
3338,28.782011,9.676,4.636,3.597,1.137,0.306
3339,28.792114,8.697,4.624,3.115,0.549,0.409
3340,28.80033,8.765,4.601,3.085,0.701,0.378
3341,28.809056,8.652,4.618,3.149,0.566,0.319
3342,28.817411,8.76,4.595,3.051,0.612,0.502
3343,28.825656,8.898,4.561,3.441,0.561,0.335
3344,28.834381,8.981,4.658,3.461,0.561,0.301
3345,28.842429,9.372,4.775,2.153,1.054,1.39
3346,28.85246,9.091,4.633,3.579,0.545,0.334
3347,28.861319,8.779,4.602,3.055,0.581,0.541
3348,28.869399,8.91,4.544,3.215,0.822,0.329
3349,28.877463,9.16,4.665,3.48,0.704,0.311
3350,28.886089,8.908,4.624,3.186,0.746,0.352
3351,28.89415,9.1,4.582,3.147,1.079,0.292
3352,28.902788,8.954,4.536,3.421,0.593,0.404
3353,28.912974,9.137,4.593,3.566,0.523,0.455
3354,28.921373,9.091,4.53,3.695,0.557,0.309
3355,28.929896,9.234,4.661,3.716,0.512,0.345
3356,28.938179,9.603,4.834,3.011,0.957,0.801
3357,28.946479,9.33,4.626,3.297,1.063,0.344
3358,28.95494,9.245,4.59,2.226,1.128,1.301
3359,28.962975,9.476,4.531,3.226,1.404,0.315
3360,28.971376,9.396,4.609,3.039,1.342,0.406
3361,28.982131,8.806,4.636,3.183,0.6,0.387
3362,28.990942,8.878,4.636,3.323,0.551,0.368
3363,28.998671,9.58,4.832,2.211,1.131,1.406
3364,29.006732,9.706,4.633,3.403,1.366,0.304
3365,29.015514,9.295,4.591,3.313,1.043,0.348
3366,29.02348,9.661,4.776,2.553,1.377,0.955
3367,29.031939,9.424,4.624,3.686,0.883,0.231
3368,29.042252,8.728,4.636,3.038,0.572,0.482
3369,29.050471,9.067,4.667,3.446,0.608,0.346
3370,29.0591,8.743,4.655,2.144,0.636,1.308
3371,29.06715,9.099,4.542,3.196,0.978,0.383
3372,29.075768,8.883,4.521,3.376,0.615,0.371
3373,29.084259,8.665,4.589,3.095,0.627,0.354
3374,29.092175,9.083,4.57,3.175,1.013,0.325
3375,29.100965,9.275,4.629,3.72,0.537,0.389
3376,29.110856,9.291,4.629,3.715,0.575,0.372
3377,29.119752,8.956,4.573,3.376,0.576,0.431
3378,29.12781,9.197,4.593,3.346,0.841,0.417
3379,29.135941,9.319,4.707,3.569,0.726,0.317
3380,29.144296,9.543,4.716,3.577,0.687,0.563
3381,29.152547,9.526,4.744,2.213,1.152,1.417
3382,29.165852,9.301,4.591,3.294,0.612,0.804
3383,29.175521,8.967,4.686,3.34,0.636,0.305
3384,29.183742,9.103,4.786,3.257,0.727,0.333
3385,29.192039,9.137,4.664,3.17,0.96,0.343
3386,29.200171,9.319,4.534,3.317,1.141,0.327
3387,29.208811,9.054,4.562,2.258,0.98,1.254
3388,29.217097,9.016,4.586,3.336,0.796,0.298
3389,29.225478,9.105,4.653,3.498,0.636,0.318
3390,29.233825,9.054,4.752,3.18,0.846,0.276
3391,29.24216,9.103,4.628,3.58,0.567,0.328
3392,29.250522,9.065,4.631,3.478,0.635,0.321
3393,29.25894,9.234,4.594,3.694,0.558,0.388
3394,29.267338,9.338,4.727,3.539,0.595,0.477
3395,29.275578,9.324,4.76,2.222,1.018,1.324
3396,29.283749,9.345,4.52,3.438,1.152,0.235
3397,29.292128,9.346,4.674,3.032,1.217,0.423
3398,29.300488,9.408,4.629,3.608,0.801,0.37
3399,29.308936,9.393,4.721,3.528,0.678,0.466
3400,29.317314,9.344,4.738,3.502,0.638,0.466
3401,29.325693,9.171,4.574,2.245,1.086,1.266
3402,29.334191,9.08,4.594,3.591,0.572,0.323
3403,29.34243,9.255,4.686,2.217,0.99,1.362
3404,29.352543,9.166,4.604,3.514,0.647,0.401
3405,29.361141,8.886,4.629,3.115,0.69,0.452
3406,29.369079,9.22,4.697,3.174,1.018,0.331
3407,29.377477,9.098,4.632,3.497,0.699,0.27
3408,29.38583,9.064,4.668,3.165,0.958,0.273
3409,29.394286,8.941,4.603,3.048,0.903,0.387
3410,29.402405,9.205,4.676,3.501,0.714,0.314
3411,29.410806,9.137,4.652,3.342,0.843,0.3
3412,29.421609,8.808,4.57,3.235,0.65,0.353
3413,29.429629,9.121,4.596,2.093,0.952,1.48
3414,29.438133,8.937,4.599,3.084,0.777,0.477
3415,29.446556,8.814,4.533,2.959,0.752,0.57
3416,29.454803,8.914,4.548,3.292,0.75,0.324
3417,29.462896,9.235,4.754,3.61,0.587,0.284
3418,29.471389,9.191,4.708,3.466,0.617,0.4
3419,29.482065,9.122,4.625,3.523,0.581,0.393
3420,29.492206,8.79,4.579,3.058,0.546,0.607
3421,29.500367,8.897,4.54,3.128,0.762,0.467
3422,29.509012,9.169,4.63,3.585,0.57,0.384
3423,29.517363,9.248,4.702,3.015,0.781,0.75
3424,29.525576,9.191,4.567,3.657,0.636,0.331
3425,29.533917,9.342,4.785,3.192,0.809,0.556
3426,29.542159,9.313,4.599,3.518,0.857,0.339
3427,29.550491,9.371,4.663,3.561,0.726,0.421
3428,29.55914,9.025,4.711,3.163,0.644,0.507
3429,29.567281,9.163,4.6,3.472,0.78,0.311
3430,29.57583,9.022,4.594,2.528,0.736,1.164
3431,29.583998,9.098,4.576,3.712,0.555,0.255
3432,29.592375,9.254,4.641,2.208,0.869,1.536
3433,29.602385,9.091,4.617,3.41,0.611,0.453
3434,29.610959,9.25,4.572,3.718,0.591,0.369
3435,29.61955,8.972,4.52,3.531,0.572,0.349
3436,29.627468,9.498,4.812,2.124,0.93,1.632
3437,29.636365,8.879,4.535,3.072,0.639,0.633
3438,29.644145,9.338,4.903,3.466,0.651,0.318
3439,29.652699,9.127,4.559,2.308,0.944,1.316
3440,29.661456,9.053,4.587,3.416,0.651,0.399
3441,29.671691,8.897,4.566,3.348,0.581,0.402
3442,29.679699,9.207,4.574,2.287,0.934,1.412
3443,29.688169,8.958,4.612,3.124,0.763,0.459
3444,29.696037,9.47,4.728,3.132,1.113,0.497
3445,29.70468,9.158,4.591,3.309,0.942,0.316
3446,29.71294,9.207,4.699,3.566,0.644,0.298
3447,29.721458,9.362,4.531,3.837,0.638,0.356
3448,29.732086,9.321,4.609,3.624,0.621,0.467
3449,29.742354,8.946,4.681,2.991,0.625,0.649
3450,29.750388,9.165,4.654,3.515,0.74,0.256
3451,29.758972,9.224,4.65,3.647,0.57,0.357
3452,29.767412,9.229,4.613,3.555,0.603,0.458
3453,29.775692,9.23,4.588,2.477,0.925,1.24
3454,29.783962,9.162,4.827,3.092,0.748,0.495
3455,29.792149,9.348,4.644,3.105,1.079,0.52
3456,29.800258,9.552,4.596,2.255,1.339,1.362
3457,29.80924,9.632,4.547,3.967,0.62,0.498
3458,29.817362,10.0,4.849,2.258,1.199,1.694
3459,29.825779,9.57,4.565,3.902,0.801,0.302
3460,29.834367,9.477,4.767,3.459,0.81,0.441
3461,29.842402,9.852,4.829,2.592,1.184,1.247
3462,29.852424,9.064,4.605,3.618,0.561,0.28
3463,29.861152,8.884,4.663,3.205,0.507,0.509
3464,29.869111,9.273,4.588,3.57,0.719,0.396
3465,29.877502,9.126,4.642,3.448,0.73,0.306
3466,29.886178,8.829,4.565,3.082,0.579,0.603
3467,29.894272,9.22,4.498,3.856,0.554,0.312
3468,29.902516,9.534,4.806,2.47,0.879,1.379
3469,29.91318,9.149,4.594,3.533,0.566,0.456
3470,29.92158,9.127,4.518,3.691,0.574,0.344
3471,29.929926,9.356,4.796,3.604,0.529,0.427
3472,29.93829,9.461,4.821,2.96,0.747,0.933
3473,29.946532,9.267,4.633,3.482,0.88,0.272
3474,29.954765,9.506,4.742,3.2,1.023,0.541
3475,29.963287,9.29,4.562,3.083,1.016,0.629
3476,29.973338,8.919,4.597,3.042,0.593,0.687
3477,29.981733,8.831,4.565,3.363,0.587,0.316
3478,29.990887,8.884,4.611,3.332,0.538,0.403
3479,29.998459,9.668,4.982,2.246,0.953,1.487
3480,30.006757,9.608,4.571,3.83,0.899,0.308
3481,30.015269,9.647,4.715,3.382,1.028,0.522
3482,30.023678,9.403,4.523,2.524,1.184,1.172
3483,30.031827,9.544,4.502,3.434,1.298,0.31
3484,30.042353,9.247,4.627,3.694,0.54,0.386
3485,30.050538,9.644,4.784,3.843,0.585,0.432
3486,30.059332,9.432,4.644,3.678,0.544,0.566
3487,30.067366,9.814,4.852,2.136,0.936,1.89
3488,30.075753,9.428,4.585,3.474,1.02,0.349
3489,30.084248,9.285,4.619,3.058,0.975,0.633
3490,30.092341,9.578,4.597,3.688,0.876,0.417
3491,30.102697,8.908,4.599,3.402,0.593,0.314
3492,30.11089,9.279,4.716,3.622,0.59,0.351
3493,30.119555,9.016,4.544,2.969,0.713,0.79
3494,30.127315,9.482,4.609,3.039,1.219,0.615
3495,30.136087,9.123,4.649,3.109,0.757,0.608
3496,30.144189,9.293,4.623,3.145,1.017,0.508
3497,30.152811,9.091,4.58,3.315,0.788,0.408
3498,30.161304,8.925,4.553,3.106,0.653,0.613
3499,30.171503,8.874,4.581,3.307,0.604,0.382
3500,30.181809,8.861,4.633,3.182,0.503,0.543
3501,30.189791,9.333,4.763,3.616,0.628,0.326
3502,30.198328,9.357,4.762,3.638,0.55,0.407
3503,30.206808,9.465,4.78,3.615,0.547,0.523
3504,30.215303,9.572,4.718,3.59,0.507,0.757
3505,30.223488,9.611,4.8,3.406,0.808,0.597
3506,30.231605,9.698,4.739,2.482,1.148,1.329
3507,30.240369,9.089,4.617,2.927,0.844,0.701
3508,30.248483,9.316,4.555,2.176,1.136,1.449
3509,30.257141,9.072,4.61,3.152,0.761,0.549
3510,30.26547,9.087,4.631,3.433,0.628,0.395
3511,30.273719,9.143,4.574,3.323,0.841,0.405
3512,30.281879,9.291,4.627,3.665,0.647,0.352
3513,30.292131,8.915,4.615,3.288,0.507,0.505
3514,30.300645,8.986,4.571,3.437,0.583,0.395
3515,30.309001,9.179,4.619,3.659,0.557,0.344
3516,30.317496,9.113,4.541,3.577,0.551,0.444
3517,30.325506,9.493,4.892,2.592,0.832,1.177
3518,30.334068,9.269,4.502,3.753,0.598,0.416
3519,30.342348,9.26,4.755,3.026,0.797,0.682
3520,30.352995,9.359,4.633,3.713,0.503,0.51
3521,30.361152,9.898,4.946,3.379,0.728,0.845
3522,30.369565,9.406,4.69,2.545,0.91,1.261
3523,30.377393,9.717,4.601,3.033,1.52,0.563
3524,30.386052,9.521,4.578,3.764,0.811,0.368
3525,30.394738,9.103,4.478,2.153,0.966,1.506
3526,30.402409,9.84,4.626,3.566,1.27,0.378
3527,30.411226,9.288,4.582,3.094,1.045,0.567
3528,30.421417,9.037,4.614,3.468,0.563,0.392
3529,30.431619,8.9,4.587,3.379,0.569,0.365
3530,30.440039,9.051,4.672,3.528,0.584,0.267
3531,30.448375,9.2,4.677,2.964,0.752,0.807
3532,30.456587,9.176,4.557,3.445,0.903,0.271
3533,30.465015,9.125,4.698,3.21,0.759,0.458
3534,30.473222,9.214,4.62,3.181,0.961,0.452
3535,30.481489,9.29,4.62,3.454,0.927,0.289
3536,30.489803,9.284,4.502,2.286,1.165,1.331
3537,30.498315,9.121,4.674,3.011,0.827,0.609
3538,30.506918,9.37,4.628,3.878,0.553,0.311
3539,30.515325,9.832,4.775,2.107,0.86,2.09
3540,30.523574,9.477,4.567,3.378,1.131,0.401
3541,30.531608,9.759,4.655,2.242,1.355,1.507
3542,30.542191,8.988,4.61,3.073,0.604,0.701
3543,30.55053,9.022,4.611,3.459,0.629,0.323
3544,30.558804,9.042,4.649,2.226,0.755,1.412
3545,30.56752,9.2,4.584,3.51,0.655,0.451
3546,30.575497,9.613,4.835,3.386,0.887,0.505
3547,30.583914,9.326,4.693,3.104,0.976,0.553
3548,30.592247,9.334,4.513,3.126,1.19,0.505
3549,30.602328,9.062,4.646,3.47,0.59,0.356
3550,30.610994,9.167,4.602,3.679,0.577,0.309
3551,30.619513,9.059,4.577,3.466,0.634,0.382
3552,30.627927,8.925,4.636,3.161,0.584,0.544
3553,30.635967,9.202,4.723,3.521,0.639,0.319
3554,30.644299,9.386,4.768,3.021,0.746,0.851
3555,30.652626,9.199,4.615,3.369,0.911,0.304
3556,30.661297,8.953,4.551,3.21,0.642,0.55
3557,30.67129,8.963,4.606,3.069,0.529,0.759
3558,30.681814,8.953,4.577,3.214,0.57,0.592
3559,30.689989,9.016,4.588,3.247,0.746,0.435
3560,30.698232,9.093,4.505,3.108,0.922,0.558
3561,30.706753,9.036,4.546,3.373,0.729,0.388
3562,30.714962,9.175,4.7,3.561,0.618,0.296
3563,30.723491,9.364,4.643,3.475,0.765,0.481
3564,30.731686,9.41,4.739,3.181,0.961,0.529
3565,30.740098,9.272,4.566,3.652,0.728,0.326
3566,30.748534,9.199,4.6,3.447,0.795,0.357
3567,30.756804,9.243,4.664,3.278,0.917,0.384
3568,30.765093,9.301,4.595,3.145,1.04,0.521
3569,30.773279,9.424,4.507,3.105,1.275,0.537
3570,30.781798,9.256,4.642,3.313,0.959,0.342
3571,30.790335,9.146,4.644,3.586,0.605,0.311
3572,30.800492,9.054,4.604,3.452,0.587,0.411
3573,30.808962,9.338,4.602,3.775,0.601,0.36
3574,30.817436,9.246,4.628,2.918,0.881,0.819
3575,30.82537,9.546,4.619,3.547,1.069,0.311
3576,30.833799,9.47,4.516,2.516,1.26,1.178
3577,30.842095,9.441,4.653,2.139,1.204,1.445
3578,30.850728,9.237,4.591,3.373,0.911,0.362
3579,30.860934,9.153,4.656,3.592,0.572,0.333
3580,30.869522,9.151,4.659,3.491,0.532,0.469
3581,30.877602,9.364,4.643,2.123,0.968,1.63
3582,30.8861,9.143,4.615,3.155,0.841,0.532
3583,30.894597,8.908,4.589,3.443,0.575,0.301
3584,30.902505,9.457,4.852,2.31,0.869,1.426
3585,30.912969,9.279,4.628,3.591,0.596,0.464
3586,30.921322,9.299,4.765,3.503,0.598,0.433
3587,30.92988,9.016,4.6,2.495,0.737,1.184
3588,30.937763,9.431,4.565,3.407,1.119,0.34
3589,30.946508,9.025,4.629,3.444,0.611,0.341
3590,30.954707,9.198,4.597,3.25,0.911,0.44
3591,30.963015,9.235,4.643,3.689,0.577,0.326
3592,30.971991,9.125,4.582,3.664,0.528,0.351
3593,30.981834,9.084,4.682,3.261,0.586,0.555
3594,30.990156,8.944,4.558,2.215,0.706,1.465
3595,30.998528,9.178,4.668,3.447,0.747,0.316
3596,31.006697,9.422,4.726,3.31,0.935,0.451
3597,31.015153,9.21,4.575,3.147,0.962,0.526
3598,31.023333,9.397,4.507,3.073,1.187,0.63
3599,31.031777,9.277,4.564,3.279,1.074,0.36
3600,31.04264,8.824,4.56,3.226,0.568,0.47
3601,31.050571,9.17,4.608,3.346,0.883,0.333
3602,31.059001,9.073,4.565,3.212,0.869,0.427
3603,31.067053,9.352,4.723,3.111,0.986,0.532
3604,31.075682,9.083,4.589,3.377,0.754,0.363
3605,31.083884,9.131,4.612,2.547,0.934,1.038
3606,31.092008,9.432,4.602,3.609,0.854,0.367
3607,31.100647,9.077,4.636,3.368,0.75,0.323
3608,31.111455,8.942,4.577,2.965,0.676,0.724
3609,31.121396,8.98,4.583,3.001,0.67,0.726
3610,31.129525,9.093,4.614,3.498,0.652,0.329
3611,31.137823,9.173,4.771,2.284,0.726,1.392
3612,31.146245,9.064,4.483,3.221,0.959,0.401
3613,31.15446,9.138,4.524,3.543,0.763,0.308
3614,31.163245,8.726,4.557,3.119,0.558,0.492
3615,31.17116,9.247,4.605,3.555,0.744,0.343
3616,31.17986,9.363,4.614,3.794,0.576,0.379
3617,31.188244,9.681,4.754,3.59,0.594,0.743
3618,31.196435,9.584,4.877,3.251,0.934,0.522
3619,31.205191,8.952,4.594,3.105,0.791,0.462
3620,31.212984,9.576,4.764,3.183,1.159,0.47
3621,31.221536,9.264,4.591,3.394,0.998,0.281
3622,31.231814,8.991,4.598,3.37,0.607,0.416
3623,31.240372,8.765,4.605,3.006,0.531,0.623
3624,31.248121,9.304,4.688,3.191,1.036,0.389
3625,31.256781,9.381,4.598,3.917,0.533,0.333
3626,31.265335,9.761,4.742,3.575,0.911,0.533
3627,31.273288,10.057,4.842,2.565,1.499,1.151
3628,31.282287,9.321,4.611,3.083,1.072,0.555
3629,31.291957,9.336,4.604,3.663,0.675,0.394
3630,31.30048,9.076,4.628,2.897,0.855,0.696
3631,31.30919,8.954,4.613,3.109,0.619,0.613
3632,31.31707,9.326,4.803,3.1,0.899,0.524
3633,31.325613,9.514,4.652,3.961,0.547,0.354
3634,31.334246,9.579,4.582,3.11,1.005,0.882
3635,31.341993,9.83,4.803,3.093,1.388,0.546
3636,31.350798,9.343,4.612,3.78,0.59,0.361
3637,31.361529,8.902,4.648,3.393,0.527,0.334
3638,31.369374,9.664,4.907,2.099,0.886,1.772
3639,31.377667,9.396,4.559,3.518,1.024,0.295
3640,31.385915,9.568,4.657,2.585,1.257,1.069
3641,31.394236,9.525,4.603,3.106,1.322,0.494
3642,31.402362,9.718,4.551,3.641,1.214,0.312
3643,31.411112,9.306,4.622,3.142,1.117,0.425
3644,31.42121,8.81,4.615,3.071,0.523,0.601
3645,31.429852,8.807,4.626,3.221,0.558,0.402
3646,31.438189,8.85,4.742,3.013,0.563,0.532
3647,31.44639,8.961,4.538,3.034,0.9,0.489
3648,31.454982,9.444,4.683,3.63,0.78,0.351
3649,31.463338,9.594,4.706,3.474,0.898,0.516
3650,31.471629,9.598,4.658,3.302,1.163,0.475
3651,31.481848,9.248,4.615,3.729,0.537,0.367
3652,31.490246,9.371,4.7,3.058,0.869,0.744
3653,31.49835,9.327,4.629,2.972,1.168,0.558
3654,31.506509,9.539,4.64,3.504,1.076,0.319
3655,31.514895,9.491,4.743,3.629,0.791,0.328
3656,31.523549,9.135,4.529,3.52,0.798,0.288
3657,31.532179,8.94,4.589,3.125,0.685,0.541
3658,31.542313,8.853,4.565,3.14,0.519,0.629
3659,31.550706,8.816,4.607,3.337,0.547,0.325
3660,31.56069,8.904,4.62,3.326,0.576,0.382
3661,31.569084,8.887,4.675,3.245,0.558,0.409
3662,31.577601,9.148,4.593,3.449,0.78,0.326
3663,31.585739,9.379,4.968,3.166,0.792,0.453
3664,31.594219,9.256,4.579,3.245,1.039,0.393
3665,31.602444,9.319,4.6,3.496,0.879,0.344
3666,31.610698,9.412,4.529,2.108,1.273,1.502
3667,31.619256,9.161,4.626,3.122,0.958,0.455
3668,31.627707,9.061,4.599,3.326,0.79,0.346
3669,31.635853,9.193,4.649,3.325,0.927,0.292
3670,31.644258,9.144,4.584,3.07,1.0,0.49
3671,31.652601,9.107,4.577,3.408,0.835,0.287
3672,31.662843,9.255,4.619,3.678,0.51,0.448
3673,31.671737,8.712,4.565,3.295,0.542,0.31
3674,31.679833,8.958,4.719,3.21,0.677,0.352
3675,31.688003,9.141,4.676,2.251,0.876,1.338
3676,31.696984,8.835,4.559,2.226,0.639,1.411
3677,31.704464,9.709,4.641,3.496,1.153,0.419
3678,31.713053,9.504,4.638,3.554,0.836,0.476
3679,31.721559,9.204,4.534,3.4,0.939,0.331
3680,31.731562,8.814,4.555,2.053,0.619,1.587
3681,31.740035,9.159,4.606,3.638,0.58,0.335
3682,31.748805,9.352,4.705,3.752,0.573,0.322
3683,31.757002,10.17,5.114,2.034,0.813,2.209
3684,31.765452,9.46,4.642,2.178,1.164,1.476
3685,31.773256,10.082,4.562,2.301,1.768,1.451
3686,31.781714,9.75,4.606,2.108,1.613,1.423
3687,31.79194,10.736,4.571,4.015,1.875,0.275
3688,31.800622,10.507,4.612,3.511,1.994,0.39
3689,31.808722,10.664,4.638,2.106,2.484,1.436
3690,31.817087,10.598,4.504,2.096,2.544,1.454
3691,31.825374,10.629,4.557,2.219,2.595,1.258
3692,31.83404,10.338,4.595,2.111,2.234,1.398
3693,31.841885,10.7,4.607,2.154,2.699,1.24
3694,31.850669,10.338,4.622,2.04,2.241,1.435
3695,31.860723,8.908,4.547,2.119,0.84,1.402
3696,31.869211,8.92,4.597,2.145,0.84,1.338
3697,31.877745,8.854,4.511,2.094,0.874,1.375
3698,31.885707,9.154,4.547,2.207,1.221,1.179
3699,31.894333,8.932,4.557,2.308,0.927,1.14
3700,31.902387,9.421,4.548,2.285,1.221,1.367
3701,31.911166,9.066,4.49,2.333,0.854,1.389
3702,31.919589,8.795,4.551,2.097,0.805,1.342
3703,31.929552,8.715,4.614,2.543,0.744,0.814
3704,31.937831,8.895,4.622,3.195,0.727,0.351
3705,31.946261,9.262,4.688,3.648,0.713,0.213
3706,31.954848,8.997,4.731,3.097,0.928,0.241
3707,31.962865,9.314,4.844,3.186,1.096,0.188
3708,31.971144,9.341,4.58,3.194,1.409,0.158
3709,31.981653,8.826,4.603,3.287,0.736,0.2
3710,31.991814,8.725,4.621,3.223,0.703,0.178
3711,32.000639,9.798,4.558,3.93,0.8,0.51
3712,32.009194,10.06,4.625,3.854,0.758,0.823
3713,32.017622,9.912,4.679,2.259,1.306,1.668
3714,32.025466,10.076,4.565,2.036,1.939,1.536
3715,32.033945,9.957,4.584,2.762,1.794,0.817
3716,32.042366,10.195,4.603,3.514,1.291,0.787
3717,32.050428,10.207,4.683,2.136,1.88,1.508
3718,32.059252,9.665,4.592,3.683,0.903,0.487
3719,32.067443,10.124,4.778,2.153,1.442,1.751
3720,32.075741,9.673,4.535,3.385,1.445,0.308
3721,32.083788,9.925,4.947,3.947,0.76,0.271
3722,32.092109,9.93,5.008,2.159,1.541,1.222
3723,32.100371,9.889,4.635,3.597,1.509,0.148
3724,32.110766,8.787,4.689,3.274,0.67,0.154
3725,32.118768,9.197,4.863,3.244,0.863,0.227
3726,32.12808,9.844,4.594,3.767,0.854,0.629
3727,32.136346,10.205,4.783,2.153,1.368,1.901
3728,32.144635,9.867,4.619,4.009,0.731,0.508
3729,32.15321,10.219,4.773,2.178,1.189,2.079
3730,32.162906,9.052,4.632,3.198,0.698,0.524
3731,32.171528,8.808,4.541,2.057,0.749,1.461
3732,32.179866,9.103,4.667,3.328,0.755,0.353
3733,32.188033,9.374,4.656,3.119,1.106,0.493
3734,32.196597,9.382,4.583,3.52,0.751,0.528
3735,32.204604,9.738,4.906,2.468,1.106,1.258
3736,32.212969,9.783,4.646,3.24,1.274,0.623
3737,32.221531,9.367,4.589,3.483,0.854,0.441
3738,32.232309,9.311,4.627,3.497,0.724,0.463
3739,32.242271,9.462,4.594,3.573,0.777,0.518
3740,32.250381,9.621,4.826,3.439,0.903,0.453
3741,32.258994,9.365,4.653,3.257,0.99,0.465
3742,32.267202,9.484,4.564,3.243,1.214,0.463
3743,32.275275,9.686,4.67,3.604,0.998,0.414
3744,32.283764,9.531,4.68,3.125,1.235,0.491
3745,32.291903,9.693,4.705,3.645,0.974,0.369
3746,32.300606,9.307,4.587,3.49,0.858,0.372
3747,32.308927,9.437,4.695,3.57,0.791,0.381
3748,32.317396,9.444,4.671,3.078,1.044,0.651
3749,32.325892,9.121,4.613,2.512,0.946,1.05
3750,32.333728,9.658,4.709,3.36,1.19,0.399
3751,32.342304,9.392,4.594,3.07,1.224,0.504
3752,32.352544,9.224,4.6,3.46,0.776,0.388
3753,32.361005,9.481,4.636,3.783,0.747,0.315
3754,32.369288,10.04,4.83,3.636,0.748,0.826
3755,32.377688,9.744,4.729,3.295,1.115,0.605
3756,32.385989,9.6,4.655,3.63,0.895,0.42
3757,32.394331,9.734,4.748,3.486,0.937,0.563
3758,32.403074,9.353,4.646,3.612,0.724,0.371
3759,32.412809,9.041,4.599,3.376,0.709,0.357
3760,32.421405,9.181,4.62,3.562,0.664,0.335
3761,32.429795,9.083,4.666,3.313,0.813,0.291
3762,32.437968,9.391,4.715,3.114,1.004,0.558
3763,32.446137,9.519,4.556,3.873,0.736,0.354
3764,32.454929,9.319,4.52,2.733,1.153,0.913
3765,32.463045,9.841,4.618,2.071,1.275,1.877
3766,32.471286,9.496,4.513,2.097,1.489,1.397
3767,32.481667,8.791,4.547,3.396,0.657,0.191
3768,32.492048,8.735,4.694,3.108,0.648,0.285
3769,32.500197,8.909,4.561,3.173,0.977,0.198
3770,32.508378,9.052,4.601,3.618,0.676,0.157
3771,32.516886,8.874,4.611,3.184,0.917,0.162
3772,32.525258,9.243,4.73,3.626,0.746,0.141
3773,32.533595,9.323,4.653,2.494,1.231,0.945
3774,32.541827,9.394,4.664,3.278,1.26,0.192
3775,32.550309,9.204,4.578,3.034,1.285,0.307
3776,32.559319,8.59,4.635,3.127,0.61,0.218
3777,32.566993,9.319,4.862,3.094,1.04,0.323
3778,32.57554,9.032,4.572,3.57,0.743,0.147
3779,32.583688,9.332,4.605,2.252,1.264,1.211
3780,32.592171,9.086,4.626,3.15,1.107,0.203
3781,32.602171,8.636,4.603,3.131,0.662,0.24
3782,32.610846,8.628,4.594,3.238,0.625,0.171
3783,32.619075,8.815,4.693,2.322,0.754,1.046
3784,32.627599,8.998,4.566,3.484,0.672,0.276
3785,32.636045,8.852,4.578,2.257,0.848,1.169
3786,32.643978,9.512,4.631,3.968,0.67,0.243
3787,32.65273,9.122,4.848,3.185,0.842,0.247
3788,32.660793,9.37,4.822,2.176,1.152,1.22
3789,32.671326,8.525,4.585,2.992,0.566,0.382
3790,32.679072,9.096,4.672,3.228,1.006,0.19
3791,32.687739,8.963,4.582,3.497,0.66,0.224
3792,32.696053,9.036,4.824,3.089,0.776,0.347
3793,32.704499,9.076,4.588,3.529,0.601,0.358
3794,32.712939,9.336,4.57,3.705,0.888,0.173
3795,32.721532,9.429,4.595,3.49,0.833,0.511
3796,32.731799,9.083,4.581,3.307,0.698,0.497
3797,32.74025,9.061,4.563,3.217,0.805,0.476
3798,32.748282,9.222,4.606,3.72,0.653,0.243
3799,32.756776,9.599,4.771,3.883,0.693,0.252
3800,32.764876,9.907,5.167,3.515,0.908,0.317
3801,32.773256,9.776,4.985,3.414,1.147,0.23
3802,32.783472,9.217,4.609,3.791,0.66,0.157
3803,32.790059,11.093,5.132,2.265,2.407,1.289
3804,32.800053,9.314,4.599,3.658,0.89,0.167
3805,32.80864,9.059,4.517,3.47,0.905,0.167
3806,32.816761,9.293,4.633,2.288,1.184,1.188
3807,32.825325,9.013,4.627,3.585,0.665,0.136
3808,32.833892,8.803,4.603,2.483,0.756,0.961
3809,32.841798,9.19,4.674,3.284,1.119,0.113
3810,32.850404,8.952,4.627,3.067,0.896,0.362
3811,32.86092,9.15,4.606,3.739,0.667,0.138
3812,32.869179,9.564,4.976,3.621,0.621,0.346
3813,32.877447,9.454,4.839,2.228,1.163,1.224
3814,32.885962,9.258,4.632,3.662,0.811,0.153
3815,32.894057,9.583,4.962,3.557,0.825,0.239
3816,32.902587,9.286,4.676,2.244,1.172,1.194
3817,32.912536,8.842,4.576,3.467,0.65,0.149
3818,32.921245,8.718,4.63,3.114,0.639,0.335
3819,32.929677,8.98,4.527,3.44,0.633,0.38
3820,32.937663,9.167,4.735,3.217,0.922,0.293
3821,32.946209,9.169,4.466,3.502,0.771,0.43
3822,32.954621,8.869,4.713,3.343,0.607,0.206
3823,32.962754,9.107,4.772,3.27,0.796,0.269
3824,32.9712,8.955,4.568,3.161,0.891,0.335
